unique_id,ds,interest_rate,economic_indicator,holiday_flag,day_of_week,month,temperature,marketing_campaign
Branch_1,2025-10-03,0.04625593025758321,1.940163675724159,0,4,10,15.338197773485195,0
Branch_1,2025-10-04,0.023976734227130134,2.480523565426598,0,5,10,14.748323968892187,1
Branch_1,2025-10-05,0.02108300375515307,1.9192759218149407,1,6,10,2.9555098623126783,0
Branch_1,2025-10-06,0.04402686281080606,2.402098927123385,0,0,10,13.319477461318726,0
Branch_1,2025-10-07,0.01560940561562875,2.950403522989481,0,1,10,15.528700643703946,0
Branch_1,2025-10-08,0.04029699756141343,2.472886719210905,0,2,10,19.422894787819647,0
Branch_1,2025-10-09,0.04836571295203864,1.7321214659130826,0,3,10,11.432596109643203,0
Branch_1,2025-10-10,0.04288335143982902,2.7773989383764954,0,4,10,10.205419668933034,1
Branch_1,2025-10-11,0.03145851567574875,2.715626116696315,0,5,10,14.083308366913062,0
Branch_1,2025-10-12,0.02229625589604002,2.3633698910492864,0,6,10,8.149982601368723,0
Branch_1,2025-10-13,0.028491906612485685,2.27990937850519,0,0,10,16.05792391596167,0
Branch_1,2025-10-14,0.01878760151655698,2.407940729667666,0,1,10,-0.5303947175432882,0
Branch_1,2025-10-15,0.020720040428163708,2.6541020117379284,0,2,10,10.363523903300951,0
Branch_1,2025-10-16,0.021786195743485216,3.3735337905028446,1,3,10,16.37290389179874,0
Branch_1,2025-10-17,0.03884659762529048,2.403475405631764,0,4,10,10.187937932938095,1
Branch_1,2025-10-18,0.03912003435894406,1.8159157747105807,0,5,10,8.57704645546261,0
Branch_1,2025-10-19,0.013657122837673188,2.3261447846786325,0,6,10,17.999393645174443,0
Branch_1,2025-10-20,0.03265314514567312,2.625005567612673,0,0,10,3.0429880308528414,1
Branch_1,2025-10-21,0.019187308291117044,2.136010256354334,0,1,10,15.809534671662922,0
Branch_1,2025-10-22,0.014496637697505893,2.2225615079626526,0,2,10,18.57874499863737,1
Branch_1,2025-10-23,0.021489556132260803,2.67502970641688,0,3,10,-5.210722230548678,1
Branch_1,2025-10-24,0.02646352240167095,2.810425619681366,0,4,10,1.9753077068393914,1
Branch_1,2025-10-25,0.026248842300074255,2.183027476026876,0,5,10,11.02626594848517,0
Branch_1,2025-10-26,0.04267809980357528,2.9291320648155823,0,6,10,12.412946239056238,0
Branch_1,2025-10-27,0.04329356437015883,2.205000749299996,0,0,10,5.489460176650252,0
Branch_1,2025-10-28,0.02200963217595156,2.0020308141979384,0,1,10,15.92949986357533,0
Branch_1,2025-10-29,0.04398379425908833,2.8381445126204583,0,2,10,13.325059610203335,1
Branch_1,2025-10-30,0.026593374176399426,2.3952318193386395,1,3,10,9.553309135605033,1
Branch_1,2025-10-31,0.01099916341413778,1.8044910621940384,0,4,10,17.833307460480523,0
Branch_1,2025-11-01,0.02729535430596447,2.357746838649893,0,5,11,4.148954543220521,0
Branch_1,2025-11-02,0.042692626650233455,2.659727524466317,0,6,11,9.767537919561283,0
Branch_1,2025-11-03,0.013854204626073847,2.454165378324,0,0,11,12.707596579643628,0
Branch_1,2025-11-04,0.04048373588998188,2.362830727904831,0,1,11,10.895756938298677,0
Branch_1,2025-11-05,0.04046476868322269,2.0508078281555115,0,2,11,16.19086406198827,0
Branch_1,2025-11-06,0.01923229243538138,2.539950351106509,1,3,11,4.895228903342725,1
Branch_1,2025-11-07,0.024143387469696256,2.4815916955401645,0,4,11,-0.5573312211664003,0
Branch_1,2025-11-08,0.014256124931901232,1.456706697385467,0,5,11,18.106706698678735,0
Branch_1,2025-11-09,0.03962828079283011,3.4990544754711324,0,6,11,14.339063300506908,0
Branch_1,2025-11-10,0.028634250183549318,2.3714232406870495,1,0,11,18.954788752286078,0
Branch_1,2025-11-11,0.017363960934580466,2.5278625005552153,0,1,11,0.905327303214019,1
Branch_1,2025-11-12,0.03556352959620376,2.4487943130747007,0,2,11,13.893370674252452,0
Branch_1,2025-11-13,0.014693974978917144,2.27234150219466,0,3,11,19.608230652495212,0
Branch_1,2025-11-14,0.022281174457964938,1.8784646263754325,0,4,11,11.738215009217244,1
Branch_1,2025-11-15,0.038856134128875994,3.5055226644342294,0,5,11,14.059266130099314,0
Branch_1,2025-11-16,0.011234737844984228,2.6818540569061335,0,6,11,9.081505036074622,0
Branch_1,2025-11-17,0.014915738894759292,2.932607747307204,0,0,11,16.400689621609285,0
Branch_1,2025-11-18,0.04144305328481235,3.1587933203469523,0,1,11,18.151521433005744,0
Branch_1,2025-11-19,0.010465201145329122,2.483571278915125,0,2,11,14.11182430781497,0
Branch_1,2025-11-20,0.012377629269056546,2.71108482709499,0,3,11,14.25554592990487,0
Branch_1,2025-11-21,0.038011399509154574,2.5657157060592923,0,4,11,13.161745248161106,0
Branch_1,2025-11-22,0.03542283121103256,3.069231257257186,0,5,11,13.641988165191453,0
Branch_1,2025-11-23,0.033566326448667166,3.056432798368991,1,6,11,16.127408178784982,0
Branch_1,2025-11-24,0.012311580138990435,3.1850584906337613,0,0,11,14.777634153829204,0
Branch_1,2025-11-25,0.022009498786274524,2.9659479183470725,0,1,11,14.310008606016517,0
Branch_1,2025-11-26,0.031190186894219433,2.2594157690369476,1,2,11,11.589356968310504,0
Branch_1,2025-11-27,0.021421566750121978,2.533060852793403,0,3,11,15.62400965393056,0
Branch_1,2025-11-28,0.018005891436009298,2.2712260590978297,0,4,11,14.391239232895536,0
Branch_1,2025-11-29,0.03758177455120796,1.8895847936206782,0,5,11,16.575205813408292,0
Branch_1,2025-11-30,0.03005412326049487,3.208543160916239,1,6,11,16.176747866901078,1
Branch_1,2025-12-01,0.03260029396027744,2.4544041609623806,0,0,12,20.908347328915017,0
Branch_1,2025-12-02,0.04278076805042654,3.416617114162298,0,1,12,20.384398539367297,1
Branch_1,2025-12-03,0.042654895949028195,2.704148310965868,0,2,12,27.13319879133443,0
Branch_1,2025-12-04,0.0262151941622575,2.737451536130089,0,3,12,14.03113400218228,0
Branch_1,2025-12-05,0.01865275790225802,2.4225300847504663,0,4,12,10.59115373270017,0
Branch_1,2025-12-06,0.024639448827739684,2.3218829823365366,0,5,12,12.707581881432223,0
Branch_1,2025-12-07,0.018272353471327538,2.512884300454792,0,6,12,10.865558972888742,0
Branch_1,2025-12-08,0.04836517248265826,3.5012445109568655,0,0,12,26.21430695153204,1
Branch_1,2025-12-09,0.011330752041054595,1.060992326182514,0,1,12,18.05427079057899,0
Branch_1,2025-12-10,0.025007716310201523,2.656906748961456,0,2,12,20.346202641321614,0
Branch_1,2025-12-11,0.04637573430455257,2.022186903200121,0,3,12,21.318822290220382,1
Branch_1,2025-12-12,0.04332121361897506,2.5248425718577607,0,4,12,12.227873344108303,0
Branch_1,2025-12-13,0.014832534531386435,2.478593849607144,1,5,12,6.622806757897758,0
Branch_1,2025-12-14,0.04629687572284662,2.3648374651963793,0,6,12,19.49120722236016,0
Branch_1,2025-12-15,0.04625724467944656,2.533416030354211,0,0,12,17.461927285504217,1
Branch_1,2025-12-16,0.0328217250168338,3.214402396314589,0,1,12,11.039643502625873,0
Branch_1,2025-12-17,0.02709083043758378,2.799529487225694,0,2,12,15.822537381945974,0
Branch_1,2025-12-18,0.045189654932086744,2.3190711508465114,0,3,12,15.737368178398162,0
Branch_1,2025-12-19,0.01601812544862152,2.299417114805145,0,4,12,18.93413846770667,0
Branch_1,2025-12-20,0.04849248692129473,2.2412141758706334,0,5,12,24.053362841275515,0
Branch_1,2025-12-21,0.03922374495319136,2.5117414009587473,0,6,12,17.359986076011115,0
Branch_1,2025-12-22,0.04636430995642744,3.5823420963010544,0,0,12,19.27449211950174,0
Branch_1,2025-12-23,0.010341057787035176,1.8350204431078612,0,1,12,13.30089428656996,0
Branch_1,2025-12-24,0.04924533184780087,3.0562478843939616,0,2,12,11.761734344199642,0
Branch_1,2025-12-25,0.036770590026308766,3.1369667879470824,0,3,12,12.40107278043791,0
Branch_1,2025-12-26,0.04826918387005408,2.869868524971394,0,4,12,19.669801288611318,0
Branch_1,2025-12-27,0.04648224729735064,3.1576745499911225,0,5,12,24.40196576191966,0
Branch_1,2025-12-28,0.046025616069958836,3.1170144178320704,0,6,12,15.913541966963908,1
Branch_1,2025-12-29,0.037481572382965726,2.731890653881941,0,0,12,14.140693454230707,0
Branch_1,2025-12-30,0.021135535259371993,2.828140112679971,0,1,12,14.640434795571702,0
Branch_1,2025-12-31,0.023454520237119414,2.4946298921278562,0,2,12,22.414445926790812,0
Branch_1,2026-01-01,0.03803152541518684,1.5541826784838797,0,3,1,18.707043782540314,0
Branch_1,2026-01-02,0.022579060898369932,2.0262114694128597,0,4,1,15.243639376337914,0
Branch_1,2026-01-03,0.02871635617583466,2.510545664650872,0,5,1,13.510538633578307,0
Branch_1,2026-01-04,0.010127695749487305,2.279017327180427,0,6,1,19.840116755368072,0
Branch_1,2026-01-05,0.03596181914371148,2.7692379522375057,1,0,1,17.999482574042972,0
Branch_1,2026-01-06,0.03741823055562453,2.8927113343787014,0,1,1,15.436511171662337,0
Branch_1,2026-01-07,0.03224605865670607,3.5036659077123447,0,2,1,30.22982179856428,0
Branch_1,2026-01-08,0.04649707688059917,2.426135737217447,1,3,1,23.03175107253711,0
Branch_1,2026-01-09,0.029954538093660263,2.043705301101831,0,4,1,26.122459924672313,0
Branch_1,2026-01-10,0.04307893142459314,2.566777673991083,0,5,1,20.59732987836282,0
Branch_1,2026-01-11,0.03981639950015713,2.427967248016759,0,6,1,24.841774392954726,0
Branch_1,2026-01-12,0.012560645911295553,2.708337407728124,0,0,1,20.219544077557916,0
Branch_1,2026-01-13,0.017737570438797357,2.5115991821295522,0,1,1,19.664890664665517,1
Branch_1,2026-01-14,0.029554899720075443,3.1737277473542926,0,2,1,34.357747161932444,0
Branch_1,2026-01-15,0.019304266746092306,2.3064314375253825,0,3,1,33.51049949488001,0
Branch_1,2026-01-16,0.04450756348844769,2.4899882680303844,0,4,1,15.26898302982069,1
Branch_1,2026-01-17,0.02578046141435562,1.8417998771426247,1,5,1,20.35798220685319,0
Branch_1,2026-01-18,0.019521957972628533,2.177504994115967,0,6,1,19.65079671092282,1
Branch_1,2026-01-19,0.04060062653666807,2.9554629825782888,0,0,1,24.681295208249654,0
Branch_1,2026-01-20,0.021726005983872875,2.8279570306403805,0,1,1,24.118309769543103,0
Branch_1,2026-01-21,0.03608804949748498,1.706727663580748,0,2,1,24.140824531008885,0
Branch_1,2026-01-22,0.025490827183610527,3.0465853421994096,0,3,1,19.402981220269584,0
Branch_1,2026-01-23,0.015332788081514797,2.480549638480408,0,4,1,28.098701591205636,0
Branch_1,2026-01-24,0.017105488312007183,1.8873690673130765,0,5,1,21.863792959880197,1
Branch_1,2026-01-25,0.04405962717281321,2.9612953513882805,0,6,1,21.74665201981972,1
Branch_1,2026-01-26,0.04071068762099483,3.3909717443592142,0,0,1,24.967988033223307,1
Branch_1,2026-01-27,0.03009596688470984,2.4554856287095363,0,1,1,22.846496763737246,0
Branch_1,2026-01-28,0.034389052487075474,2.650327673723033,0,2,1,28.80424600722547,0
Branch_1,2026-01-29,0.033356287738491135,3.3365681234701454,0,3,1,30.378611087885226,0
Branch_1,2026-01-30,0.012334737497289212,2.8013036761272985,0,4,1,25.989020957683316,0
Branch_1,2026-01-31,0.013249448559665486,2.3088199850603894,0,5,1,26.491345245422007,0
Branch_1,2026-02-01,0.023435272667272515,2.890477242159783,0,6,2,21.64281514786647,0
Branch_1,2026-02-02,0.03838763138633768,2.350028437327071,0,0,2,25.16945083724281,0
Branch_1,2026-02-03,0.048118208358866425,2.4910676398911504,0,1,2,32.734510673128334,0
Branch_1,2026-02-04,0.04923591578532843,2.256567147232849,0,2,2,24.63378576657766,0
Branch_1,2026-02-05,0.016231439585877867,3.2674553594160134,0,3,2,19.83981442228736,0
Branch_1,2026-02-06,0.01460010494540644,2.4336917850312902,0,4,2,34.582827186034606,0
Branch_1,2026-02-07,0.04954457542468814,1.9472841459712744,0,5,2,21.36822554012386,1
Branch_1,2026-02-08,0.03809918980403441,1.8832543307660592,0,6,2,21.517295714761254,1
Branch_1,2026-02-09,0.028904965651420707,3.0120503992194116,0,0,2,18.396290136642243,1
Branch_1,2026-02-10,0.01042422555369161,2.664883189966587,0,1,2,23.652219390693816,0
Branch_1,2026-02-11,0.04317053133720845,2.925495440060162,0,2,2,26.67336014821442,0
Branch_1,2026-02-12,0.03904624743896511,1.3591852819379049,0,3,2,30.731248670829025,0
Branch_1,2026-02-13,0.04867840550241292,2.7280639888366274,0,4,2,31.643772717922214,0
Branch_1,2026-02-14,0.02488872905599579,1.8722964681588705,0,5,2,23.33046977008236,0
Branch_1,2026-02-15,0.031742912279643834,3.203242971021522,0,6,2,32.25842357364809,0
Branch_1,2026-02-16,0.011656796735759563,3.619971528780928,0,0,2,26.134014266203323,1
Branch_1,2026-02-17,0.027347537976577196,3.274862904147959,0,1,2,23.031075587219142,1
Branch_1,2026-02-18,0.011882350531836918,1.7865577224122688,0,2,2,23.51311381928983,1
Branch_1,2026-02-19,0.027922292938994887,2.1498492893378205,0,3,2,15.333243772170283,0
Branch_1,2026-02-20,0.0367941623198215,1.6486704064336974,0,4,2,24.551577341406603,0
Branch_1,2026-02-21,0.016197833412198447,1.9509580721725688,0,5,2,25.943099565479034,0
Branch_1,2026-02-22,0.01550354796211812,2.2057388961759927,0,6,2,23.9510654784629,1
Branch_1,2026-02-23,0.012568190847181976,2.6768873815921745,0,0,2,34.30027577141835,0
Branch_1,2026-02-24,0.03230001180866356,3.2908181429469323,0,1,2,20.614486604025572,1
Branch_1,2026-02-25,0.01923888889388424,2.64997540798933,0,2,2,29.88580365258583,0
Branch_1,2026-02-26,0.026853511374294193,3.2015295990169026,1,3,2,34.02207625282304,0
Branch_1,2026-02-27,0.04178452102349294,1.9523293037830776,0,4,2,27.7808707145115,0
Branch_1,2026-02-28,0.032633646366537254,2.361818273414768,0,5,2,11.169878721476312,0
Branch_1,2026-03-01,0.01670859427270716,2.1988410663965405,0,6,3,22.61747740699971,0
Branch_1,2026-03-02,0.010421848612785452,2.5843874069510853,0,0,3,35.212132312301314,0
Branch_1,2026-03-03,0.01577920630549261,2.7017047638209615,0,1,3,32.12114102469876,0
Branch_1,2026-03-04,0.011259892072837103,2.1145751466982166,0,2,3,28.643836043705175,1
Branch_1,2026-03-05,0.01815575100293557,2.266569748825502,0,3,3,29.496606630344868,0
Branch_1,2026-03-06,0.01862930217784496,3.100143186491687,0,4,3,31.287232283637884,1
Branch_1,2026-03-07,0.04305281280646072,1.8336157367443604,0,5,3,31.965171341649196,0
Branch_1,2026-03-08,0.026315993685651035,2.935007095647968,0,6,3,32.4081556104189,0
Branch_1,2026-03-09,0.01509949177450527,2.7090129046314106,0,0,3,38.980087315248895,0
Branch_1,2026-03-10,0.015435667534623297,3.037316070134154,0,1,3,33.490260972187706,0
Branch_1,2026-03-11,0.043951057862308185,2.395490862838245,0,2,3,28.74409948192676,1
Branch_1,2026-03-12,0.011802613615563647,3.242033548936523,0,3,3,37.55544263679757,0
Branch_1,2026-03-13,0.012800159734384966,2.4307893950797124,0,4,3,25.679786514808104,0
Branch_1,2026-03-14,0.041055460857692475,2.474108604437617,0,5,3,33.22015452388014,0
Branch_1,2026-03-15,0.031022656007621517,2.2279332082520376,0,6,3,22.494884309527897,0
Branch_1,2026-03-16,0.040844416298098124,2.4991935663088265,0,0,3,33.474211170396224,0
Branch_1,2026-03-17,0.0154396517370516,2.2144917505185924,0,1,3,33.28860774495255,0
Branch_1,2026-03-18,0.02816007931640358,2.6375239988454533,0,2,3,24.08271040498091,0
Branch_1,2026-03-19,0.02824821015484072,2.928823436391507,0,3,3,29.017334064664215,0
Branch_1,2026-03-20,0.04733872327441866,2.1683028544967407,0,4,3,25.18822767274829,0
Branch_1,2026-03-21,0.01422312918785758,2.2015146198884397,0,5,3,29.031127784363154,0
Branch_1,2026-03-22,0.02087967029261617,2.7011865506278783,0,6,3,39.55446437413279,0
Branch_1,2026-03-23,0.030918193094022182,2.526688060776837,0,0,3,30.804557502354047,0
Branch_1,2026-03-24,0.032259184584712386,2.2854149333369316,1,1,3,38.9271739942296,0
Branch_1,2026-03-25,0.03675735056822361,2.4635378097338902,0,2,3,28.401542969048737,0
Branch_1,2026-03-26,0.046345188101592244,2.058388263011722,0,3,3,26.64556068624363,0
Branch_1,2026-03-27,0.040305647190202055,2.3389663641377982,1,4,3,22.89239036834264,0
Branch_1,2026-03-28,0.011669447044114118,2.120562325590759,0,5,3,25.37402222002002,1
Branch_1,2026-03-29,0.030747332947238196,2.1486565074283495,0,6,3,35.29337870734502,0
Branch_1,2026-03-30,0.0181239557349228,2.3907806531978113,0,0,3,24.18207539383883,0
Branch_1,2026-03-31,0.017493556559757668,2.502691559034558,0,1,3,26.947879082496083,1
Branch_1,2026-04-01,0.010597873129371722,2.5132457649650504,0,2,4,41.482345158617775,0
Branch_1,2026-04-02,0.03257368710062011,2.8785424963932034,0,3,4,37.229771705078775,0
Branch_1,2026-04-03,0.024484060072659984,2.2990116369478057,0,4,4,29.020406647108384,1
Branch_1,2026-04-04,0.024310661981772636,2.053429254330466,1,5,4,32.72414921114141,0
Branch_1,2026-04-05,0.0196463411378385,2.685796662422268,0,6,4,28.798957817391774,0
Branch_1,2026-04-06,0.010801459869585894,2.368484906059848,0,0,4,38.36110125036115,0
Branch_1,2026-04-07,0.01620133263308638,3.120011416110768,0,1,4,18.894832157802018,0
Branch_1,2026-04-08,0.019286717953707292,1.3567900464158185,0,2,4,27.028739950070133,0
Branch_1,2026-04-09,0.024578803939464933,1.7446045393507355,0,3,4,36.35457413084633,0
Branch_1,2026-04-10,0.03708458976399408,2.0396761640319694,0,4,4,38.58004507527466,0
Branch_1,2026-04-11,0.042114211047185116,2.0067563757390974,0,5,4,29.725826665666347,1
Branch_1,2026-04-12,0.010528571328223464,1.9277102259434544,0,6,4,22.066079367398615,0
Branch_1,2026-04-13,0.033977401657907955,1.89804737239304,0,0,4,29.782034960672508,0
Branch_1,2026-04-14,0.023764093580302334,1.7879290443496754,0,1,4,32.37394196701949,0
Branch_1,2026-04-15,0.023776209167036204,2.8530868533593745,0,2,4,35.944724719985295,1
Branch_1,2026-04-16,0.039732429781346223,2.4162884760975873,0,3,4,37.468837971014764,0
Branch_1,2026-04-17,0.023035546070528927,2.4942289750408597,1,4,4,23.954191932127074,0
Branch_1,2026-04-18,0.046285586398753215,2.2639164014386073,0,5,4,30.219104465816006,1
Branch_1,2026-04-19,0.043172995254905165,1.9511505022332574,0,6,4,26.444175174316555,0
Branch_1,2026-04-20,0.02727498462933954,2.423811412549192,0,0,4,24.76579422222492,1
Branch_1,2026-04-21,0.026357536408056104,2.566075462964521,0,1,4,29.352868277696498,0
Branch_1,2026-04-22,0.011421785601839885,1.8743058341949665,0,2,4,27.960354672395326,0
Branch_1,2026-04-23,0.04434108578465325,2.0443967613568317,0,3,4,35.49431726700455,1
Branch_1,2026-04-24,0.028054021236638485,2.7856242200526005,0,4,4,32.05320818766167,0
Branch_1,2026-04-25,0.017327709615894377,3.213639394381828,0,5,4,30.768999864182323,0
Branch_1,2026-04-26,0.01487173558436063,2.482895838965843,0,6,4,33.50588895708505,0
Branch_1,2026-04-27,0.041356692921309106,2.213713644463758,0,0,4,31.13110444750222,0
Branch_1,2026-04-28,0.04583008242673875,2.3346570712770878,0,1,4,31.539787752625994,1
Branch_1,2026-04-29,0.027545967397057808,2.7574465664000183,0,2,4,42.8200727704874,0
Branch_1,2026-04-30,0.033283987262016416,2.0758567037994355,0,3,4,27.40852680484025,0
Branch_1,2026-05-01,0.029164467406919185,2.4718128596918434,0,4,5,30.747420697258452,0
Branch_1,2026-05-02,0.04148532383222042,2.9830975990649593,0,5,5,26.32547411283676,0
Branch_1,2026-05-03,0.0350134572495372,3.3061184177518266,0,6,5,30.422445611789087,1
Branch_1,2026-05-04,0.04354733099027404,2.442105547756733,0,0,5,33.7468110455553,0
Branch_1,2026-05-05,0.03434443347966139,3.2886771692153562,0,1,5,22.098254973777678,1
Branch_1,2026-05-06,0.027974641853033125,2.109697492271043,0,2,5,28.81073707417766,0
Branch_1,2026-05-07,0.0379862449628952,2.545108258925543,0,3,5,25.353498981481756,0
Branch_1,2026-05-08,0.03880799140803401,2.2036292394599584,0,4,5,20.828495004382795,0
Branch_1,2026-05-09,0.010694249534753127,2.084792836774477,0,5,5,29.18533965431022,0
Branch_1,2026-05-10,0.0248495002813687,2.4436429538559086,0,6,5,31.3819488090161,0
Branch_1,2026-05-11,0.027628210354140995,2.6719631569493427,0,0,5,32.95986692012721,0
Branch_1,2026-05-12,0.04549770120017086,2.2010829119106536,0,1,5,32.33930414935914,0
Branch_1,2026-05-13,0.014620827730946818,3.10453189901322,0,2,5,28.984075447341432,0
Branch_1,2026-05-14,0.030857823417041078,2.9553663059786888,0,3,5,30.143160400792578,0
Branch_1,2026-05-15,0.014351434522820936,2.4807974368920243,0,4,5,30.426199310827514,0
Branch_1,2026-05-16,0.04370633203758813,3.1686335912087236,0,5,5,25.857694690864708,0
Branch_1,2026-05-17,0.028100581204815147,1.4229118618616197,0,6,5,25.6696755467078,1
Branch_1,2026-05-18,0.03133732207260605,1.6779727876038821,0,0,5,18.019180796810847,0
Branch_1,2026-05-19,0.02046132750524306,2.6146676098814035,0,1,5,22.911576024172227,0
Branch_1,2026-05-20,0.036484287003013864,2.063180891895175,0,2,5,22.152479301018,1
Branch_1,2026-05-21,0.030188782746026762,2.546169063381338,0,3,5,30.53535246597127,1
Branch_1,2026-05-22,0.03483956556549149,2.9189551183570948,0,4,5,22.270554013942963,0
Branch_1,2026-05-23,0.048231050347792646,2.458885537093545,1,5,5,27.18265839638633,0
Branch_1,2026-05-24,0.01612040365711734,2.745915903798547,0,6,5,28.345398512840333,0
Branch_1,2026-05-25,0.0253582478348148,2.178111233188607,0,0,5,19.449498151975487,0
Branch_1,2026-05-26,0.04938253576274023,1.98030031655744,0,1,5,22.6410918846602,1
Branch_1,2026-05-27,0.0398916669180659,2.8626737576306134,0,2,5,21.20781186629952,0
Branch_1,2026-05-28,0.02042827122434805,3.4310964984906924,0,3,5,28.044541689138867,0
Branch_1,2026-05-29,0.022393875320587828,1.5285873952129048,0,4,5,27.83075509743694,0
Branch_1,2026-05-30,0.027204596681483454,3.1997474324841004,0,5,5,19.444442788705988,0
Branch_1,2026-05-31,0.0416515257631619,2.9356109147867038,0,6,5,24.666188744234002,0
Branch_1,2026-06-01,0.034284412671839605,2.998137031360718,0,0,6,29.885329772266918,0
Branch_1,2026-06-02,0.03169058617314309,3.282490187341918,0,1,6,16.176780315036623,0
Branch_1,2026-06-03,0.022883171362469104,2.8021250376107583,1,2,6,27.47058098359395,0
Branch_1,2026-06-04,0.032978449918105765,2.9698148862265814,0,3,6,22.66008638833619,0
Branch_1,2026-06-05,0.027223928028622574,1.3790889153041461,0,4,6,31.61196068970864,1
Branch_1,2026-06-06,0.012017288351862417,2.6424668815412637,0,5,6,25.433398676733983,1
Branch_1,2026-06-07,0.020114946067366437,2.2636447251677736,1,6,6,35.56383396801084,1
Branch_1,2026-06-08,0.03573880319240315,3.1878677704192673,1,0,6,16.782395392154115,0
Branch_1,2026-06-09,0.04965563984369172,2.3787006949628,1,1,6,28.99078750051075,1
Branch_10,2025-10-03,0.041507996201194435,3.900170084032836,0,4,10,13.489271950669165,0
Branch_10,2025-10-04,0.03193023132227491,2.8997638233091796,0,5,10,-0.734694902040248,0
Branch_10,2025-10-05,0.029540381511215203,2.2748984706541386,0,6,10,9.845282750609584,0
Branch_10,2025-10-06,0.03338497739763477,2.6371227237642767,0,0,10,13.192398982556668,0
Branch_10,2025-10-07,0.042556475226221184,2.3254276229895328,0,1,10,9.452603648567392,0
Branch_10,2025-10-08,0.016973365924394985,2.1213713052737653,0,2,10,6.036723103583377,0
Branch_10,2025-10-09,0.026860262214484055,2.4286949064072316,0,3,10,17.25810567651358,0
Branch_10,2025-10-10,0.044023758656304056,2.6938778964962924,0,4,10,8.449718239286328,0
Branch_10,2025-10-11,0.027056513886772035,2.8286142915548176,0,5,10,10.143536380954336,0
Branch_10,2025-10-12,0.013849707022607625,3.330234092121963,0,6,10,10.130734925761372,0
Branch_10,2025-10-13,0.037352207396514764,2.47770111018492,0,0,10,4.447099114695594,0
Branch_10,2025-10-14,0.039127515506961474,2.4709033200998918,0,1,10,12.600191402460023,1
Branch_10,2025-10-15,0.025634454458930155,2.8653043234963707,0,2,10,11.091868735371431,0
Branch_10,2025-10-16,0.023907007677696438,2.2059174115741818,0,3,10,15.465254749265446,0
Branch_10,2025-10-17,0.03728115748076522,2.47614319657299,0,4,10,9.795129652416922,0
Branch_10,2025-10-18,0.012599188329431578,1.985142052407481,0,5,10,11.365127263466452,0
Branch_10,2025-10-19,0.03838904664819205,2.27366539839199,0,6,10,12.727631990398683,0
Branch_10,2025-10-20,0.023347044723846376,2.0789108070915736,0,0,10,7.565623785311429,1
Branch_10,2025-10-21,0.04823753481429397,2.1275761595826466,0,1,10,3.681984410274171,0
Branch_10,2025-10-22,0.01837266147922224,2.9922749897191183,0,2,10,13.633432593383988,1
Branch_10,2025-10-23,0.041688065069641414,2.0524890379694254,0,3,10,9.82686305893424,1
Branch_10,2025-10-24,0.01423162902378512,2.1332562858596744,0,4,10,3.4675669402467646,0
Branch_10,2025-10-25,0.03648713073514408,3.2882234338419156,0,5,10,24.56253890328437,0
Branch_10,2025-10-26,0.03877117982988934,2.1302127438098695,0,6,10,22.274754647967026,0
Branch_10,2025-10-27,0.034701119129275995,3.3702720624574427,0,0,10,8.60214235091797,1
Branch_10,2025-10-28,0.034060531339826575,2.4385463560633283,0,1,10,16.612378841747436,0
Branch_10,2025-10-29,0.021999347762383513,2.4917819650565556,0,2,10,19.318372128430447,1
Branch_10,2025-10-30,0.03253013792505187,2.3044181715346492,0,3,10,7.959720200677614,0
Branch_10,2025-10-31,0.04345722859345673,2.879206962497551,0,4,10,18.8810160217817,0
Branch_10,2025-11-01,0.044957457511395904,2.0218271743577847,1,5,11,11.1581835782661,1
Branch_10,2025-11-02,0.03561370233128619,1.866145329251204,1,6,11,-4.155976123824447,0
Branch_10,2025-11-03,0.03612378060835361,2.1965509291579854,0,0,11,6.921446224978325,0
Branch_10,2025-11-04,0.014849524803641377,3.6236598658074115,1,1,11,21.629547385648372,0
Branch_10,2025-11-05,0.037699288198429416,3.454181473798625,0,2,11,16.234432707517147,1
Branch_10,2025-11-06,0.023978494056062317,3.018472893969794,0,3,11,14.120907127067849,0
Branch_10,2025-11-07,0.04857748869330671,2.51492572638965,0,4,11,22.402757377199723,1
Branch_10,2025-11-08,0.021350658704810305,1.9712223933369726,0,5,11,8.01779998853229,0
Branch_10,2025-11-09,0.012677359290537047,2.460792405376924,0,6,11,16.559354631703442,0
Branch_10,2025-11-10,0.04612334139487217,1.6138355607783028,1,0,11,22.160030469716737,0
Branch_10,2025-11-11,0.03198494585238643,2.124499935852818,1,1,11,16.052200435417117,0
Branch_10,2025-11-12,0.03347586430702906,1.8318559457825603,0,2,11,14.43142418924637,0
Branch_10,2025-11-13,0.03510646195798094,2.8500189204799224,1,3,11,12.1325997283922,0
Branch_10,2025-11-14,0.026389804879659102,1.8421513753148315,0,4,11,11.204834806595562,1
Branch_10,2025-11-15,0.03452227667858283,2.7662292579729475,0,5,11,7.700790881841003,0
Branch_10,2025-11-16,0.0223115224767255,2.107744515173788,0,6,11,7.108891033211402,0
Branch_10,2025-11-17,0.042703292802221564,3.1160814985651886,0,0,11,11.725850981994327,0
Branch_10,2025-11-18,0.03394624643839197,2.4758066954136924,0,1,11,8.024292890787557,0
Branch_10,2025-11-19,0.02787731302075382,1.910163880324355,0,2,11,12.768955636397578,1
Branch_10,2025-11-20,0.010298350529005447,2.846786440803945,0,3,11,14.202622245276261,0
Branch_10,2025-11-21,0.048052054809277295,2.6679290087785557,0,4,11,12.305851777416446,0
Branch_10,2025-11-22,0.04782647291400905,2.8130063128602942,0,5,11,6.181967405289431,1
Branch_10,2025-11-23,0.03942433893103215,2.2129404227362377,0,6,11,13.601785959462635,1
Branch_10,2025-11-24,0.010631760406668956,2.9167392142150756,0,0,11,11.784199599778162,0
Branch_10,2025-11-25,0.020548552844200155,2.2176090574226723,0,1,11,17.434261461991788,0
Branch_10,2025-11-26,0.02392218259547196,2.262957301667028,0,2,11,19.23813796788309,0
Branch_10,2025-11-27,0.035217638257636706,2.409527761614425,0,3,11,13.965377358893871,0
Branch_10,2025-11-28,0.048218663364240855,2.263756604132586,1,4,11,13.452092052245701,0
Branch_10,2025-11-29,0.042530414272333054,3.033967221916434,0,5,11,19.422262197541922,0
Branch_10,2025-11-30,0.024816765928916077,2.2415512942381035,0,6,11,15.480078364883953,0
Branch_10,2025-12-01,0.026274434658259547,2.115161780177357,0,0,12,9.159639239727445,0
Branch_10,2025-12-02,0.033496984543821336,2.479395693827354,0,1,12,8.226996747968647,0
Branch_10,2025-12-03,0.01083174482431886,2.848805452474604,0,2,12,17.361881537803676,0
Branch_10,2025-12-04,0.03366722461573291,2.649250151255026,0,3,12,10.734476969352405,0
Branch_10,2025-12-05,0.021129615471020623,2.402076671056691,0,4,12,26.13422055122665,0
Branch_10,2025-12-06,0.04482545218683317,2.388011043605853,1,5,12,11.737454614746431,0
Branch_10,2025-12-07,0.0243345863395869,3.6326883690041836,0,6,12,20.77201658866605,0
Branch_10,2025-12-08,0.03456260488731085,3.2553252066230227,0,0,12,20.40526429555947,0
Branch_10,2025-12-09,0.03607718305516365,2.7697476862963697,0,1,12,19.25590360950325,0
Branch_10,2025-12-10,0.010724112841029792,2.6271001839242696,0,2,12,15.141645141834072,0
Branch_10,2025-12-11,0.035462858233084246,2.193306933130065,0,3,12,19.60302186526701,0
Branch_10,2025-12-12,0.02289012320441161,1.9220931468328821,0,4,12,23.086775684317097,0
Branch_10,2025-12-13,0.04679135527479351,2.611568143103595,0,5,12,18.776856774772092,1
Branch_10,2025-12-14,0.02014862143052255,3.147528304296224,0,6,12,22.402890417763157,0
Branch_10,2025-12-15,0.011702034148461098,2.5239800033630977,0,0,12,12.872655897135786,0
Branch_10,2025-12-16,0.017167074737879987,2.004576049358299,1,1,12,12.270959965956715,0
Branch_10,2025-12-17,0.03757998168331805,3.1938573091967526,0,2,12,19.15537227461416,0
Branch_10,2025-12-18,0.030417759032511676,2.3295690672382756,0,3,12,10.050094535509826,1
Branch_10,2025-12-19,0.017477792360381925,2.0624353840880554,0,4,12,19.6442540966337,0
Branch_10,2025-12-20,0.03976726097803418,2.615716540200608,0,5,12,12.530340399011406,1
Branch_10,2025-12-21,0.048545338522910486,2.059317010132099,0,6,12,14.941341306582148,0
Branch_10,2025-12-22,0.015100942106827319,2.960571766814588,0,0,12,13.998448692907573,1
Branch_10,2025-12-23,0.04046129061463987,2.2125522196696723,0,1,12,21.76420729197488,0
Branch_10,2025-12-24,0.021799499652552644,2.0744270286585444,0,2,12,18.332496923399347,0
Branch_10,2025-12-25,0.019688947651729495,1.5453496293402886,0,3,12,18.561802918080982,0
Branch_10,2025-12-26,0.04048513294070887,2.2661354343358564,0,4,12,19.433057266508104,0
Branch_10,2025-12-27,0.03868186703455192,2.459311827798297,0,5,12,20.147303647770254,0
Branch_10,2025-12-28,0.044172566233437835,3.2187175177322374,0,6,12,25.609713487283116,0
Branch_10,2025-12-29,0.025495248637494108,2.5344601405521647,1,0,12,17.706460302454218,0
Branch_10,2025-12-30,0.04340298703334338,2.0219097133143884,0,1,12,15.897183412363454,0
Branch_10,2025-12-31,0.045554387763637565,1.929149184561507,0,2,12,19.50245469578911,0
Branch_10,2026-01-01,0.046618308594817665,2.6623731374943294,0,3,1,26.202586641608605,1
Branch_10,2026-01-02,0.011953770153985115,2.917688673767775,0,4,1,25.133903509149253,0
Branch_10,2026-01-03,0.028680599727383013,2.4848200053061973,0,5,1,20.9517533328073,0
Branch_10,2026-01-04,0.022014109415805557,1.9517554262429417,1,6,1,20.900875128866502,0
Branch_10,2026-01-05,0.03934315443347806,2.882900171661664,0,0,1,21.91912967625823,0
Branch_10,2026-01-06,0.03639188359521998,2.62031646092377,0,1,1,29.549963595177438,0
Branch_10,2026-01-07,0.03358859142508323,3.02968354914189,0,2,1,22.26941042651507,0
Branch_10,2026-01-08,0.021702484213334868,3.170567132745817,0,3,1,11.054927188208044,0
Branch_10,2026-01-09,0.026652911281067695,1.984500978038712,0,4,1,14.292339203501083,1
Branch_10,2026-01-10,0.03468925412815811,2.8158721845189847,0,5,1,18.533347757472125,1
Branch_10,2026-01-11,0.048241664613931715,2.131243133452035,0,6,1,23.73665747505286,0
Branch_10,2026-01-12,0.04567373653138439,2.8738109366741,0,0,1,12.959833444533379,0
Branch_10,2026-01-13,0.020634903365103256,2.538320005586936,0,1,1,23.89580811620232,0
Branch_10,2026-01-14,0.03861302831760822,3.4932791444488123,0,2,1,16.529223643796108,0
Branch_10,2026-01-15,0.03728367291102564,1.9074270443144028,0,3,1,23.19670827021349,0
Branch_10,2026-01-16,0.03733286353925829,2.66521735628991,0,4,1,27.694254654926556,0
Branch_10,2026-01-17,0.03315810077475093,2.6377751271631342,0,5,1,28.232730469697273,0
Branch_10,2026-01-18,0.046757336399129316,2.663345916142692,0,6,1,29.07682642232504,0
Branch_10,2026-01-19,0.017339562799327673,2.3372952686627224,0,0,1,14.903608592350977,0
Branch_10,2026-01-20,0.015895942528892627,2.308914810195313,0,1,1,26.419914271408633,1
Branch_10,2026-01-21,0.04477399976181617,2.099639142267744,0,2,1,25.3939562488098,0
Branch_10,2026-01-22,0.048445968273329074,2.146186973430848,0,3,1,26.984191297408977,0
Branch_10,2026-01-23,0.043577370961927146,3.5219667655065066,0,4,1,17.35113916176902,0
Branch_10,2026-01-24,0.022799399243677285,2.93968050568144,0,5,1,20.19690148879582,0
Branch_10,2026-01-25,0.014209630626784655,2.191266507273743,0,6,1,19.9540014615421,1
Branch_10,2026-01-26,0.033062656541960604,2.262034335689278,0,0,1,27.44891081534468,0
Branch_10,2026-01-27,0.010500043319978159,2.975863241825194,0,1,1,33.437343654903685,0
Branch_10,2026-01-28,0.02116529599420117,2.111397519297582,0,2,1,19.74805947058127,0
Branch_10,2026-01-29,0.042243593359061526,2.9187415978871414,1,3,1,25.699148167874792,1
Branch_10,2026-01-30,0.0347177941587504,2.300709562523815,0,4,1,18.507789225168118,0
Branch_10,2026-01-31,0.028663529477051485,2.6945118133475217,0,5,1,21.315264048098154,1
Branch_10,2026-02-01,0.01815054061125845,2.2287033837091874,0,6,2,28.24776051381933,1
Branch_10,2026-02-02,0.027746596948169937,2.512060438545021,0,0,2,14.76781971025537,0
Branch_10,2026-02-03,0.046773069317487155,2.5341171463765653,0,1,2,20.11458752646528,0
Branch_10,2026-02-04,0.03386113727823862,2.5049576892791965,1,2,2,30.934243618499806,0
Branch_10,2026-02-05,0.0387604596253643,3.405157693494637,0,3,2,30.284293415939402,0
Branch_10,2026-02-06,0.010951537198858552,2.423826274257126,0,4,2,24.014041110985282,0
Branch_10,2026-02-07,0.041594728942734825,2.6633160245496983,0,5,2,28.71171830249547,0
Branch_10,2026-02-08,0.0420302322237794,3.431775856291619,0,6,2,23.828968265327944,1
Branch_10,2026-02-09,0.039147734555461486,1.873222313293935,0,0,2,27.73269192337617,0
Branch_10,2026-02-10,0.017364901840385888,2.68444081644542,0,1,2,27.36238655844622,0
Branch_10,2026-02-11,0.038016288299293134,2.525611045978925,0,2,2,17.18589665878667,0
Branch_10,2026-02-12,0.0388392416696214,1.738267740728416,0,3,2,35.28753853949942,0
Branch_10,2026-02-13,0.025633644427698995,2.6240352199864834,0,4,2,25.35138250927201,0
Branch_10,2026-02-14,0.042048689680209826,2.3242800774566756,1,5,2,22.081025502394056,0
Branch_10,2026-02-15,0.04512353310824652,2.196546167196423,0,6,2,27.58841718798608,0
Branch_10,2026-02-16,0.04349930424947086,3.1880923835010857,1,0,2,19.731659786556147,1
Branch_10,2026-02-17,0.03913068603057254,2.381677601507108,0,1,2,30.454336640716004,0
Branch_10,2026-02-18,0.017845532529291913,2.2352799967904637,0,2,2,22.864409915601478,0
Branch_10,2026-02-19,0.02881697431554101,2.865640237832673,0,3,2,30.37810437181456,1
Branch_10,2026-02-20,0.020839910119568913,0.8914438560414684,0,4,2,23.24621268822416,1
Branch_10,2026-02-21,0.01551284833380461,2.3192581164537827,0,5,2,30.952899676395713,0
Branch_10,2026-02-22,0.02074486789501282,2.625772619984918,0,6,2,31.293857267939956,0
Branch_10,2026-02-23,0.025923034168313826,1.60649190634,1,0,2,31.512973462203416,0
Branch_10,2026-02-24,0.03753399810854058,2.209005993821553,0,1,2,29.74176621865264,0
Branch_10,2026-02-25,0.03126767929184102,1.835562933261139,0,2,2,33.44694413280443,0
Branch_10,2026-02-26,0.02341879796820799,2.237553380010232,0,3,2,32.066558931790524,0
Branch_10,2026-02-27,0.049119819061812384,2.16663383891459,0,4,2,21.9576866203279,0
Branch_10,2026-02-28,0.016587051580956694,3.2449887750213335,0,5,2,24.75523659818434,0
Branch_10,2026-03-01,0.023802082283081623,2.1076002036770363,0,6,3,32.93755111401872,0
Branch_10,2026-03-02,0.03180223870896339,1.7757282079267074,1,0,3,29.968857289860495,0
Branch_10,2026-03-03,0.02031618546120555,1.5149970362330374,0,1,3,32.930324442170836,0
Branch_10,2026-03-04,0.04817238699491276,2.2356777618189523,0,2,3,37.71276455947525,1
Branch_10,2026-03-05,0.02392186653330907,2.0191527736728494,0,3,3,33.06615620664186,0
Branch_10,2026-03-06,0.04569981892208354,1.4749024624899065,1,4,3,32.747391625261024,0
Branch_10,2026-03-07,0.010529138716420005,3.1632404940316996,0,5,3,24.17255328512003,0
Branch_10,2026-03-08,0.011306928454930537,2.5177150222568883,0,6,3,21.741998866541007,0
Branch_10,2026-03-09,0.021723790049744,1.8268087199322358,0,0,3,26.00423292803076,0
Branch_10,2026-03-10,0.028015957292304657,2.1169089265510688,0,1,3,18.441093997562504,0
Branch_10,2026-03-11,0.0180271020169916,2.7577258068110853,0,2,3,36.93816531138191,0
Branch_10,2026-03-12,0.01708654635732263,2.43313107064972,0,3,3,30.296242010549406,0
Branch_10,2026-03-13,0.012288188858989498,2.361724877375858,0,4,3,33.25629447498811,1
Branch_10,2026-03-14,0.03393618360071269,3.3668096372719725,1,5,3,25.004722418176556,1
Branch_10,2026-03-15,0.04630610704306421,2.94844137936493,0,6,3,30.806739832490443,0
Branch_10,2026-03-16,0.020572646224358126,2.3260449879239755,0,0,3,32.29198542270517,0
Branch_10,2026-03-17,0.045060065213204784,2.1328639084836096,0,1,3,31.6682297662794,0
Branch_10,2026-03-18,0.03483539928591705,2.0983719348558654,0,2,3,25.077329013950667,1
Branch_10,2026-03-19,0.0472952658672547,2.189799342845589,0,3,3,28.39150757503965,1
Branch_10,2026-03-20,0.011326755230544707,2.6009302759587785,0,4,3,32.57415893066246,0
Branch_10,2026-03-21,0.020228332965025315,2.7863193432793243,0,5,3,27.527368869311513,0
Branch_10,2026-03-22,0.04260816317663346,2.677331403420894,0,6,3,19.951400353017608,0
Branch_10,2026-03-23,0.014736385320250655,2.251683070512078,1,0,3,36.099875530598226,0
Branch_10,2026-03-24,0.04345581444164931,2.4821191695340556,0,1,3,25.63552934937831,1
Branch_10,2026-03-25,0.011406276087632165,1.8659115383193545,0,2,3,33.08748304026955,1
Branch_10,2026-03-26,0.016750582894755246,2.5115040931642096,0,3,3,31.870466122103775,0
Branch_10,2026-03-27,0.024382078489275774,2.4555691195712184,0,4,3,36.79207578845978,0
Branch_10,2026-03-28,0.03950301925653672,3.1248475536598064,0,5,3,31.865091108275582,0
Branch_10,2026-03-29,0.029892341335881933,2.2662210227887885,0,6,3,29.19651244188576,0
Branch_10,2026-03-30,0.025579284509538544,2.8959452131653993,0,0,3,31.071767517550818,0
Branch_10,2026-03-31,0.03904758595845571,1.818490462116401,0,1,3,38.09707990366006,1
Branch_10,2026-04-01,0.013228139406290022,2.0945876393230978,0,2,4,36.581624629440185,0
Branch_10,2026-04-02,0.02193705463383877,2.911377059070455,0,3,4,29.256385165948217,0
Branch_10,2026-04-03,0.030024749547940235,2.203647045097669,0,4,4,32.05044947228727,0
Branch_10,2026-04-04,0.025387150726857658,2.50453321480365,0,5,4,33.718882959239465,1
Branch_10,2026-04-05,0.0220076865778228,2.258864536017592,0,6,4,26.996009269506487,0
Branch_10,2026-04-06,0.015542139909896285,2.220276066964187,0,0,4,32.94159094965639,0
Branch_10,2026-04-07,0.012651722486435686,3.1581951386520677,0,1,4,27.921802398661228,0
Branch_10,2026-04-08,0.01598947685481575,2.47667091554826,0,2,4,22.882820069524332,0
Branch_10,2026-04-09,0.022849431829722572,2.5578916040853414,0,3,4,31.090969248878586,0
Branch_10,2026-04-10,0.04991149058285465,2.7761518581019065,0,4,4,38.89865067270417,1
Branch_10,2026-04-11,0.030791654331873152,2.5759484774486157,0,5,4,36.87022996675677,0
Branch_10,2026-04-12,0.025868775700732094,2.5802909915802736,0,6,4,31.583270177015354,1
Branch_10,2026-04-13,0.042971193480484386,2.666856254067122,0,0,4,28.346101526179982,0
Branch_10,2026-04-14,0.021494986539494467,1.507880345317794,0,1,4,28.8405563396356,0
Branch_10,2026-04-15,0.013768740214531144,2.6491211422639456,1,2,4,31.002306235214512,0
Branch_10,2026-04-16,0.03693506150754228,1.9802808164424717,0,3,4,29.744572263303024,0
Branch_10,2026-04-17,0.01456986941116238,2.4722531872549793,0,4,4,27.573419936798434,0
Branch_10,2026-04-18,0.040368898467834695,2.346104250166306,0,5,4,29.67122144361917,0
Branch_10,2026-04-19,0.012326142409009963,1.9218292757225033,0,6,4,28.536367763049043,0
Branch_10,2026-04-20,0.013021543533486373,2.495644960579389,1,0,4,25.89223010657669,0
Branch_10,2026-04-21,0.030579826224458716,2.157246267116656,0,1,4,34.608668330299125,0
Branch_10,2026-04-22,0.04473726306023987,1.8824929904169219,0,2,4,34.454795071039996,1
Branch_10,2026-04-23,0.011270090715369304,2.904357941582165,0,3,4,36.09837320300123,0
Branch_10,2026-04-24,0.03080372403166491,2.7918184614648807,0,4,4,29.838781540811315,0
Branch_10,2026-04-25,0.018846168395443265,1.902106229746464,0,5,4,37.54056749315482,0
Branch_10,2026-04-26,0.04983355514097966,2.6839380208062105,0,6,4,27.430540111358717,1
Branch_10,2026-04-27,0.02311621823847639,2.369193047203893,0,0,4,26.12421651884162,0
Branch_10,2026-04-28,0.047120687672097684,2.6606618910436812,0,1,4,38.00377338248724,1
Branch_10,2026-04-29,0.029540440198854365,1.9839060753001978,1,2,4,29.34879546118633,0
Branch_10,2026-04-30,0.024403102685835117,2.2271555201307427,0,3,4,30.694981693923047,1
Branch_10,2026-05-01,0.01851330518234914,2.3386478440005294,0,4,5,32.50451339588643,1
Branch_10,2026-05-02,0.036243244497768695,1.4477509049325856,0,5,5,26.15483139767083,0
Branch_10,2026-05-03,0.03412570467273578,2.9707211759745262,0,6,5,26.771704840401014,0
Branch_10,2026-05-04,0.035963297818748206,2.442983138083877,0,0,5,27.673541043935753,1
Branch_10,2026-05-05,0.027980430506171224,2.276701625167571,0,1,5,26.233615646088136,0
Branch_10,2026-05-06,0.02621416965564949,2.5404087790646197,0,2,5,32.631409932412026,1
Branch_10,2026-05-07,0.019522060753646642,2.0682946101332766,1,3,5,29.228763512475453,1
Branch_10,2026-05-08,0.01580527174356273,2.0689395674566273,0,4,5,34.45484273143619,0
Branch_10,2026-05-09,0.04739981718844832,1.5113727665376442,0,5,5,32.115010433738,0
Branch_10,2026-05-10,0.015322758845204523,2.5706598012580204,0,6,5,27.601248772156616,0
Branch_10,2026-05-11,0.03951905719708789,2.9953907905671375,0,0,5,23.430341785328128,0
Branch_10,2026-05-12,0.031772286360795716,2.6062858528098123,0,1,5,25.974880769818945,1
Branch_10,2026-05-13,0.022816337946034878,3.0547975474984534,0,2,5,32.076262303101274,0
Branch_10,2026-05-14,0.043668164747828246,2.0953003388517226,0,3,5,26.637826468285883,0
Branch_10,2026-05-15,0.025686531177242337,2.312723574897187,0,4,5,25.283292694220727,0
Branch_10,2026-05-16,0.02652246324034852,2.8526696704862737,0,5,5,30.887560134015832,0
Branch_10,2026-05-17,0.027650693653324523,3.2059178062940594,0,6,5,22.998159680614716,0
Branch_10,2026-05-18,0.03120998311134261,2.625010887494112,1,0,5,24.540672970354873,0
Branch_10,2026-05-19,0.014411361023425941,1.9579469136318393,0,1,5,22.348388618045938,0
Branch_10,2026-05-20,0.04304400591604576,1.6479827200410764,0,2,5,29.185318272248896,0
Branch_10,2026-05-21,0.04532369948882797,3.109096521425961,0,3,5,25.499703878975108,1
Branch_10,2026-05-22,0.032864557928494506,1.9943544166403981,1,4,5,34.73154550045126,0
Branch_10,2026-05-23,0.016254614239262236,3.0712820817677304,0,5,5,27.044448015917638,0
Branch_10,2026-05-24,0.021644875979140426,2.5976287012033015,0,6,5,16.234571721066168,0
Branch_10,2026-05-25,0.04837752062335267,3.204847330579136,0,0,5,30.510650368494233,1
Branch_10,2026-05-26,0.03496106824693709,1.0384298329459793,0,1,5,22.02810102294469,1
Branch_10,2026-05-27,0.024452526357502658,3.2686327548981238,0,2,5,19.223298055039393,0
Branch_10,2026-05-28,0.044431307260997484,2.388947126877237,0,3,5,36.737597438634594,0
Branch_10,2026-05-29,0.04969983071452652,2.540711508960357,0,4,5,19.150256920612634,0
Branch_10,2026-05-30,0.032166154708975256,2.238021377447901,0,5,5,34.23133846866115,0
Branch_10,2026-05-31,0.015932626403199545,2.934199144506219,0,6,5,16.780518206921958,0
Branch_10,2026-06-01,0.04782654802988001,2.2957765520559588,0,0,6,22.250216194557467,0
Branch_10,2026-06-02,0.049862080361018635,2.4689426856123724,0,1,6,25.885371401557308,0
Branch_10,2026-06-03,0.02034748679011734,3.0315131179911887,0,2,6,14.365263737071325,1
Branch_10,2026-06-04,0.026466226385037452,2.059952803952684,0,3,6,22.65575025403269,0
Branch_10,2026-06-05,0.04951157106641099,3.096148182613375,0,4,6,23.105528406224472,0
Branch_10,2026-06-06,0.02264763840535032,1.9248984757051102,0,5,6,20.646989560787514,1
Branch_10,2026-06-07,0.04140495022611492,2.498605726996712,0,6,6,28.67698380357377,0
Branch_10,2026-06-08,0.016371581082620473,1.7187378382485194,0,0,6,26.275653408349843,0
Branch_10,2026-06-09,0.04458732788163487,3.199730690365098,1,1,6,26.817754643581527,0
Branch_2,2025-10-03,0.04312439698054209,3.183322145219734,0,4,10,9.355672730999634,0
Branch_2,2025-10-04,0.015972232522465976,2.1680563303207565,0,5,10,13.364896334524442,0
Branch_2,2025-10-05,0.035410514171124195,2.1139095938611034,0,6,10,12.102978743786794,0
Branch_2,2025-10-06,0.03499866926740546,2.3334972195527426,0,0,10,3.455717699784743,0
Branch_2,2025-10-07,0.01397649754668242,3.150647806329703,0,1,10,15.972878057944568,1
Branch_2,2025-10-08,0.02887146688018576,2.7416467391004717,0,2,10,12.050855973081894,0
Branch_2,2025-10-09,0.01337247747381487,2.7558578233513655,0,3,10,8.168938638864727,0
Branch_2,2025-10-10,0.04325762580253433,2.268727674337708,0,4,10,16.456994324576602,0
Branch_2,2025-10-11,0.010177193048193308,2.1728688899027118,0,5,10,12.206553193770981,0
Branch_2,2025-10-12,0.03158824068964937,2.374339253780281,0,6,10,12.325808289706238,0
Branch_2,2025-10-13,0.012892208783015256,2.3068426303168668,0,0,10,9.589625610277583,0
Branch_2,2025-10-14,0.03977762592873484,2.8104371445293825,0,1,10,9.641300699138148,0
Branch_2,2025-10-15,0.04094895700901702,2.854954089271952,1,2,10,10.893900417384351,0
Branch_2,2025-10-16,0.02720815285708773,2.8615755902827646,1,3,10,7.310607884828855,0
Branch_2,2025-10-17,0.036806466082100565,2.4380518458761524,1,4,10,4.918981950726959,0
Branch_2,2025-10-18,0.04642369269805138,2.272384283315544,0,5,10,13.736570364266962,0
Branch_2,2025-10-19,0.010786152844035621,2.1403859769059532,0,6,10,22.67466010341518,0
Branch_2,2025-10-20,0.03294148644411904,3.2291206941487802,0,0,10,11.852827475069818,0
Branch_2,2025-10-21,0.04874934594756376,2.905071865013026,0,1,10,7.083052540600316,0
Branch_2,2025-10-22,0.04862581196556187,2.960567971068115,0,2,10,11.699100046194124,1
Branch_2,2025-10-23,0.04726573800296151,2.839127243128291,1,3,10,20.143993740846618,0
Branch_2,2025-10-24,0.011350799559911633,2.8619185995299503,0,4,10,9.980595008833708,1
Branch_2,2025-10-25,0.021911017204700695,2.840249040676123,0,5,10,9.814167608777705,0
Branch_2,2025-10-26,0.019188560312544088,2.81177193465911,0,6,10,10.490488800026514,1
Branch_2,2025-10-27,0.01607316526115588,2.079380382168798,0,0,10,9.146565343002571,1
Branch_2,2025-10-28,0.012013541395772171,2.730575532623389,0,1,10,10.468404757241904,0
Branch_2,2025-10-29,0.04197172734494131,2.362294854054534,0,2,10,16.668503281961435,0
Branch_2,2025-10-30,0.03054776793456737,2.74717290455148,0,3,10,14.06974062000031,0
Branch_2,2025-10-31,0.012059854929519234,1.7007261146125572,0,4,10,4.552242355616598,0
Branch_2,2025-11-01,0.035704252553115386,1.7425102938253252,0,5,11,11.58153908524593,0
Branch_2,2025-11-02,0.0180014917950913,2.4153691351719924,0,6,11,9.380896630035455,0
Branch_2,2025-11-03,0.04536843576547315,2.9160610673024117,0,0,11,14.014447807740636,1
Branch_2,2025-11-04,0.01092123324977238,2.623983906771284,0,1,11,12.651730238576038,0
Branch_2,2025-11-05,0.030862622046194967,2.3479051737473604,0,2,11,15.150889320790474,0
Branch_2,2025-11-06,0.029923214932985488,2.863747037374528,0,3,11,13.6579636685811,0
Branch_2,2025-11-07,0.02948667316931808,2.3200121275773435,0,4,11,18.507295746553783,0
Branch_2,2025-11-08,0.03621504261984151,2.6315292369897425,0,5,11,23.722936994857726,0
Branch_2,2025-11-09,0.03478106961297921,2.7723257308335776,0,6,11,8.907409135569132,0
Branch_2,2025-11-10,0.029263771148778695,2.34181574300283,0,0,11,10.302532689316589,0
Branch_2,2025-11-11,0.03713455661995861,2.0138264288039913,0,1,11,11.709864198669393,0
Branch_2,2025-11-12,0.03744175127343302,2.1047726142131693,0,2,11,10.298751993383245,0
Branch_2,2025-11-13,0.042611272582355995,1.7336098468200092,0,3,11,8.009036657627808,0
Branch_2,2025-11-14,0.028532807927420856,2.997093274603745,0,4,11,24.191315873594128,0
Branch_2,2025-11-15,0.027324465861116407,2.264364293913733,0,5,11,12.532059334834488,0
Branch_2,2025-11-16,0.04052252577739032,3.2349705414495005,0,6,11,9.365109094371583,0
Branch_2,2025-11-17,0.020748273508935263,2.438521816526225,0,0,11,6.5738262070906845,0
Branch_2,2025-11-18,0.03732063633749897,1.2226503289664195,0,1,11,20.48800434745378,0
Branch_2,2025-11-19,0.028454704840749724,1.5195093695321757,0,2,11,10.833892521991164,0
Branch_2,2025-11-20,0.036872668391254367,1.9614338337453225,0,3,11,8.147231111618437,0
Branch_2,2025-11-21,0.03927978239203972,2.6614000879876145,0,4,11,14.567216525559793,0
Branch_2,2025-11-22,0.037915708164514686,1.6903288965329475,0,5,11,15.392528884014409,0
Branch_2,2025-11-23,0.04367938620539298,2.5395690327897875,0,6,11,19.226083882307393,0
Branch_2,2025-11-24,0.03701811040451202,2.7462167113102476,0,0,11,15.867035523366027,0
Branch_2,2025-11-25,0.049573658078943775,1.214404882653096,0,1,11,13.156711830712815,0
Branch_2,2025-11-26,0.0407221862125155,2.8134881159482554,0,2,11,19.700207878322924,0
Branch_2,2025-11-27,0.03969033707351726,3.055554597871911,0,3,11,6.208299254361608,0
Branch_2,2025-11-28,0.02701118543798403,2.8526769672027017,0,4,11,4.740754448012957,1
Branch_2,2025-11-29,0.032124210202467376,2.5726087582290007,0,5,11,12.192971543869955,0
Branch_2,2025-11-30,0.0342722860675303,2.5694704402948836,1,6,11,15.975966107146272,0
Branch_2,2025-12-01,0.04000144696255886,1.6603695492300905,0,0,12,13.419263144035217,0
Branch_2,2025-12-02,0.040380286621062064,2.7551615406093397,0,1,12,10.231072141944317,1
Branch_2,2025-12-03,0.014073867161294946,2.1578268090975046,0,2,12,11.668569532018811,0
Branch_2,2025-12-04,0.015300520421259378,2.829817597414696,0,3,12,11.37215543002384,0
Branch_2,2025-12-05,0.04985426830647317,3.1482715975163353,0,4,12,11.237606512252187,0
Branch_2,2025-12-06,0.023732057396033915,1.8080515815215024,0,5,12,19.99380801404064,0
Branch_2,2025-12-07,0.015549179290921535,3.441147998086292,0,6,12,19.31171341895134,0
Branch_2,2025-12-08,0.03117101398325307,2.8285361979804655,1,0,12,20.399706343508594,0
Branch_2,2025-12-09,0.02548595406510433,2.5381896522579,0,1,12,13.668607850197628,0
Branch_2,2025-12-10,0.020762279150368025,2.7133597310736994,0,2,12,13.040130972565187,0
Branch_2,2025-12-11,0.04581083883447039,2.153256951094493,0,3,12,15.227128374430693,0
Branch_2,2025-12-12,0.040664755595969215,2.7673821169975144,0,4,12,13.282029965847295,0
Branch_2,2025-12-13,0.047745200737279336,1.69318165645636,0,5,12,15.19011967009754,0
Branch_2,2025-12-14,0.044416963848857724,2.050153876482736,0,6,12,14.127763984444199,1
Branch_2,2025-12-15,0.028262558208889753,2.0943765190014343,1,0,12,17.274986395378242,0
Branch_2,2025-12-16,0.033616833847177244,2.1616251896725522,0,1,12,15.886945949888458,1
Branch_2,2025-12-17,0.038312420363100175,2.4504143210514995,0,2,12,11.660300546099254,0
Branch_2,2025-12-18,0.047734301595450196,2.3920643471780623,0,3,12,11.359517777941567,0
Branch_2,2025-12-19,0.02782093924299137,2.312600502409929,0,4,12,15.98369715698783,0
Branch_2,2025-12-20,0.015502079902984623,2.7915668893703587,0,5,12,14.818028258801686,0
Branch_2,2025-12-21,0.0325322363118048,2.6872773271463433,0,6,12,17.969027408736828,0
Branch_2,2025-12-22,0.021418419270572524,3.0276998403594457,0,0,12,14.888027464913572,0
Branch_2,2025-12-23,0.030353504719031383,3.3067687433775363,0,1,12,20.266249075513443,1
Branch_2,2025-12-24,0.04110459456678235,2.655360018989671,0,2,12,14.101721539208596,0
Branch_2,2025-12-25,0.03785248678253281,2.6649674210708585,1,3,12,21.553097621801733,0
Branch_2,2025-12-26,0.017956423587878207,2.161202427233147,0,4,12,20.40150342377465,0
Branch_2,2025-12-27,0.022937450016784645,2.8483747230397922,0,5,12,18.437759211776477,1
Branch_2,2025-12-28,0.045008830919654776,2.3746541345371273,0,6,12,17.698970543187656,0
Branch_2,2025-12-29,0.03943706452145795,3.3746073243000483,0,0,12,17.210511799564088,0
Branch_2,2025-12-30,0.025837059249665787,1.9944997851636983,0,1,12,16.92562111836689,0
Branch_2,2025-12-31,0.03519116717941931,1.5966860527400204,0,2,12,16.45190654236498,0
Branch_2,2026-01-01,0.039678056041517494,3.1397981999021645,0,3,1,21.46442243102326,0
Branch_2,2026-01-02,0.036967865197350944,2.8843041940839904,0,4,1,24.877999182120575,1
Branch_2,2026-01-03,0.01656551182593635,2.3039497992083398,0,5,1,17.650787008737243,0
Branch_2,2026-01-04,0.02586120961918392,2.4351716513329986,0,6,1,17.165975388629526,1
Branch_2,2026-01-05,0.03666326921361174,2.7024490010380724,0,0,1,17.629495032615466,0
Branch_2,2026-01-06,0.044307437236789614,2.1500854566683407,0,1,1,22.61103251291493,0
Branch_2,2026-01-07,0.020548232114321885,1.821289732615391,1,2,1,28.40968208047666,0
Branch_2,2026-01-08,0.012574618887641487,2.623306535749377,0,3,1,19.185875310070017,0
Branch_2,2026-01-09,0.044809962349740204,1.7231239468322994,0,4,1,18.712589839972395,0
Branch_2,2026-01-10,0.04414785775974744,2.6692702256043637,0,5,1,22.942899377368427,0
Branch_2,2026-01-11,0.03035052110464458,3.1747050189121193,0,6,1,30.531812355716916,0
Branch_2,2026-01-12,0.012476157643362958,2.42182225811912,0,0,1,25.609147630744534,1
Branch_2,2026-01-13,0.045728253712148746,2.989971915195385,0,1,1,18.979957385704765,0
Branch_2,2026-01-14,0.03336841854244507,2.312585405796091,0,2,1,28.708392006536123,0
Branch_2,2026-01-15,0.016754657710478457,2.1338424643840033,0,3,1,19.775721233167225,0
Branch_2,2026-01-16,0.0271046995689265,2.7825587134058756,1,4,1,17.963137530521152,0
Branch_2,2026-01-17,0.033819251629667826,2.5269982482499116,0,5,1,18.012822968164677,1
Branch_2,2026-01-18,0.046749375466525675,2.9509001061254136,0,6,1,20.879189259591424,1
Branch_2,2026-01-19,0.029134626101448978,3.030429283692682,0,0,1,23.113919612731905,0
Branch_2,2026-01-20,0.04121855577743233,2.4696158067899567,0,1,1,12.92171346599757,0
Branch_2,2026-01-21,0.043060207997151274,3.3492264643903953,0,2,1,26.83187687895495,0
Branch_2,2026-01-22,0.010167072483125992,2.1670708829765304,0,3,1,28.41855128753279,1
Branch_2,2026-01-23,0.023854209484473046,3.2961223049370147,0,4,1,18.038988759231835,0
Branch_2,2026-01-24,0.015694159236554324,3.3125352917713875,0,5,1,27.979914318391774,0
Branch_2,2026-01-25,0.041570528998642255,1.9686833392732201,0,6,1,21.46953856312503,0
Branch_2,2026-01-26,0.04600820456742099,2.7399768469371564,0,0,1,22.32966020937103,0
Branch_2,2026-01-27,0.017314100218140793,1.7443473482493022,0,1,1,26.59501358596813,0
Branch_2,2026-01-28,0.01624508115218037,2.2343561284193094,0,2,1,17.265921944758958,0
Branch_2,2026-01-29,0.013163351624259932,1.5419029312198735,0,3,1,23.180340085081156,0
Branch_2,2026-01-30,0.020416867945063782,2.4895335226058424,1,4,1,20.794383875238314,0
Branch_2,2026-01-31,0.033020961767324795,2.6802839337731923,0,5,1,24.12864183468548,0
Branch_2,2026-02-01,0.03315414809302663,2.78833298531362,0,6,2,31.164192767140193,0
Branch_2,2026-02-02,0.0397035773742493,2.054693018370413,0,0,2,36.850392213172626,0
Branch_2,2026-02-03,0.04836286539410503,3.4199229268156506,0,1,2,22.129208933720353,0
Branch_2,2026-02-04,0.0444629911835612,2.390731017316563,0,2,2,21.574799691659223,0
Branch_2,2026-02-05,0.037644644647435915,2.744948620374655,0,3,2,34.11565628925449,0
Branch_2,2026-02-06,0.047611799703975825,1.7596742491077642,0,4,2,20.437202379292394,0
Branch_2,2026-02-07,0.014099116481970713,2.625966086771321,0,5,2,24.40494808160399,0
Branch_2,2026-02-08,0.04885414696441929,1.5999463565402172,0,6,2,24.818743845493813,1
Branch_2,2026-02-09,0.02016448882802557,2.248775163449011,0,0,2,33.49021530991665,0
Branch_2,2026-02-10,0.014905421874553846,2.294943055509484,0,1,2,25.10302309897162,0
Branch_2,2026-02-11,0.03048325626211832,1.8106255579362038,0,2,2,31.499105409974614,0
Branch_2,2026-02-12,0.014329684174834654,2.531754802230069,0,3,2,21.39462056640577,1
Branch_2,2026-02-13,0.01602910126201484,1.9392657129664328,0,4,2,27.153377123225727,0
Branch_2,2026-02-14,0.01686030162704889,1.3534934909314629,0,5,2,28.44353798159899,0
Branch_2,2026-02-15,0.04537778251617331,3.3833110042726315,0,6,2,22.95231085861558,0
Branch_2,2026-02-16,0.03807330223158483,2.18464927615085,0,0,2,36.19345640489502,0
Branch_2,2026-02-17,0.04976657664124946,2.7230375084827756,0,1,2,28.55039023758916,0
Branch_2,2026-02-18,0.019051438405542135,2.3506557806850945,0,2,2,15.866387969235397,1
Branch_2,2026-02-19,0.04910192432687668,1.9308258383061112,0,3,2,42.85126428350462,0
Branch_2,2026-02-20,0.013700541925193868,3.1153474395997813,0,4,2,24.06379258897825,0
Branch_2,2026-02-21,0.04125218835304452,2.486188869850073,0,5,2,24.44400940148288,0
Branch_2,2026-02-22,0.035920026330082726,3.070820534722928,0,6,2,31.10233788050531,0
Branch_2,2026-02-23,0.03454472070418864,1.8360899029406395,0,0,2,31.524782216623947,0
Branch_2,2026-02-24,0.03971002143406509,2.512092906537299,0,1,2,25.588973436048303,0
Branch_2,2026-02-25,0.01888213635968959,3.0627164742391955,0,2,2,31.399491258162453,0
Branch_2,2026-02-26,0.012191142825012618,2.1631775688049273,0,3,2,29.377744254861774,0
Branch_2,2026-02-27,0.04383605818877919,1.6911207405431856,0,4,2,33.9198877678628,0
Branch_2,2026-02-28,0.03497348184733321,2.747766596601405,0,5,2,44.455905901105666,0
Branch_2,2026-03-01,0.0174365463551192,1.002952416612964,0,6,3,33.72763937604236,0
Branch_2,2026-03-02,0.02152679196205995,3.192424847840922,0,0,3,33.55666642823341,1
Branch_2,2026-03-03,0.01535094236681231,2.5320275370049976,0,1,3,28.13716100069311,0
Branch_2,2026-03-04,0.028018014851343056,2.311728223651523,0,2,3,24.485643468785554,0
Branch_2,2026-03-05,0.03852563038864298,2.8608459408960045,0,3,3,27.857723917858127,0
Branch_2,2026-03-06,0.044176593182598256,2.219353142894202,0,4,3,29.039399834887075,0
Branch_2,2026-03-07,0.023648717086743747,2.707110277448022,0,5,3,28.284380242812045,0
Branch_2,2026-03-08,0.03291818136643972,1.8010279377978664,0,6,3,26.177067825912427,1
Branch_2,2026-03-09,0.047741769851857206,2.1012646528929997,0,0,3,23.15327745000721,0
Branch_2,2026-03-10,0.047809231191867155,2.2865330173634053,0,1,3,34.949818974659905,0
Branch_2,2026-03-11,0.0384598052232085,3.0461072840526686,0,2,3,21.475332145552574,0
Branch_2,2026-03-12,0.010304605400283875,3.3842339298695228,0,3,3,35.40313676365318,0
Branch_2,2026-03-13,0.013500857141843011,1.8933398479354155,0,4,3,26.186222735046925,1
Branch_2,2026-03-14,0.017238188943021548,2.9874950584249698,0,5,3,38.40247520880853,0
Branch_2,2026-03-15,0.04909226403065145,2.311725549710429,0,6,3,37.042920195694094,1
Branch_2,2026-03-16,0.021646287915037976,1.9937513565208924,0,0,3,31.17579213819164,0
Branch_2,2026-03-17,0.03547469374511207,2.429580711731304,0,1,3,28.53285276867462,0
Branch_2,2026-03-18,0.03465130623774095,1.7662235879613553,0,2,3,22.416602486425393,0
Branch_2,2026-03-19,0.04996325080188387,1.5982619175960657,0,3,3,33.09343079892778,0
Branch_2,2026-03-20,0.03945372948900063,2.6918597853581727,0,4,3,27.869274560004705,0
Branch_2,2026-03-21,0.012575915531124755,2.4937133140817314,0,5,3,23.884708356758875,0
Branch_2,2026-03-22,0.027982420002797156,2.207486511811454,0,6,3,31.611248869464358,0
Branch_2,2026-03-23,0.020641198177953242,2.5654644577893,1,0,3,30.252388215368274,0
Branch_2,2026-03-24,0.024134432289585294,2.409494693283572,0,1,3,29.64636428019467,1
Branch_2,2026-03-25,0.014082817127111192,3.3173141413505824,0,2,3,22.843822117426942,0
Branch_2,2026-03-26,0.04472745035914053,2.632586095437068,0,3,3,27.720270630903048,0
Branch_2,2026-03-27,0.04892054060853808,2.9010689344199805,1,4,3,33.903249055268276,0
Branch_2,2026-03-28,0.028928654224047428,2.793352095048876,0,5,3,36.77740685856935,1
Branch_2,2026-03-29,0.04536737194460526,2.100426480176237,0,6,3,40.40084499489012,0
Branch_2,2026-03-30,0.017769820967147024,3.510858121767132,0,0,3,29.566848919497847,0
Branch_2,2026-03-31,0.015424667085593105,2.6834995833714133,0,1,3,24.23038535743184,1
Branch_2,2026-04-01,0.012846149548397303,1.9495558229882413,0,2,4,32.39932663908048,0
Branch_2,2026-04-02,0.028520127059106705,3.562054003011863,0,3,4,30.762376826041674,0
Branch_2,2026-04-03,0.017001047570888154,2.0919660899273995,0,4,4,31.03529145066421,1
Branch_2,2026-04-04,0.040422649515319514,2.5638649290460935,0,5,4,26.88652603762052,0
Branch_2,2026-04-05,0.03477597219540238,2.1079556449176557,0,6,4,32.220417082839724,0
Branch_2,2026-04-06,0.031199364300676918,1.8566588133488278,0,0,4,30.249217774408574,0
Branch_2,2026-04-07,0.04946950719155542,2.109606808630719,0,1,4,28.073816057310015,0
Branch_2,2026-04-08,0.03586556624472401,1.6932930914418955,0,2,4,39.62714321524076,0
Branch_2,2026-04-09,0.022780891837045947,2.590917660769239,0,3,4,31.397827937837405,0
Branch_2,2026-04-10,0.04866304330258454,2.177406937422851,0,4,4,32.39669937363563,1
Branch_2,2026-04-11,0.024306295296183823,2.5439284788103773,0,5,4,34.67441284142129,0
Branch_2,2026-04-12,0.012278804016546352,3.075119567710198,1,6,4,32.58345197803224,0
Branch_2,2026-04-13,0.02757620211599533,3.3022520329635627,0,0,4,29.410017040776477,0
Branch_2,2026-04-14,0.01106624833884398,2.2803025068607785,0,1,4,31.192105776382412,0
Branch_2,2026-04-15,0.017755549625546454,2.473873232924558,0,2,4,20.612031603943226,0
Branch_2,2026-04-16,0.01922423197327968,2.7554113969739995,0,3,4,34.839636036184416,1
Branch_2,2026-04-17,0.042069489895521804,1.9644844200371718,0,4,4,28.79991181863281,0
Branch_2,2026-04-18,0.04615173738422284,2.8668880895929947,0,5,4,29.489259592983004,0
Branch_2,2026-04-19,0.02951490597315821,2.029064283268033,0,6,4,30.06056753236158,1
Branch_2,2026-04-20,0.012534457094409163,2.969788775797687,0,0,4,23.90971898423046,1
Branch_2,2026-04-21,0.047739402226679134,3.0780938468869596,0,1,4,22.694441455815543,0
Branch_2,2026-04-22,0.018134406058732594,2.496399574820823,0,2,4,25.00399852895459,0
Branch_2,2026-04-23,0.010765192212543738,2.382314464538138,0,3,4,23.298826860316936,0
Branch_2,2026-04-24,0.014035885445488328,3.7046346680097715,0,4,4,27.690605071969607,0
Branch_2,2026-04-25,0.015225868199976702,2.590843493303837,0,5,4,34.78454928417924,1
Branch_2,2026-04-26,0.013146447225298813,2.141684323486555,0,6,4,23.18813795180975,0
Branch_2,2026-04-27,0.02787483149625842,3.115334874687412,1,0,4,29.420873793758645,0
Branch_2,2026-04-28,0.049542055560939414,2.5430758961669255,0,1,4,29.61889344733281,1
Branch_2,2026-04-29,0.044672975932636055,2.2949874208784173,1,2,4,32.994476377949155,0
Branch_2,2026-04-30,0.019957416084137,2.0936703794290428,0,3,4,28.47689166699185,0
Branch_2,2026-05-01,0.0124440203641936,3.1879209847999763,0,4,5,27.783349529895723,0
Branch_2,2026-05-02,0.018820316216390368,2.590924722167831,0,5,5,40.5929493932979,1
Branch_2,2026-05-03,0.03578438517343465,2.594215390693672,1,6,5,27.35928367969645,0
Branch_2,2026-05-04,0.020103498170376124,1.5577588987571658,0,0,5,38.19982733236521,0
Branch_2,2026-05-05,0.019294329805294722,2.8159789218560585,0,1,5,29.358678239401648,1
Branch_2,2026-05-06,0.015856159340318622,2.5772807978982573,0,2,5,36.96903468786088,0
Branch_2,2026-05-07,0.029729135569784463,2.337036482575705,0,3,5,33.493793476169856,0
Branch_2,2026-05-08,0.025830836171321342,2.1743563075221246,1,4,5,30.659857429529712,0
Branch_2,2026-05-09,0.027664088338784455,2.0898640242648434,0,5,5,30.999574838506316,0
Branch_2,2026-05-10,0.04462949987175429,2.545044981753359,0,6,5,31.25938334037199,0
Branch_2,2026-05-11,0.0316958602747611,2.187715896129108,0,0,5,25.64491643141035,1
Branch_2,2026-05-12,0.01025139412128886,3.5649002910616936,0,1,5,33.56204301445564,0
Branch_2,2026-05-13,0.035020284436232826,2.5067654371664245,0,2,5,25.206770763450752,0
Branch_2,2026-05-14,0.017103935722608307,2.341984709139026,0,3,5,28.583163698228628,0
Branch_2,2026-05-15,0.025620389213710855,2.201285135146176,1,4,5,30.969088153561664,1
Branch_2,2026-05-16,0.03572082371235263,2.348580933410999,0,5,5,23.129425512076786,1
Branch_2,2026-05-17,0.04802352957177457,2.342868862122009,1,6,5,21.927112233755835,0
Branch_2,2026-05-18,0.016628841939993075,2.4617777603421716,0,0,5,27.751133831339185,0
Branch_2,2026-05-19,0.044830171460801,2.9075716670506315,0,1,5,22.60930179942841,0
Branch_2,2026-05-20,0.03336083445912684,1.8374078796782713,1,2,5,27.853418957677032,0
Branch_2,2026-05-21,0.019935840464161126,2.6676867440221796,0,3,5,23.042319547104313,0
Branch_2,2026-05-22,0.02279723336464333,2.950968192327054,0,4,5,25.33057518816135,0
Branch_2,2026-05-23,0.039027095616152495,1.3737546430293501,0,5,5,27.4622769309002,0
Branch_2,2026-05-24,0.03406251977841148,3.5766445740604,0,6,5,18.300888822170073,1
Branch_2,2026-05-25,0.030880605157722694,1.7584357323087119,0,0,5,28.942644128886943,1
Branch_2,2026-05-26,0.020704058560315482,2.2644686703653956,0,1,5,17.41956671715666,0
Branch_2,2026-05-27,0.02044364496450084,1.5584782493478393,0,2,5,30.808770559336065,0
Branch_2,2026-05-28,0.010839400516133822,2.9514425140351572,0,3,5,25.21225398052309,0
Branch_2,2026-05-29,0.024549447575246713,2.29237750655879,0,4,5,33.451920549314856,0
Branch_2,2026-05-30,0.047409244327862594,2.4923239333240472,0,5,5,23.99844917459112,0
Branch_2,2026-05-31,0.019874631162078087,2.261602472935592,0,6,5,27.208076638172834,0
Branch_2,2026-06-01,0.02249369834200202,2.2422077047133033,0,0,6,20.401022032986027,0
Branch_2,2026-06-02,0.01652717563798558,2.47247857726085,0,1,6,25.775047363547596,0
Branch_2,2026-06-03,0.045052807473470916,2.1461192067969384,0,2,6,25.590083208809993,0
Branch_2,2026-06-04,0.04592898319656891,1.9621867296490865,0,3,6,22.834041892341833,1
Branch_2,2026-06-05,0.03703625635069845,2.4870172215634128,0,4,6,21.014577831370914,0
Branch_2,2026-06-06,0.03449212449757896,2.3994793770442966,0,5,6,25.51667146487652,0
Branch_2,2026-06-07,0.043348575242043406,3.0014323540241836,0,6,6,29.721385714255362,0
Branch_2,2026-06-08,0.02434134147298312,2.0922037816644536,0,0,6,18.06201845399378,0
Branch_2,2026-06-09,0.0232154004709284,1.9398195658362987,0,1,6,19.537465652543975,0
Branch_3,2025-10-03,0.03866254345630952,2.9833411315253655,0,4,10,9.595218641447659,0
Branch_3,2025-10-04,0.026501122621306848,2.7810948764403673,0,5,10,15.383680381404416,1
Branch_3,2025-10-05,0.02525122272464554,2.0094737179088287,0,6,10,8.7453572120003,0
Branch_3,2025-10-06,0.019006023386461134,3.0906359987060537,1,0,10,15.631129486090614,1
Branch_3,2025-10-07,0.026647153485319746,2.4677671097360587,0,1,10,8.523438322182765,0
Branch_3,2025-10-08,0.030377940019602614,3.450301662834107,0,2,10,0.7089643141834188,1
Branch_3,2025-10-09,0.021730276136077278,2.096772620273561,0,3,10,20.12543982410913,1
Branch_3,2025-10-10,0.024001439990483032,2.762912651612592,0,4,10,9.844903555377343,1
Branch_3,2025-10-11,0.047084267343434405,1.5668065333009955,0,5,10,14.811885286084408,1
Branch_3,2025-10-12,0.01456719101090756,3.024815097214868,1,6,10,9.395473516008666,0
Branch_3,2025-10-13,0.047394557129964265,2.2860065108804384,0,0,10,12.559213031678977,1
Branch_3,2025-10-14,0.025306439342963994,2.027543073798172,0,1,10,6.023673844127865,0
Branch_3,2025-10-15,0.010508633228365661,2.7390505197346133,0,2,10,3.6668367811306304,0
Branch_3,2025-10-16,0.04803863984780819,1.966671087444803,0,3,10,5.334801058296213,0
Branch_3,2025-10-17,0.020242485652935214,2.0655728889181537,0,4,10,4.32784434741118,0
Branch_3,2025-10-18,0.01024133491289767,1.8511388705246006,0,5,10,19.180148993619596,0
Branch_3,2025-10-19,0.016737847941744693,2.6047505378998124,0,6,10,6.818479959856177,0
Branch_3,2025-10-20,0.04382359722425925,2.5930781661626763,0,0,10,17.64736327458096,0
Branch_3,2025-10-21,0.025523128068161906,1.0664891407935058,0,1,10,1.8356762310140606,0
Branch_3,2025-10-22,0.04911409881846255,2.4658375546349265,0,2,10,19.98257581471735,1
Branch_3,2025-10-23,0.04960466755022591,2.1874462152505663,0,3,10,18.47324108689943,1
Branch_3,2025-10-24,0.022301617751232575,2.670618912940157,0,4,10,9.587041280340342,0
Branch_3,2025-10-25,0.02090942359742666,2.4071803868330166,0,5,10,16.200589407212334,0
Branch_3,2025-10-26,0.010252192735105635,2.3052346899426586,0,6,10,6.677026987418095,0
Branch_3,2025-10-27,0.04939647353966319,2.624920563108504,0,0,10,5.726269253735191,1
Branch_3,2025-10-28,0.04224035569433554,2.5765086153780032,0,1,10,-0.3910713360234279,1
Branch_3,2025-10-29,0.014126715628773013,2.338682985684365,0,2,10,14.949868451162853,1
Branch_3,2025-10-30,0.038455528745150985,2.7837238124612216,1,3,10,3.4981938777628763,0
Branch_3,2025-10-31,0.018420030717957885,2.6657294482693805,0,4,10,11.554926660075093,0
Branch_3,2025-11-01,0.013382324375534705,2.669167615916182,0,5,11,19.98268054110233,0
Branch_3,2025-11-02,0.01887142084387679,1.82503374317794,0,6,11,5.3252801224312885,1
Branch_3,2025-11-03,0.0256985653343889,2.893610864637506,0,0,11,15.794284993245663,0
Branch_3,2025-11-04,0.02456843567231936,1.8026414218380202,1,1,11,12.68726123198903,0
Branch_3,2025-11-05,0.02374133002409364,3.2257582746519606,0,2,11,14.347878722520244,0
Branch_3,2025-11-06,0.04239551716162481,2.7735987174153425,0,3,11,14.075399653920313,0
Branch_3,2025-11-07,0.016669490193417857,2.3216485633716277,0,4,11,8.953441726594187,0
Branch_3,2025-11-08,0.03816865685964453,2.9724099605803516,0,5,11,9.83557484855557,0
Branch_3,2025-11-09,0.032387650531105684,3.149943654509893,0,6,11,10.58056372983196,0
Branch_3,2025-11-10,0.024166513986199494,3.056358058425012,0,0,11,17.07554613309594,0
Branch_3,2025-11-11,0.04598016964120616,2.712947736459644,0,1,11,11.463188175682037,0
Branch_3,2025-11-12,0.024463038224382033,2.5351951989722945,0,2,11,2.20384164752638,0
Branch_3,2025-11-13,0.02367657654050326,2.4176232415906327,0,3,11,11.39568644028709,1
Branch_3,2025-11-14,0.04422540750067094,2.078355401858502,0,4,11,19.51867699355072,1
Branch_3,2025-11-15,0.0243414166983873,1.9750348136315288,0,5,11,9.923881326483109,0
Branch_3,2025-11-16,0.024169419430517695,2.3005459386062266,0,6,11,13.366089953058616,1
Branch_3,2025-11-17,0.04700549752416168,2.5528675697754433,0,0,11,10.146180793224035,0
Branch_3,2025-11-18,0.04010829634953733,2.6391500277016404,0,1,11,9.86898184556139,0
Branch_3,2025-11-19,0.02275419474945146,2.0379438463346666,0,2,11,18.89216821576263,0
Branch_3,2025-11-20,0.022689591377139297,2.7429039094809573,0,3,11,10.824025090920165,0
Branch_3,2025-11-21,0.045618795830623324,2.7999280839369654,0,4,11,10.826493968145822,0
Branch_3,2025-11-22,0.041918531802048006,2.845989230583515,0,5,11,16.023199831185913,0
Branch_3,2025-11-23,0.013007954429535635,3.257005890167209,0,6,11,15.859886159035147,0
Branch_3,2025-11-24,0.03248272221071852,2.5426260724848686,0,0,11,5.573515272036859,1
Branch_3,2025-11-25,0.04037058030776543,3.173750980845736,0,1,11,9.075170743374862,0
Branch_3,2025-11-26,0.04328987263884908,3.646103066878533,0,2,11,14.504686304734292,1
Branch_3,2025-11-27,0.01634992538867242,2.4973196466816665,0,3,11,16.27788929737295,0
Branch_3,2025-11-28,0.010299595192104376,2.8892836515024882,0,4,11,16.222523634604645,0
Branch_3,2025-11-29,0.0435680477600093,2.6187336340510585,0,5,11,24.409097912457536,0
Branch_3,2025-11-30,0.034286392099366195,2.9371820479297712,0,6,11,-0.39867200875964315,0
Branch_3,2025-12-01,0.01375974476894648,3.313102734478468,1,0,12,23.440385969909613,0
Branch_3,2025-12-02,0.04710405927130847,3.738541510904732,0,1,12,19.042611827003498,0
Branch_3,2025-12-03,0.034993560526420484,2.3353342413745457,0,2,12,25.435691120368986,0
Branch_3,2025-12-04,0.019857550101569043,2.0120186075920743,0,3,12,12.635475123472126,0
Branch_3,2025-12-05,0.0327369581919224,2.5566691533191035,0,4,12,18.780718465939632,0
Branch_3,2025-12-06,0.04623583379363153,3.197248359692565,0,5,12,13.39174078229792,0
Branch_3,2025-12-07,0.0497381148017032,3.5855668977820647,0,6,12,14.306551852788724,0
Branch_3,2025-12-08,0.030922707733558586,2.1437663812294603,0,0,12,17.177482407930718,0
Branch_3,2025-12-09,0.02240133999692343,2.3723974969305783,0,1,12,17.410018710580346,1
Branch_3,2025-12-10,0.011813653364155048,2.3441517345830127,0,2,12,18.48106558124719,0
Branch_3,2025-12-11,0.01604996843933617,2.719308170531987,0,3,12,22.94264759642624,0
Branch_3,2025-12-12,0.010414270845851493,2.3432842589162313,0,4,12,18.781100539228557,1
Branch_3,2025-12-13,0.03323354894448257,2.4046034233543585,0,5,12,12.049335398761677,0
Branch_3,2025-12-14,0.021484446438473453,1.8628903942955235,0,6,12,21.561737293071957,0
Branch_3,2025-12-15,0.039718530157100446,2.7394591415515452,0,0,12,13.218121474298876,0
Branch_3,2025-12-16,0.01930644782564077,1.5415611880088507,0,1,12,20.953181630994557,0
Branch_3,2025-12-17,0.03634065773396716,2.899602847058187,0,2,12,20.319309257401702,0
Branch_3,2025-12-18,0.045194544049602985,2.4547627430214587,0,3,12,22.170449495081275,0
Branch_3,2025-12-19,0.03464166153029123,2.096967926856318,0,4,12,16.769513121028947,0
Branch_3,2025-12-20,0.020732793955158507,2.085457738166349,0,5,12,19.98333482905939,0
Branch_3,2025-12-21,0.047268347171304945,2.5714975336424497,0,6,12,15.763473404198521,1
Branch_3,2025-12-22,0.01187575134712278,2.691145709070261,0,0,12,15.088595408651726,1
Branch_3,2025-12-23,0.021588194185394233,2.0194663209896495,0,1,12,25.030732956261897,0
Branch_3,2025-12-24,0.04477443570481503,1.9286162664063604,0,2,12,26.641555756814633,0
Branch_3,2025-12-25,0.03458093445263517,3.1528890255645394,1,3,12,16.64129906117448,0
Branch_3,2025-12-26,0.031040127669729193,2.1811742283466744,0,4,12,17.931065433944166,0
Branch_3,2025-12-27,0.014500673056947187,2.628611959377888,0,5,12,9.400535540066013,1
Branch_3,2025-12-28,0.020167577454857036,2.24727318148575,0,6,12,21.586864427147635,0
Branch_3,2025-12-29,0.047276382490074306,3.0797314424476863,0,0,12,27.38234789125305,1
Branch_3,2025-12-30,0.020801525909226716,1.9434006859869453,0,1,12,7.93183124329776,1
Branch_3,2025-12-31,0.036350700623754964,2.5852389371083797,0,2,12,20.13878776131319,0
Branch_3,2026-01-01,0.017360022134246665,3.3943163615426237,0,3,1,22.800632415553338,0
Branch_3,2026-01-02,0.03920693688436395,2.9030846727284283,0,4,1,19.324180653116382,0
Branch_3,2026-01-03,0.030374435142261343,2.9894385907759187,0,5,1,12.250906552053925,0
Branch_3,2026-01-04,0.012671894041981404,2.077507442963232,0,6,1,29.01932681948366,0
Branch_3,2026-01-05,0.021288316012289782,3.3988768325358802,0,0,1,23.03108898380649,1
Branch_3,2026-01-06,0.029640992627341083,2.524517437610405,0,1,1,24.42289829648287,0
Branch_3,2026-01-07,0.012152084194835964,3.612225540852741,0,2,1,14.943583182876539,0
Branch_3,2026-01-08,0.039046496238064374,1.34278539468607,0,3,1,22.528372136449796,0
Branch_3,2026-01-09,0.03810378373257735,2.595002446074549,0,4,1,26.966227811750205,0
Branch_3,2026-01-10,0.03442154714146981,2.7456239158242965,0,5,1,18.528828693809192,0
Branch_3,2026-01-11,0.028587830661719812,2.0792985370141155,0,6,1,25.001280142203843,0
Branch_3,2026-01-12,0.04613959953138352,3.1633566865854306,0,0,1,18.959914691282744,0
Branch_3,2026-01-13,0.036228093442228375,2.832489147369511,0,1,1,22.47125661299203,0
Branch_3,2026-01-14,0.019612860784614425,2.282249183055067,0,2,1,19.7613628971666,0
Branch_3,2026-01-15,0.010505855451245699,2.220426785646886,0,3,1,25.521155514892328,0
Branch_3,2026-01-16,0.013469595744222431,2.0433081826449233,0,4,1,19.631882099226445,0
Branch_3,2026-01-17,0.047697022556278834,2.2649911938644514,1,5,1,23.730395248660244,0
Branch_3,2026-01-18,0.044912803659915936,2.0377817043753788,0,6,1,24.2750665485551,0
Branch_3,2026-01-19,0.025857866233194554,2.0556684140558996,0,0,1,25.80108707298453,0
Branch_3,2026-01-20,0.029486564252111602,2.2578380044442246,0,1,1,29.113435204077,0
Branch_3,2026-01-21,0.042813514941625504,2.3565840555814024,0,2,1,26.276975377649144,0
Branch_3,2026-01-22,0.019718046103941147,2.173138778879984,0,3,1,29.879106921014646,0
Branch_3,2026-01-23,0.013678493514783816,2.2009545374845163,0,4,1,26.565140946684988,0
Branch_3,2026-01-24,0.03837527574360302,2.517410950230591,0,5,1,36.59085641169607,0
Branch_3,2026-01-25,0.026912353340444166,3.0180348727384056,0,6,1,32.0775457038559,0
Branch_3,2026-01-26,0.0395853567866713,2.4843918515990024,0,0,1,23.166696310400887,0
Branch_3,2026-01-27,0.043133210764459425,2.7157783546919143,1,1,1,23.748658032770308,0
Branch_3,2026-01-28,0.01965122298755576,3.1950749505621356,0,2,1,22.730482799941594,0
Branch_3,2026-01-29,0.04070616252271762,2.5197896027983524,0,3,1,28.436493834204985,0
Branch_3,2026-01-30,0.022664808684627346,3.7744936133848546,0,4,1,28.342281566210055,0
Branch_3,2026-01-31,0.011776388682898578,1.860089462991203,0,5,1,31.933943355593186,0
Branch_3,2026-02-01,0.016215197197275186,2.141705821022366,0,6,2,23.66357583215664,0
Branch_3,2026-02-02,0.048956017466715296,2.9948160180991654,0,0,2,30.160554170324,0
Branch_3,2026-02-03,0.034261617811165525,3.0220957224662968,0,1,2,26.40870699240225,0
Branch_3,2026-02-04,0.04764464633512719,2.0499175387149373,0,2,2,27.65347931622951,1
Branch_3,2026-02-05,0.011662025279960289,3.975395544228345,0,3,2,21.206394504997807,1
Branch_3,2026-02-06,0.01884669805080742,2.371860879143368,0,4,2,28.977874868797688,0
Branch_3,2026-02-07,0.01277585862050294,2.5562048681717897,0,5,2,27.28942040747007,0
Branch_3,2026-02-08,0.026849719805787608,2.619662455705207,0,6,2,23.25351143532631,0
Branch_3,2026-02-09,0.013893546683216403,2.9243811348887503,0,0,2,29.288509793079037,0
Branch_3,2026-02-10,0.028768621119559152,2.5927283574529545,0,1,2,19.04704038799898,0
Branch_3,2026-02-11,0.027481096616509403,1.699628511408676,0,2,2,27.906795382209864,1
Branch_3,2026-02-12,0.04219954917453641,2.111952618135275,0,3,2,26.105927560689885,0
Branch_3,2026-02-13,0.04069496460502885,2.131156005564313,0,4,2,24.15891494538193,0
Branch_3,2026-02-14,0.01763638127044052,2.663924332255772,0,5,2,28.988339030292686,0
Branch_3,2026-02-15,0.03834707499712979,2.606055002331521,0,6,2,28.763145642348587,0
Branch_3,2026-02-16,0.025907663912747157,2.4081732206229276,0,0,2,15.853875373228446,0
Branch_3,2026-02-17,0.04347011513670355,2.3963068767530147,1,1,2,26.3510361598089,0
Branch_3,2026-02-18,0.032747758716231146,2.3827410805565723,0,2,2,27.88962584053967,0
Branch_3,2026-02-19,0.03616306097906406,1.7607751262799973,0,3,2,16.849870341377795,0
Branch_3,2026-02-20,0.04904640492556579,2.9639852050972397,0,4,2,24.962732730578715,0
Branch_3,2026-02-21,0.04794054608946015,2.524571568650445,0,5,2,32.93039608223687,0
Branch_3,2026-02-22,0.019823244691237307,2.9391215642270905,0,6,2,26.70657758291961,1
Branch_3,2026-02-23,0.015766546991144787,2.8859910387749568,0,0,2,30.710256488225962,1
Branch_3,2026-02-24,0.03286281162967578,1.923245140113173,0,1,2,29.959014514410725,0
Branch_3,2026-02-25,0.0286459074907799,2.352645128922412,0,2,2,32.292938375805576,0
Branch_3,2026-02-26,0.04100717792515677,2.833052922003563,0,3,2,28.686541434412387,0
Branch_3,2026-02-27,0.02087024575428134,2.482482399738516,0,4,2,30.315777070853496,1
Branch_3,2026-02-28,0.011911127682735723,2.8925942413143297,0,5,2,26.91135406823685,0
Branch_3,2026-03-01,0.011528352093078809,2.4009264753359165,0,6,3,27.21940410322285,0
Branch_3,2026-03-02,0.012173807467234479,2.447870945124639,0,0,3,32.46920279575797,0
Branch_3,2026-03-03,0.01206944383948125,2.317707280085248,0,1,3,25.016788191220034,0
Branch_3,2026-03-04,0.02616724989563425,3.090712818600955,1,2,3,37.377992478573944,1
Branch_3,2026-03-05,0.03664313765403657,1.665246279407371,0,3,3,28.41547692798064,0
Branch_3,2026-03-06,0.022112466390825952,3.6460414429124333,0,4,3,33.30651273634404,0
Branch_3,2026-03-07,0.010348473754395737,2.3204583466812343,0,5,3,31.615960444865845,1
Branch_3,2026-03-08,0.03241758218845851,2.249644935292366,0,6,3,29.925539728410946,1
Branch_3,2026-03-09,0.014811174722199732,1.9141498571881141,0,0,3,21.992341446006453,1
Branch_3,2026-03-10,0.019023616733208334,2.9093080369366926,0,1,3,40.414856470323855,0
Branch_3,2026-03-11,0.016120343841558107,2.6671176428303434,0,2,3,27.682765383623366,0
Branch_3,2026-03-12,0.03190765035915971,2.105025486033915,0,3,3,28.464634523557354,0
Branch_3,2026-03-13,0.029199148765161304,1.9469609585840373,0,4,3,28.11079685399469,0
Branch_3,2026-03-14,0.02238205967460124,2.53475806942276,0,5,3,24.452483112410533,0
Branch_3,2026-03-15,0.03855546363557528,1.5673617494945402,0,6,3,31.647358478526403,0
Branch_3,2026-03-16,0.011474523765518004,3.38871141014864,0,0,3,26.680323593262454,0
Branch_3,2026-03-17,0.025966568962016497,3.274829288567332,0,1,3,32.92169900541216,0
Branch_3,2026-03-18,0.04329600611359797,2.336295018013651,0,2,3,24.89989800260668,0
Branch_3,2026-03-19,0.04357468295601649,3.2564501211442636,1,3,3,33.43547993278598,0
Branch_3,2026-03-20,0.032175138237641406,2.6661415561776822,0,4,3,26.148865689401678,0
Branch_3,2026-03-21,0.02624458631574738,3.091384778099088,0,5,3,25.17270552696621,0
Branch_3,2026-03-22,0.03332902194224895,2.387989260613145,0,6,3,28.46843011049344,0
Branch_3,2026-03-23,0.03155946346449385,3.1662634953647215,0,0,3,29.521110783231887,0
Branch_3,2026-03-24,0.03933569804309759,2.3869943212075118,0,1,3,27.798952334601754,0
Branch_3,2026-03-25,0.02881190363689938,2.7984408373920404,0,2,3,37.12589420957582,0
Branch_3,2026-03-26,0.0438369777868342,2.7702262043018133,0,3,3,30.09693723684314,0
Branch_3,2026-03-27,0.02732970118885278,2.815703029495434,0,4,3,26.209780825497823,1
Branch_3,2026-03-28,0.016257747730341963,1.3331937318818665,0,5,3,29.19136609972381,1
Branch_3,2026-03-29,0.023361569055029695,2.8023845950975916,0,6,3,27.858802961820196,0
Branch_3,2026-03-30,0.016071954010458477,2.121626430543689,0,0,3,30.56874485041414,0
Branch_3,2026-03-31,0.024964888160642906,1.9854001786008162,0,1,3,29.159334069341973,0
Branch_3,2026-04-01,0.04311373413202613,2.323876576934216,0,2,4,29.449031436879064,0
Branch_3,2026-04-02,0.021165974352476486,2.1560742186778974,0,3,4,28.006020803383027,0
Branch_3,2026-04-03,0.023443133011207675,2.9123837577606504,0,4,4,23.911113040026102,0
Branch_3,2026-04-04,0.02796852654995936,2.75109820411849,0,5,4,30.799075690568625,0
Branch_3,2026-04-05,0.0457702201322962,2.127149193636384,1,6,4,18.8323562451747,0
Branch_3,2026-04-06,0.02684258478456807,2.6285859891821097,0,0,4,35.06182247327007,0
Branch_3,2026-04-07,0.03907655466392181,2.9177427862856185,0,1,4,28.111623831634713,0
Branch_3,2026-04-08,0.02320534933950734,1.7722600290001842,0,2,4,31.246144811112103,0
Branch_3,2026-04-09,0.014118275428203467,2.2510380363939566,0,3,4,24.040623410699816,1
Branch_3,2026-04-10,0.04557994163553013,1.9349293585529894,0,4,4,20.642397967445195,0
Branch_3,2026-04-11,0.017517315575903906,1.8736661779818475,0,5,4,31.294837115294126,0
Branch_3,2026-04-12,0.027231621435593382,2.155147733044971,0,6,4,25.842475056557724,0
Branch_3,2026-04-13,0.0472430475215132,2.6714831836298343,0,0,4,21.043418247677376,0
Branch_3,2026-04-14,0.03574487915489741,1.6037146711136807,1,1,4,27.298264234476132,0
Branch_3,2026-04-15,0.01731913529644445,2.481138796655093,1,2,4,26.376150492260297,0
Branch_3,2026-04-16,0.029021225854147747,2.366364499591913,0,3,4,28.436083850157708,0
Branch_3,2026-04-17,0.014325716818565684,2.680646394510224,0,4,4,30.46519578448011,0
Branch_3,2026-04-18,0.015365574363510213,2.840592829651393,0,5,4,29.144262641593386,0
Branch_3,2026-04-19,0.017737325102064265,2.1319264793288095,1,6,4,37.72894162826208,0
Branch_3,2026-04-20,0.046708882331776766,2.6802315125400824,0,0,4,31.837636877874726,0
Branch_3,2026-04-21,0.04107293844825473,2.4634064216797844,0,1,4,40.88547183567228,1
Branch_3,2026-04-22,0.016256582389603688,3.018136877914307,0,2,4,26.537477473091077,0
Branch_3,2026-04-23,0.02256538707832309,1.6365417644090843,0,3,4,29.0538143838275,0
Branch_3,2026-04-24,0.02204765821632366,1.6133240838369725,0,4,4,26.561220138295035,1
Branch_3,2026-04-25,0.01691110458616196,1.6400079438752706,0,5,4,31.136208740152536,0
Branch_3,2026-04-26,0.037311402982276504,2.4883115657476744,0,6,4,22.093633570035244,0
Branch_3,2026-04-27,0.024648190997902095,2.7731329146277353,1,0,4,29.148482565964095,0
Branch_3,2026-04-28,0.028402435427119052,2.9166002677745766,0,1,4,29.22159499887881,0
Branch_3,2026-04-29,0.024392645385655644,2.2622276517782987,1,2,4,21.118293439786765,0
Branch_3,2026-04-30,0.04505772704849828,2.799088330205347,0,3,4,34.41978283481932,0
Branch_3,2026-05-01,0.04216457106321167,1.6071468214628974,0,4,5,23.375706876340434,0
Branch_3,2026-05-02,0.013869660877954399,1.9409123650390656,0,5,5,29.502689269120722,0
Branch_3,2026-05-03,0.02420516972760803,2.4987507634556025,0,6,5,23.149429507074174,0
Branch_3,2026-05-04,0.019169665563743755,2.4741035864683183,0,0,5,26.404184934131877,0
Branch_3,2026-05-05,0.03405078416871504,2.5864416830860897,0,1,5,26.52123135000841,0
Branch_3,2026-05-06,0.013169882285317574,3.18762604966405,0,2,5,29.786989962178247,0
Branch_3,2026-05-07,0.013278652413070927,1.270621372251753,0,3,5,31.49226500943934,0
Branch_3,2026-05-08,0.020556353139378144,2.1485054061198876,0,4,5,33.35056769061423,1
Branch_3,2026-05-09,0.03981109924894014,2.059108565031376,1,5,5,33.708255545673936,0
Branch_3,2026-05-10,0.04461594647888731,3.182907025303698,0,6,5,28.98904988899114,0
Branch_3,2026-05-11,0.022508995712225636,2.464480735025939,0,0,5,22.936835897702633,0
Branch_3,2026-05-12,0.04765924150749657,2.182833661967584,0,1,5,34.07382460339065,0
Branch_3,2026-05-13,0.0436847826347972,3.720958601502199,0,2,5,26.624816924613594,0
Branch_3,2026-05-14,0.012839019688910382,3.105983683456669,0,3,5,36.2035088914955,0
Branch_3,2026-05-15,0.011348046864014272,2.6323132774977167,0,4,5,26.164342397255822,0
Branch_3,2026-05-16,0.015167417901194882,2.766107280947352,0,5,5,22.94389521465692,0
Branch_3,2026-05-17,0.012997327979579093,1.7153072699088772,0,6,5,24.44715950434914,0
Branch_3,2026-05-18,0.017714977769288653,2.6855008549851753,0,0,5,19.40646802834016,0
Branch_3,2026-05-19,0.01541681509715692,2.696227439677064,0,1,5,24.15225530142507,0
Branch_3,2026-05-20,0.03225175849511227,2.5179080745090867,0,2,5,29.959682073753992,0
Branch_3,2026-05-21,0.04798415442328995,1.7837879833755277,0,3,5,27.959489266139492,0
Branch_3,2026-05-22,0.019766026948489637,2.9023152992072143,0,4,5,33.67909059333699,0
Branch_3,2026-05-23,0.024888735542648983,1.3156389786815355,0,5,5,27.576697633192882,0
Branch_3,2026-05-24,0.013509198552321076,1.9873451702114724,0,6,5,22.595338117689565,0
Branch_3,2026-05-25,0.03524008069797301,3.136330355985263,0,0,5,27.395065698460687,0
Branch_3,2026-05-26,0.013752228718542092,2.1803109956065643,0,1,5,24.070239089275457,0
Branch_3,2026-05-27,0.028101466153980674,2.129087985120629,0,2,5,21.560593646223552,0
Branch_3,2026-05-28,0.026203612576365595,1.8258476893648603,0,3,5,18.988212750117896,0
Branch_3,2026-05-29,0.04586634405266842,3.2835601251783277,0,4,5,28.980038102771882,0
Branch_3,2026-05-30,0.022208697021965606,2.3037363692350277,0,5,5,21.20608297319699,0
Branch_3,2026-05-31,0.02373913504139559,2.107480648596958,0,6,5,25.48468478173636,0
Branch_3,2026-06-01,0.013765000152915317,2.323212839167952,0,0,6,24.93009460545252,0
Branch_3,2026-06-02,0.028296792406687313,2.6108227153070396,0,1,6,31.345708012203218,0
Branch_3,2026-06-03,0.04442801087108556,2.1473910405716707,0,2,6,27.53086410431344,0
Branch_3,2026-06-04,0.04686449747809336,2.424683157327242,0,3,6,28.13603628361795,0
Branch_3,2026-06-05,0.01788352184457495,2.8262910102455714,0,4,6,22.455251321909067,0
Branch_3,2026-06-06,0.03887448294704757,2.181470006679041,0,5,6,14.712886780245574,0
Branch_3,2026-06-07,0.04474607640248566,2.6298167021625236,0,6,6,22.954628898405414,0
Branch_3,2026-06-08,0.02097154843352749,2.280204724554711,0,0,6,24.878833226430935,0
Branch_3,2026-06-09,0.03193479190379077,3.371127367419488,0,1,6,21.235808889147822,0
Branch_4,2025-10-03,0.04075783249483097,3.39840247021698,0,4,10,6.890974515603077,0
Branch_4,2025-10-04,0.028469027586641747,1.6592758242307757,0,5,10,-0.8470303935787165,0
Branch_4,2025-10-05,0.013379591942566446,2.009456234198929,0,6,10,8.60340067547606,0
Branch_4,2025-10-06,0.0422844079722509,2.524000790089054,0,0,10,16.925060446924675,0
Branch_4,2025-10-07,0.03732083825663289,2.104372390904641,0,1,10,5.744917173829895,0
Branch_4,2025-10-08,0.013038987643929616,2.4973480694335173,0,2,10,7.471186097416727,1
Branch_4,2025-10-09,0.041959426252654836,3.049835510790284,0,3,10,10.521989229096802,0
Branch_4,2025-10-10,0.045567830437304585,3.2883225800840643,0,4,10,18.1844306145042,1
Branch_4,2025-10-11,0.032136188707821534,2.682920713476101,0,5,10,15.791490563714927,1
Branch_4,2025-10-12,0.03711332207097631,2.1581927047134273,0,6,10,17.451505581560806,0
Branch_4,2025-10-13,0.045303819688167844,2.5400380494171197,1,0,10,10.063687763458239,0
Branch_4,2025-10-14,0.037963616600681184,1.0281109958553827,0,1,10,12.359678316678679,0
Branch_4,2025-10-15,0.026129988782845635,2.6806949332058485,0,2,10,7.789318250381692,0
Branch_4,2025-10-16,0.012795528373449985,2.914728625250431,0,3,10,17.382002027183162,0
Branch_4,2025-10-17,0.049591793093020975,2.678341328057096,0,4,10,9.803686386337533,0
Branch_4,2025-10-18,0.017838065370587027,2.269941051424432,0,5,10,2.7040671877458182,0
Branch_4,2025-10-19,0.02377147988410402,2.7206821960276297,0,6,10,11.080440998553732,1
Branch_4,2025-10-20,0.019580180136818198,2.8816210761142926,0,0,10,12.682879450552068,1
Branch_4,2025-10-21,0.041554498854584204,2.83750662547174,0,1,10,7.2520583259925715,0
Branch_4,2025-10-22,0.01816495768033505,2.3279572522792567,0,2,10,18.80160080833886,0
Branch_4,2025-10-23,0.036199741472636535,2.7958730501959166,0,3,10,10.463408886095507,0
Branch_4,2025-10-24,0.02077241120183391,2.6194905097011336,0,4,10,20.64994691179031,1
Branch_4,2025-10-25,0.020586711383272404,1.344416272192609,0,5,10,11.073680597471448,0
Branch_4,2025-10-26,0.04476339991935855,2.152334504249371,0,6,10,14.04560490453604,1
Branch_4,2025-10-27,0.04252046667735761,2.482853104609334,0,0,10,8.2160940123353,0
Branch_4,2025-10-28,0.032284208285294595,2.4667290618063142,0,1,10,5.844695854683624,0
Branch_4,2025-10-29,0.02334686995674846,2.1846773489516003,0,2,10,12.51356643868287,1
Branch_4,2025-10-30,0.028518538912527328,2.561874882796335,0,3,10,10.495388449337389,0
Branch_4,2025-10-31,0.036775645943506304,2.6950030708313233,0,4,10,12.826839529665232,0
Branch_4,2025-11-01,0.040353472367137176,2.788326483676597,0,5,11,11.652461708382116,0
Branch_4,2025-11-02,0.02285188617356623,3.4029067776911543,0,6,11,15.057785086334686,0
Branch_4,2025-11-03,0.01444671616701561,3.3450379797107557,0,0,11,15.862081462297894,0
Branch_4,2025-11-04,0.01936280759864141,2.6977765687634623,0,1,11,9.411664891359639,0
Branch_4,2025-11-05,0.04765877318580159,2.7395982105634453,0,2,11,20.61710661875531,0
Branch_4,2025-11-06,0.04906915908928476,1.7044730223643711,0,3,11,15.371698435863323,0
Branch_4,2025-11-07,0.04909023806809786,2.2781897197160244,0,4,11,13.013394125924687,1
Branch_4,2025-11-08,0.04817074146964928,3.602432824655317,0,5,11,14.661431094990888,0
Branch_4,2025-11-09,0.02197123105406396,2.896529069270229,0,6,11,17.948005855516442,0
Branch_4,2025-11-10,0.043418127954449576,2.1225929580018117,0,0,11,11.0853130006755,0
Branch_4,2025-11-11,0.04244312098713216,2.2047474872122876,0,1,11,14.088837354014911,0
Branch_4,2025-11-12,0.035533835398021414,3.1667860446210883,0,2,11,8.871523393118526,0
Branch_4,2025-11-13,0.044413640225045216,2.85033373650127,0,3,11,18.9974341057071,0
Branch_4,2025-11-14,0.010081880246488008,2.654058994371585,0,4,11,17.88776529148315,0
Branch_4,2025-11-15,0.012766482595408126,2.4427451529034214,0,5,11,8.474455645574754,0
Branch_4,2025-11-16,0.015756275330752762,1.9725979960788806,1,6,11,10.731565423453144,0
Branch_4,2025-11-17,0.03372686814954272,2.635854896521917,0,0,11,11.011923232319306,0
Branch_4,2025-11-18,0.025645979582370537,2.7241116142606474,0,1,11,12.253921527110766,1
Branch_4,2025-11-19,0.019728901380831037,2.1480604476030583,0,2,11,12.835017411563921,0
Branch_4,2025-11-20,0.020447961749015333,3.476176123782138,1,3,11,15.902236498731453,0
Branch_4,2025-11-21,0.02389147864041904,2.2749654679703717,0,4,11,14.740808885401187,0
Branch_4,2025-11-22,0.043090797799319895,2.7445746330708216,0,5,11,13.35647841686368,0
Branch_4,2025-11-23,0.04972393908106715,2.6865747622623677,0,6,11,22.52015916627321,1
Branch_4,2025-11-24,0.011709275836287452,1.687038034657843,0,0,11,22.302642037509678,1
Branch_4,2025-11-25,0.044184442035668556,2.82609157413752,0,1,11,11.020345247506897,0
Branch_4,2025-11-26,0.01691680212123535,2.0755141048898333,1,2,11,14.533507446815003,0
Branch_4,2025-11-27,0.03372644592900647,2.6508672804488587,0,3,11,16.89527207421382,0
Branch_4,2025-11-28,0.03352044733485427,2.560691850991032,0,4,11,9.327421707296091,0
Branch_4,2025-11-29,0.03711275132277394,2.7493704253307496,0,5,11,15.45271790332784,1
Branch_4,2025-11-30,0.04643537083216915,2.820407145405645,0,6,11,6.938480303818467,1
Branch_4,2025-12-01,0.04502027607439194,3.2868014989202297,0,0,12,15.650032550512892,0
Branch_4,2025-12-02,0.027565142103410892,2.425858660010062,0,1,12,15.879177828024527,0
Branch_4,2025-12-03,0.014587268021108728,3.151393789521713,0,2,12,13.402567125115187,1
Branch_4,2025-12-04,0.017134116905054075,2.76168184509366,0,3,12,24.359940335828767,0
Branch_4,2025-12-05,0.019005112495737317,2.3833426559560418,0,4,12,25.706202956675696,0
Branch_4,2025-12-06,0.04627426990105071,2.6756293466404926,0,5,12,16.84632585223202,0
Branch_4,2025-12-07,0.02773099108832724,2.5304242804733326,1,6,12,15.031965152600725,0
Branch_4,2025-12-08,0.037060861452787086,2.328322083932118,0,0,12,21.51110076954285,0
Branch_4,2025-12-09,0.046642121882266324,2.109844400818469,0,1,12,21.341470055358894,0
Branch_4,2025-12-10,0.04660057329597749,2.4295327943554996,0,2,12,16.398621858634993,0
Branch_4,2025-12-11,0.03999526576243047,2.0122239915761977,0,3,12,24.312860959781254,0
Branch_4,2025-12-12,0.033061613739071856,2.337694534145991,0,4,12,17.99787167160511,0
Branch_4,2025-12-13,0.049406607711745786,2.9027731708416256,0,5,12,14.66266826960628,0
Branch_4,2025-12-14,0.04054472025456818,2.0111506782050226,0,6,12,22.78966522252206,1
Branch_4,2025-12-15,0.04689985771991928,2.2056626523671987,0,0,12,18.178453079989527,0
Branch_4,2025-12-16,0.041961858340382116,2.861004011970586,0,1,12,17.156618725195973,1
Branch_4,2025-12-17,0.020210110596660256,2.746215913767473,0,2,12,14.795071544302314,1
Branch_4,2025-12-18,0.03103795453599524,2.5764776511455114,0,3,12,7.041653591201765,0
Branch_4,2025-12-19,0.012988725595468105,1.6777350366913897,0,4,12,12.457835282334582,1
Branch_4,2025-12-20,0.04581864501400148,2.7155963523236624,0,5,12,21.61737257493725,1
Branch_4,2025-12-21,0.03961087644638184,2.4884453067599224,0,6,12,20.96194838108498,0
Branch_4,2025-12-22,0.030154044443932857,2.293865518666122,0,0,12,13.521049636671115,0
Branch_4,2025-12-23,0.022513412516503354,2.404054594012702,0,1,12,23.205435817536316,0
Branch_4,2025-12-24,0.0419390744361342,3.181524298654936,0,2,12,14.874535572194352,1
Branch_4,2025-12-25,0.023683285964425937,3.0083486789215845,0,3,12,18.252186322858407,0
Branch_4,2025-12-26,0.01981296112230599,2.2040775471412695,1,4,12,19.671953732416295,0
Branch_4,2025-12-27,0.0376478959641884,2.717008749096274,0,5,12,23.32668003540468,0
Branch_4,2025-12-28,0.03352008486866595,2.6995817220708496,0,6,12,16.794729326911614,1
Branch_4,2025-12-29,0.038825373995720565,2.2429795427058634,0,0,12,20.327666575997828,0
Branch_4,2025-12-30,0.023014019864482906,3.0244863141007006,0,1,12,22.905273216326442,1
Branch_4,2025-12-31,0.045358722031028746,3.1232946963565733,0,2,12,14.587278317004493,0
Branch_4,2026-01-01,0.03285652893828315,2.0074436414775447,0,3,1,33.180654566341225,1
Branch_4,2026-01-02,0.04391921856028369,2.515257687786231,0,4,1,19.95705739675054,0
Branch_4,2026-01-03,0.021140160310674193,2.4100337320285985,0,5,1,25.58366803985125,0
Branch_4,2026-01-04,0.02456027443374212,2.394872796186567,0,6,1,10.043908560629188,0
Branch_4,2026-01-05,0.0252977626026047,3.3737839665188645,1,0,1,22.37565069694262,0
Branch_4,2026-01-06,0.031020461249102016,2.4048535903958657,0,1,1,20.9257110711687,0
Branch_4,2026-01-07,0.018658562817603964,2.1248520399396535,0,2,1,14.651789734636939,0
Branch_4,2026-01-08,0.010453152167331524,1.5540222794008653,0,3,1,17.97077528381179,0
Branch_4,2026-01-09,0.03069479927684655,1.7917576341520802,0,4,1,26.717405280425943,0
Branch_4,2026-01-10,0.038085609975740654,2.9256683201602276,0,5,1,23.47691044116786,0
Branch_4,2026-01-11,0.025139910711318797,2.4253090983454535,0,6,1,19.24820763346615,0
Branch_4,2026-01-12,0.04212086628836279,2.686413259602386,1,0,1,28.58912055676886,0
Branch_4,2026-01-13,0.030345065154971484,2.3014577741196898,0,1,1,21.18884762275352,1
Branch_4,2026-01-14,0.017793541516369242,3.86891509429298,0,2,1,26.505954229026784,0
Branch_4,2026-01-15,0.0404039468102005,2.435543924773822,0,3,1,19.522566981221395,0
Branch_4,2026-01-16,0.0406065996896361,2.554770609037224,0,4,1,24.117945840425875,0
Branch_4,2026-01-17,0.03546480521695277,3.7660772804717473,0,5,1,16.991417306505497,0
Branch_4,2026-01-18,0.016156998812259165,1.893934411166235,0,6,1,20.444190592757185,1
Branch_4,2026-01-19,0.015416848085555138,2.130809054541589,0,0,1,15.687960214699018,0
Branch_4,2026-01-20,0.04617332229423333,2.8606959524104054,0,1,1,28.448452460806756,0
Branch_4,2026-01-21,0.03793857316173755,3.202310906460042,0,2,1,14.48244575326283,0
Branch_4,2026-01-22,0.014978038297871659,2.44638829898271,0,3,1,23.023131923450883,0
Branch_4,2026-01-23,0.026112494060524828,2.7805496814302213,0,4,1,22.184523167007463,0
Branch_4,2026-01-24,0.038733156006554394,2.11675235942802,0,5,1,22.325309936183306,0
Branch_4,2026-01-25,0.013247661429074124,2.3691925499208746,0,6,1,18.869814412301075,0
Branch_4,2026-01-26,0.01946487126449218,1.8156774548652468,0,0,1,10.758447312208153,0
Branch_4,2026-01-27,0.021499873735737748,2.3268033692755665,0,1,1,24.218841680436764,0
Branch_4,2026-01-28,0.012782875923719446,1.9169973721292641,0,2,1,27.711296996469756,0
Branch_4,2026-01-29,0.015659605460404562,2.754937390826671,0,3,1,16.675002446062813,0
Branch_4,2026-01-30,0.027646005308366698,2.0660351665396717,0,4,1,18.80152880878766,0
Branch_4,2026-01-31,0.037352402402431914,2.879754062993715,0,5,1,15.604854265488296,0
Branch_4,2026-02-01,0.02964076012184472,2.232785604519136,0,6,2,27.39276138678889,0
Branch_4,2026-02-02,0.022928044595559634,2.346617505928435,0,0,2,31.661427282796527,0
Branch_4,2026-02-03,0.03561366483019898,3.094245949431623,0,1,2,19.261515399296606,0
Branch_4,2026-02-04,0.03011625000880869,1.1278676179847624,0,2,2,25.284008047003805,0
Branch_4,2026-02-05,0.03975665602505968,2.571237983683707,1,3,2,18.111516569802433,0
Branch_4,2026-02-06,0.02713350587642474,2.9564302859205025,0,4,2,23.692706588439563,1
Branch_4,2026-02-07,0.02152744034036934,2.791213381611826,0,5,2,32.18109478621628,0
Branch_4,2026-02-08,0.029314301189913263,1.7024745219068458,1,6,2,28.893863870084708,0
Branch_4,2026-02-09,0.04357168517704616,2.0561407036078605,0,0,2,23.99000473594591,0
Branch_4,2026-02-10,0.028535600596955483,3.0100257914885766,1,1,2,28.97868560741277,0
Branch_4,2026-02-11,0.019658893340186463,2.0957646434034314,0,2,2,28.263622865258693,1
Branch_4,2026-02-12,0.025754048413787273,1.9840515025595138,0,3,2,27.92534261680883,1
Branch_4,2026-02-13,0.01995090550649517,2.217983447842419,0,4,2,24.332576585715763,0
Branch_4,2026-02-14,0.031699890425205345,2.010656021195046,0,5,2,25.756543026993235,0
Branch_4,2026-02-15,0.030877446194463896,2.3822959250933406,0,6,2,31.563843624707324,0
Branch_4,2026-02-16,0.02325461457256822,2.872626134496606,0,0,2,27.48781819085804,0
Branch_4,2026-02-17,0.022989840995939807,2.7659781400326935,0,1,2,32.55668723566783,0
Branch_4,2026-02-18,0.027353343432256035,2.435245939344605,0,2,2,27.630147011506995,0
Branch_4,2026-02-19,0.03848382738040765,2.418582816562525,0,3,2,25.11039730466164,0
Branch_4,2026-02-20,0.0482711496278136,1.9482585197448201,0,4,2,28.092303915430353,0
Branch_4,2026-02-21,0.01691682905495999,2.3286783260137116,1,5,2,24.586778596388832,0
Branch_4,2026-02-22,0.042445918810842545,2.489382461708903,0,6,2,20.781343708925462,0
Branch_4,2026-02-23,0.048607253417849536,1.9271111446362714,0,0,2,24.339646359502463,0
Branch_4,2026-02-24,0.03865696892092995,2.2272326660285966,0,1,2,25.805917709669874,1
Branch_4,2026-02-25,0.041304618664908074,2.0801317920350777,0,2,2,21.504484802501775,0
Branch_4,2026-02-26,0.030043276038008424,3.1142127913500786,0,3,2,32.93026577734829,0
Branch_4,2026-02-27,0.044897665166687924,2.547709476429531,0,4,2,33.05850072772014,0
Branch_4,2026-02-28,0.01962042779178711,2.0668215817089215,0,5,2,28.744794467792687,0
Branch_4,2026-03-01,0.03835622102764763,2.554765120769318,0,6,3,27.69941550009993,0
Branch_4,2026-03-02,0.012687627235409176,1.9925267524761532,0,0,3,27.633611175938896,0
Branch_4,2026-03-03,0.022694061512611708,3.3597633532210076,0,1,3,28.84350379217047,0
Branch_4,2026-03-04,0.026196289956528073,2.6549005258846043,0,2,3,29.838697080488135,0
Branch_4,2026-03-05,0.0478682811265203,2.601065444749876,0,3,3,30.026516152337248,0
Branch_4,2026-03-06,0.024770628705445632,2.6381195768415506,0,4,3,38.838899687889366,0
Branch_4,2026-03-07,0.03262486137384278,3.1481550866434698,0,5,3,29.83250646715155,1
Branch_4,2026-03-08,0.04092985384762461,1.2419826429603331,0,6,3,26.827663964192215,0
Branch_4,2026-03-09,0.03564724478215506,3.1298028353807084,0,0,3,37.14969920298647,0
Branch_4,2026-03-10,0.017818820157304162,3.0428289614562924,0,1,3,32.56416318216472,0
Branch_4,2026-03-11,0.022244939863907534,1.4846057934050885,0,2,3,19.55066621111567,0
Branch_4,2026-03-12,0.0492343266523663,2.727697020892411,0,3,3,39.01332683758757,0
Branch_4,2026-03-13,0.033507352147825506,2.6254076375361337,0,4,3,28.49212442314242,1
Branch_4,2026-03-14,0.04564596758955103,1.8670485490532467,0,5,3,28.552274522514942,0
Branch_4,2026-03-15,0.030072106666493844,2.4948527844261927,1,6,3,26.027631740745427,0
Branch_4,2026-03-16,0.04705431153978529,2.9870344133848925,0,0,3,32.98571902471896,0
Branch_4,2026-03-17,0.046279654739143306,1.7689833271835602,0,1,3,25.336882426595572,0
Branch_4,2026-03-18,0.01743197489939522,3.3965030259236495,0,2,3,25.027186484656696,0
Branch_4,2026-03-19,0.04995583201340055,3.597599389755243,0,3,3,25.429781319838494,0
Branch_4,2026-03-20,0.04770908558304333,2.76240480385142,0,4,3,27.915727709907824,0
Branch_4,2026-03-21,0.029181137874163512,2.162627551904922,0,5,3,20.157288380151446,0
Branch_4,2026-03-22,0.043922506721545206,2.5813281747262944,1,6,3,23.288037238362357,0
Branch_4,2026-03-23,0.022951100959901778,2.202026717429721,0,0,3,28.85386456573183,0
Branch_4,2026-03-24,0.03665038874638441,2.1936455215017676,0,1,3,24.385522072006662,0
Branch_4,2026-03-25,0.03998452465609015,2.7385543665108396,0,2,3,25.04569406451344,0
Branch_4,2026-03-26,0.034554503108438696,2.1358407885894213,0,3,3,34.12797674177465,1
Branch_4,2026-03-27,0.01845710599541115,2.7786312915591473,0,4,3,43.39777302952625,0
Branch_4,2026-03-28,0.04103624036070127,2.4892937815523593,0,5,3,20.35079967836181,0
Branch_4,2026-03-29,0.038853535353841034,1.687896635737609,0,6,3,36.72751504245035,0
Branch_4,2026-03-30,0.022777462959778654,2.8286896648613586,1,0,3,36.98100710214722,0
Branch_4,2026-03-31,0.014323059448058317,1.8764336767622507,0,1,3,29.950172032984142,0
Branch_4,2026-04-01,0.024175419603746046,2.881287997838839,0,2,4,23.31525409286877,1
Branch_4,2026-04-02,0.04241998625627246,2.3888923603858094,0,3,4,32.68884107553828,1
Branch_4,2026-04-03,0.024498727025388325,2.4746740209803475,0,4,4,30.369369668893988,0
Branch_4,2026-04-04,0.011738923940881354,3.8920227280766424,0,5,4,28.113239753039256,0
Branch_4,2026-04-05,0.02410960013041392,2.321370921557206,0,6,4,25.301635148083182,0
Branch_4,2026-04-06,0.03367086007357533,1.8952670468014086,0,0,4,24.786022841662174,1
Branch_4,2026-04-07,0.041914186808656204,2.963806451692723,0,1,4,37.65076614182553,0
Branch_4,2026-04-08,0.012502586219015127,2.72415959538532,0,2,4,26.315617895219116,0
Branch_4,2026-04-09,0.028498018614310006,2.800656033222442,0,3,4,27.87761594792844,1
Branch_4,2026-04-10,0.03858951425426104,1.7951057745974413,0,4,4,32.51639910111379,1
Branch_4,2026-04-11,0.047425163203146735,3.370846236604695,0,5,4,32.63654433743912,0
Branch_4,2026-04-12,0.0237991481341173,3.06449827404223,0,6,4,20.033290032775742,0
Branch_4,2026-04-13,0.04579227755183518,2.951066597289552,0,0,4,29.59256800433733,0
Branch_4,2026-04-14,0.033462303962415944,3.130230816786275,0,1,4,31.910244545944835,0
Branch_4,2026-04-15,0.038547745163205936,3.1940765039850816,0,2,4,33.75158258770432,1
Branch_4,2026-04-16,0.01266350994490656,2.807320636326486,1,3,4,26.13351916481119,0
Branch_4,2026-04-17,0.02795580667809391,2.720094328258675,1,4,4,30.8631973180808,1
Branch_4,2026-04-18,0.012188534087450376,2.63517898025488,0,5,4,26.095624112044064,0
Branch_4,2026-04-19,0.03255864153468036,1.8175664199177146,0,6,4,38.66737189011067,0
Branch_4,2026-04-20,0.043448502006932545,2.2960099662969427,0,0,4,33.695132166068376,0
Branch_4,2026-04-21,0.010198418458799133,2.9586131642569904,1,1,4,27.727603960491,1
Branch_4,2026-04-22,0.041888528260490915,3.0405824058782223,1,2,4,34.81198323410408,0
Branch_4,2026-04-23,0.04772876819252721,2.2077629125425795,0,3,4,30.670301352011226,0
Branch_4,2026-04-24,0.04247322170249151,1.6251231585128199,0,4,4,23.247322041047397,0
Branch_4,2026-04-25,0.015505289463492647,3.0239818738061865,0,5,4,36.048016953592715,0
Branch_4,2026-04-26,0.02865502115346582,2.196487994808387,0,6,4,26.236756501581105,1
Branch_4,2026-04-27,0.047330998701834645,2.8265295749631716,0,0,4,31.883098103042716,1
Branch_4,2026-04-28,0.019155786103760217,2.73352751966918,0,1,4,34.99501843442963,0
Branch_4,2026-04-29,0.047069290473757366,2.519629872325449,0,2,4,31.488089191254634,0
Branch_4,2026-04-30,0.011867492071493842,3.3910554458523707,0,3,4,29.680175862600407,0
Branch_4,2026-05-01,0.020198252283969313,3.2278007981985932,0,4,5,25.29702120797547,1
Branch_4,2026-05-02,0.044746309396795435,2.305537475045492,0,5,5,35.51504749855481,0
Branch_4,2026-05-03,0.03183451142811166,1.9497612686208867,0,6,5,31.35313459116326,0
Branch_4,2026-05-04,0.042415007282618364,3.7521319969710225,1,0,5,26.152437325383925,0
Branch_4,2026-05-05,0.02437439643205798,2.233019164222588,0,1,5,34.1338150258427,0
Branch_4,2026-05-06,0.046186752629505085,2.355399151558742,0,2,5,20.584370719592897,0
Branch_4,2026-05-07,0.014366146927497594,2.2303541287782433,0,3,5,31.977966049345333,0
Branch_4,2026-05-08,0.03185777465012811,2.0045469389781396,0,4,5,37.301299594362725,0
Branch_4,2026-05-09,0.013274899888516543,3.1233759121247315,0,5,5,23.766511145789217,0
Branch_4,2026-05-10,0.03009685651885616,2.8208346337830523,0,6,5,41.02451820106042,0
Branch_4,2026-05-11,0.017170464843985104,2.425481373704868,0,0,5,29.693841508660952,0
Branch_4,2026-05-12,0.049938714471366316,3.3211886772398542,0,1,5,24.31848557658803,1
Branch_4,2026-05-13,0.024178467636016082,2.8953668294785166,0,2,5,24.286593738476505,0
Branch_4,2026-05-14,0.04303401643410906,2.7176442434892985,0,3,5,28.656191624266217,1
Branch_4,2026-05-15,0.04316176505107953,2.8425406301997036,0,4,5,31.692232400305354,1
Branch_4,2026-05-16,0.047277871469493256,1.7732681267656973,0,5,5,30.488644684991375,0
Branch_4,2026-05-17,0.03911562327230114,2.005635785959244,1,6,5,33.758067392445675,0
Branch_4,2026-05-18,0.015584686051215156,2.15010975126521,0,0,5,11.751127121802778,0
Branch_4,2026-05-19,0.038922433794875616,2.490643137400058,0,1,5,14.457629395038108,0
Branch_4,2026-05-20,0.04980271362740568,1.7766165200146518,0,2,5,24.76274976980614,0
Branch_4,2026-05-21,0.03338059167925656,2.549436615520446,0,3,5,26.50069531118412,0
Branch_4,2026-05-22,0.016242862467157067,2.9138868513800467,0,4,5,39.11963326636995,0
Branch_4,2026-05-23,0.04554312084358548,2.1637521663323325,0,5,5,29.327869428246345,0
Branch_4,2026-05-24,0.024652228890732056,2.600042794121464,0,6,5,26.81390550234861,0
Branch_4,2026-05-25,0.030044163946379192,3.8067020767263138,0,0,5,24.100967477628554,0
Branch_4,2026-05-26,0.044966083748400124,2.315194825106131,0,1,5,23.78633880487217,0
Branch_4,2026-05-27,0.029244415639068714,2.9899430861459226,0,2,5,21.952885709432792,0
Branch_4,2026-05-28,0.016081081749171576,2.809271323560637,0,3,5,24.412471863453252,0
Branch_4,2026-05-29,0.04893338426772363,1.8236109750245006,0,4,5,41.95839400356298,0
Branch_4,2026-05-30,0.02432416472583529,3.1202064579718884,0,5,5,24.22447012543881,0
Branch_4,2026-05-31,0.01645170972957153,2.264765039151352,0,6,5,30.036207346187307,0
Branch_4,2026-06-01,0.03399425419530008,3.179299462188514,0,0,6,25.004959556663376,1
Branch_4,2026-06-02,0.04307465787727797,2.6508580880203936,0,1,6,32.70319637849647,0
Branch_4,2026-06-03,0.042240142582141885,2.42561821378913,0,2,6,23.852171250174667,0
Branch_4,2026-06-04,0.024515027660190397,2.6264187526675897,0,3,6,21.84628775634508,0
Branch_4,2026-06-05,0.013910710275474792,2.3662375041687027,0,4,6,21.43842847176068,0
Branch_4,2026-06-06,0.012625654861369214,2.1183406844280386,0,5,6,31.07838679368146,1
Branch_4,2026-06-07,0.02005105052116917,2.020079872448104,0,6,6,25.068593959226202,0
Branch_4,2026-06-08,0.031617831174859,2.2140576534525818,0,0,6,24.768315513232178,0
Branch_4,2026-06-09,0.04251369409417356,2.710444275380264,0,1,6,11.960970366393719,0
Branch_5,2025-10-03,0.015354315028465893,2.9863425066531093,0,4,10,2.6690327258138513,0
Branch_5,2025-10-04,0.012102261915456283,2.265749094189878,0,5,10,5.849539265467198,0
Branch_5,2025-10-05,0.017993804751122604,1.6567248373307484,0,6,10,4.3286676927069765,0
Branch_5,2025-10-06,0.025274331904065122,2.79117603676352,0,0,10,11.383509295210533,0
Branch_5,2025-10-07,0.03733932420789044,2.7936714889644056,0,1,10,3.8873403588931437,1
Branch_5,2025-10-08,0.021760403452329317,2.456520306548335,1,2,10,3.5603275796162723,1
Branch_5,2025-10-09,0.012562930884916779,2.4093740776332275,0,3,10,14.07817862818901,0
Branch_5,2025-10-10,0.01863657031591029,2.7595805514844614,0,4,10,10.964754714708286,1
Branch_5,2025-10-11,0.04275015671275949,2.2763571124259148,1,5,10,7.849053589500855,0
Branch_5,2025-10-12,0.016146300834479314,2.57434262513656,0,6,10,14.057379908737513,0
Branch_5,2025-10-13,0.012021144092975446,2.821164272560906,1,0,10,1.3538078263320372,0
Branch_5,2025-10-14,0.04476135089767725,2.9241150063056667,0,1,10,9.757123463914207,0
Branch_5,2025-10-15,0.022229041543556902,2.5088649502184555,1,2,10,6.772543274478091,0
Branch_5,2025-10-16,0.027049072125009205,2.6373266179684296,0,3,10,12.099329285189704,0
Branch_5,2025-10-17,0.03229869809305362,2.786011696941876,1,4,10,7.466723173842135,0
Branch_5,2025-10-18,0.020429729739220095,3.098206690841526,0,5,10,12.224475921848434,0
Branch_5,2025-10-19,0.014777049266460894,3.1756640903251525,0,6,10,11.164332891365612,0
Branch_5,2025-10-20,0.013002116162201656,2.7593999088404484,0,0,10,9.546506435474276,0
Branch_5,2025-10-21,0.03089255244888042,1.8448220934894954,0,1,10,3.3273199159001017,0
Branch_5,2025-10-22,0.02362046761588138,3.111464410348891,1,2,10,8.701267176469917,0
Branch_5,2025-10-23,0.02747456602414485,2.5033929150426313,0,3,10,0.12938972777245006,1
Branch_5,2025-10-24,0.0417427210705285,2.5714092371806263,0,4,10,8.957082067302174,0
Branch_5,2025-10-25,0.011986175049011734,2.153293359094756,0,5,10,18.1437622737376,0
Branch_5,2025-10-26,0.034247292267894205,2.588315848551316,0,6,10,10.898012805847141,1
Branch_5,2025-10-27,0.022423544430196753,2.432760966323833,0,0,10,7.440607465542198,0
Branch_5,2025-10-28,0.03338612778932686,1.924897318305642,0,1,10,7.883644431661256,0
Branch_5,2025-10-29,0.01306215536991401,3.2386398771079286,0,2,10,10.71791646117323,0
Branch_5,2025-10-30,0.031429155132807744,1.8156737079273213,0,3,10,11.729649695202497,1
Branch_5,2025-10-31,0.02176535432780027,2.9652973864984276,0,4,10,14.670549762870502,0
Branch_5,2025-11-01,0.04458475167105939,1.8880690825470003,0,5,11,17.038555062077414,0
Branch_5,2025-11-02,0.019814156479815038,1.6391991984127805,0,6,11,18.446559466301615,0
Branch_5,2025-11-03,0.012734073639104233,3.163933069559058,1,0,11,4.021105559877806,0
Branch_5,2025-11-04,0.04826579266891713,2.542454540180597,0,1,11,-3.609337605299654,0
Branch_5,2025-11-05,0.01372638749490525,2.226222032018661,1,2,11,9.767245712458942,1
Branch_5,2025-11-06,0.04887540762990881,2.4994384868540322,0,3,11,14.542300883829473,1
Branch_5,2025-11-07,0.023843737721151732,2.487481474090842,0,4,11,11.170626691797898,0
Branch_5,2025-11-08,0.014197586212585272,1.98026764597793,0,5,11,3.8940172624880987,0
Branch_5,2025-11-09,0.047058138757957,2.5755727443721845,1,6,11,19.07914459915397,0
Branch_5,2025-11-10,0.01850563354525823,1.9549884130074828,0,0,11,11.739648997715767,0
Branch_5,2025-11-11,0.03562099424557009,2.1760689505823185,0,1,11,9.25972532921114,0
Branch_5,2025-11-12,0.01889038593542537,2.4812413438359924,0,2,11,16.05758143006166,0
Branch_5,2025-11-13,0.04101614023244903,2.1058666850170686,0,3,11,9.159810679501323,0
Branch_5,2025-11-14,0.041507180945994204,3.364541627475411,0,4,11,9.670219991126775,0
Branch_5,2025-11-15,0.011413276522942063,2.414828823477858,0,5,11,10.453604037597383,1
Branch_5,2025-11-16,0.02633544254016997,1.7996894402421744,0,6,11,8.761113133547758,0
Branch_5,2025-11-17,0.02846601920202782,2.3581014290974376,0,0,11,6.483292091801849,0
Branch_5,2025-11-18,0.025091758482982642,2.8339933030556903,0,1,11,13.070285099130318,1
Branch_5,2025-11-19,0.03879889120191825,2.641130794199836,0,2,11,8.419923225279,0
Branch_5,2025-11-20,0.040974775363364906,2.423145839076295,1,3,11,13.401559033936874,0
Branch_5,2025-11-21,0.013708652192296663,2.3058485764251344,0,4,11,17.046601663537142,0
Branch_5,2025-11-22,0.021179544906442294,3.3373679734325905,0,5,11,21.299147387946814,0
Branch_5,2025-11-23,0.030972362895730198,1.974824766343029,0,6,11,10.556396098746673,0
Branch_5,2025-11-24,0.010148437163440365,2.098405664210988,0,0,11,10.496498130900866,0
Branch_5,2025-11-25,0.02179296511133742,2.5865590654088315,0,1,11,13.03227935637727,0
Branch_5,2025-11-26,0.030470290901978617,2.541189179768346,0,2,11,13.984586250304421,0
Branch_5,2025-11-27,0.03528851860057976,2.6391462212066275,0,3,11,13.031993795150568,0
Branch_5,2025-11-28,0.024862473826664934,1.8198460321992165,0,4,11,8.284216315572902,0
Branch_5,2025-11-29,0.01843900319036289,2.3897062262717923,0,5,11,10.038566878301882,0
Branch_5,2025-11-30,0.03641399729919161,2.447216863669872,0,6,11,21.71410474767521,0
Branch_5,2025-12-01,0.040519679571721395,2.9860486107261925,0,0,12,11.120445652687646,1
Branch_5,2025-12-02,0.020169320080025605,2.9100156832263595,0,1,12,7.160375607057336,0
Branch_5,2025-12-03,0.04996932428577646,2.2894343199797818,0,2,12,21.832661749830773,0
Branch_5,2025-12-04,0.022826678506672384,2.6982841029804994,0,3,12,12.064649376622608,0
Branch_5,2025-12-05,0.038617069514409734,2.418355658323628,0,4,12,17.50357579223681,1
Branch_5,2025-12-06,0.01784210842279037,1.8102582458526322,0,5,12,18.026020155303755,1
Branch_5,2025-12-07,0.04089914021189521,3.227192071851572,0,6,12,15.18471485686995,0
Branch_5,2025-12-08,0.0374383523377713,2.7181316222639595,0,0,12,15.004797943045842,0
Branch_5,2025-12-09,0.03288982788815383,2.539923663968402,0,1,12,19.67971068842135,0
Branch_5,2025-12-10,0.02005402680909924,2.1797386671982837,1,2,12,21.67930233482842,0
Branch_5,2025-12-11,0.033800179698673695,3.0144345506963552,0,3,12,20.168963543235154,0
Branch_5,2025-12-12,0.044744414222427024,2.024052072085465,0,4,12,7.833598281635968,0
Branch_5,2025-12-13,0.028440246151966903,3.6426776311763853,0,5,12,13.237085801320138,1
Branch_5,2025-12-14,0.013001149183671607,2.1004858993460997,0,6,12,25.161764275272198,0
Branch_5,2025-12-15,0.032141227852086514,1.7577079900247894,0,0,12,5.295187452493199,0
Branch_5,2025-12-16,0.01382330041032651,2.4936446356073154,0,1,12,17.10746053707446,0
Branch_5,2025-12-17,0.022860018457490555,1.7060913161098246,0,2,12,9.622839785204649,0
Branch_5,2025-12-18,0.04329227321090471,2.9641491787456165,1,3,12,20.035777262779384,0
Branch_5,2025-12-19,0.023754146985864973,3.499823178517758,0,4,12,17.175761465414897,0
Branch_5,2025-12-20,0.0473737672676166,2.726867119661654,0,5,12,13.85150824039548,1
Branch_5,2025-12-21,0.02717413342210977,2.0131063669166283,0,6,12,13.79575835052763,1
Branch_5,2025-12-22,0.033022290077377475,2.775705019425944,0,0,12,18.916642785067722,0
Branch_5,2025-12-23,0.04579557539619877,2.504298515515415,0,1,12,17.034861357936197,0
Branch_5,2025-12-24,0.02879559319164993,1.6586047255898944,0,2,12,21.840341944671817,0
Branch_5,2025-12-25,0.01934530745025616,2.3834572058814327,0,3,12,21.20424937079563,1
Branch_5,2025-12-26,0.034546408996188854,2.1873425851571855,0,4,12,25.24431825318807,1
Branch_5,2025-12-27,0.02251901323573681,2.0820596383470305,1,5,12,18.16915130223564,0
Branch_5,2025-12-28,0.027323836899820708,2.8741884727676172,0,6,12,15.354955227599882,0
Branch_5,2025-12-29,0.032194924331464356,3.4112463196418283,0,0,12,14.139219700951951,0
Branch_5,2025-12-30,0.01847488840758661,2.094698620879324,0,1,12,28.283134034152155,0
Branch_5,2025-12-31,0.028755795259388647,3.0887319470096073,0,2,12,24.71454742033073,0
Branch_5,2026-01-01,0.030023058866317866,3.2836543789427326,0,3,1,24.30463119616128,0
Branch_5,2026-01-02,0.03135424666397283,1.7248810515849828,0,4,1,28.936580777443794,0
Branch_5,2026-01-03,0.029792300717144764,2.7554051897923673,0,5,1,24.705343028701975,1
Branch_5,2026-01-04,0.04425756999583282,2.020629658762213,0,6,1,24.467151479604073,0
Branch_5,2026-01-05,0.034676823557294026,2.488100411465632,0,0,1,23.154312384128396,0
Branch_5,2026-01-06,0.024285784447084905,2.346355609033419,0,1,1,17.645888952202085,0
Branch_5,2026-01-07,0.017593554225307714,2.401187556994794,0,2,1,18.269514216339083,1
Branch_5,2026-01-08,0.031183665631317796,2.8792032984832523,0,3,1,27.87873262797041,0
Branch_5,2026-01-09,0.0316616360108034,2.6573474610572694,0,4,1,22.701726969875697,1
Branch_5,2026-01-10,0.021019864350784553,2.533337918448971,0,5,1,20.63926236014397,0
Branch_5,2026-01-11,0.01886218860253174,2.614608855188036,0,6,1,26.2939155488949,0
Branch_5,2026-01-12,0.014103699854632699,3.392264900877648,0,0,1,23.672371426824878,0
Branch_5,2026-01-13,0.010846682225945937,2.561819451768448,0,1,1,22.300753453079746,0
Branch_5,2026-01-14,0.042750863848897806,2.9943939941794104,0,2,1,22.421629499329818,0
Branch_5,2026-01-15,0.025509410083346437,1.8178535019645499,0,3,1,21.838851159010453,0
Branch_5,2026-01-16,0.013548264026778023,1.8075472182051302,0,4,1,19.783914071887473,0
Branch_5,2026-01-17,0.03618611252297047,2.10217962915668,0,5,1,17.58016917578999,0
Branch_5,2026-01-18,0.02513674858175533,2.2793568194568743,0,6,1,35.890240396968345,0
Branch_5,2026-01-19,0.04529925279594012,1.5683060957600983,1,0,1,23.72258692568958,0
Branch_5,2026-01-20,0.040982645586084956,2.5601569526061367,0,1,1,13.904481336260105,0
Branch_5,2026-01-21,0.03350879707636715,2.732138330190672,0,2,1,27.93230221200168,1
Branch_5,2026-01-22,0.044134671502438966,2.7612356064933112,0,3,1,18.915764012876185,0
Branch_5,2026-01-23,0.02934402191374331,2.4331134998433055,0,4,1,27.130434249679464,0
Branch_5,2026-01-24,0.01819951331977443,2.5167209713703036,1,5,1,25.30904569583221,0
Branch_5,2026-01-25,0.04870268136399312,2.1138123507214575,0,6,1,35.47572516643609,0
Branch_5,2026-01-26,0.02329745873929507,2.9878800003498966,0,0,1,23.93393382716603,0
Branch_5,2026-01-27,0.015285251695238419,3.282536536107558,0,1,1,25.793798503013985,0
Branch_5,2026-01-28,0.046086595277728196,2.9847285097422467,1,2,1,28.457920142624893,0
Branch_5,2026-01-29,0.011646241459363455,1.7814588937531113,0,3,1,26.74646265849992,1
Branch_5,2026-01-30,0.012999316725142398,2.3336959699489865,0,4,1,26.720060539531698,0
Branch_5,2026-01-31,0.04901881758589396,2.276719929471661,0,5,1,24.814845228103476,1
Branch_5,2026-02-01,0.02568248025068435,1.3182623308540953,0,6,2,22.886457050854666,1
Branch_5,2026-02-02,0.04449605860039587,2.292694101049024,0,0,2,22.130889262583256,0
Branch_5,2026-02-03,0.023728869617285864,3.078235236086099,0,1,2,26.276979599148188,0
Branch_5,2026-02-04,0.03680760181738993,1.8683374643069668,0,2,2,24.90107036515251,0
Branch_5,2026-02-05,0.01219564851202794,2.495315258609343,0,3,2,29.720206637158114,0
Branch_5,2026-02-06,0.010274563120928807,2.5220892517309164,0,4,2,25.42591558424263,0
Branch_5,2026-02-07,0.04002924152629743,3.1774310431238613,0,5,2,26.707875747786,0
Branch_5,2026-02-08,0.02556756347730215,2.4930267905383774,0,6,2,35.79070256724899,0
Branch_5,2026-02-09,0.013983025572995507,2.0642027190678336,1,0,2,22.560167133835076,0
Branch_5,2026-02-10,0.04772677557567188,2.380442012236269,0,1,2,34.08248823879101,0
Branch_5,2026-02-11,0.01564021790222256,1.70684892304725,0,2,2,28.08302694626641,0
Branch_5,2026-02-12,0.0482806817761714,2.280172490018484,0,3,2,24.308324654539366,0
Branch_5,2026-02-13,0.0441879722674941,3.5547549434297934,0,4,2,27.065259069337596,0
Branch_5,2026-02-14,0.043762703783875576,1.8359407857958647,0,5,2,20.483489204011004,0
Branch_5,2026-02-15,0.04823707428729553,2.8126628218370278,0,6,2,24.99134941545712,0
Branch_5,2026-02-16,0.03133990849454468,2.9112217243728233,0,0,2,23.074548991357204,1
Branch_5,2026-02-17,0.01652648743399312,2.5804052320681965,0,1,2,29.989125947826384,1
Branch_5,2026-02-18,0.02970406976362637,1.4896318686956447,0,2,2,20.33087351015081,0
Branch_5,2026-02-19,0.0491775110399826,1.4051672256019498,0,3,2,22.391346938234474,0
Branch_5,2026-02-20,0.03915830525515534,2.5701817279127486,1,4,2,17.914338617794808,0
Branch_5,2026-02-21,0.011986338287470652,2.854198931061673,0,5,2,24.033180201746728,0
Branch_5,2026-02-22,0.04438011484420104,2.645889915102945,0,6,2,36.90141404372035,0
Branch_5,2026-02-23,0.039215402689131575,1.986118717781162,0,0,2,33.55834163584516,0
Branch_5,2026-02-24,0.014995715630894874,2.5415532117641475,0,1,2,32.97277332062894,0
Branch_5,2026-02-25,0.04367957066382243,1.8970979045022922,0,2,2,25.39380922390213,1
Branch_5,2026-02-26,0.04141584742520469,2.6398763440506476,0,3,2,31.95967300080076,0
Branch_5,2026-02-27,0.03211345058034405,2.754310120613058,0,4,2,35.99135658437542,0
Branch_5,2026-02-28,0.04958982374983932,2.5165177243168357,0,5,2,27.571932776730854,0
Branch_5,2026-03-01,0.04204436410884476,2.199730935714989,0,6,3,30.491487749922367,0
Branch_5,2026-03-02,0.016757452499983456,1.5347068494541451,0,0,3,28.631714604110023,0
Branch_5,2026-03-03,0.01729555037179712,2.1147879349084895,1,1,3,28.36294880434349,0
Branch_5,2026-03-04,0.026307741016179925,2.3646442169364965,0,2,3,28.251185845077604,0
Branch_5,2026-03-05,0.01283556908625465,1.6600916687809615,0,3,3,22.79878984756395,0
Branch_5,2026-03-06,0.021083797169458025,3.3349655815900108,0,4,3,24.945763229582603,0
Branch_5,2026-03-07,0.012950953767559024,2.3210958898295333,0,5,3,33.95808538681692,0
Branch_5,2026-03-08,0.016346894102345827,1.945620718958476,0,6,3,26.844604140147265,1
Branch_5,2026-03-09,0.04553269502668845,1.9129269339601793,0,0,3,32.34617574397003,0
Branch_5,2026-03-10,0.016446854583419008,3.0548437171720453,1,1,3,23.09645376831651,0
Branch_5,2026-03-11,0.030746646194843998,2.253053308428592,0,2,3,26.803326630326023,0
Branch_5,2026-03-12,0.04776081452557591,2.5426647362150088,0,3,3,28.867475768952257,0
Branch_5,2026-03-13,0.0310157397722503,3.800439015326701,1,4,3,36.90324519205839,0
Branch_5,2026-03-14,0.030367322490653246,1.466878864569758,0,5,3,31.517169700623267,1
Branch_5,2026-03-15,0.030144145168637688,3.046185043366386,0,6,3,31.87394933668709,0
Branch_5,2026-03-16,0.041363750403958,3.249316535148898,0,0,3,40.58872707869471,0
Branch_5,2026-03-17,0.03050662271572503,1.9890763640489404,0,1,3,30.11396426762449,0
Branch_5,2026-03-18,0.036134396474012724,3.0522101903480943,0,2,3,23.65513618115439,0
Branch_5,2026-03-19,0.041675739221053505,2.319572121501231,0,3,3,27.545807996394764,0
Branch_5,2026-03-20,0.02934615022442252,2.6888406818465773,1,4,3,29.50393456752713,1
Branch_5,2026-03-21,0.03201286139410342,1.5200990580130493,0,5,3,30.711203332362885,0
Branch_5,2026-03-22,0.034234751745438274,2.7798456454712435,0,6,3,30.134380423592674,0
Branch_5,2026-03-23,0.010454937868973514,2.960995846573085,0,0,3,26.0746878707028,0
Branch_5,2026-03-24,0.0391322690928507,2.2316211833635142,0,1,3,29.43610589689776,0
Branch_5,2026-03-25,0.028396460930941312,1.9192097326088748,0,2,3,27.385084003267526,0
Branch_5,2026-03-26,0.03367209909188617,2.075423171215438,0,3,3,31.28147913739648,0
Branch_5,2026-03-27,0.03304636656384517,2.8480610382004152,0,4,3,22.885658039804863,1
Branch_5,2026-03-28,0.03726384108011785,2.6883830077029547,0,5,3,37.53897114704709,0
Branch_5,2026-03-29,0.025586915874266196,2.75630905716225,0,6,3,25.359304144641154,1
Branch_5,2026-03-30,0.015582963338079124,2.634578090977559,0,0,3,25.94277387565443,0
Branch_5,2026-03-31,0.01627636682311564,2.4417274841167385,0,1,3,39.069255431700746,0
Branch_5,2026-04-01,0.032616922066651156,2.564548999567272,0,2,4,33.83936160573895,0
Branch_5,2026-04-02,0.0431850913490077,2.4495317429420678,0,3,4,38.11724772753497,1
Branch_5,2026-04-03,0.020257571464344575,2.4247015794336297,0,4,4,35.8605645454454,1
Branch_5,2026-04-04,0.033877459069276875,1.6756961317067542,0,5,4,32.87120673294845,1
Branch_5,2026-04-05,0.03692751889557303,2.2754776388340368,0,6,4,31.16352977239005,0
Branch_5,2026-04-06,0.04307216089871322,1.6241069083225919,0,0,4,33.78222357335255,0
Branch_5,2026-04-07,0.04979132209309487,2.2164260938634626,0,1,4,27.527121558393464,0
Branch_5,2026-04-08,0.036668706548232476,3.39922810137658,0,2,4,29.16312591506969,0
Branch_5,2026-04-09,0.030607579909497855,2.6678536294322885,0,3,4,29.922229218047573,1
Branch_5,2026-04-10,0.028109830516228874,2.8924082834729874,0,4,4,22.673675867730203,0
Branch_5,2026-04-11,0.020972074606233435,3.0665228908232085,0,5,4,24.301751172442433,0
Branch_5,2026-04-12,0.01451318928931226,2.450979786111546,0,6,4,30.29700431974255,1
Branch_5,2026-04-13,0.03853634259289607,2.295113166222651,0,0,4,37.121845538808515,0
Branch_5,2026-04-14,0.023442081927555737,3.2794074291751896,0,1,4,21.903171865300273,0
Branch_5,2026-04-15,0.048507191241531473,3.4455724101315957,0,2,4,28.109010317605748,1
Branch_5,2026-04-16,0.02583214106139072,2.6084031948506,0,3,4,35.062699810390455,0
Branch_5,2026-04-17,0.01339618913974367,2.814397030992403,0,4,4,26.101167495818107,1
Branch_5,2026-04-18,0.04880716726312318,1.6241834178689813,0,5,4,33.04719440544749,0
Branch_5,2026-04-19,0.042800873797697744,2.3147329054264993,0,6,4,34.93494878427656,0
Branch_5,2026-04-20,0.01597536581923992,1.9442962310124066,1,0,4,21.603378479735575,0
Branch_5,2026-04-21,0.015661673118259795,2.6019262101083087,0,1,4,36.78805615118321,0
Branch_5,2026-04-22,0.014913547713111682,3.0072044697011115,0,2,4,21.635943878581003,0
Branch_5,2026-04-23,0.010632572827107825,2.7686667372544442,0,3,4,31.45667495772572,0
Branch_5,2026-04-24,0.019897585523698084,2.394537862884894,0,4,4,19.512872055729414,0
Branch_5,2026-04-25,0.0110860636110892,2.065799566203081,0,5,4,35.097803661010964,0
Branch_5,2026-04-26,0.046762832225973806,2.4709414856587806,0,6,4,29.64354254799334,0
Branch_5,2026-04-27,0.03887606152225431,2.227975963129014,0,0,4,36.63261017783411,0
Branch_5,2026-04-28,0.030928684615639405,3.2809471426276007,0,1,4,22.503862302128578,0
Branch_5,2026-04-29,0.025370579978407127,2.854351999959108,1,2,4,32.9409442976408,0
Branch_5,2026-04-30,0.010419679863266555,3.094332399408862,1,3,4,30.58281211729362,0
Branch_5,2026-05-01,0.04227300168422881,2.992464863569453,0,4,5,28.47286866779526,0
Branch_5,2026-05-02,0.01145244110600585,2.9557443864339916,0,5,5,33.18683395065696,0
Branch_5,2026-05-03,0.023428656213850246,3.325299086582677,0,6,5,29.50080635233626,0
Branch_5,2026-05-04,0.019896465721121387,1.9552680227885397,0,0,5,34.15111611723161,0
Branch_5,2026-05-05,0.03167519723997302,2.2373953237194186,0,1,5,31.130626035706015,0
Branch_5,2026-05-06,0.018989790618535153,2.903293124023826,0,2,5,20.72030363170049,1
Branch_5,2026-05-07,0.046301224819870285,1.7835622201185866,1,3,5,28.112915527932994,0
Branch_5,2026-05-08,0.026736025706643733,2.7732731544735945,0,4,5,25.937890595697073,1
Branch_5,2026-05-09,0.04380986584069565,2.9270181072800048,0,5,5,30.722111847997613,0
Branch_5,2026-05-10,0.033780045793450966,1.0882144263393732,0,6,5,27.407791949669136,1
Branch_5,2026-05-11,0.04546459257278161,1.6300048902483861,0,0,5,24.89782267964557,0
Branch_5,2026-05-12,0.030983392479824387,2.4262407646789415,0,1,5,23.805492825660167,0
Branch_5,2026-05-13,0.043276579732275694,1.7069099399003502,0,2,5,28.867629488161388,0
Branch_5,2026-05-14,0.021955887175328734,2.1858161641780507,0,3,5,31.769753656448238,0
Branch_5,2026-05-15,0.016204373355422203,2.6534037703629516,0,4,5,24.071699655917207,1
Branch_5,2026-05-16,0.013430393367065214,3.027511698686655,0,5,5,18.943455676590382,0
Branch_5,2026-05-17,0.04345367976413633,1.9969088654652867,0,6,5,31.284189885012676,0
Branch_5,2026-05-18,0.035154709215750424,2.7121792095694057,0,0,5,23.48535736866252,0
Branch_5,2026-05-19,0.029020736511677955,2.450271447099265,0,1,5,23.848619549017396,0
Branch_5,2026-05-20,0.026424504038781122,2.775729875884784,0,2,5,32.24311538082045,0
Branch_5,2026-05-21,0.023989428894833926,1.982863052356838,1,3,5,18.237826528970466,1
Branch_5,2026-05-22,0.025192605760986198,1.39593117470773,0,4,5,25.693386189897033,0
Branch_5,2026-05-23,0.019325065360119697,2.3189362591522924,0,5,5,23.773865998421524,1
Branch_5,2026-05-24,0.04915685595061837,1.5579918100895713,0,6,5,24.50651378676606,0
Branch_5,2026-05-25,0.027964823306734332,2.5094603410880434,0,0,5,24.61590817201489,0
Branch_5,2026-05-26,0.02574254030279047,1.9873889430410348,0,1,5,24.89684354766415,0
Branch_5,2026-05-27,0.023113069776904048,2.003670924330926,0,2,5,29.987251636822453,0
Branch_5,2026-05-28,0.01078559700362244,2.153626410493034,0,3,5,25.30417508434398,0
Branch_5,2026-05-29,0.03396208290421098,2.190757907370286,0,4,5,32.53870637615417,1
Branch_5,2026-05-30,0.019587390581241405,2.4656414934468893,0,5,5,21.581360855794323,0
Branch_5,2026-05-31,0.03649530616659677,1.7313811264163796,0,6,5,20.362075718607894,0
Branch_5,2026-06-01,0.026691317425970175,3.6605901011581174,0,0,6,28.401888499627017,0
Branch_5,2026-06-02,0.010048419976794665,2.5224268653176596,0,1,6,26.832775325007884,0
Branch_5,2026-06-03,0.03299489912229351,3.285416821089499,0,2,6,32.07628180570926,0
Branch_5,2026-06-04,0.02207599422293494,2.0399732878451657,0,3,6,31.74825443885763,0
Branch_5,2026-06-05,0.037800465838857836,2.6247659324421653,0,4,6,20.353154027071295,0
Branch_5,2026-06-06,0.03271746425052053,2.558392859595896,0,5,6,23.426583251016186,0
Branch_5,2026-06-07,0.027534761172877124,2.5094715084294252,0,6,6,23.401663531762416,0
Branch_5,2026-06-08,0.013420842906865987,2.30099284512067,0,0,6,24.724741030964516,0
Branch_5,2026-06-09,0.039416732246342054,2.423879813747905,0,1,6,23.539675626007966,0
Branch_6,2025-10-03,0.04554112974499187,2.6275491988153683,0,4,10,14.104882833560886,0
Branch_6,2025-10-04,0.0179020027078824,3.079179738918498,0,5,10,16.14124619883103,0
Branch_6,2025-10-05,0.047515229701487104,2.4489271914109936,0,6,10,15.269435756137806,0
Branch_6,2025-10-06,0.01107386390421854,3.156480189834844,0,0,10,12.8099434162332,0
Branch_6,2025-10-07,0.045036161767733084,2.0701523656811953,0,1,10,9.656443083805538,0
Branch_6,2025-10-08,0.01914582577061076,2.3290245376338206,0,2,10,16.373264924769373,1
Branch_6,2025-10-09,0.034589180863029874,1.9884351580185204,0,3,10,14.435047052845285,0
Branch_6,2025-10-10,0.02224674075891132,1.7913860417353662,0,4,10,7.683459983673331,0
Branch_6,2025-10-11,0.04016455664446696,1.5660154715444539,0,5,10,7.712837890090475,1
Branch_6,2025-10-12,0.02311840883680029,2.077002158024267,0,6,10,10.03199279055908,0
Branch_6,2025-10-13,0.011646143805910404,2.5266428474117273,0,0,10,-2.9193137556253674,1
Branch_6,2025-10-14,0.02844029462572438,2.756370288873955,0,1,10,17.463946057417182,0
Branch_6,2025-10-15,0.026840389534699957,2.7711440452426843,1,2,10,3.2357317869448075,0
Branch_6,2025-10-16,0.03366829552062133,3.206901282730488,0,3,10,10.846157016875264,0
Branch_6,2025-10-17,0.024413501798196968,3.135418866009888,0,4,10,1.5168581648525983,0
Branch_6,2025-10-18,0.03041742012382226,2.2978030981250326,0,5,10,10.692080443314799,0
Branch_6,2025-10-19,0.031136341439271797,2.653654228044494,0,6,10,13.908187082428395,0
Branch_6,2025-10-20,0.024105775044945914,2.5131433956875284,1,0,10,11.448019268134482,0
Branch_6,2025-10-21,0.018687513238407467,3.223349581892129,0,1,10,3.1428939716315947,1
Branch_6,2025-10-22,0.04404391369482999,1.9303313690970514,0,2,10,8.666388611779231,0
Branch_6,2025-10-23,0.010112493701846761,2.653285200518023,0,3,10,6.732542864466373,0
Branch_6,2025-10-24,0.043576795890699634,1.6341037978292574,0,4,10,9.620078316038413,0
Branch_6,2025-10-25,0.039104339855417204,3.177979250842196,1,5,10,15.377790747192254,0
Branch_6,2025-10-26,0.04913087452350082,2.4629370974078313,0,6,10,11.02780667565352,0
Branch_6,2025-10-27,0.031298083960424224,1.5383431962673717,0,0,10,10.740664757603165,0
Branch_6,2025-10-28,0.018634361748594248,1.6908247149318356,0,1,10,12.814683507990242,0
Branch_6,2025-10-29,0.03355197137647866,2.8010711125028935,0,2,10,15.684721605307939,1
Branch_6,2025-10-30,0.010619471174772315,2.8163514226833355,0,3,10,12.410424043856048,0
Branch_6,2025-10-31,0.047281901231470934,2.6956226623412354,0,4,10,12.635744759736772,1
Branch_6,2025-11-01,0.010827743094241712,2.2151865593923965,0,5,11,20.36259822035681,0
Branch_6,2025-11-02,0.037355995390642244,2.262615432394319,0,6,11,6.816026146420588,0
Branch_6,2025-11-03,0.045790439690660524,2.5869797812703226,0,0,11,2.5995532984148984,0
Branch_6,2025-11-04,0.0386680873338811,2.391503390539579,1,1,11,10.749036660109837,1
Branch_6,2025-11-05,0.013733244158799894,2.19885731368022,1,2,11,5.995978481636541,0
Branch_6,2025-11-06,0.04605094640654665,3.1231054705637735,0,3,11,8.798789553531932,0
Branch_6,2025-11-07,0.011154672701994345,2.3978281024249894,0,4,11,12.256537197755392,0
Branch_6,2025-11-08,0.021877857054194146,2.48414351001974,0,5,11,16.87358441873763,0
Branch_6,2025-11-09,0.03335660640545218,3.0754908724257066,0,6,11,10.218352918420754,0
Branch_6,2025-11-10,0.0346144505525199,2.6416145836821787,0,0,11,5.451541655001797,0
Branch_6,2025-11-11,0.0447415764039944,3.0195880236618464,0,1,11,11.547229106159321,0
Branch_6,2025-11-12,0.0483748079269364,2.2583538643208536,0,2,11,10.557237232866541,0
Branch_6,2025-11-13,0.03108621695357209,3.2021594305534555,0,3,11,9.211063080834986,0
Branch_6,2025-11-14,0.03300519528443036,1.8112865269898806,0,4,11,14.429674961273353,1
Branch_6,2025-11-15,0.031862223417038836,2.762741436152522,0,5,11,14.185537563635448,1
Branch_6,2025-11-16,0.04208564648372872,2.2041812809483736,0,6,11,11.095203517213927,0
Branch_6,2025-11-17,0.0475637601035576,1.9998275713544211,0,0,11,7.038470923069113,0
Branch_6,2025-11-18,0.022243984740798806,1.1082636036313138,0,1,11,9.446447639277224,0
Branch_6,2025-11-19,0.03297246443816325,2.1228363350098105,0,2,11,9.573230447857856,1
Branch_6,2025-11-20,0.016725473018492254,2.8864977898471276,0,3,11,12.55283982770832,0
Branch_6,2025-11-21,0.04309075854078888,2.87822500329994,0,4,11,5.814974959958054,0
Branch_6,2025-11-22,0.03243603446617751,2.527617979542292,0,5,11,12.782630695614861,0
Branch_6,2025-11-23,0.04838907812357852,2.052260302691565,0,6,11,11.932422770514037,0
Branch_6,2025-11-24,0.021288289022433262,2.5834745807507384,0,0,11,3.466842677834755,0
Branch_6,2025-11-25,0.023126626056926645,2.0679043576010754,1,1,11,4.304755774420165,0
Branch_6,2025-11-26,0.014653051839229261,3.238200432707161,0,2,11,13.124711938249536,0
Branch_6,2025-11-27,0.021063013145434725,1.6627537273637554,0,3,11,13.8661298796274,0
Branch_6,2025-11-28,0.02938022499055059,3.252452239319814,0,4,11,9.08640608324724,1
Branch_6,2025-11-29,0.012454238054220492,3.060820484235404,0,5,11,13.624920189255292,0
Branch_6,2025-11-30,0.010105029886969312,2.2559111265036518,0,6,11,16.22806301726354,0
Branch_6,2025-12-01,0.01052122481839989,1.9236211695322651,0,0,12,11.082613702762565,0
Branch_6,2025-12-02,0.04037073422694827,2.549011837455142,0,1,12,20.293209758001453,0
Branch_6,2025-12-03,0.021722687037898997,2.400294692215167,0,2,12,23.583499099822333,0
Branch_6,2025-12-04,0.015101992929796753,3.8434628530198447,0,3,12,13.590217503424432,0
Branch_6,2025-12-05,0.022268398791956828,2.129683581184662,0,4,12,24.062757569819404,0
Branch_6,2025-12-06,0.017542476288803607,2.50400396543165,0,5,12,18.694828070917666,0
Branch_6,2025-12-07,0.025125995603242274,2.7203853796665287,0,6,12,16.0506562677195,0
Branch_6,2025-12-08,0.02120236492238097,3.2197801012819305,1,0,12,14.81340756597787,0
Branch_6,2025-12-09,0.04659522422772511,2.0639288219673824,0,1,12,15.188302405824937,1
Branch_6,2025-12-10,0.03512511897179297,3.2610593844060984,0,2,12,19.56496788156589,0
Branch_6,2025-12-11,0.03216755861425362,2.3889543380189022,0,3,12,12.67416323078913,0
Branch_6,2025-12-12,0.039961061187619794,3.079051600727475,0,4,12,14.86695264164585,0
Branch_6,2025-12-13,0.04252375300507389,2.444502128607471,0,5,12,15.091118877276692,0
Branch_6,2025-12-14,0.011054990386644549,2.971250030412581,0,6,12,10.19863475249063,0
Branch_6,2025-12-15,0.03059759157036595,2.406014397149602,0,0,12,20.444580601556257,1
Branch_6,2025-12-16,0.02516298505504647,2.865616289599191,0,1,12,16.540017930397543,0
Branch_6,2025-12-17,0.03865137773459473,1.8695556774986792,0,2,12,15.256775846708049,1
Branch_6,2025-12-18,0.015889043120932537,3.0734191971837013,0,3,12,14.523881411730848,0
Branch_6,2025-12-19,0.020099820655017565,1.39389269040363,0,4,12,17.942466081570767,0
Branch_6,2025-12-20,0.013744974150195906,2.6117094077229983,0,5,12,22.68281900803334,0
Branch_6,2025-12-21,0.013630359927597185,2.8923267086826514,0,6,12,25.927749079658575,1
Branch_6,2025-12-22,0.028227555239746682,2.5872218518429695,0,0,12,18.554426857657603,0
Branch_6,2025-12-23,0.012666276119438056,2.6424951996957193,0,1,12,11.556640289834649,0
Branch_6,2025-12-24,0.01060268510700979,3.072045020331803,0,2,12,14.69448222157358,0
Branch_6,2025-12-25,0.030021879145993084,1.9803326597066788,1,3,12,22.39955603946937,0
Branch_6,2025-12-26,0.018322128130358963,2.290700151847787,0,4,12,27.77853690110453,0
Branch_6,2025-12-27,0.037184467767557544,2.1649392931583047,0,5,12,17.490956786548175,0
Branch_6,2025-12-28,0.018518020429310514,3.5350718618081682,0,6,12,25.54962287162916,0
Branch_6,2025-12-29,0.028781537914417493,3.251461095766834,0,0,12,19.999264452653698,0
Branch_6,2025-12-30,0.027864904058862293,2.002207778711124,0,1,12,25.204656262079546,0
Branch_6,2025-12-31,0.02435787580608566,2.0752774731202464,0,2,12,19.51016163678639,1
Branch_6,2026-01-01,0.012000468860045759,1.1786699333263635,0,3,1,14.057589382946693,0
Branch_6,2026-01-02,0.027774106315314767,2.259089479971937,0,4,1,18.446549009335413,0
Branch_6,2026-01-03,0.019186947152568527,1.736738794201985,0,5,1,13.667076311644507,0
Branch_6,2026-01-04,0.02975642135340937,2.3361687144880094,0,6,1,23.08276644044877,0
Branch_6,2026-01-05,0.04424944599857888,2.450639559118369,0,0,1,19.33664951829419,0
Branch_6,2026-01-06,0.03893679194369719,2.7822228193929712,0,1,1,24.69522874911649,0
Branch_6,2026-01-07,0.012008552393998562,2.293172464353096,0,2,1,21.84827880533267,1
Branch_6,2026-01-08,0.015403336177099746,2.717284456110618,0,3,1,24.165740256543213,0
Branch_6,2026-01-09,0.04658475271809179,2.9118838332568147,0,4,1,20.22576120643301,0
Branch_6,2026-01-10,0.04342640596046086,2.3502891104404795,0,5,1,19.935376499285223,0
Branch_6,2026-01-11,0.013858389679608197,2.550477400970476,0,6,1,22.78330770622043,1
Branch_6,2026-01-12,0.026577773708619183,2.2943962029369813,0,0,1,25.415754390619295,0
Branch_6,2026-01-13,0.012112500062183904,2.2380182247804625,1,1,1,31.23511030527101,0
Branch_6,2026-01-14,0.03406497341980064,3.9101228450602212,0,2,1,24.85763254947466,0
Branch_6,2026-01-15,0.011888036615951548,1.8553454867906072,0,3,1,24.028166001060164,0
Branch_6,2026-01-16,0.016623080016719652,2.287992058273313,0,4,1,23.33561663691146,1
Branch_6,2026-01-17,0.045942129249587904,2.3956316093330385,0,5,1,31.446312111198317,0
Branch_6,2026-01-18,0.03187266627119417,1.7429893775940295,0,6,1,15.647001060828277,0
Branch_6,2026-01-19,0.04205578623890012,2.8343020018265035,0,0,1,15.898408580425867,0
Branch_6,2026-01-20,0.03502624929765584,1.787508575868583,0,1,1,23.27788674010385,0
Branch_6,2026-01-21,0.0478464552971111,2.457422936699495,0,2,1,30.659612901963058,0
Branch_6,2026-01-22,0.04169187270885012,2.86682074373582,0,3,1,24.602019490426528,0
Branch_6,2026-01-23,0.029221277800369705,2.2465025653338504,0,4,1,16.322624624884508,0
Branch_6,2026-01-24,0.035400204065964086,2.3855596219965953,0,5,1,16.733684644460116,0
Branch_6,2026-01-25,0.011522654940480864,2.5380460521611594,0,6,1,19.784416296403613,0
Branch_6,2026-01-26,0.020966555457126317,3.113673803059619,0,0,1,22.19857470766828,0
Branch_6,2026-01-27,0.014633428360049857,2.0092276227894503,0,1,1,29.410279769504584,1
Branch_6,2026-01-28,0.031226008247494788,2.4053753934590283,0,2,1,10.692501616461207,0
Branch_6,2026-01-29,0.04375536122880159,3.6880392205791566,0,3,1,32.31636193310828,0
Branch_6,2026-01-30,0.020422550048560945,3.540745991107359,0,4,1,24.237469112362046,0
Branch_6,2026-01-31,0.024302678848500712,1.5350115171359757,0,5,1,29.716904990810242,0
Branch_6,2026-02-01,0.02234852872859559,2.410715310457061,0,6,2,26.149776786720846,1
Branch_6,2026-02-02,0.010992588723328494,2.3743807755804625,1,0,2,23.416072398986852,0
Branch_6,2026-02-03,0.02512566834614674,2.1737746996098557,0,1,2,28.28623128800733,0
Branch_6,2026-02-04,0.017464415200872843,2.7909878536817767,0,2,2,28.637905031309245,0
Branch_6,2026-02-05,0.02020978204996713,2.6707600031036,0,3,2,34.83671910842638,0
Branch_6,2026-02-06,0.03480359250389487,2.2550784965618793,0,4,2,25.59130414805349,0
Branch_6,2026-02-07,0.02634161988015977,2.5338558363473007,1,5,2,27.185825523934614,1
Branch_6,2026-02-08,0.029399644843048633,3.268428175835183,0,6,2,26.146152801435303,0
Branch_6,2026-02-09,0.011059032525498384,3.7563130576909556,0,0,2,20.43483495201904,0
Branch_6,2026-02-10,0.0267728188434981,2.3516760735029787,0,1,2,20.76222754402267,0
Branch_6,2026-02-11,0.02513554559444824,1.8077110713828284,0,2,2,31.50904640549719,0
Branch_6,2026-02-12,0.04036729978848196,2.3021780742762536,0,3,2,23.642657901435005,0
Branch_6,2026-02-13,0.03702951653116981,2.8940785911258637,0,4,2,32.789034719381206,1
Branch_6,2026-02-14,0.04472918358744202,2.4011534594778006,0,5,2,27.987329830804082,1
Branch_6,2026-02-15,0.018322077871544388,2.1668087692445344,0,6,2,22.123498528823518,0
Branch_6,2026-02-16,0.023817831820630297,1.8576405382948495,0,0,2,25.395477777611863,1
Branch_6,2026-02-17,0.026251049460347002,2.169257360329641,0,1,2,22.057848455466008,1
Branch_6,2026-02-18,0.03779995862538604,2.3531587048580236,0,2,2,30.81546817890957,0
Branch_6,2026-02-19,0.04177404243758454,3.0188998979969313,0,3,2,27.101598609260975,0
Branch_6,2026-02-20,0.04252086863669501,2.8119884258605117,0,4,2,34.72329090778788,1
Branch_6,2026-02-21,0.035820213460101384,1.5338117526392492,0,5,2,26.40667602356926,1
Branch_6,2026-02-22,0.022775477376233567,2.5874104820082855,0,6,2,27.874723689655,0
Branch_6,2026-02-23,0.034103674892846825,2.2192293234183635,0,0,2,32.290211516266595,0
Branch_6,2026-02-24,0.04610585298487731,2.6986161474152563,0,1,2,33.27884545217904,1
Branch_6,2026-02-25,0.021051387386012275,2.747272177472146,0,2,2,39.45437003191851,0
Branch_6,2026-02-26,0.039785820848993195,1.7074767946350144,0,3,2,24.610980136992158,0
Branch_6,2026-02-27,0.021710734777515558,2.2572378114629412,1,4,2,28.719736414852225,0
Branch_6,2026-02-28,0.03943304103385294,2.768869096021272,0,5,2,22.5148926510888,0
Branch_6,2026-03-01,0.044313230624528355,2.3117293429610455,0,6,3,27.60562858101393,1
Branch_6,2026-03-02,0.04495013454718019,1.8872171856991575,0,0,3,32.38416459842341,1
Branch_6,2026-03-03,0.0403291110411368,2.4421608883571997,0,1,3,39.22018627765787,1
Branch_6,2026-03-04,0.01712674166638031,2.6911796911923545,0,2,3,31.945831427375957,0
Branch_6,2026-03-05,0.015625840420181107,2.2365453647223346,0,3,3,25.198723135715156,0
Branch_6,2026-03-06,0.0369780030430301,1.9788120538678204,0,4,3,24.89305814052045,0
Branch_6,2026-03-07,0.03951681108610061,2.488773703811793,0,5,3,31.097966274310266,0
Branch_6,2026-03-08,0.019682767119640922,2.537986588554198,0,6,3,23.607227627534854,0
Branch_6,2026-03-09,0.027230008043014828,2.49713481430667,0,0,3,29.736384062324603,1
Branch_6,2026-03-10,0.016134702075193928,2.3643831246615385,0,1,3,24.453330545260336,0
Branch_6,2026-03-11,0.014042424430862784,2.843000374908021,0,2,3,21.159168228025386,1
Branch_6,2026-03-12,0.017503244537176273,3.4003158439521566,0,3,3,35.789250804673664,0
Branch_6,2026-03-13,0.030069227384344043,2.205101611777248,0,4,3,25.017149788243508,1
Branch_6,2026-03-14,0.022716112087921108,2.8854602988682636,0,5,3,20.471894584715336,0
Branch_6,2026-03-15,0.0319621218168235,3.10477156552653,0,6,3,31.950045578787815,0
Branch_6,2026-03-16,0.03592162015534397,2.4418985708564978,0,0,3,23.11044332693073,0
Branch_6,2026-03-17,0.019027034606752306,2.3790497979951626,0,1,3,37.1693556877905,0
Branch_6,2026-03-18,0.038447638679310676,1.915268362256253,0,2,3,25.756886399342765,0
Branch_6,2026-03-19,0.019168618446067015,2.7589971082597957,0,3,3,26.227898292213915,0
Branch_6,2026-03-20,0.03143631893888338,2.0676538329774763,0,4,3,26.68342583973759,0
Branch_6,2026-03-21,0.044679446318904276,2.688280343502943,1,5,3,23.26446639228616,0
Branch_6,2026-03-22,0.029084087912174508,2.045918102608465,1,6,3,24.216164605800067,0
Branch_6,2026-03-23,0.013343444222298944,2.1463070410350884,0,0,3,38.350302530054975,1
Branch_6,2026-03-24,0.04205529163848213,2.1914306507487087,0,1,3,31.13999115836405,0
Branch_6,2026-03-25,0.0424108664724923,2.2965060531694905,0,2,3,32.50171805613208,1
Branch_6,2026-03-26,0.020597552491582648,2.7376961166658287,0,3,3,28.54995081793084,1
Branch_6,2026-03-27,0.04237696061559088,2.6422438456982915,0,4,3,34.164031973917105,1
Branch_6,2026-03-28,0.04157163073244327,2.2953470705753354,0,5,3,32.603500697716086,0
Branch_6,2026-03-29,0.048619960941407366,2.440587553442645,0,6,3,24.538834138739556,0
Branch_6,2026-03-30,0.04837498819067659,3.452384130590595,0,0,3,27.595771408087224,0
Branch_6,2026-03-31,0.02236564099446793,2.521756147646388,0,1,3,29.442574276214845,1
Branch_6,2026-04-01,0.011749518751333423,3.0779064900062947,1,2,4,28.335293631448337,0
Branch_6,2026-04-02,0.02146086922245881,2.079693185859528,0,3,4,33.839990689033286,0
Branch_6,2026-04-03,0.035074551404891796,2.060134918917621,0,4,4,25.737110948727533,0
Branch_6,2026-04-04,0.012187972745227364,2.9402287991456975,0,5,4,30.840474028766142,0
Branch_6,2026-04-05,0.03919841632704665,2.926796989792938,0,6,4,26.93893783426776,0
Branch_6,2026-04-06,0.04126570489345672,2.7746434650729324,0,0,4,25.41718867223235,1
Branch_6,2026-04-07,0.042338563930782544,2.1285381501038496,0,1,4,31.600137311737015,0
Branch_6,2026-04-08,0.020616986746906103,2.796724932610898,1,2,4,23.309438872344366,0
Branch_6,2026-04-09,0.03265426871063014,2.7584460058668827,0,3,4,32.077142365147644,0
Branch_6,2026-04-10,0.03914481361005009,3.4426911407345964,0,4,4,25.90493027883287,0
Branch_6,2026-04-11,0.049508846496756645,2.843697501772662,0,5,4,31.818003152500133,0
Branch_6,2026-04-12,0.037653221990282267,2.077392115264272,0,6,4,36.56958667217043,0
Branch_6,2026-04-13,0.012075010118316323,2.048380349589187,0,0,4,23.09753614438602,0
Branch_6,2026-04-14,0.019857526493222477,1.8919257784402448,0,1,4,26.646120359809807,0
Branch_6,2026-04-15,0.02710605964543901,1.9591759742161776,0,2,4,28.512241507377322,1
Branch_6,2026-04-16,0.018625305373989036,3.22665573466747,0,3,4,36.019525274294395,0
Branch_6,2026-04-17,0.02779564663244214,2.9741287248979265,1,4,4,21.22585604624919,0
Branch_6,2026-04-18,0.03434496392796118,2.4910348206748,0,5,4,32.41474216851257,0
Branch_6,2026-04-19,0.013826367315236454,1.9024159653885517,0,6,4,33.678370691069894,0
Branch_6,2026-04-20,0.014923186945752898,2.5417910344539782,0,0,4,26.722197004500487,0
Branch_6,2026-04-21,0.02887351246302194,3.2068477098231982,0,1,4,18.33447728226225,0
Branch_6,2026-04-22,0.03772751296913778,2.0214446071883168,0,2,4,26.394971639900753,0
Branch_6,2026-04-23,0.03273281675046318,2.771678590557686,0,3,4,30.394182403440304,0
Branch_6,2026-04-24,0.010336350443794573,2.4673642277422396,0,4,4,30.46743827942778,1
Branch_6,2026-04-25,0.012183097339885577,1.986758347617184,0,5,4,25.887916819198566,0
Branch_6,2026-04-26,0.036247145950095046,2.48696804885488,0,6,4,36.15520599861459,0
Branch_6,2026-04-27,0.015002926728081598,2.997050542537546,0,0,4,34.706853209760915,0
Branch_6,2026-04-28,0.01599527227813156,3.2781997370013047,0,1,4,25.89871688383184,0
Branch_6,2026-04-29,0.014246832944196361,2.4795717370041914,1,2,4,26.985043801020268,0
Branch_6,2026-04-30,0.040070733232339936,2.916638748661553,0,3,4,25.281822470244368,1
Branch_6,2026-05-01,0.017282835478851354,3.044470718467646,0,4,5,30.661818049928225,1
Branch_6,2026-05-02,0.04268488191515938,1.9301510250166505,0,5,5,26.21679477028139,0
Branch_6,2026-05-03,0.017474583574196543,2.6498008993125244,0,6,5,29.79583624188607,0
Branch_6,2026-05-04,0.018026821829496487,2.054830735562574,0,0,5,29.613521597815957,1
Branch_6,2026-05-05,0.011882835309678402,2.0427852494271597,0,1,5,30.755545229677775,0
Branch_6,2026-05-06,0.048509303777754365,2.619587820143334,0,2,5,24.211863419401332,0
Branch_6,2026-05-07,0.04519822961529706,2.203629470975066,0,3,5,28.99316640949364,1
Branch_6,2026-05-08,0.04205948471759262,2.2921593203159247,0,4,5,34.599834799142286,0
Branch_6,2026-05-09,0.024436397829059694,2.724991387997546,0,5,5,21.53882705452736,0
Branch_6,2026-05-10,0.012142040155497283,2.3485672932731996,0,6,5,30.487657123295865,0
Branch_6,2026-05-11,0.010491818864979071,2.60166212053397,0,0,5,21.345106313301784,0
Branch_6,2026-05-12,0.03241609584867738,2.780243621145449,0,1,5,27.36158678075421,0
Branch_6,2026-05-13,0.013437939240729327,2.637059468793306,0,2,5,23.12388202159622,0
Branch_6,2026-05-14,0.0494585833994909,2.369618937107166,0,3,5,28.716542951551894,0
Branch_6,2026-05-15,0.04580862221101737,3.1527881483699813,0,4,5,28.1448522913967,0
Branch_6,2026-05-16,0.03321951710986524,2.513533768797612,0,5,5,24.135713967976482,0
Branch_6,2026-05-17,0.023030087166048437,2.3062709811964144,1,6,5,19.41078347659312,1
Branch_6,2026-05-18,0.03020690568374303,2.6892740832162403,0,0,5,28.522463452436863,1
Branch_6,2026-05-19,0.04175854044762423,1.644296412253123,0,1,5,29.743149297169573,0
Branch_6,2026-05-20,0.03545571325315644,2.785611614945605,0,2,5,22.36529541368077,0
Branch_6,2026-05-21,0.04183831400716145,2.0582162449952253,1,3,5,31.488567479884455,1
Branch_6,2026-05-22,0.01292897708766116,2.8005793697615715,1,4,5,25.48989478795728,0
Branch_6,2026-05-23,0.03586613714848337,2.240950217224382,0,5,5,22.341322699454246,0
Branch_6,2026-05-24,0.022066156671110268,3.3232657857675068,0,6,5,27.197098731422532,0
Branch_6,2026-05-25,0.03234375356379422,3.3968768771856563,0,0,5,32.34901372383534,0
Branch_6,2026-05-26,0.018239399983382167,2.9763698666920253,0,1,5,33.83970481357479,0
Branch_6,2026-05-27,0.01625299519955367,2.5860255308099505,1,2,5,21.20705867509367,0
Branch_6,2026-05-28,0.026199716566641832,2.4457271713988105,0,3,5,29.110828883558714,1
Branch_6,2026-05-29,0.013185189546947607,3.0361237969226385,0,4,5,24.750115370647688,0
Branch_6,2026-05-30,0.04175833466518365,3.186785076815692,0,5,5,33.378839096036806,1
Branch_6,2026-05-31,0.042781348660240456,2.4034939935111916,1,6,5,19.588988677261504,0
Branch_6,2026-06-01,0.04634828022788934,2.2708135037220765,0,0,6,24.45601337883167,0
Branch_6,2026-06-02,0.041610132500295056,2.432321823069706,0,1,6,24.896923028993708,0
Branch_6,2026-06-03,0.03828598606960682,2.1440357562323675,0,2,6,29.099053542883578,1
Branch_6,2026-06-04,0.015329746323248022,2.860485254074655,0,3,6,26.740797022489826,0
Branch_6,2026-06-05,0.013683613238731551,3.122960148939625,0,4,6,18.452679680715377,0
Branch_6,2026-06-06,0.013151532135905947,2.9174865642091032,0,5,6,23.349807070639173,1
Branch_6,2026-06-07,0.046894204440298945,2.046536877123072,0,6,6,17.498773178150202,0
Branch_6,2026-06-08,0.0420512531052358,2.9220536067651084,0,0,6,28.14694915377332,0
Branch_6,2026-06-09,0.041072393587753,2.4422962436021036,0,1,6,24.74051499733833,0
Branch_7,2025-10-03,0.022564301941849975,3.3343018594757083,0,4,10,12.588686755268363,1
Branch_7,2025-10-04,0.04120929505242514,3.1915837525032096,0,5,10,9.820446777842434,1
Branch_7,2025-10-05,0.04287755792670122,2.35063562130457,0,6,10,9.675137021624296,0
Branch_7,2025-10-06,0.04409209615896191,2.630816205623619,0,0,10,1.2048528329600892,0
Branch_7,2025-10-07,0.014494244418593722,3.0862610999297133,0,1,10,12.774723317676376,1
Branch_7,2025-10-08,0.03556578357258318,2.930767379077177,0,2,10,13.550717665230676,0
Branch_7,2025-10-09,0.034803532166931966,2.7163121292520365,0,3,10,16.059353214627308,0
Branch_7,2025-10-10,0.02569122660500955,3.415391524190665,0,4,10,17.856550978277408,1
Branch_7,2025-10-11,0.02635116310764489,2.4172561952362734,0,5,10,4.691498752013738,0
Branch_7,2025-10-12,0.03534665442107171,1.560554310140958,0,6,10,7.897148157487637,1
Branch_7,2025-10-13,0.03848555359114539,1.8642954466485717,0,0,10,14.264919104599624,0
Branch_7,2025-10-14,0.04481843259755522,1.7979001110410664,0,1,10,10.977235508192024,0
Branch_7,2025-10-15,0.029839712802637162,2.155547555838241,0,2,10,2.207417317399617,0
Branch_7,2025-10-16,0.022563132807487254,1.695575366613383,0,3,10,7.064870019360749,1
Branch_7,2025-10-17,0.03904730971564435,2.321832282983461,0,4,10,6.307121044644976,1
Branch_7,2025-10-18,0.031185700444763733,2.4451752005820935,0,5,10,14.816477025798399,0
Branch_7,2025-10-19,0.02375399718290762,2.883118146036115,1,6,10,7.673657299297549,0
Branch_7,2025-10-20,0.0224390871217633,2.764690635451325,0,0,10,4.99165617168647,0
Branch_7,2025-10-21,0.033183555474822365,2.7855818144579763,0,1,10,16.72313527338953,0
Branch_7,2025-10-22,0.013748031451797673,1.9542853673002223,0,2,10,8.919154298780787,0
Branch_7,2025-10-23,0.04618536672796948,1.5933034748168902,0,3,10,11.050717133016178,0
Branch_7,2025-10-24,0.014231432220329418,2.474865176376043,0,4,10,13.304998415317442,1
Branch_7,2025-10-25,0.01500174518234276,2.6150411164647145,1,5,10,14.451790490269179,0
Branch_7,2025-10-26,0.03915626002781139,3.458256237390919,0,6,10,14.121639697648718,0
Branch_7,2025-10-27,0.012021255056097954,2.2362850558949945,0,0,10,11.928289579582135,0
Branch_7,2025-10-28,0.02350433206844878,2.436086691508769,0,1,10,2.8033281395145337,0
Branch_7,2025-10-29,0.033157557665350085,2.300955088951737,0,2,10,12.110213513571148,0
Branch_7,2025-10-30,0.04016641956811905,2.1186356922037177,0,3,10,23.832938566986346,0
Branch_7,2025-10-31,0.02167786825572326,2.591389457041518,0,4,10,12.402175673757561,0
Branch_7,2025-11-01,0.045360225474809994,2.380431522041195,0,5,11,12.409859664878569,0
Branch_7,2025-11-02,0.04237351463969911,2.645829128379763,0,6,11,10.552585759595715,0
Branch_7,2025-11-03,0.018377401761976286,3.2041536340389563,1,0,11,13.359558222480787,0
Branch_7,2025-11-04,0.020694514610784004,3.1328745986213224,0,1,11,18.364844702027785,0
Branch_7,2025-11-05,0.013700501534688873,2.6587187959522205,0,2,11,10.308469673318756,0
Branch_7,2025-11-06,0.03233481928201796,2.2457320251172512,0,3,11,14.106090305347095,0
Branch_7,2025-11-07,0.024180498927447117,2.6299464038975824,0,4,11,14.352087064439424,0
Branch_7,2025-11-08,0.03375741677102828,2.4582420430202254,0,5,11,13.196273621706217,0
Branch_7,2025-11-09,0.01440610374239224,2.8412643828858304,0,6,11,18.301979101176574,0
Branch_7,2025-11-10,0.03970080954851634,1.4804869040872475,1,0,11,14.608623240966,1
Branch_7,2025-11-11,0.024629209789037043,2.3677004413785343,0,1,11,19.491753793631766,1
Branch_7,2025-11-12,0.02055314263486961,2.567311523208004,0,2,11,1.7004581766387954,0
Branch_7,2025-11-13,0.044398946182174964,2.0790182395577235,0,3,11,18.55076435661438,1
Branch_7,2025-11-14,0.04333871988529869,2.9627367220252605,0,4,11,17.324754424630328,0
Branch_7,2025-11-15,0.029332484695967005,1.8446358583441658,0,5,11,11.814320754404003,0
Branch_7,2025-11-16,0.014883130288893348,1.883905737999199,0,6,11,13.785077147773212,0
Branch_7,2025-11-17,0.021179130463163477,2.9594185969439826,1,0,11,21.925160589977978,0
Branch_7,2025-11-18,0.012208604855290801,1.7853784523260259,0,1,11,10.494843473209272,0
Branch_7,2025-11-19,0.010576039975690147,2.2746756821823646,0,2,11,20.039251316651395,0
Branch_7,2025-11-20,0.04984419112562176,2.566907501320852,0,3,11,-4.3150825947515585,0
Branch_7,2025-11-21,0.021279542172779022,2.441877969088078,0,4,11,15.653584201704797,0
Branch_7,2025-11-22,0.03882121273984604,3.3208510316582376,0,5,11,18.1467124614501,0
Branch_7,2025-11-23,0.03657010313255111,1.9125999386314763,1,6,11,10.677865406413341,0
Branch_7,2025-11-24,0.04654451996252036,2.2259936643180636,0,0,11,12.979630426604546,1
Branch_7,2025-11-25,0.029659499327488584,3.2774903077670365,0,1,11,17.04078874619215,0
Branch_7,2025-11-26,0.03632863362498349,1.987831172891672,0,2,11,8.662160188558303,0
Branch_7,2025-11-27,0.015405144485842058,2.1869677334018,0,3,11,16.51327717581501,1
Branch_7,2025-11-28,0.03385630627474915,2.2964231782121503,0,4,11,14.881965002976594,0
Branch_7,2025-11-29,0.02363589489525584,1.7843803922010595,0,5,11,11.484248539476694,0
Branch_7,2025-11-30,0.037540374937316774,1.9541488707266912,0,6,11,15.638716881573675,1
Branch_7,2025-12-01,0.028218520811876594,2.1627242872293078,0,0,12,21.412161715022172,1
Branch_7,2025-12-02,0.033248861591214623,2.8784459361895056,0,1,12,19.179286171777832,0
Branch_7,2025-12-03,0.03541085306497845,2.3450703824111927,1,2,12,20.190857309130273,0
Branch_7,2025-12-04,0.046387740071678285,2.293560884855281,0,3,12,19.11720587963521,0
Branch_7,2025-12-05,0.021134689218555915,2.781294357178691,0,4,12,13.505804988816555,1
Branch_7,2025-12-06,0.026071851132538928,2.462939043654364,0,5,12,19.500318377461458,0
Branch_7,2025-12-07,0.04956032212818614,2.3999923326386146,0,6,12,17.981818918891726,0
Branch_7,2025-12-08,0.02323473478356456,2.578428978306975,0,0,12,24.18952655470609,1
Branch_7,2025-12-09,0.03330512674385361,1.8234165370059898,0,1,12,13.620756501292234,1
Branch_7,2025-12-10,0.03436875583613044,2.39716073499408,0,2,12,13.60018740292746,1
Branch_7,2025-12-11,0.015805918580957538,2.4705797542648633,0,3,12,24.901690515992655,0
Branch_7,2025-12-12,0.0463735008827621,2.506552715096225,0,4,12,11.457583594049126,0
Branch_7,2025-12-13,0.030983412131876206,3.393385913679892,0,5,12,24.476165192733514,0
Branch_7,2025-12-14,0.03938324890717154,3.5966066883413292,0,6,12,18.954362564840054,0
Branch_7,2025-12-15,0.027383993706529143,1.9587310534003741,0,0,12,21.39003978334619,0
Branch_7,2025-12-16,0.027437029837569286,2.4216475241142166,0,1,12,10.605634192473781,0
Branch_7,2025-12-17,0.025590211786386655,2.8667991056396973,0,2,12,20.48617917378737,0
Branch_7,2025-12-18,0.010359043162451839,2.441946183680075,0,3,12,14.102020807122344,0
Branch_7,2025-12-19,0.010814242281739191,2.7325341105349916,0,4,12,11.501012537328421,0
Branch_7,2025-12-20,0.02520924311686624,2.9374999325821034,0,5,12,20.281435570917274,0
Branch_7,2025-12-21,0.04734632024800198,2.5869355236796663,0,6,12,11.504242751760042,0
Branch_7,2025-12-22,0.02623544856981127,3.4583314836083865,0,0,12,18.484881130071972,0
Branch_7,2025-12-23,0.01188232550449039,2.4852598925155176,0,1,12,8.494057563251378,1
Branch_7,2025-12-24,0.04225576622047126,3.018108046473238,0,2,12,11.249800490855026,0
Branch_7,2025-12-25,0.01733608891392424,2.3902500801730566,0,3,12,12.355591757173308,1
Branch_7,2025-12-26,0.023145383219797117,2.6699168263198376,0,4,12,15.299649551870367,0
Branch_7,2025-12-27,0.03941137189795411,2.5021432204074934,0,5,12,18.436516252169575,0
Branch_7,2025-12-28,0.03160297345670864,1.7754281886492682,0,6,12,20.825253569904348,0
Branch_7,2025-12-29,0.04832161453391233,1.7703996216125297,0,0,12,17.725561011426436,0
Branch_7,2025-12-30,0.04542503308460716,3.9773640711422984,0,1,12,31.9212744172616,0
Branch_7,2025-12-31,0.01583749130197909,2.42700179930363,0,2,12,18.623376265102227,0
Branch_7,2026-01-01,0.04155867055497135,3.1502122881952896,0,3,1,19.22620849195254,0
Branch_7,2026-01-02,0.03558217253893142,2.118441721450234,1,4,1,20.993630983911885,0
Branch_7,2026-01-03,0.02636708039740376,2.8430497114354565,0,5,1,15.955753784903036,0
Branch_7,2026-01-04,0.039088309335224496,2.391282477354127,0,6,1,16.37109657363025,0
Branch_7,2026-01-05,0.042490138755797664,1.690326009532102,0,0,1,19.397869269793343,0
Branch_7,2026-01-06,0.045444968424381185,2.1432809745862236,0,1,1,19.090853280815452,0
Branch_7,2026-01-07,0.010339820121586003,3.0083545099910536,0,2,1,15.002931070386182,0
Branch_7,2026-01-08,0.024967917367328125,2.4578635964944278,0,3,1,18.651367352247235,0
Branch_7,2026-01-09,0.0267423016580368,2.129105713438854,0,4,1,27.65791868924591,1
Branch_7,2026-01-10,0.017196867564817787,3.6106094335750454,0,5,1,14.734857392093964,0
Branch_7,2026-01-11,0.014052857110015778,1.776755257519254,1,6,1,17.671638011705753,0
Branch_7,2026-01-12,0.014838303362756152,2.7063838130414646,0,0,1,28.06673722334698,0
Branch_7,2026-01-13,0.01312122962548623,2.2186175251002576,0,1,1,27.104780912715132,1
Branch_7,2026-01-14,0.015310616550292795,2.485374714784184,0,2,1,21.202891040084282,0
Branch_7,2026-01-15,0.04126911360163052,2.3829004212721134,0,3,1,25.723900328644127,0
Branch_7,2026-01-16,0.04138108353914603,2.7873231934117313,0,4,1,32.6182631261194,0
Branch_7,2026-01-17,0.013160004330401494,1.7041066830239808,0,5,1,30.663400995301398,0
Branch_7,2026-01-18,0.04632581668845074,2.4099275856168805,0,6,1,30.705508131518,0
Branch_7,2026-01-19,0.025528198274369918,3.4125438863023385,1,0,1,21.794908656210307,0
Branch_7,2026-01-20,0.010618796224675356,2.930454455276211,0,1,1,23.313857800161912,0
Branch_7,2026-01-21,0.04785430948355625,1.7872836042777211,0,2,1,24.616248705044836,0
Branch_7,2026-01-22,0.024054910164954882,2.0053965094239334,1,3,1,22.328807772556132,0
Branch_7,2026-01-23,0.03337390330045556,3.2669116462125016,0,4,1,21.89837659256951,0
Branch_7,2026-01-24,0.028824679440883117,2.1660269725950188,0,5,1,22.930174777722527,1
Branch_7,2026-01-25,0.04024480988937356,2.189139751419462,0,6,1,22.601528218094337,0
Branch_7,2026-01-26,0.04864283383875164,2.557654901872205,0,0,1,22.610469050791195,1
Branch_7,2026-01-27,0.02775618859314107,3.643817463760876,1,1,1,16.976231856110807,0
Branch_7,2026-01-28,0.018416595445693924,2.252948799273684,0,2,1,20.675122767475937,0
Branch_7,2026-01-29,0.013843846405180238,2.110943318518067,0,3,1,28.46406856589045,0
Branch_7,2026-01-30,0.04573250214365455,3.1473112811299266,0,4,1,24.78714842130041,0
Branch_7,2026-01-31,0.016681302748755237,2.577766084504535,0,5,1,29.984665725685502,0
Branch_7,2026-02-01,0.01798826422264666,1.6774766517030426,0,6,2,26.683010135741867,0
Branch_7,2026-02-02,0.04188897822269801,2.3770153988071203,0,0,2,17.510000571352716,0
Branch_7,2026-02-03,0.01404957937844181,3.232725278690994,0,1,2,27.961332554211225,0
Branch_7,2026-02-04,0.025359899715080642,3.067084420216525,0,2,2,24.418890621525826,1
Branch_7,2026-02-05,0.03700533965725134,2.3228966675333753,0,3,2,22.496659082265946,1
Branch_7,2026-02-06,0.026420858015476268,2.2916405673462195,0,4,2,20.987246761481057,1
Branch_7,2026-02-07,0.025290460930804576,2.5533529417233236,0,5,2,29.376450369895217,0
Branch_7,2026-02-08,0.019602582363126668,2.996251244981022,0,6,2,18.13483527780108,0
Branch_7,2026-02-09,0.0451773377113275,2.8238991173311345,0,0,2,22.29387927689881,0
Branch_7,2026-02-10,0.03701191096154504,2.3386816744016503,0,1,2,33.00130088913254,0
Branch_7,2026-02-11,0.03263849177314652,3.2080310933113045,0,2,2,27.149352352226938,0
Branch_7,2026-02-12,0.026966478955005018,3.4235636882609857,0,3,2,17.206613033190486,0
Branch_7,2026-02-13,0.045135723188505485,2.0275000422459843,1,4,2,35.215100246632375,1
Branch_7,2026-02-14,0.012462199709794173,1.2791481301644496,1,5,2,32.89876096245551,0
Branch_7,2026-02-15,0.046524316254481175,2.5626096138689785,0,6,2,30.199817509862562,1
Branch_7,2026-02-16,0.03271610120679901,1.0534349042268987,0,0,2,30.68158742405341,0
Branch_7,2026-02-17,0.03129896920118595,2.558579669995829,0,1,2,26.949900407825652,0
Branch_7,2026-02-18,0.014975582183489431,3.1649799963101026,0,2,2,29.60858458989056,0
Branch_7,2026-02-19,0.04089696445430942,2.7132558328988883,0,3,2,23.001162416695195,0
Branch_7,2026-02-20,0.016202205919838262,2.2421312489454612,0,4,2,20.660774661281728,0
Branch_7,2026-02-21,0.03037628250799699,1.72920771371846,0,5,2,23.483276531902725,1
Branch_7,2026-02-22,0.04528189580359729,2.7820978384235246,0,6,2,28.180924935933156,0
Branch_7,2026-02-23,0.026943420342820074,2.3151442872033434,0,0,2,30.882561582522197,0
Branch_7,2026-02-24,0.03931603764585943,2.699381428378965,1,1,2,30.288482480180928,0
Branch_7,2026-02-25,0.02943870003157285,2.5333983793537524,0,2,2,22.104279030686136,0
Branch_7,2026-02-26,0.030142680354446547,1.9002775982294988,0,3,2,22.680854815163087,0
Branch_7,2026-02-27,0.014325868101054585,2.5627560498308806,0,4,2,21.86793059235903,1
Branch_7,2026-02-28,0.047619255946177774,2.2968427675207024,0,5,2,38.93111849432916,0
Branch_7,2026-03-01,0.013365675788133236,2.488179335969726,0,6,3,30.133496775889462,0
Branch_7,2026-03-02,0.032354197805747144,1.8984094309005526,0,0,3,33.6672432309078,0
Branch_7,2026-03-03,0.03956608014598544,3.504804283207739,0,1,3,25.75464149213001,0
Branch_7,2026-03-04,0.019285105888910505,2.7876152608898352,0,2,3,22.39096072814458,0
Branch_7,2026-03-05,0.04997918829150632,2.464463437850443,0,3,3,26.52406793724272,1
Branch_7,2026-03-06,0.047752278859072905,2.7427024675227347,0,4,3,31.436910249732904,0
Branch_7,2026-03-07,0.01303375645392495,3.132132614205458,0,5,3,34.50684355875124,0
Branch_7,2026-03-08,0.012509854286298739,2.4228398805879916,0,6,3,27.739662256272027,0
Branch_7,2026-03-09,0.03206030188458708,2.6384689652788986,0,0,3,29.743579128437876,0
Branch_7,2026-03-10,0.01906470508689186,2.3657601260955374,0,1,3,26.70855604378613,0
Branch_7,2026-03-11,0.046338301565558467,2.3015107133788093,0,2,3,27.987086099278162,0
Branch_7,2026-03-12,0.04780561642361479,2.5145396880181363,0,3,3,30.94766875824145,1
Branch_7,2026-03-13,0.013871078333491233,2.2106099078889128,0,4,3,17.9591485132756,0
Branch_7,2026-03-14,0.022967291333131145,2.376363988760377,0,5,3,33.073099406347254,0
Branch_7,2026-03-15,0.03351228313039891,3.112717074598786,0,6,3,36.61110398167526,0
Branch_7,2026-03-16,0.01760966703719643,2.6263768026289642,0,0,3,22.946487692152402,0
Branch_7,2026-03-17,0.014061750469918213,3.133154794429577,0,1,3,30.698529032953832,0
Branch_7,2026-03-18,0.04446636510149412,3.30186449828942,0,2,3,25.530226970832167,0
Branch_7,2026-03-19,0.025251000559085048,3.078045098365245,0,3,3,26.92934676673761,1
Branch_7,2026-03-20,0.03001066606134983,2.936451724152011,0,4,3,21.810685632807797,0
Branch_7,2026-03-21,0.04382718583020721,2.3385173891552693,0,5,3,29.033672734348357,0
Branch_7,2026-03-22,0.03906273823962563,2.6940755432172123,0,6,3,27.817107832427162,0
Branch_7,2026-03-23,0.03604067952022861,2.4562320900492978,0,0,3,29.029664014710672,0
Branch_7,2026-03-24,0.0393398113869976,2.7304137187290625,1,1,3,30.59300044124187,0
Branch_7,2026-03-25,0.04106179687890331,1.9134621276015151,0,2,3,34.92471222508242,0
Branch_7,2026-03-26,0.030001290131742075,3.1146442736801765,0,3,3,34.183543608824,0
Branch_7,2026-03-27,0.030912848513493088,2.440585852991013,0,4,3,19.354621400722856,0
Branch_7,2026-03-28,0.018607027802776642,2.4721380792349215,0,5,3,32.5193634370294,0
Branch_7,2026-03-29,0.02611229162185338,2.785987287197603,0,6,3,20.662567724786662,0
Branch_7,2026-03-30,0.04230077310953244,2.3964530198586558,0,0,3,34.57800182999481,0
Branch_7,2026-03-31,0.04721234870150523,2.1118597255312745,1,1,3,31.81138278383276,1
Branch_7,2026-04-01,0.023168550450082655,2.479565677073969,0,2,4,29.413107036381785,0
Branch_7,2026-04-02,0.04234133389978194,2.5144547741028482,0,3,4,23.762860567654393,0
Branch_7,2026-04-03,0.04537314847566459,3.1096407835993656,0,4,4,30.98894794200823,1
Branch_7,2026-04-04,0.042291663581728124,1.853058134750344,0,5,4,30.802886566071123,0
Branch_7,2026-04-05,0.02135655722025479,2.349347154100416,0,6,4,25.403027602218927,0
Branch_7,2026-04-06,0.03130479385122064,2.6074560589587623,0,0,4,20.462204587565655,0
Branch_7,2026-04-07,0.02623730407357212,2.6920094674846973,1,1,4,28.47026337039528,0
Branch_7,2026-04-08,0.04692352655505658,1.6625066092151495,0,2,4,29.816000965219928,0
Branch_7,2026-04-09,0.01105172578137639,2.904333385265444,0,3,4,29.669973211314655,0
Branch_7,2026-04-10,0.027864032781817944,2.4383901756945012,0,4,4,27.534630826167593,1
Branch_7,2026-04-11,0.013083410958309298,1.7510462059095786,0,5,4,34.67651732055412,0
Branch_7,2026-04-12,0.01182318522316113,3.411797271006559,0,6,4,36.657043641843295,0
Branch_7,2026-04-13,0.015123518631974373,1.823084341682662,0,0,4,26.77768741630042,0
Branch_7,2026-04-14,0.022543651346143934,2.274338002698979,0,1,4,42.703076683136885,0
Branch_7,2026-04-15,0.024116799360916485,2.3927461563632186,0,2,4,38.69574120704551,0
Branch_7,2026-04-16,0.026620097009609395,1.8365468888318401,0,3,4,38.836142031223176,0
Branch_7,2026-04-17,0.044768964305814216,3.246282984970705,0,4,4,20.802218412631078,0
Branch_7,2026-04-18,0.024317795692935205,2.248808589513082,0,5,4,35.962107187816216,1
Branch_7,2026-04-19,0.04175576864553409,1.9089457299719812,0,6,4,26.90858742540861,0
Branch_7,2026-04-20,0.03725452683926719,2.499407925954354,0,0,4,29.690363018545312,0
Branch_7,2026-04-21,0.02044957241522968,2.1596320092590093,0,1,4,23.880124302155632,0
Branch_7,2026-04-22,0.04360654033428569,1.908812605917729,0,2,4,24.95914548541849,0
Branch_7,2026-04-23,0.04172257691217152,2.438463503893371,0,3,4,28.395962111326615,0
Branch_7,2026-04-24,0.0496745908057328,2.9097969290413537,0,4,4,35.82958902421107,1
Branch_7,2026-04-25,0.031096136490028813,2.5698907762412246,1,5,4,33.903637797935964,0
Branch_7,2026-04-26,0.029394759485546564,2.5720413461236844,0,6,4,30.67902355163333,1
Branch_7,2026-04-27,0.03519813122587952,1.7019801175052232,1,0,4,30.34801252676284,0
Branch_7,2026-04-28,0.031993417482043054,2.1744639208723346,0,1,4,33.6386039962037,0
Branch_7,2026-04-29,0.019366774168855908,1.860287532666728,0,2,4,26.609855762465635,0
Branch_7,2026-04-30,0.02277355297268153,3.0163053413093537,0,3,4,34.26450118627106,1
Branch_7,2026-05-01,0.035440404274902644,2.15328534909444,0,4,5,34.27207911707175,0
Branch_7,2026-05-02,0.049924180965107125,2.901719387160778,0,5,5,30.62641199372018,0
Branch_7,2026-05-03,0.04133870488892802,1.5462528572358354,1,6,5,35.447793594002185,0
Branch_7,2026-05-04,0.04285413754990157,1.9635045058509037,0,0,5,33.904299926417515,0
Branch_7,2026-05-05,0.018677032320142978,3.037239009111473,0,1,5,21.211291837871517,0
Branch_7,2026-05-06,0.011664323069934448,2.0243893355968026,0,2,5,27.586184138404054,0
Branch_7,2026-05-07,0.03310674471263388,2.8110292073683665,0,3,5,31.369419319056053,0
Branch_7,2026-05-08,0.022244128273102737,3.2194975193320214,0,4,5,27.48493226420097,1
Branch_7,2026-05-09,0.04146183492097898,1.3182326297972211,1,5,5,27.04675146873464,0
Branch_7,2026-05-10,0.016011411556098216,2.274008158961023,0,6,5,31.921125965919945,0
Branch_7,2026-05-11,0.039351397375491134,2.3132428085904917,0,0,5,29.10540290174453,0
Branch_7,2026-05-12,0.029917197845264393,2.8740625626319547,0,1,5,22.922233510901503,0
Branch_7,2026-05-13,0.04078397104714733,2.674130021812712,0,2,5,31.091043571871005,1
Branch_7,2026-05-14,0.0452037839856616,2.7725735640589395,0,3,5,35.106927789418506,0
Branch_7,2026-05-15,0.015043329428513937,2.7064838515733154,0,4,5,25.374506133920853,1
Branch_7,2026-05-16,0.010651611211725073,3.000653189608195,0,5,5,29.665351716734424,0
Branch_7,2026-05-17,0.03011600105896486,2.637883779676361,0,6,5,27.138258354023673,0
Branch_7,2026-05-18,0.01461673948074076,1.745960874023039,0,0,5,19.352921839487202,0
Branch_7,2026-05-19,0.03848680087047721,3.5842151220565133,0,1,5,20.516661323169814,0
Branch_7,2026-05-20,0.017850610317416252,2.258733553242571,1,2,5,26.306075955098414,0
Branch_7,2026-05-21,0.028702602913772485,2.0334838239708914,0,3,5,29.60471989650891,1
Branch_7,2026-05-22,0.014179148627367515,3.0750447099584712,0,4,5,26.538823500524824,0
Branch_7,2026-05-23,0.010149670714502039,2.2018664554871403,0,5,5,32.587272509637735,0
Branch_7,2026-05-24,0.0396805124088866,2.7833729063064263,0,6,5,30.418696163013546,0
Branch_7,2026-05-25,0.011521507718062525,2.6186239430920297,0,0,5,30.810256084389522,1
Branch_7,2026-05-26,0.01738732726508533,2.705176224032072,0,1,5,20.00482193111963,1
Branch_7,2026-05-27,0.0186435167413655,2.393417387278783,0,2,5,27.10158556525949,0
Branch_7,2026-05-28,0.014068771969677835,2.3054665886127816,0,3,5,22.868098130061732,1
Branch_7,2026-05-29,0.018505894139638768,1.5273870547104509,0,4,5,28.088554140345646,1
Branch_7,2026-05-30,0.030364803469180482,3.5362023656282933,0,5,5,19.55826434589511,0
Branch_7,2026-05-31,0.04155089969109005,2.3586570994160043,0,6,5,26.099754089899427,1
Branch_7,2026-06-01,0.011422040253115724,2.482195306380857,0,0,6,30.569575497718795,0
Branch_7,2026-06-02,0.03156940971116832,2.1379098265752985,0,1,6,31.18089640832654,1
Branch_7,2026-06-03,0.02185057658829491,2.5534886422118364,1,2,6,19.98060823707062,0
Branch_7,2026-06-04,0.030838801644584253,1.7746924083463216,0,3,6,19.590084665771997,0
Branch_7,2026-06-05,0.04841197375241474,3.217677189783644,0,4,6,22.488670775017205,0
Branch_7,2026-06-06,0.02654651730684674,2.8052049304489413,0,5,6,35.34231391691317,0
Branch_7,2026-06-07,0.04537956887692433,2.904043558947657,1,6,6,23.453912980726912,0
Branch_7,2026-06-08,0.025374457786601252,1.8082366670681513,0,0,6,22.465446223763735,1
Branch_7,2026-06-09,0.029994489035642502,3.075025767284041,1,1,6,28.629691379413195,0
Branch_8,2025-10-03,0.0115436198935443,2.31994192937906,0,4,10,9.698510151744882,0
Branch_8,2025-10-04,0.026518086863133134,2.7193699510767932,0,5,10,16.34604199184396,0
Branch_8,2025-10-05,0.012850155777318802,2.310402769890461,0,6,10,6.614404207701552,0
Branch_8,2025-10-06,0.015161047948871671,3.215685122757691,0,0,10,8.554347845444132,0
Branch_8,2025-10-07,0.024186528572872387,2.5979774164212177,0,1,10,8.536841404744509,0
Branch_8,2025-10-08,0.024298633550725746,2.085603535331587,0,2,10,15.624262146993814,0
Branch_8,2025-10-09,0.031791272279915864,2.62090768282297,1,3,10,13.273362324908776,0
Branch_8,2025-10-10,0.0336190305139648,3.102623339326851,0,4,10,17.657131334223585,0
Branch_8,2025-10-11,0.03170183118337723,2.1796754968641174,0,5,10,2.7288139178069812,0
Branch_8,2025-10-12,0.026670838459515834,2.7008139926528676,0,6,10,9.24575325985262,0
Branch_8,2025-10-13,0.037129696257701066,1.4827181177415856,0,0,10,8.033603215757328,1
Branch_8,2025-10-14,0.04750771664291354,2.7749896861439036,0,1,10,5.444820012091972,1
Branch_8,2025-10-15,0.03284470571336367,1.9873875139852824,0,2,10,14.660326543950111,0
Branch_8,2025-10-16,0.018110283656421512,2.0416862078279863,0,3,10,5.369691180750775,0
Branch_8,2025-10-17,0.0301642867269986,2.2854964233949184,0,4,10,13.849067219172357,0
Branch_8,2025-10-18,0.047834289811511915,1.8439127115137652,0,5,10,7.434978952777241,1
Branch_8,2025-10-19,0.03896021657976747,2.3062472438073516,0,6,10,14.745563587313669,0
Branch_8,2025-10-20,0.03587613266759753,2.1820139967412815,0,0,10,8.446194310509565,0
Branch_8,2025-10-21,0.0209876706058543,2.990871357346245,0,1,10,19.43552440298658,0
Branch_8,2025-10-22,0.03821678001834623,2.061479807756476,1,2,10,15.370606126214827,0
Branch_8,2025-10-23,0.046144285263956426,2.838939846359832,1,3,10,13.739061103628249,1
Branch_8,2025-10-24,0.03284925800732975,2.7133357161615463,0,4,10,7.727796135075817,0
Branch_8,2025-10-25,0.024025249470950496,2.161978865127554,0,5,10,14.895912529374492,1
Branch_8,2025-10-26,0.01676056314687242,2.2151271726582555,0,6,10,12.746081691909238,0
Branch_8,2025-10-27,0.022428173489626092,1.5935028369282336,0,0,10,12.829839882299714,0
Branch_8,2025-10-28,0.020582351052416167,3.104301530629577,0,1,10,13.230392469755865,0
Branch_8,2025-10-29,0.024313308234508918,3.6147793527329206,0,2,10,17.255771512212476,0
Branch_8,2025-10-30,0.021436910107566876,2.422945857556795,0,3,10,14.191951877769531,0
Branch_8,2025-10-31,0.03293668519835972,3.0157161301869553,0,4,10,11.807069318987834,0
Branch_8,2025-11-01,0.015655265564938285,2.8612358720200666,0,5,11,10.482661126257577,1
Branch_8,2025-11-02,0.026020299656454925,2.054278815967682,0,6,11,21.818860352154083,0
Branch_8,2025-11-03,0.03464468500630163,2.5204453983107387,0,0,11,14.577462085559933,0
Branch_8,2025-11-04,0.04090245027013614,1.9711309388373293,0,1,11,23.988625796293466,0
Branch_8,2025-11-05,0.026585090658823706,2.6025781328686466,0,2,11,4.873382710798511,1
Branch_8,2025-11-06,0.02477344384728832,2.8152790588544585,0,3,11,13.693027936235307,0
Branch_8,2025-11-07,0.01911805134103592,2.6321960637433333,0,4,11,20.152347415099392,0
Branch_8,2025-11-08,0.030938554223988543,2.094522542167277,1,5,11,5.540414594604593,1
Branch_8,2025-11-09,0.01511108001688576,2.7637367498828707,1,6,11,9.598777468086437,1
Branch_8,2025-11-10,0.04707372373083352,2.2996182195369843,0,0,11,16.953630356976767,0
Branch_8,2025-11-11,0.01243344600913244,2.8289796423280524,0,1,11,9.718181048457744,0
Branch_8,2025-11-12,0.030494775912289253,2.8874943851472796,0,2,11,14.456407795117348,0
Branch_8,2025-11-13,0.01101174048467935,2.0947230566668997,0,3,11,3.45738042717557,0
Branch_8,2025-11-14,0.03494991122563315,2.5199688200785437,0,4,11,10.928960884813455,0
Branch_8,2025-11-15,0.03539990322348723,1.0503757865796288,0,5,11,15.298112590773618,0
Branch_8,2025-11-16,0.032936509596652515,2.370786118832201,0,6,11,11.750356195538131,0
Branch_8,2025-11-17,0.03939927919986557,2.4357024286884625,1,0,11,12.489918688595688,0
Branch_8,2025-11-18,0.043889775947651095,2.960091312227598,0,1,11,19.119291885863014,0
Branch_8,2025-11-19,0.014121564879202561,3.5632000693574715,0,2,11,2.8025305444758377,1
Branch_8,2025-11-20,0.03738330404041105,2.589531111776892,0,3,11,18.279755244985658,0
Branch_8,2025-11-21,0.04360566384324191,2.4550153485750044,0,4,11,19.695772153646693,0
Branch_8,2025-11-22,0.0336861820132947,3.1069822931612783,0,5,11,6.785711453321252,1
Branch_8,2025-11-23,0.02784846192977593,2.882173195421485,0,6,11,8.528109987995563,0
Branch_8,2025-11-24,0.04416855552050459,2.4959191081114462,1,0,11,11.313449659577369,0
Branch_8,2025-11-25,0.028199405120456402,2.0910615782231066,0,1,11,13.70948628716832,0
Branch_8,2025-11-26,0.027270647913766474,1.988641034337748,0,2,11,21.807774184174946,0
Branch_8,2025-11-27,0.015715151172514905,1.1031864221468093,0,3,11,5.88992744351113,0
Branch_8,2025-11-28,0.02626534896797659,2.736250748846719,0,4,11,9.346227687106065,1
Branch_8,2025-11-29,0.026164233637399052,1.9554334774221904,0,5,11,22.57805652955247,0
Branch_8,2025-11-30,0.022068547784581005,3.049249341261084,0,6,11,22.558760162695656,0
Branch_8,2025-12-01,0.013631017312189693,1.6569657614718314,0,0,12,12.381450249735995,0
Branch_8,2025-12-02,0.038246307540001405,3.2181781114904533,0,1,12,12.98444296877226,0
Branch_8,2025-12-03,0.04489567252379326,1.6359199519960974,0,2,12,16.21601319711586,0
Branch_8,2025-12-04,0.041305717652986775,2.8169381279848094,0,3,12,10.941195098741103,0
Branch_8,2025-12-05,0.01594376389912301,2.799185611760361,0,4,12,4.949862871890719,0
Branch_8,2025-12-06,0.014437567793517845,2.964245774726152,0,5,12,18.255047549426422,0
Branch_8,2025-12-07,0.022556694713088236,2.358284260531673,0,6,12,13.288463120825092,0
Branch_8,2025-12-08,0.019532837299283252,2.388703044709368,0,0,12,15.681612654417851,0
Branch_8,2025-12-09,0.03154557216779,2.245428025716418,0,1,12,16.143945423168578,1
Branch_8,2025-12-10,0.04234863681959356,2.5757420116864997,0,2,12,24.053074972395734,1
Branch_8,2025-12-11,0.013462289225306493,2.7437548900585416,0,3,12,21.650010630666838,0
Branch_8,2025-12-12,0.036037603709896206,1.6448024092699738,0,4,12,2.486775163293096,0
Branch_8,2025-12-13,0.02239773754483687,2.510199816623019,0,5,12,17.478264465487236,0
Branch_8,2025-12-14,0.015673221936420543,1.869811454866822,0,6,12,18.42341550972939,0
Branch_8,2025-12-15,0.021162708191386687,2.1062053354054315,0,0,12,21.435794804043905,0
Branch_8,2025-12-16,0.025153352473023683,2.9872992542656203,0,1,12,13.196212061774443,0
Branch_8,2025-12-17,0.015315776769316574,2.1231284101028107,0,2,12,14.161020551894971,0
Branch_8,2025-12-18,0.014112962172901523,4.3339206123469705,0,3,12,18.611977953455924,0
Branch_8,2025-12-19,0.023412799272948304,3.0219040361350418,0,4,12,20.07012395384901,0
Branch_8,2025-12-20,0.03222731989054806,2.340263911743106,0,5,12,14.54756980153999,0
Branch_8,2025-12-21,0.048945456101300175,3.202186043207309,0,6,12,15.921784428335185,0
Branch_8,2025-12-22,0.028897245932225427,2.5434007079528964,0,0,12,18.29031079973267,0
Branch_8,2025-12-23,0.01758878322365556,2.780572398776866,0,1,12,11.804675744533633,0
Branch_8,2025-12-24,0.013417528022702277,2.009751454357998,0,2,12,12.503795272301804,1
Branch_8,2025-12-25,0.01309493212720045,2.6479233706271517,0,3,12,19.076243995388946,0
Branch_8,2025-12-26,0.03730799168826638,2.7534865710113134,0,4,12,24.502597543056094,0
Branch_8,2025-12-27,0.03065144654139465,2.295907762243375,0,5,12,18.817795656468835,0
Branch_8,2025-12-28,0.04701075682308501,3.0084779542701363,0,6,12,23.101660984965118,0
Branch_8,2025-12-29,0.04682033133415924,2.521933555262269,0,0,12,21.433792063020764,0
Branch_8,2025-12-30,0.04604229712601922,1.523006277555852,0,1,12,27.738773131995735,1
Branch_8,2025-12-31,0.03146836950601829,2.5881028047935013,0,2,12,14.250431969872848,0
Branch_8,2026-01-01,0.023006214666350343,1.8038202219593136,0,3,1,22.98476693768076,0
Branch_8,2026-01-02,0.010475491786568617,2.5382888909368853,0,4,1,20.530750222705844,0
Branch_8,2026-01-03,0.01141410808925039,3.4964264128485714,0,5,1,20.522364323155905,0
Branch_8,2026-01-04,0.02556682508703362,2.994041458461774,0,6,1,17.655930426222962,1
Branch_8,2026-01-05,0.036318182169943876,2.8165628129120437,0,0,1,13.907804470407088,0
Branch_8,2026-01-06,0.010252685696876287,2.5308857957556135,0,1,1,19.46261153741584,0
Branch_8,2026-01-07,0.029386303826564424,2.3121523937029473,0,2,1,20.262295279429964,0
Branch_8,2026-01-08,0.03409267636462726,2.670600938172267,0,3,1,21.36158340861749,1
Branch_8,2026-01-09,0.03959360553697006,1.9280930514771208,0,4,1,24.89617862561602,0
Branch_8,2026-01-10,0.03326425542314971,1.642073711524108,0,5,1,16.97932856569405,0
Branch_8,2026-01-11,0.03478278067810304,1.8726192112685756,0,6,1,22.491798915091042,1
Branch_8,2026-01-12,0.04023668309284074,2.351922354858685,0,0,1,27.438874896945258,0
Branch_8,2026-01-13,0.012782658741016854,3.3369629333867294,0,1,1,15.685585422205754,0
Branch_8,2026-01-14,0.029468634166573603,2.66084185445329,1,2,1,17.101412760911508,1
Branch_8,2026-01-15,0.04098009670970376,1.7920020220569925,0,3,1,25.174881963918,0
Branch_8,2026-01-16,0.025342348579125724,1.6484377281175286,0,4,1,30.38332714097703,0
Branch_8,2026-01-17,0.04725067699846188,2.5382883728254306,0,5,1,23.649386018244797,0
Branch_8,2026-01-18,0.03598879593725344,1.7410345466511319,0,6,1,17.79906827471247,0
Branch_8,2026-01-19,0.04599667527577648,2.3074460387145193,0,0,1,23.266816238249508,0
Branch_8,2026-01-20,0.02345869903886431,1.5878177888252893,0,1,1,19.0241969081142,1
Branch_8,2026-01-21,0.030316120032092077,2.3784696457010024,0,2,1,14.63496965594776,0
Branch_8,2026-01-22,0.03553401339675995,1.3702514398408094,0,3,1,18.299766044070545,1
Branch_8,2026-01-23,0.03461327518781487,3.506820870167835,0,4,1,19.619672168198097,1
Branch_8,2026-01-24,0.04554497184757919,2.2430336193280866,0,5,1,33.73515704370974,0
Branch_8,2026-01-25,0.04034043006050578,3.3086592505303694,0,6,1,29.96764790363182,1
Branch_8,2026-01-26,0.020217009943324836,2.7332435764479817,0,0,1,22.81513373386185,0
Branch_8,2026-01-27,0.03945659000055608,3.2452363891497584,0,1,1,19.90004875300953,0
Branch_8,2026-01-28,0.03606959934707592,2.066139703550146,0,2,1,28.657008242087542,0
Branch_8,2026-01-29,0.01548295708109989,1.8467276864715783,0,3,1,26.397287254816973,0
Branch_8,2026-01-30,0.03399340878400491,3.3084928162043865,0,4,1,35.287105645067314,0
Branch_8,2026-01-31,0.025170823232902557,2.1726835752787257,0,5,1,19.19233810473051,0
Branch_8,2026-02-01,0.03611220217790028,3.038089866553198,0,6,2,26.60472251255312,0
Branch_8,2026-02-02,0.04434951395377318,2.2587100299001905,0,0,2,22.55775108103688,0
Branch_8,2026-02-03,0.033019427470111995,1.704747212018233,0,1,2,27.398720077851365,0
Branch_8,2026-02-04,0.02084582435429277,2.201136689608252,0,2,2,29.462389666675392,0
Branch_8,2026-02-05,0.049666819966569714,2.302322651840542,0,3,2,31.224497229717418,0
Branch_8,2026-02-06,0.01792555016120867,2.0539604973394208,0,4,2,20.56074616412381,1
Branch_8,2026-02-07,0.03328888292229311,2.3077676767306485,0,5,2,22.778630501307028,0
Branch_8,2026-02-08,0.017052858170075368,2.061225230095933,1,6,2,21.634353007671045,0
Branch_8,2026-02-09,0.04454288444613061,2.271294055627954,0,0,2,31.011329384244686,0
Branch_8,2026-02-10,0.023391487051214407,3.4712967531393835,0,1,2,29.376294587773252,0
Branch_8,2026-02-11,0.0403672701212144,1.6501532938520467,1,2,2,24.875874388947995,0
Branch_8,2026-02-12,0.010647339827506066,2.1373000401128115,0,3,2,15.643432383787006,1
Branch_8,2026-02-13,0.019326195433179278,2.5721400892880726,0,4,2,29.82418384848826,0
Branch_8,2026-02-14,0.04391560552123014,2.9092436001428963,1,5,2,31.256333939394978,0
Branch_8,2026-02-15,0.025800871400499026,2.0505959774946887,0,6,2,24.822742056010224,1
Branch_8,2026-02-16,0.02327104104001442,2.1002401500313375,0,0,2,22.606904257467075,0
Branch_8,2026-02-17,0.0247759957800124,2.773366128491687,1,1,2,32.34725576207378,0
Branch_8,2026-02-18,0.027879879847765958,3.2488219413969603,0,2,2,45.36653287824842,0
Branch_8,2026-02-19,0.027480461355591873,2.9431020310132556,0,3,2,19.883109203832433,1
Branch_8,2026-02-20,0.03631226128739211,3.24408852178116,0,4,2,25.561668314436247,0
Branch_8,2026-02-21,0.0467418473188305,2.4604829116075764,0,5,2,32.59765335914806,0
Branch_8,2026-02-22,0.041230756612247274,3.036354027720016,0,6,2,29.074202175323958,0
Branch_8,2026-02-23,0.019014810113307523,1.181796187340127,0,0,2,27.473352589143865,0
Branch_8,2026-02-24,0.01911246389275143,3.0138349822414483,0,1,2,31.082229312483108,0
Branch_8,2026-02-25,0.01389252906304809,3.223050341773543,0,2,2,34.425520671147616,0
Branch_8,2026-02-26,0.012375636155738143,2.9032466594769852,0,3,2,29.73276185161094,0
Branch_8,2026-02-27,0.014160545919624465,1.7257421397080064,0,4,2,28.73309931681081,0
Branch_8,2026-02-28,0.04516492078443742,2.3669317273167536,0,5,2,29.12853821670037,0
Branch_8,2026-03-01,0.012127423439055436,2.213410415478614,0,6,3,18.604916841925867,0
Branch_8,2026-03-02,0.047941357019845546,1.8812923874870202,0,0,3,24.948155035602117,0
Branch_8,2026-03-03,0.012265913301593923,2.6954263782188073,0,1,3,26.033309967831247,0
Branch_8,2026-03-04,0.01672388570278446,2.1657654271214244,0,2,3,29.12324569824835,0
Branch_8,2026-03-05,0.015204353085211491,2.283159064737843,0,3,3,25.51512961709068,0
Branch_8,2026-03-06,0.030024779993397015,2.5980006838933916,0,4,3,25.118767971006278,0
Branch_8,2026-03-07,0.024972846799848396,1.779860682058965,0,5,3,32.40503437210535,0
Branch_8,2026-03-08,0.013398750108229765,2.2118342960602453,0,6,3,27.965719211427082,0
Branch_8,2026-03-09,0.048731932150981254,3.4367476488256328,0,0,3,33.52791591765819,0
Branch_8,2026-03-10,0.03765606855480158,2.2837319213301606,0,1,3,36.88081189518748,1
Branch_8,2026-03-11,0.03945216475683943,3.5253096779277078,0,2,3,32.72220869902461,1
Branch_8,2026-03-12,0.04574083913032298,2.599483457930603,0,3,3,25.875230854415673,0
Branch_8,2026-03-13,0.03422957575981756,2.547275507553043,0,4,3,36.37109035540301,0
Branch_8,2026-03-14,0.03886787916158286,2.3176617584570534,0,5,3,30.374548958841356,0
Branch_8,2026-03-15,0.010235207751300405,2.790817467097476,1,6,3,26.248194070204015,0
Branch_8,2026-03-16,0.04118799222753646,2.0576058244225752,0,0,3,25.07243893579706,1
Branch_8,2026-03-17,0.021024549026647434,3.4046520567954053,0,1,3,27.367079949691195,0
Branch_8,2026-03-18,0.027238761131920596,2.30314280369337,0,2,3,35.398021869139555,1
Branch_8,2026-03-19,0.013045230098120194,2.445607896105756,1,3,3,28.587200856762664,0
Branch_8,2026-03-20,0.03122919427052424,2.6754409977091007,0,4,3,38.878822948222854,0
Branch_8,2026-03-21,0.04776477550303265,2.709777441908091,0,5,3,28.486240870385533,0
Branch_8,2026-03-22,0.016964101797847894,2.27100672885422,1,6,3,26.042631249738253,0
Branch_8,2026-03-23,0.02970214076000228,2.955478165839158,0,0,3,23.4189896891086,0
Branch_8,2026-03-24,0.034556919740683915,2.06287683713745,0,1,3,31.441001709318215,0
Branch_8,2026-03-25,0.029059571469251373,2.7065824081677543,0,2,3,32.25055512530927,0
Branch_8,2026-03-26,0.04795847912960027,2.377728791573909,1,3,3,36.5220987678436,0
Branch_8,2026-03-27,0.020747131077348185,2.0902065782938406,0,4,3,31.307960973245102,0
Branch_8,2026-03-28,0.03447013796047737,2.466501925944605,0,5,3,22.728663060845193,1
Branch_8,2026-03-29,0.013010677025410505,2.880267439578529,0,6,3,27.74706240912863,0
Branch_8,2026-03-30,0.04978011642307747,3.1244320756109523,0,0,3,29.313376027713712,0
Branch_8,2026-03-31,0.010680619547291053,1.8657012654857672,1,1,3,24.791665625182915,1
Branch_8,2026-04-01,0.047320080607026374,1.0790924700088296,0,2,4,26.361177966439634,1
Branch_8,2026-04-02,0.027198909501830112,2.3861626430770224,0,3,4,31.583351429899494,1
Branch_8,2026-04-03,0.015015728901671195,2.2312759393596107,0,4,4,33.15980705784266,0
Branch_8,2026-04-04,0.041196638570454136,2.3579558502213294,0,5,4,33.58799370333849,0
Branch_8,2026-04-05,0.014765313905301248,1.8804691992938753,0,6,4,34.16154574205934,0
Branch_8,2026-04-06,0.015441170020972245,2.0281641571349653,0,0,4,32.430735777811904,0
Branch_8,2026-04-07,0.03872669639939133,3.5938473319065327,0,1,4,29.888393034428166,0
Branch_8,2026-04-08,0.020044375237278013,1.9097476797533743,0,2,4,24.346871822009795,0
Branch_8,2026-04-09,0.03158453548890765,2.1380937958225252,0,3,4,31.775777830915885,0
Branch_8,2026-04-10,0.026506740745248586,2.206714852237196,1,4,4,35.27420051798169,1
Branch_8,2026-04-11,0.03290798583379851,2.752370177718599,1,5,4,32.198416393084756,0
Branch_8,2026-04-12,0.035894392216876896,2.138506160320967,0,6,4,27.000797862171197,0
Branch_8,2026-04-13,0.025003856994917213,2.0783930847214154,0,0,4,35.75121498395195,1
Branch_8,2026-04-14,0.010204640019097782,1.289136065147467,0,1,4,27.291709466459785,0
Branch_8,2026-04-15,0.03330519995103833,2.3648232434107888,0,2,4,25.02570316642747,0
Branch_8,2026-04-16,0.0302995802093976,2.457147287224457,0,3,4,24.72358434358722,0
Branch_8,2026-04-17,0.01692352252960461,2.98376315702345,0,4,4,32.43337200397658,0
Branch_8,2026-04-18,0.012768363173177848,2.299070381208622,0,5,4,37.821388939855936,0
Branch_8,2026-04-19,0.018733665927915966,2.545294640381303,0,6,4,32.076969909935286,0
Branch_8,2026-04-20,0.040608406577781836,1.789551310689304,0,0,4,30.562205743866212,1
Branch_8,2026-04-21,0.044261707360400096,1.5575022571325836,0,1,4,31.35674901011414,0
Branch_8,2026-04-22,0.011566695641467293,2.651826588334767,0,2,4,35.46532344925551,1
Branch_8,2026-04-23,0.03166781478934944,2.8055620923708475,0,3,4,32.195076550701486,1
Branch_8,2026-04-24,0.017911991196837004,2.565665099914408,0,4,4,30.94945980568633,1
Branch_8,2026-04-25,0.02190771586089098,1.9009851152635115,0,5,4,29.882106071073622,0
Branch_8,2026-04-26,0.0425032692374837,2.6978856003723077,0,6,4,30.661996579382958,0
Branch_8,2026-04-27,0.03451111371847606,2.5869976729357558,1,0,4,24.268564341600673,1
Branch_8,2026-04-28,0.02382299271799695,2.2958911297668436,0,1,4,40.91348395049576,0
Branch_8,2026-04-29,0.015716380211530455,2.446742442567104,0,2,4,34.52714878766457,0
Branch_8,2026-04-30,0.030922506499003504,2.4735302471551868,0,3,4,24.226661849631746,1
Branch_8,2026-05-01,0.03428443791063089,1.7579901638209057,1,4,5,32.06990869275356,0
Branch_8,2026-05-02,0.04668547737964432,2.449027694797253,0,5,5,17.679362946691114,0
Branch_8,2026-05-03,0.023858042057622996,3.203469424695496,0,6,5,32.86160346963777,1
Branch_8,2026-05-04,0.03256113157232786,3.2568538967593064,0,0,5,32.391629758669744,1
Branch_8,2026-05-05,0.023987694497475155,2.4727415428335986,0,1,5,27.612628260798292,0
Branch_8,2026-05-06,0.04312288959906919,3.31183221773619,0,2,5,33.352179762252796,0
Branch_8,2026-05-07,0.036561192533773275,2.438429062245452,0,3,5,28.283717734920483,1
Branch_8,2026-05-08,0.049958498742684085,1.925606423225525,0,4,5,27.63143691348364,0
Branch_8,2026-05-09,0.015527053125371988,2.548007192176248,0,5,5,30.08337164436077,0
Branch_8,2026-05-10,0.032961120994876414,3.620505060098718,0,6,5,30.5932126028111,0
Branch_8,2026-05-11,0.017272479666018282,3.280394849853879,0,0,5,25.649242170923813,0
Branch_8,2026-05-12,0.02577514424818497,2.849024752626891,0,1,5,21.41478754671823,0
Branch_8,2026-05-13,0.03302269655600527,2.6961153456596714,0,2,5,22.728194904964106,0
Branch_8,2026-05-14,0.029267405416061085,2.5950753511400446,0,3,5,25.40145736244071,0
Branch_8,2026-05-15,0.046631600166838844,2.4384451417121356,0,4,5,34.107607387886176,0
Branch_8,2026-05-16,0.048939737408813216,2.1307061905366638,0,5,5,29.705168123821824,0
Branch_8,2026-05-17,0.03652913913239655,3.5843805118062257,0,6,5,19.847265369243825,1
Branch_8,2026-05-18,0.04217296209141997,1.8674430798670338,1,0,5,26.52553016970528,0
Branch_8,2026-05-19,0.0260253893180208,2.427965229436569,0,1,5,31.200521092521765,0
Branch_8,2026-05-20,0.011342388457811282,1.8433349566613706,0,2,5,34.16764690763955,0
Branch_8,2026-05-21,0.04803326666683466,1.8811671968933736,1,3,5,21.2225038332125,0
Branch_8,2026-05-22,0.014214984352710212,2.0968147968360693,0,4,5,23.6407683983128,0
Branch_8,2026-05-23,0.02230948389323408,2.0464306605423586,0,5,5,20.29447237547397,0
Branch_8,2026-05-24,0.015091412501477462,1.6558118163340074,0,6,5,28.319554137836377,0
Branch_8,2026-05-25,0.025985963133114326,2.141260496165115,0,0,5,26.89743518988764,1
Branch_8,2026-05-26,0.049024838110095545,2.8384233656145033,0,1,5,22.154113856060533,0
Branch_8,2026-05-27,0.01349859669330868,2.114196395943644,0,2,5,20.010430328054092,0
Branch_8,2026-05-28,0.034573864740524256,2.905865227346493,0,3,5,17.411061735392046,0
Branch_8,2026-05-29,0.03674203882053296,2.6580400078943724,0,4,5,25.214977714712504,0
Branch_8,2026-05-30,0.031085584953629116,2.6556419840171905,0,5,5,18.453968317340316,1
Branch_8,2026-05-31,0.03478098728333287,1.941626671918817,0,6,5,26.972996508276882,0
Branch_8,2026-06-01,0.027055034119734752,2.5837160390135696,0,0,6,23.351750640225216,0
Branch_8,2026-06-02,0.0205967722542602,2.796219143976342,0,1,6,22.144706997910987,1
Branch_8,2026-06-03,0.032774203942666245,2.4672110327478127,0,2,6,24.390181472593184,0
Branch_8,2026-06-04,0.03182799845599397,3.2940731681825266,0,3,6,26.787267378280998,1
Branch_8,2026-06-05,0.016202736737057032,3.550225833252293,0,4,6,30.54612275539233,0
Branch_8,2026-06-06,0.04342078003037477,1.7964754644185918,0,5,6,22.48172260698247,0
Branch_8,2026-06-07,0.018961580734162937,2.7767580688968376,0,6,6,18.42915609035738,0
Branch_8,2026-06-08,0.04635557066761062,3.1764569520772596,0,0,6,25.18925952015063,1
Branch_8,2026-06-09,0.04383202319293565,2.2515577846291155,0,1,6,26.795272600926495,0
Branch_9,2025-10-03,0.021781905201703387,2.562115045075665,0,4,10,11.53826536390728,0
Branch_9,2025-10-04,0.028469341474506082,1.995335685676974,0,5,10,4.859249215185798,1
Branch_9,2025-10-05,0.01081850304136558,3.0578665583731963,0,6,10,1.5241884296862498,1
Branch_9,2025-10-06,0.04429256903010981,2.5380970829620817,0,0,10,14.237163620604342,0
Branch_9,2025-10-07,0.01937228305711063,2.9992142198747276,0,1,10,6.718679989253852,0
Branch_9,2025-10-08,0.0354473696678411,2.7700121858528033,0,2,10,8.82370985245066,0
Branch_9,2025-10-09,0.02809385152522067,2.5809464545085534,0,3,10,5.648068559252077,1
Branch_9,2025-10-10,0.020898920979616816,2.888233939419457,0,4,10,17.26027507957195,0
Branch_9,2025-10-11,0.02284461980235667,2.8405617702020733,0,5,10,10.26819674710166,1
Branch_9,2025-10-12,0.03209616575679128,3.076729535721303,1,6,10,14.106316537506075,1
Branch_9,2025-10-13,0.01571680688557808,2.5395604889828465,0,0,10,14.104476396106747,0
Branch_9,2025-10-14,0.03450860521391378,2.875503575291246,0,1,10,2.760271064690457,0
Branch_9,2025-10-15,0.014106611018654682,1.4364166399343614,0,2,10,0.2801728995641284,0
Branch_9,2025-10-16,0.01526361739896776,3.0057781655634312,0,3,10,4.293020686606279,0
Branch_9,2025-10-17,0.010052026280714409,2.9879128346692796,0,4,10,7.459047334966411,0
Branch_9,2025-10-18,0.028777924393118357,2.825759300686542,0,5,10,8.864444647149355,0
Branch_9,2025-10-19,0.016312714935712572,2.694786486385848,0,6,10,9.378914441857926,1
Branch_9,2025-10-20,0.04463528960754262,1.8952745361285954,0,0,10,6.736640835285176,1
Branch_9,2025-10-21,0.035314036824669166,2.2583072208049435,0,1,10,10.870758440353905,1
Branch_9,2025-10-22,0.04655356746943745,2.4799431590295518,0,2,10,7.934062586900307,1
Branch_9,2025-10-23,0.04558540323663899,2.6908147187125584,0,3,10,15.163779735085656,0
Branch_9,2025-10-24,0.03620196705893422,2.522457907897277,0,4,10,8.876274430428795,1
Branch_9,2025-10-25,0.03426101236333091,2.9751520953222514,0,5,10,9.962363342158469,0
Branch_9,2025-10-26,0.029335347500356313,2.7146692811695927,0,6,10,15.374458075161241,1
Branch_9,2025-10-27,0.04452355959256209,2.841020429435025,0,0,10,3.7482572825818874,0
Branch_9,2025-10-28,0.027825807250406613,2.258646489812516,0,1,10,13.87591346140756,1
Branch_9,2025-10-29,0.03637244590066176,2.5100044584876953,0,2,10,5.892601754108771,0
Branch_9,2025-10-30,0.04122279534124472,2.635394101352584,0,3,10,14.837033088082583,1
Branch_9,2025-10-31,0.018026154375714306,2.326330795363048,0,4,10,10.439228299175486,0
Branch_9,2025-11-01,0.018283487779981553,2.6707162125424575,0,5,11,16.44571362613442,1
Branch_9,2025-11-02,0.01522621686218097,2.577562275738937,0,6,11,9.77260656331902,0
Branch_9,2025-11-03,0.01979512851254379,1.9569747961853765,0,0,11,3.0167449311938785,0
Branch_9,2025-11-04,0.03151068240433031,3.203591572561697,0,1,11,11.631332218559134,1
Branch_9,2025-11-05,0.010160466606640358,2.401287276360511,0,2,11,18.468310610256474,0
Branch_9,2025-11-06,0.03249924472610587,0.7628771913590051,0,3,11,13.23274545775935,0
Branch_9,2025-11-07,0.010755767559994257,1.6416867755699205,0,4,11,1.855532830617772,0
Branch_9,2025-11-08,0.025922340014902068,2.686457682774219,0,5,11,13.62473781902819,0
Branch_9,2025-11-09,0.01644697836080611,2.431514729773289,0,6,11,5.020700521789571,1
Branch_9,2025-11-10,0.04884899144782745,3.1415674969869287,0,0,11,19.00844703969755,0
Branch_9,2025-11-11,0.03125162617230848,1.7828693799737325,0,1,11,4.418602235716783,0
Branch_9,2025-11-12,0.02656732392967718,1.6136336643360945,1,2,11,16.91723535614398,0
Branch_9,2025-11-13,0.013631931994586033,1.645168782162406,0,3,11,12.204017284778159,0
Branch_9,2025-11-14,0.03226755545758843,1.9768280168320307,0,4,11,13.631380415687666,0
Branch_9,2025-11-15,0.013496334838842118,2.796830537426112,1,5,11,4.592636636968091,0
Branch_9,2025-11-16,0.01294849252538028,2.759985319752029,0,6,11,13.524220982962804,0
Branch_9,2025-11-17,0.04751122578318902,2.423479908596494,1,0,11,14.637610511560124,0
Branch_9,2025-11-18,0.02801324580423283,2.5163757144463856,0,1,11,12.673677916029401,0
Branch_9,2025-11-19,0.022204869442765403,2.0150505452781617,0,2,11,13.104171221067395,0
Branch_9,2025-11-20,0.038866738329943334,1.8550259989227746,0,3,11,24.593911004085253,0
Branch_9,2025-11-21,0.038009933013600845,2.932755526855904,0,4,11,7.08418826713852,0
Branch_9,2025-11-22,0.017391359027563894,2.124356791775172,0,5,11,12.097911253669553,0
Branch_9,2025-11-23,0.03332276746350536,2.2105437368796346,0,6,11,12.076095663214446,0
Branch_9,2025-11-24,0.018605284360418976,2.773218001534781,0,0,11,17.744178895190636,0
Branch_9,2025-11-25,0.046657023133236816,2.912967944975613,0,1,11,7.900879343911459,0
Branch_9,2025-11-26,0.024014968574183476,2.687185896258855,0,2,11,15.067195665326599,1
Branch_9,2025-11-27,0.031737103054535705,1.7290851705365178,0,3,11,11.315607665309905,0
Branch_9,2025-11-28,0.019767962063123822,2.0838413750652225,0,4,11,13.685896052046356,1
Branch_9,2025-11-29,0.04664003724814332,2.685497032675397,0,5,11,23.389902647813447,0
Branch_9,2025-11-30,0.04291924645343219,3.4444441037788915,0,6,11,20.71452084000922,0
Branch_9,2025-12-01,0.046723641354916544,2.8818112221015593,0,0,12,13.489594750892884,1
Branch_9,2025-12-02,0.043291219501624185,2.30883373512352,0,1,12,14.345096705980641,1
Branch_9,2025-12-03,0.02521504865536537,1.7372944976425466,0,2,12,17.449746808528054,0
Branch_9,2025-12-04,0.02923810164841248,2.5842595786627287,1,3,12,16.90063358537525,0
Branch_9,2025-12-05,0.04385887287518272,1.9478590341521593,0,4,12,9.59124539762843,0
Branch_9,2025-12-06,0.02980755264992226,2.534007570969002,0,5,12,15.134362400254812,1
Branch_9,2025-12-07,0.02370571634599215,2.868394322755309,0,6,12,15.147074126251999,1
Branch_9,2025-12-08,0.014653327069963314,2.7767507419332618,0,0,12,12.607118341369238,0
Branch_9,2025-12-09,0.04307881878622804,2.9981231825953683,0,1,12,4.6232199843207,0
Branch_9,2025-12-10,0.028261415889783547,2.9274266277308714,0,2,12,15.010169364004724,0
Branch_9,2025-12-11,0.032400174101571796,3.329137530850078,0,3,12,12.579633338289176,0
Branch_9,2025-12-12,0.03274177137648941,2.46199838111692,0,4,12,17.01470764804805,1
Branch_9,2025-12-13,0.012872072356686207,2.586824591840081,0,5,12,17.881301305286517,0
Branch_9,2025-12-14,0.044710841398474685,2.6850861082640756,0,6,12,20.084113303913607,0
Branch_9,2025-12-15,0.01099656621215249,2.9265351771164694,0,0,12,28.466416306611844,0
Branch_9,2025-12-16,0.023761655303141036,2.910115675866487,0,1,12,22.098995333495765,0
Branch_9,2025-12-17,0.03155610494063918,1.682338699574573,0,2,12,22.499341213464497,0
Branch_9,2025-12-18,0.01376529036049159,2.571492356660272,1,3,12,21.720499633061028,1
Branch_9,2025-12-19,0.04970028915771022,1.7124341946342696,0,4,12,18.644437682607265,1
Branch_9,2025-12-20,0.022702798774698326,2.981913437440551,0,5,12,8.635678294855369,0
Branch_9,2025-12-21,0.02376042146415248,2.3398904226408295,0,6,12,15.980457382951561,0
Branch_9,2025-12-22,0.04933861274912427,2.8058769041384277,0,0,12,25.454043470769264,0
Branch_9,2025-12-23,0.038894226091849296,2.288702091201868,1,1,12,14.055060785998887,0
Branch_9,2025-12-24,0.04278504094839126,2.8634752474678695,0,2,12,27.342884233546776,0
Branch_9,2025-12-25,0.014651377863780768,2.74859745891639,0,3,12,11.872152360432565,0
Branch_9,2025-12-26,0.013558112627849823,3.275523482406663,1,4,12,24.567388613592776,0
Branch_9,2025-12-27,0.03116402810415318,2.359223415761499,0,5,12,23.995330208189053,0
Branch_9,2025-12-28,0.022658625061080802,2.4801158045768226,0,6,12,24.931713374072693,0
Branch_9,2025-12-29,0.017030658988944968,2.366925941388125,0,0,12,13.922041830769093,0
Branch_9,2025-12-30,0.0277696027517274,2.4373036101990704,0,1,12,21.69921056570562,0
Branch_9,2025-12-31,0.020531152349842575,2.1378040060411294,0,2,12,25.331333451774736,0
Branch_9,2026-01-01,0.04510406064194859,2.812975081390632,0,3,1,24.829695264138692,0
Branch_9,2026-01-02,0.03203438517742365,3.0212466552181576,0,4,1,15.366079831294012,0
Branch_9,2026-01-03,0.02171898476531176,2.1086900815131253,0,5,1,24.314441012555353,0
Branch_9,2026-01-04,0.022782916706331854,3.1136093440809653,0,6,1,19.89846582625026,0
Branch_9,2026-01-05,0.02844113994200747,2.411214906263748,1,0,1,26.805121053606122,0
Branch_9,2026-01-06,0.039581102232670244,1.1682499276463627,0,1,1,18.431894145657253,1
Branch_9,2026-01-07,0.013509048784645388,2.264556594433209,0,2,1,18.814446619989162,0
Branch_9,2026-01-08,0.030969127564075858,1.8403107317201832,0,3,1,20.612419669009512,0
Branch_9,2026-01-09,0.020745931673926913,2.2519129058576017,0,4,1,23.957637128436318,1
Branch_9,2026-01-10,0.03626931526210332,2.5901918814649108,0,5,1,19.289462165352624,0
Branch_9,2026-01-11,0.023395437839974192,1.5774488350771685,0,6,1,23.512168513005506,0
Branch_9,2026-01-12,0.041971996401996815,2.643861128775131,1,0,1,27.546697816448834,0
Branch_9,2026-01-13,0.020503987726619974,2.7309735853389334,0,1,1,30.03812931376321,0
Branch_9,2026-01-14,0.03538528058990377,1.9361252931712953,0,2,1,21.678589269005453,1
Branch_9,2026-01-15,0.01858854872728625,3.114907897492751,1,3,1,13.306963615614753,0
Branch_9,2026-01-16,0.01388793008291438,1.8633690352618557,0,4,1,24.33848664038692,0
Branch_9,2026-01-17,0.02250224557032718,2.9459634607630454,0,5,1,25.290028226879386,0
Branch_9,2026-01-18,0.04779041375220747,3.7182294664543463,0,6,1,23.118177172231047,0
Branch_9,2026-01-19,0.04373244104573908,3.001988332580108,0,0,1,26.35674807497157,1
Branch_9,2026-01-20,0.026671523560467567,3.2190761165383037,0,1,1,16.117937189638194,0
Branch_9,2026-01-21,0.02000348081447987,2.5336225836306037,0,2,1,18.328451582044096,1
Branch_9,2026-01-22,0.012986842463923867,2.7063389766612636,0,3,1,24.041499951451303,1
Branch_9,2026-01-23,0.021851937075349374,2.7218358849819797,0,4,1,26.79779492679331,1
Branch_9,2026-01-24,0.012211844326769637,3.251115352646363,0,5,1,27.248160778581905,0
Branch_9,2026-01-25,0.04376372380765611,2.386579616719047,1,6,1,21.79433160698452,0
Branch_9,2026-01-26,0.036171837385948334,2.4057289323203452,0,0,1,21.703651743971378,1
Branch_9,2026-01-27,0.025710208962628957,2.4748608087500736,0,1,1,28.60391095277055,0
Branch_9,2026-01-28,0.04669865368385378,2.3614849783635665,0,2,1,26.999676472140703,0
Branch_9,2026-01-29,0.03109991446492404,2.737087009490806,0,3,1,24.47130488675242,0
Branch_9,2026-01-30,0.04194324225419665,2.994399521042996,0,4,1,29.500318727840437,0
Branch_9,2026-01-31,0.010624746333694476,3.0586087337997214,0,5,1,21.020717894193602,1
Branch_9,2026-02-01,0.04270462821405307,2.238928162960949,0,6,2,28.85175637357419,0
Branch_9,2026-02-02,0.02737559039884332,3.0347465256129316,0,0,2,31.095759347468658,0
Branch_9,2026-02-03,0.018943554278622196,3.113785245154319,0,1,2,27.541420311118642,0
Branch_9,2026-02-04,0.01504479963666252,2.471447521263884,0,2,2,29.42953267953761,0
Branch_9,2026-02-05,0.024379055768570513,2.3589618064475637,0,3,2,29.804411844042423,0
Branch_9,2026-02-06,0.029517124873017997,2.155893166555724,0,4,2,31.287260497948512,1
Branch_9,2026-02-07,0.01822352613458623,2.9004212604471125,0,5,2,29.21663582646524,0
Branch_9,2026-02-08,0.019292585343096684,2.3989583958869147,0,6,2,19.035616489698516,0
Branch_9,2026-02-09,0.034168194301380336,2.523746010211281,0,0,2,21.64579415829689,0
Branch_9,2026-02-10,0.03504858015839525,1.9865433480938037,0,1,2,31.699843042876694,0
Branch_9,2026-02-11,0.018294956707107124,1.8795829320125232,0,2,2,19.112148542569354,0
Branch_9,2026-02-12,0.03995718412968045,2.901109845082703,0,3,2,25.526064309212465,0
Branch_9,2026-02-13,0.04725621427666576,2.20450580126168,0,4,2,28.864037178382386,0
Branch_9,2026-02-14,0.02973813496220529,3.1161532799937603,0,5,2,22.72483552773918,0
Branch_9,2026-02-15,0.022240352275163546,1.9137637928305615,0,6,2,33.72682071586924,0
Branch_9,2026-02-16,0.036103451239101546,1.3603620184106069,0,0,2,20.15262399145964,0
Branch_9,2026-02-17,0.01920521078102714,3.013972271717903,1,1,2,40.648241792166175,0
Branch_9,2026-02-18,0.03552258088948493,2.60775162566401,0,2,2,26.92685511253213,0
Branch_9,2026-02-19,0.011970333143552296,2.1720279569070526,0,3,2,24.908971366269775,0
Branch_9,2026-02-20,0.04595739365068064,2.6896928994810443,0,4,2,30.23211327035417,0
Branch_9,2026-02-21,0.01810305450668064,2.287070483053405,0,5,2,30.474972326219056,0
Branch_9,2026-02-22,0.021981847937354665,1.4615439500690404,0,6,2,29.51962477549811,0
Branch_9,2026-02-23,0.037839942813682394,2.552286907035748,0,0,2,22.861762976727945,0
Branch_9,2026-02-24,0.011906715493967917,1.7606106096814238,0,1,2,30.566340706652454,0
Branch_9,2026-02-25,0.0314148179757431,2.7801406121424344,0,2,2,33.51126976844053,0
Branch_9,2026-02-26,0.03822733745780537,2.266917137214427,0,3,2,33.66657585049457,0
Branch_9,2026-02-27,0.04508695273319826,2.5545754191699874,0,4,2,27.291951255848613,0
Branch_9,2026-02-28,0.04135810379731387,2.8515000370919634,0,5,2,28.199144314034747,1
Branch_9,2026-03-01,0.04382910503681337,1.9849185134364626,0,6,3,32.014456081820555,0
Branch_9,2026-03-02,0.04869953103454797,2.4597179338859756,0,0,3,29.441493439429347,0
Branch_9,2026-03-03,0.03139328075574559,2.8039825683991557,0,1,3,24.7629219634283,0
Branch_9,2026-03-04,0.011397813873236831,3.033460091519122,0,2,3,34.175734597792705,1
Branch_9,2026-03-05,0.01312060552150777,3.091392601462117,0,3,3,26.671277673029365,1
Branch_9,2026-03-06,0.026063479027547347,1.977649493915866,0,4,3,20.35019471764145,0
Branch_9,2026-03-07,0.04535660753490997,3.1292666584291964,0,5,3,26.447332709025613,0
Branch_9,2026-03-08,0.03852504871807243,1.9579699517684443,0,6,3,36.75775099072691,1
Branch_9,2026-03-09,0.0423312408281131,2.6085193509707327,0,0,3,16.1682029523905,0
Branch_9,2026-03-10,0.011625358969396867,2.899729426085176,0,1,3,26.34059864253953,0
Branch_9,2026-03-11,0.04527446289644014,3.128703495483026,0,2,3,29.06631130196206,0
Branch_9,2026-03-12,0.03933425987425591,2.40173455784399,0,3,3,27.10140731900644,0
Branch_9,2026-03-13,0.024054384420011583,2.6327600631225048,0,4,3,34.130134710700645,0
Branch_9,2026-03-14,0.026158980103668867,3.091044095481094,0,5,3,33.473689500090934,0
Branch_9,2026-03-15,0.038124563470886004,1.9484566406242205,0,6,3,24.839180616428244,1
Branch_9,2026-03-16,0.0455424669042605,3.1236647223621494,0,0,3,28.95249634368533,0
Branch_9,2026-03-17,0.015259369293208107,2.374833244947578,0,1,3,32.43543379738675,0
Branch_9,2026-03-18,0.025244210238868806,1.9876101994271036,0,2,3,30.191715980561888,0
Branch_9,2026-03-19,0.03713821991021841,2.8828869533716146,0,3,3,39.0314292202808,0
Branch_9,2026-03-20,0.04968353578929676,1.0285837947571865,0,4,3,26.993319510342335,0
Branch_9,2026-03-21,0.04094825996629984,2.705800045634899,0,5,3,35.84420433729396,1
Branch_9,2026-03-22,0.041280675426075816,2.510967408616059,0,6,3,34.20572985778177,0
Branch_9,2026-03-23,0.03759254757829335,2.8528279686912708,0,0,3,29.23197910765405,0
Branch_9,2026-03-24,0.0428417416136723,3.261897400546019,0,1,3,23.58367497544146,0
Branch_9,2026-03-25,0.030592433570918894,1.8959674715562327,0,2,3,34.10963144480952,0
Branch_9,2026-03-26,0.021813623107347573,1.9438011842532847,0,3,3,44.88670597819265,0
Branch_9,2026-03-27,0.037005944150733994,2.6683640731575253,0,4,3,27.52754998576112,0
Branch_9,2026-03-28,0.03529136483511473,3.1507477458778004,0,5,3,35.42655164827087,0
Branch_9,2026-03-29,0.044912150629069766,2.9004320385014544,1,6,3,29.320161642606884,0
Branch_9,2026-03-30,0.034582330767335134,2.47743501304041,0,0,3,34.88131142099685,1
Branch_9,2026-03-31,0.017593936785406886,1.9865136084206119,0,1,3,35.76351061554334,0
Branch_9,2026-04-01,0.039728155525840136,3.076637356046273,1,2,4,37.53880297748123,0
Branch_9,2026-04-02,0.04315145499077133,2.6739351929542163,0,3,4,31.90328585972833,1
Branch_9,2026-04-03,0.018110800704542577,3.225751350579887,0,4,4,30.712174967817067,0
Branch_9,2026-04-04,0.012920943761256548,2.6009841875386117,0,5,4,30.081817564587755,0
Branch_9,2026-04-05,0.01141415234502678,1.9590680568169598,0,6,4,33.83692343150568,0
Branch_9,2026-04-06,0.039877056676200895,2.955052603338971,0,0,4,33.35619348619911,0
Branch_9,2026-04-07,0.03148068179080073,2.389286299975367,0,1,4,32.65975693012841,0
Branch_9,2026-04-08,0.018245381033930166,2.64775055874136,0,2,4,28.481957714780318,0
Branch_9,2026-04-09,0.047863622260601896,2.2022449895758447,0,3,4,27.354343142270018,1
Branch_9,2026-04-10,0.04100368996271704,2.904064797166533,0,4,4,33.405452703769946,0
Branch_9,2026-04-11,0.03781815610531323,2.941653042196776,0,5,4,22.594637582145932,0
Branch_9,2026-04-12,0.04997932030002327,2.7180424838114754,0,6,4,35.28692754670968,0
Branch_9,2026-04-13,0.02178606116625119,2.2037108526165206,0,0,4,34.38874021732889,1
Branch_9,2026-04-14,0.043428288925484074,2.2343174677210738,1,1,4,30.763303994219726,0
Branch_9,2026-04-15,0.014787911163861253,2.873927205273671,0,2,4,28.274027835510694,1
Branch_9,2026-04-16,0.04064078758277711,2.773805926072944,0,3,4,29.317831380939786,1
Branch_9,2026-04-17,0.020729451466626043,2.727937441946834,0,4,4,29.351605563082156,0
Branch_9,2026-04-18,0.037852061030461494,1.9417853153967974,0,5,4,28.70156579907391,0
Branch_9,2026-04-19,0.014670941624436504,1.5590565724317078,0,6,4,27.15688812481943,1
Branch_9,2026-04-20,0.035189468404230255,3.3175466603001396,0,0,4,38.077720599787654,0
Branch_9,2026-04-21,0.014753989794082233,3.1743383959173874,0,1,4,33.75875121001391,0
Branch_9,2026-04-22,0.03705140032235321,2.0847976949275666,0,2,4,32.25668087837888,0
Branch_9,2026-04-23,0.023303650893921498,2.041958847658905,0,3,4,31.66388571002089,0
Branch_9,2026-04-24,0.043316882211202036,3.2015799854400315,1,4,4,37.99769183341436,0
Branch_9,2026-04-25,0.02843325690955716,2.477487159358954,0,5,4,17.282470590585056,0
Branch_9,2026-04-26,0.012468601375078547,3.245596062363708,0,6,4,24.051932847199737,0
Branch_9,2026-04-27,0.013243798167827663,2.7176376560772644,0,0,4,26.841121193124177,0
Branch_9,2026-04-28,0.04650342328906631,2.212741072739753,0,1,4,30.006243888031104,0
Branch_9,2026-04-29,0.02959559673360461,2.2943564838499824,0,2,4,25.597329958746844,0
Branch_9,2026-04-30,0.032285174017474626,2.67664513987491,1,3,4,26.945722095675322,0
Branch_9,2026-05-01,0.013459592270993746,3.1447143342535258,0,4,5,36.56439317714823,1
Branch_9,2026-05-02,0.03206222958210518,2.8033903049183717,0,5,5,35.35899634058651,0
Branch_9,2026-05-03,0.011765773784861612,3.4158589505555668,0,6,5,24.312795978401862,0
Branch_9,2026-05-04,0.014773478247756922,2.1963258590441552,0,0,5,29.41873822010312,0
Branch_9,2026-05-05,0.02402306021360313,2.7807768661059598,0,1,5,30.538796510691473,0
Branch_9,2026-05-06,0.0468988797368059,2.1579076187726685,0,2,5,26.760206640939845,1
Branch_9,2026-05-07,0.019246097003698566,2.965286419569295,1,3,5,29.255775463785646,0
Branch_9,2026-05-08,0.019105186758513838,2.9591992843103725,0,4,5,35.18377102932093,0
Branch_9,2026-05-09,0.046899005201752934,2.202907703092654,0,5,5,25.58424079998064,0
Branch_9,2026-05-10,0.04978366649472499,2.6077713175740276,0,6,5,28.240951466757316,0
Branch_9,2026-05-11,0.01820255732990764,2.3936050637254054,0,0,5,32.066824621998464,0
Branch_9,2026-05-12,0.04786675457945585,3.0735120280674684,0,1,5,27.210898324287513,0
Branch_9,2026-05-13,0.026267232525227235,2.7234813459221963,0,2,5,30.96998436511654,0
Branch_9,2026-05-14,0.030944663685476815,2.366570124216659,0,3,5,24.627419044299895,0
Branch_9,2026-05-15,0.024174944239688828,3.0555724542753246,0,4,5,30.624877024800345,0
Branch_9,2026-05-16,0.018501961789964442,2.1088897659829313,0,5,5,20.757110141132827,0
Branch_9,2026-05-17,0.029698433590465496,2.861703174876671,0,6,5,25.255250174917403,0
Branch_9,2026-05-18,0.031742178936145136,2.3109726808483164,0,0,5,22.621288528508423,1
Branch_9,2026-05-19,0.010536551178832112,2.2960437319184726,1,1,5,30.244635317220723,1
Branch_9,2026-05-20,0.03302680469549196,3.2393141607169427,0,2,5,19.156273998938282,0
Branch_9,2026-05-21,0.039090878338538755,2.3319790161507314,0,3,5,30.399273922829543,0
Branch_9,2026-05-22,0.014111408346391343,2.9792061309441675,1,4,5,14.971257722652856,0
Branch_9,2026-05-23,0.030193119652809467,2.0380817242516693,0,5,5,25.28374411368372,0
Branch_9,2026-05-24,0.03275463761737346,2.4824316095909027,0,6,5,25.090959927078124,0
Branch_9,2026-05-25,0.036149641314451475,2.125641087947878,1,0,5,29.064026764550157,0
Branch_9,2026-05-26,0.02227465447895381,3.052309470224562,0,1,5,22.51717370219171,0
Branch_9,2026-05-27,0.04306422726239198,1.7166291192417038,0,2,5,22.24007507326276,1
Branch_9,2026-05-28,0.029364308654372163,3.3532585293712693,0,3,5,39.299426073044955,0
Branch_9,2026-05-29,0.03519530421476625,2.6085269564498326,0,4,5,20.755516747656646,0
Branch_9,2026-05-30,0.02758613270415286,2.3854644563137604,0,5,5,24.8880286918923,0
Branch_9,2026-05-31,0.01303617832475247,2.7203803424027693,0,6,5,25.65368855996344,0
Branch_9,2026-06-01,0.029559512893727064,2.2799604317936195,0,0,6,27.69928846106431,0
Branch_9,2026-06-02,0.017128724441730046,2.196178826817116,0,1,6,24.018469614736397,0
Branch_9,2026-06-03,0.03415376988392459,2.7570045931330043,0,2,6,29.570449211914596,0
Branch_9,2026-06-04,0.024502855646106228,2.5556931327465406,0,3,6,26.862897214709818,1
Branch_9,2026-06-05,0.031542011688755485,2.271451432013282,1,4,6,20.344346664622428,0
Branch_9,2026-06-06,0.01465030800790216,2.7337172884380183,0,5,6,22.84224343349053,0
Branch_9,2026-06-07,0.013075712802898445,2.8196531226775208,0,6,6,27.11676199155375,0
Branch_9,2026-06-08,0.01980102743290465,3.18269937525291,0,0,6,28.75450589717117,0
Branch_9,2026-06-09,0.02156063589135358,2.881453673420982,1,1,6,24.55775140438821,0
