client_id,age,income,credit_score,debt_to_income_ratio,num_bank_products,tenure_years,digital_usage_score,satisfaction_score,previous_insurance,family_size,employment_stability,region,marketing_exposure,complaints,life_events,buy_insurance
1,57,99390,850,0.6,4,14,2,5,0,5,Unstable,Urban,3,1,Child Birth,1
2,60,38413,710,0.31,2,9,6,7,0,5,Unstable,Urban,0,0,Home Purchase,0
3,69,61722,786,0.35,3,14,9,1,1,3,Stable,Urban,4,0,Home Purchase,1
4,47,77804,745,0.48,1,3,3,2,1,5,Unstable,Urban,2,2,Marriage,1
5,69,54265,769,0.42,3,13,4,4,1,4,Unstable,Rural,0,2,Child Birth,1
6,69,63746,622,0.52,1,14,9,9,0,2,Unstable,Suburban,4,1,Marriage,1
7,58,60273,720,0.34,4,17,9,8,0,3,Stable,Suburban,2,2,Child Birth,0
8,33,22963,693,0.59,3,3,5,9,0,3,Unstable,Urban,0,0,Marriage,0
9,48,51383,628,0.5,2,15,9,4,0,5,Stable,Urban,3,1,Home Purchase,0
10,32,60309,792,0.3,4,2,5,7,1,1,Unstable,Suburban,1,1,Child Birth,0
11,31,62578,498,0.29,3,10,5,3,0,5,Unstable,Suburban,1,0,Marriage,0
12,60,20000,834,0.56,1,15,7,8,0,1,Stable,Suburban,3,1,None,0
13,42,78842,478,0.44,4,19,6,7,0,5,Unstable,Urban,1,1,Marriage,0
14,27,63237,684,0.41,1,12,7,8,0,1,Unstable,Urban,0,0,Marriage,0
15,52,33615,794,0.48,5,17,2,9,1,1,Unstable,Rural,3,0,Child Birth,0
16,30,104976,581,0.38,2,16,9,6,1,4,Stable,Rural,3,1,None,1
17,68,51335,742,0.18,1,8,6,4,0,4,Unstable,Rural,1,0,Home Purchase,0
18,68,52958,731,0.26,3,5,9,3,1,4,Unstable,Rural,1,2,Marriage,0
19,45,76042,732,0.38,5,15,1,3,0,5,Unstable,Suburban,3,2,Home Purchase,1
20,52,107100,665,0.11,4,8,2,6,1,2,Stable,Rural,0,2,Child Birth,0
21,64,77025,653,0.32,3,18,7,8,0,4,Stable,Rural,4,1,Marriage,0
22,25,80652,542,0.48,4,8,2,8,0,3,Stable,Rural,0,0,Marriage,1
23,60,34959,689,0.18,5,19,6,8,0,2,Stable,Rural,0,1,None,0
24,45,62173,791,0.13,3,17,2,9,1,3,Stable,Urban,4,0,Child Birth,0
25,67,46693,654,0.52,1,4,5,1,0,4,Stable,Urban,0,0,None,0
26,59,77603,659,0.41,3,4,6,7,0,3,Stable,Suburban,0,1,Marriage,0
27,37,79924,850,0.19,2,9,7,9,1,5,Stable,Urban,3,2,Child Birth,0
28,34,100830,683,0.5,1,14,1,2,0,3,Unstable,Suburban,4,1,Child Birth,1
29,68,20000,735,0.43,2,1,2,4,1,2,Unstable,Rural,4,1,None,0
30,34,44235,753,0.27,3,9,2,6,0,4,Stable,Rural,0,1,Child Birth,0
31,37,92506,683,0.29,3,13,1,4,0,3,Stable,Rural,2,2,Marriage,0
32,61,24961,768,0.18,4,18,3,9,1,3,Stable,Rural,4,1,Marriage,0
33,62,80141,798,0.52,3,10,6,1,0,3,Unstable,Urban,1,2,Marriage,1
34,48,88350,790,0.35,1,4,9,9,0,3,Unstable,Urban,4,2,Home Purchase,1
35,26,59291,801,0.38,2,15,3,1,0,2,Stable,Urban,1,1,Home Purchase,0
36,46,24463,491,0.54,5,4,3,1,0,1,Stable,Suburban,1,2,Marriage,1
37,41,56962,582,0.11,2,11,2,5,1,5,Unstable,Suburban,1,2,Child Birth,0
38,60,96467,648,0.13,4,12,2,1,0,4,Stable,Suburban,4,2,Child Birth,0
39,38,98475,620,0.18,5,13,7,9,0,1,Stable,Suburban,4,0,Home Purchase,0
40,34,65197,627,0.12,5,2,4,6,0,5,Stable,Rural,3,2,None,0
41,59,35569,788,0.43,3,8,6,9,0,3,Unstable,Rural,3,1,Home Purchase,0
42,49,103459,710,0.42,4,4,8,5,1,1,Unstable,Urban,1,0,Child Birth,1
43,27,80523,686,0.21,4,9,5,6,0,5,Stable,Rural,3,2,Home Purchase,1
44,62,37212,677,0.17,3,2,3,2,0,5,Unstable,Urban,2,1,Marriage,0
45,41,68562,659,0.17,1,5,2,9,0,1,Unstable,Suburban,3,2,None,1
46,36,67418,675,0.58,3,5,6,3,1,3,Unstable,Rural,1,1,Child Birth,0
47,48,44080,838,0.45,4,4,8,5,0,3,Stable,Rural,0,2,Home Purchase,0
48,53,68702,523,0.39,5,19,4,8,0,4,Unstable,Rural,2,2,None,0
49,67,87654,827,0.26,1,9,2,5,1,5,Unstable,Rural,4,1,Marriage,1
50,49,52593,850,0.32,4,12,3,4,1,4,Unstable,Urban,2,0,Marriage,0
51,60,90206,826,0.14,4,3,3,4,0,3,Unstable,Suburban,0,1,Home Purchase,0
52,50,20000,601,0.6,3,5,9,5,1,5,Unstable,Suburban,0,0,None,1
53,62,115456,651,0.48,2,2,4,3,0,4,Stable,Urban,1,2,Marriage,0
54,25,61433,803,0.41,4,13,6,4,0,4,Stable,Urban,0,2,Home Purchase,0
55,44,86825,675,0.39,2,7,9,5,1,4,Unstable,Rural,4,2,Child Birth,1
56,52,65465,649,0.35,1,8,8,4,0,5,Unstable,Suburban,2,2,Child Birth,1
57,40,39411,689,0.23,5,11,9,3,0,2,Stable,Rural,2,0,Child Birth,1
58,41,59090,587,0.21,2,12,6,1,0,2,Stable,Rural,2,0,Marriage,0
59,64,20000,686,0.37,2,18,2,2,0,3,Unstable,Rural,3,2,Child Birth,0
60,52,77209,579,0.14,2,18,5,9,0,5,Unstable,Suburban,2,2,Child Birth,0
61,36,64844,772,0.14,2,16,3,2,0,5,Stable,Rural,0,1,Marriage,0
62,51,55211,615,0.38,2,6,3,2,0,1,Stable,Rural,3,1,Home Purchase,0
63,66,78817,705,0.56,1,18,1,5,0,4,Stable,Rural,2,0,Marriage,0
64,54,60938,655,0.56,4,17,4,9,0,3,Stable,Rural,2,0,Child Birth,0
65,65,75170,738,0.11,5,18,7,3,0,5,Unstable,Urban,3,1,Child Birth,0
66,58,84057,782,0.15,4,3,3,9,0,1,Unstable,Urban,1,1,None,0
67,61,46269,728,0.39,1,9,7,4,0,1,Unstable,Rural,2,1,Marriage,1
68,30,39114,629,0.52,1,7,6,3,0,5,Unstable,Rural,1,2,Child Birth,0
69,31,20000,643,0.58,2,7,1,5,0,3,Stable,Rural,4,2,Home Purchase,0
70,56,63064,850,0.53,1,19,5,7,0,3,Stable,Rural,2,1,None,0
71,56,71302,794,0.44,1,1,6,7,1,2,Stable,Rural,3,2,Child Birth,0
72,49,26909,680,0.2,2,1,9,2,1,2,Unstable,Rural,3,2,Marriage,0
73,57,95509,642,0.14,1,1,6,7,1,3,Stable,Rural,4,1,Child Birth,0
74,31,39441,556,0.12,1,11,8,7,0,1,Unstable,Suburban,3,2,Marriage,1
75,36,20000,812,0.41,1,18,2,2,0,2,Stable,Suburban,0,1,Marriage,0
76,40,97370,628,0.12,3,13,1,9,1,1,Stable,Urban,1,2,None,1
77,40,20000,805,0.47,4,15,1,8,0,2,Stable,Urban,0,1,Home Purchase,1
78,67,84104,782,0.46,3,17,7,2,0,1,Stable,Rural,2,0,Home Purchase,1
79,60,78027,835,0.14,4,10,8,6,0,4,Stable,Suburban,0,0,None,0
80,37,67988,775,0.55,2,8,8,8,0,5,Stable,Rural,1,2,Child Birth,0
81,31,46930,679,0.36,2,9,3,9,0,3,Stable,Suburban,4,0,None,1
82,60,72569,701,0.55,4,19,5,1,0,4,Unstable,Suburban,4,1,Home Purchase,0
83,33,86212,702,0.55,4,18,7,7,0,3,Stable,Rural,4,0,None,1
84,56,35354,673,0.2,5,8,9,5,1,1,Stable,Suburban,4,1,Child Birth,0
85,35,84409,537,0.29,4,5,5,9,0,2,Unstable,Urban,2,1,Marriage,1
86,32,83271,484,0.17,4,14,4,9,0,2,Unstable,Rural,3,0,Child Birth,0
87,57,67326,775,0.49,2,13,4,3,1,2,Stable,Suburban,4,1,Marriage,0
88,47,46550,681,0.35,2,1,6,7,0,5,Stable,Rural,0,1,Child Birth,1
89,49,83386,796,0.56,1,11,9,3,0,5,Unstable,Suburban,0,0,Marriage,0
90,32,72707,662,0.2,1,12,1,4,0,3,Unstable,Rural,3,1,Child Birth,0
91,69,34601,699,0.44,2,6,1,8,0,2,Unstable,Urban,1,2,None,0
92,46,50816,792,0.59,1,12,1,1,0,4,Unstable,Suburban,1,2,None,0
93,28,80476,850,0.43,3,3,4,4,0,3,Unstable,Urban,4,1,None,1
94,64,62864,668,0.13,3,8,4,4,1,5,Unstable,Suburban,0,2,Marriage,1
95,27,87149,599,0.39,1,2,8,3,0,5,Unstable,Rural,3,0,Marriage,0
96,53,51458,821,0.19,1,6,5,2,1,2,Stable,Suburban,1,0,Home Purchase,1
97,65,35002,671,0.12,4,3,4,8,1,5,Stable,Suburban,4,1,Marriage,1
98,53,114840,651,0.27,4,7,8,6,0,1,Unstable,Suburban,4,1,Marriage,0
99,58,20000,660,0.23,3,16,7,2,0,5,Unstable,Rural,3,2,Home Purchase,0
100,58,47504,628,0.49,3,17,6,8,0,2,Unstable,Suburban,0,2,Home Purchase,1
101,52,66993,777,0.29,4,12,2,8,0,3,Stable,Urban,1,1,Child Birth,1
102,37,84652,566,0.47,4,15,5,7,0,5,Stable,Urban,1,2,Home Purchase,0
103,39,76161,710,0.11,4,14,2,8,0,4,Unstable,Suburban,0,0,Home Purchase,1
104,47,117781,724,0.11,1,1,6,9,0,4,Stable,Rural,0,2,Marriage,1
105,68,57060,640,0.11,2,12,9,3,0,1,Unstable,Suburban,4,0,None,0
106,50,38175,850,0.21,3,14,9,2,0,3,Stable,Rural,0,0,Marriage,0
107,28,54507,789,0.29,5,16,6,7,0,1,Stable,Urban,2,0,Marriage,1
108,50,52000,654,0.4,4,15,4,2,0,1,Stable,Suburban,3,1,Child Birth,0
109,64,58292,689,0.59,1,8,9,3,0,2,Unstable,Suburban,3,2,Marriage,0
110,33,35437,789,0.28,3,1,5,6,1,2,Stable,Suburban,0,1,Home Purchase,1
111,29,79601,708,0.13,4,13,8,9,1,2,Stable,Urban,3,1,Home Purchase,0
112,56,69270,840,0.2,1,3,9,9,1,4,Stable,Urban,4,1,Marriage,1
113,44,28402,756,0.55,3,12,5,2,1,5,Unstable,Urban,1,0,Home Purchase,0
114,35,84200,725,0.45,3,7,6,1,0,3,Stable,Rural,1,0,None,0
115,39,39712,724,0.5,5,8,4,6,0,2,Unstable,Suburban,3,0,Home Purchase,1
116,56,30429,850,0.16,5,17,1,7,1,3,Unstable,Rural,0,0,Home Purchase,1
117,52,62183,598,0.17,3,18,1,8,0,1,Unstable,Suburban,3,2,None,0
118,46,20000,590,0.16,1,10,5,4,1,5,Stable,Rural,2,0,None,1
119,65,74737,675,0.53,4,15,3,7,0,4,Stable,Rural,4,2,None,1
120,41,20000,840,0.2,4,10,7,9,1,3,Stable,Urban,3,1,Child Birth,1
121,50,34265,453,0.42,3,9,4,1,0,5,Unstable,Rural,4,1,Home Purchase,0
122,68,99378,509,0.36,4,1,4,3,0,3,Unstable,Rural,0,1,Home Purchase,1
123,31,42833,660,0.37,5,5,4,5,0,1,Unstable,Rural,0,2,Home Purchase,0
124,66,47210,850,0.2,4,15,6,7,0,2,Stable,Rural,4,0,None,0
125,50,91841,702,0.42,2,14,9,5,1,1,Unstable,Rural,3,1,Child Birth,0
126,49,40178,583,0.12,5,11,9,1,0,3,Stable,Suburban,0,2,Home Purchase,0
127,34,79085,782,0.6,5,17,5,1,0,4,Unstable,Rural,2,2,Child Birth,1
128,69,89354,850,0.11,3,14,8,1,1,3,Unstable,Rural,2,0,Marriage,1
129,43,71963,636,0.13,3,6,4,8,0,4,Unstable,Suburban,4,0,Child Birth,1
130,35,23877,745,0.26,4,4,8,7,1,4,Stable,Urban,2,2,Marriage,0
131,37,44900,715,0.52,4,13,9,3,1,3,Stable,Urban,4,1,Home Purchase,0
132,32,127840,757,0.23,3,17,8,4,0,3,Stable,Urban,3,1,None,0
133,64,47736,654,0.34,1,12,8,8,1,4,Unstable,Suburban,1,2,Child Birth,0
134,28,134658,762,0.11,4,12,9,7,0,3,Unstable,Rural,0,1,Home Purchase,1
135,55,102724,783,0.14,1,4,8,7,0,5,Stable,Rural,0,2,Child Birth,0
136,52,72976,771,0.4,5,2,4,6,0,4,Stable,Suburban,3,0,Marriage,1
137,35,67430,537,0.2,2,6,5,9,1,4,Unstable,Suburban,3,0,Home Purchase,0
138,67,48379,556,0.45,1,6,6,6,0,3,Stable,Suburban,3,1,Marriage,1
139,25,57777,631,0.49,4,1,5,1,1,1,Stable,Urban,0,2,Home Purchase,1
140,62,42781,726,0.53,3,11,9,5,0,5,Stable,Urban,4,2,Child Birth,0
141,48,58409,755,0.17,3,12,2,8,0,3,Unstable,Urban,2,1,None,0
142,55,25945,594,0.33,2,4,6,6,0,2,Stable,Suburban,0,0,None,0
143,65,24605,732,0.57,2,16,2,5,0,5,Unstable,Urban,1,2,Marriage,0
144,50,92525,794,0.49,5,19,8,9,1,2,Unstable,Suburban,4,2,None,1
145,29,20000,766,0.16,1,11,8,7,0,5,Unstable,Urban,3,1,Marriage,0
146,44,82153,654,0.35,2,11,5,7,1,4,Stable,Rural,1,0,Marriage,1
147,65,20000,663,0.56,5,13,8,1,0,5,Stable,Suburban,2,0,Home Purchase,0
148,35,75740,570,0.32,5,13,5,2,0,3,Stable,Rural,2,2,Marriage,0
149,57,54810,850,0.52,5,8,4,5,0,2,Unstable,Suburban,0,0,None,1
150,62,93032,747,0.35,4,11,9,3,0,1,Unstable,Urban,4,1,None,1
151,51,51700,538,0.15,2,16,8,8,1,2,Unstable,Rural,1,1,None,0
152,58,20000,822,0.17,3,13,4,4,0,4,Stable,Urban,3,0,Marriage,1
153,39,55299,765,0.12,5,3,2,7,0,4,Unstable,Suburban,3,1,None,0
154,56,63991,819,0.2,3,11,2,5,1,1,Unstable,Rural,1,0,Home Purchase,0
155,45,56700,644,0.55,4,8,2,6,0,5,Stable,Suburban,0,0,None,0
156,29,74377,658,0.43,1,10,8,7,1,5,Stable,Urban,1,2,Child Birth,0
157,30,45890,618,0.47,4,18,6,8,1,4,Unstable,Suburban,4,2,Home Purchase,0
158,62,28414,850,0.41,4,17,1,3,0,1,Stable,Urban,3,1,Home Purchase,0
159,46,35008,649,0.29,2,7,4,3,0,4,Stable,Suburban,3,2,Home Purchase,0
160,42,47105,604,0.21,5,18,3,2,0,2,Unstable,Suburban,1,2,Marriage,1
161,38,46891,635,0.56,4,10,7,6,0,5,Unstable,Suburban,0,2,Child Birth,0
162,34,120153,667,0.36,5,13,5,2,0,2,Unstable,Urban,0,0,Marriage,1
163,37,91377,850,0.34,3,7,1,1,0,2,Stable,Suburban,2,2,Home Purchase,0
164,55,77167,727,0.6,1,7,6,1,1,3,Stable,Suburban,2,2,Child Birth,0
165,54,71150,823,0.29,1,11,4,9,1,5,Unstable,Rural,1,1,Home Purchase,1
166,27,67494,728,0.53,3,10,6,1,0,4,Stable,Suburban,1,0,Marriage,1
167,54,67625,681,0.53,2,12,7,7,0,4,Unstable,Rural,3,0,Home Purchase,1
168,30,64082,595,0.22,3,13,9,5,0,2,Stable,Suburban,3,1,None,0
169,53,61002,850,0.15,3,12,1,6,0,1,Unstable,Rural,1,2,Child Birth,0
170,32,20000,799,0.59,2,12,6,9,0,3,Unstable,Suburban,2,1,Marriage,0
171,68,50771,808,0.31,2,6,8,3,0,3,Stable,Urban,0,1,Home Purchase,1
172,69,53992,792,0.1,4,3,4,6,1,2,Unstable,Suburban,3,2,Home Purchase,0
173,67,41275,628,0.35,5,8,9,7,0,3,Stable,Urban,3,2,Marriage,0
174,68,46097,726,0.41,1,17,4,2,0,3,Unstable,Rural,2,1,Home Purchase,0
175,57,67518,808,0.49,2,13,4,6,1,2,Unstable,Rural,2,1,None,1
176,41,79189,794,0.57,2,8,9,6,0,4,Unstable,Suburban,0,0,Marriage,1
177,35,67480,715,0.56,4,5,4,5,0,2,Unstable,Rural,0,2,Marriage,0
178,37,78561,850,0.57,4,4,9,7,0,2,Stable,Suburban,3,1,Home Purchase,0
179,35,79002,753,0.12,5,16,1,9,0,5,Stable,Rural,1,1,Marriage,1
180,55,52507,832,0.46,2,18,8,7,0,4,Stable,Rural,4,1,Marriage,0
181,52,73132,720,0.21,2,4,2,2,0,2,Unstable,Urban,2,0,None,1
182,68,20000,662,0.19,4,11,8,4,0,5,Stable,Suburban,1,2,None,0
183,30,50391,796,0.5,3,8,5,1,0,3,Stable,Suburban,4,0,Marriage,0
184,65,47453,773,0.31,5,1,1,2,1,1,Unstable,Suburban,4,2,Marriage,1
185,40,98283,734,0.56,2,13,1,9,0,4,Unstable,Suburban,3,0,None,1
186,28,68427,615,0.12,1,4,6,7,0,5,Stable,Suburban,2,1,Home Purchase,0
187,59,26638,801,0.5,1,4,1,8,1,4,Unstable,Suburban,4,1,Marriage,0
188,50,74864,620,0.17,4,4,2,8,0,5,Unstable,Suburban,1,2,None,0
189,36,82744,777,0.19,1,13,3,2,0,3,Stable,Urban,2,1,None,1
190,35,57758,590,0.34,4,19,2,5,0,3,Stable,Urban,4,2,Home Purchase,0
191,61,77256,615,0.3,3,16,9,1,0,1,Unstable,Rural,4,1,Child Birth,0
192,49,20000,729,0.34,4,14,6,9,0,3,Stable,Suburban,1,1,Marriage,1
193,42,20000,757,0.57,2,10,9,5,0,3,Stable,Urban,3,0,None,1
194,43,30533,721,0.43,1,5,5,1,1,1,Stable,Suburban,0,2,Home Purchase,0
195,47,63725,647,0.25,2,15,4,7,0,4,Unstable,Rural,3,0,Child Birth,0
196,62,98304,811,0.19,1,6,2,9,0,3,Stable,Suburban,3,2,None,1
197,42,31839,713,0.31,1,19,4,1,0,4,Stable,Suburban,0,1,Marriage,0
198,50,38658,719,0.33,4,14,8,1,0,1,Unstable,Suburban,2,0,Home Purchase,0
199,30,62215,684,0.4,5,11,2,1,0,2,Stable,Suburban,4,0,Marriage,0
200,28,47692,627,0.23,1,3,8,7,0,3,Unstable,Urban,2,1,Child Birth,1
201,68,46270,812,0.48,1,2,2,3,0,4,Unstable,Urban,0,2,Marriage,0
202,53,49463,635,0.15,5,6,1,9,0,5,Stable,Suburban,0,2,Home Purchase,1
203,58,92869,850,0.38,2,8,4,9,1,5,Stable,Suburban,3,2,Child Birth,0
204,41,87903,617,0.41,1,1,7,7,1,2,Unstable,Suburban,2,2,Home Purchase,0
205,67,60586,732,0.2,4,14,2,3,1,3,Unstable,Suburban,4,0,Child Birth,1
206,67,101362,706,0.51,5,16,3,8,1,3,Stable,Rural,1,2,Child Birth,0
207,40,72725,688,0.41,5,17,6,6,0,3,Unstable,Suburban,3,0,Marriage,0
208,26,88847,768,0.42,1,8,2,4,0,5,Stable,Urban,2,2,None,0
209,58,38486,778,0.35,2,17,9,8,0,2,Stable,Suburban,3,1,Home Purchase,0
210,32,43658,753,0.55,2,13,6,3,0,5,Stable,Suburban,0,0,Home Purchase,0
211,37,43390,593,0.45,3,19,6,1,1,3,Stable,Rural,1,0,None,0
212,66,57831,582,0.29,3,9,8,4,0,2,Unstable,Suburban,0,2,Home Purchase,1
213,32,61497,576,0.22,4,3,1,9,0,5,Stable,Rural,3,0,Marriage,0
214,54,68104,675,0.14,1,18,3,7,0,3,Stable,Suburban,4,0,Child Birth,1
215,56,109327,850,0.18,2,1,2,1,0,2,Stable,Urban,2,0,Home Purchase,0
216,60,78031,695,0.6,3,13,1,1,0,2,Stable,Rural,2,0,Home Purchase,1
217,54,47130,850,0.3,1,13,6,1,0,1,Stable,Suburban,4,2,Home Purchase,0
218,25,59918,696,0.55,1,12,4,6,0,2,Stable,Suburban,2,1,Marriage,1
219,67,97623,715,0.19,2,1,6,9,1,1,Unstable,Urban,1,1,Home Purchase,0
220,63,79546,759,0.31,1,10,8,3,0,3,Unstable,Urban,4,2,Marriage,0
221,41,97294,670,0.58,5,19,7,3,0,1,Stable,Urban,3,0,Child Birth,1
222,44,47932,722,0.15,3,7,3,7,0,3,Stable,Suburban,3,0,Child Birth,0
223,48,42208,529,0.4,4,14,3,6,0,3,Unstable,Urban,1,2,Marriage,0
224,46,42573,611,0.56,3,6,6,9,0,4,Stable,Urban,2,2,Child Birth,0
225,53,49950,531,0.57,1,6,1,3,1,1,Stable,Rural,0,2,Home Purchase,0
226,46,33417,772,0.52,5,9,3,7,1,2,Stable,Rural,3,0,Marriage,0
227,68,67379,563,0.53,3,16,8,7,1,2,Unstable,Suburban,4,2,None,0
228,33,67809,841,0.43,2,5,3,9,1,3,Stable,Urban,2,1,None,1
229,61,93469,735,0.21,5,15,1,6,1,1,Stable,Urban,4,2,Child Birth,0
230,34,20000,795,0.47,3,1,9,9,0,5,Unstable,Suburban,2,2,Child Birth,1
231,60,36396,635,0.59,1,4,2,6,1,2,Stable,Urban,3,2,None,1
232,61,80139,587,0.36,2,10,7,2,1,5,Unstable,Urban,4,0,Home Purchase,0
233,52,64586,665,0.23,1,6,8,6,0,1,Unstable,Rural,4,0,Child Birth,1
234,52,61120,806,0.39,1,2,3,5,1,2,Stable,Urban,1,0,None,0
235,66,91596,850,0.45,2,10,7,6,1,5,Unstable,Urban,2,1,Child Birth,0
236,67,34751,750,0.2,5,19,4,9,0,2,Stable,Suburban,3,2,None,0
237,45,41781,568,0.46,3,9,2,6,0,4,Unstable,Urban,1,2,None,0
238,48,38837,602,0.39,5,11,4,5,0,4,Stable,Suburban,1,1,Child Birth,0
239,66,20000,551,0.41,2,4,8,5,0,3,Stable,Suburban,0,1,Marriage,0
240,64,63320,687,0.25,3,10,2,3,0,1,Unstable,Suburban,3,2,None,0
241,26,46928,672,0.18,2,6,6,5,0,2,Stable,Urban,0,1,None,0
242,32,41677,686,0.41,4,3,3,5,0,5,Unstable,Urban,2,0,Home Purchase,0
243,51,37164,592,0.39,4,13,3,3,0,2,Stable,Suburban,1,0,Child Birth,0
244,46,59556,582,0.27,5,19,6,7,0,2,Unstable,Rural,3,2,Child Birth,0
245,61,40036,709,0.25,2,3,3,8,0,5,Stable,Urban,4,2,Marriage,1
246,51,65539,748,0.27,3,18,2,7,0,5,Unstable,Rural,1,0,Home Purchase,1
247,53,71479,581,0.34,5,12,2,2,1,4,Stable,Suburban,3,2,None,0
248,27,52635,747,0.59,4,12,3,7,0,3,Stable,Rural,1,1,None,1
249,68,50938,794,0.48,4,12,2,1,0,5,Unstable,Suburban,2,2,Home Purchase,0
250,37,64637,466,0.53,4,7,6,3,0,2,Stable,Urban,3,1,Home Purchase,1
251,69,59278,850,0.35,5,9,4,4,0,4,Stable,Suburban,2,0,Marriage,0
252,34,93253,770,0.36,3,12,1,6,1,1,Unstable,Rural,3,1,None,1
253,60,67956,795,0.2,4,19,3,9,0,4,Stable,Rural,2,0,Home Purchase,0
254,33,87389,597,0.46,5,4,3,9,0,4,Stable,Urban,0,1,None,0
255,51,75262,778,0.31,5,10,4,6,1,4,Stable,Suburban,3,1,Child Birth,0
256,58,27039,790,0.47,1,19,6,9,0,2,Stable,Suburban,2,2,Home Purchase,0
257,25,46043,634,0.3,1,17,1,6,0,5,Stable,Urban,3,1,Home Purchase,0
258,56,58797,777,0.15,3,18,2,7,0,3,Stable,Suburban,4,0,None,0
259,49,81711,686,0.19,4,10,3,6,0,1,Stable,Suburban,4,2,Marriage,0
260,53,108195,638,0.51,1,12,5,3,0,3,Stable,Urban,2,0,Marriage,0
261,31,47896,680,0.23,3,8,7,1,0,2,Unstable,Rural,4,1,Home Purchase,0
262,27,61381,716,0.23,1,19,1,4,0,3,Unstable,Suburban,2,2,Home Purchase,0
263,44,79997,669,0.56,4,1,2,1,0,3,Stable,Suburban,4,2,None,1
264,44,58554,620,0.43,5,4,4,1,0,1,Unstable,Urban,1,0,Marriage,0
265,54,101102,739,0.16,4,6,1,5,0,4,Stable,Suburban,1,2,Child Birth,0
266,59,26305,755,0.17,1,4,1,8,0,5,Stable,Rural,3,2,Home Purchase,0
267,59,76950,714,0.24,4,16,9,1,1,5,Stable,Rural,2,1,Marriage,1
268,63,76705,538,0.4,5,8,6,5,0,3,Unstable,Urban,4,2,Home Purchase,0
269,51,88800,641,0.48,2,9,2,8,0,1,Stable,Urban,3,0,Home Purchase,1
270,50,61551,615,0.24,5,15,7,3,0,5,Stable,Suburban,1,2,Child Birth,1
271,38,82288,850,0.54,1,18,6,6,1,5,Unstable,Suburban,1,1,None,1
272,41,53771,711,0.15,5,3,6,7,0,5,Unstable,Urban,2,2,Home Purchase,0
273,42,39965,671,0.2,3,17,8,8,0,3,Unstable,Suburban,1,0,Home Purchase,1
274,69,36319,644,0.59,4,1,3,3,0,2,Stable,Urban,3,1,None,0
275,53,23964,687,0.17,2,7,2,1,1,3,Unstable,Rural,3,2,Marriage,0
276,44,48966,775,0.54,2,10,9,8,0,3,Unstable,Rural,3,1,Home Purchase,0
277,51,67787,517,0.45,4,15,5,4,0,2,Stable,Rural,0,0,Marriage,0
278,42,54796,723,0.14,4,13,6,2,0,5,Stable,Suburban,2,1,Marriage,0
279,28,64949,649,0.34,3,5,7,1,0,3,Stable,Urban,1,1,None,1
280,25,90871,743,0.36,5,7,2,6,1,4,Stable,Rural,0,1,Child Birth,0
281,25,47062,779,0.57,2,14,6,1,0,5,Unstable,Suburban,3,1,Marriage,0
282,50,118507,630,0.31,1,14,1,6,1,5,Unstable,Urban,2,0,Child Birth,0
283,69,78881,563,0.32,4,9,9,8,1,5,Stable,Suburban,0,1,Marriage,0
284,44,55076,669,0.16,4,6,6,3,1,3,Unstable,Rural,1,0,Child Birth,0
285,47,54509,828,0.42,2,19,7,6,0,1,Stable,Urban,1,1,Child Birth,0
286,34,34796,783,0.21,4,15,5,6,0,1,Stable,Urban,4,2,Home Purchase,0
287,35,59357,662,0.14,2,16,2,5,0,2,Unstable,Suburban,2,2,Marriage,0
288,65,20000,636,0.6,1,12,4,3,0,1,Stable,Urban,4,2,None,1
289,65,91394,644,0.23,1,3,5,6,0,5,Stable,Urban,3,0,None,0
290,29,20000,570,0.17,2,3,2,1,1,4,Stable,Suburban,1,1,None,0
291,25,61043,778,0.45,4,6,9,4,1,4,Stable,Urban,3,0,Marriage,1
292,41,31400,796,0.51,3,19,2,8,1,5,Unstable,Rural,4,0,Marriage,1
293,46,42470,661,0.13,3,12,2,6,0,3,Stable,Rural,1,1,Child Birth,1
294,58,45696,649,0.15,5,16,2,4,0,3,Stable,Suburban,2,2,Marriage,0
295,69,108140,630,0.15,3,18,2,6,0,5,Unstable,Rural,0,2,Child Birth,1
296,65,32418,654,0.12,4,4,5,1,1,5,Stable,Rural,3,2,Child Birth,0
297,53,82856,626,0.43,3,13,7,3,0,2,Stable,Rural,3,2,Home Purchase,1
298,28,89010,684,0.39,5,13,1,7,0,3,Stable,Urban,1,1,None,0
299,29,20000,778,0.43,1,2,9,1,1,1,Unstable,Rural,1,1,Child Birth,0
300,35,44616,768,0.35,2,9,6,2,1,1,Unstable,Rural,4,2,Marriage,0
301,45,97111,616,0.51,3,11,1,3,0,3,Stable,Urban,3,0,None,0
302,59,27130,715,0.37,2,3,1,4,1,4,Unstable,Rural,3,1,Marriage,0
303,36,89956,764,0.56,2,17,9,6,0,5,Stable,Urban,3,0,Marriage,1
304,50,59553,606,0.34,1,12,9,9,0,2,Stable,Urban,0,1,None,0
305,43,58472,714,0.5,5,5,1,1,0,2,Unstable,Rural,3,1,None,0
306,69,61737,821,0.3,4,14,1,4,1,2,Stable,Rural,4,2,Marriage,1
307,31,68564,675,0.32,4,19,5,4,0,1,Stable,Urban,3,1,Marriage,0
308,31,36109,498,0.52,4,17,5,6,1,4,Stable,Rural,4,2,Marriage,0
309,50,53489,448,0.15,5,4,7,1,1,4,Unstable,Urban,1,0,Marriage,0
310,64,69264,731,0.38,5,1,4,9,1,2,Unstable,Urban,4,0,Child Birth,1
311,29,64422,710,0.46,5,17,1,1,1,5,Unstable,Suburban,3,0,Marriage,0
312,45,68730,718,0.48,3,10,6,1,1,5,Unstable,Rural,2,1,None,1
313,38,42032,748,0.4,2,8,3,3,0,5,Unstable,Suburban,1,2,None,0
314,28,75807,552,0.32,5,11,7,1,0,2,Unstable,Suburban,0,1,Marriage,0
315,47,63161,619,0.23,5,10,1,4,0,5,Unstable,Urban,0,1,Home Purchase,0
316,66,20482,742,0.55,3,19,4,7,0,3,Stable,Urban,2,1,None,1
317,44,46715,773,0.28,2,6,9,9,1,2,Stable,Suburban,2,2,None,1
318,39,37612,674,0.5,4,11,6,4,1,4,Stable,Rural,1,2,Child Birth,0
319,69,37290,556,0.12,1,16,2,6,0,1,Stable,Suburban,3,1,Home Purchase,0
320,53,48087,733,0.22,5,10,6,2,0,3,Stable,Suburban,1,0,Home Purchase,0
321,32,75336,705,0.27,5,1,9,7,0,1,Unstable,Rural,0,2,Child Birth,0
322,65,44330,594,0.44,1,8,1,8,1,3,Stable,Urban,1,0,Home Purchase,0
323,43,65626,501,0.26,5,17,5,3,0,2,Unstable,Suburban,3,1,None,0
324,63,61529,757,0.12,5,19,8,1,0,4,Unstable,Rural,3,1,None,0
325,52,40523,638,0.19,5,9,7,2,0,3,Unstable,Rural,0,0,Child Birth,0
326,51,51379,718,0.23,1,8,2,2,0,2,Stable,Rural,4,0,None,0
327,28,81621,714,0.19,3,9,8,6,1,4,Unstable,Urban,0,1,Marriage,1
328,39,63745,585,0.2,3,16,9,7,0,1,Stable,Rural,4,0,Marriage,1
329,59,73720,741,0.48,1,14,8,5,0,3,Stable,Suburban,3,1,Marriage,0
330,61,91812,614,0.31,3,6,6,1,0,2,Stable,Rural,3,1,Child Birth,0
331,25,70873,550,0.3,4,9,9,5,0,3,Unstable,Rural,3,1,None,0
332,27,20000,537,0.58,4,11,8,8,1,5,Unstable,Suburban,2,2,Home Purchase,0
333,48,66764,699,0.32,1,15,4,2,0,3,Unstable,Rural,1,2,None,0
334,51,44547,850,0.56,2,15,6,8,1,4,Stable,Suburban,4,0,Marriage,1
335,64,105257,704,0.25,5,5,5,6,0,5,Stable,Urban,1,1,None,1
336,60,69981,850,0.3,2,8,9,1,0,4,Unstable,Urban,1,1,Marriage,0
337,58,45064,844,0.3,5,3,4,9,1,1,Stable,Rural,0,0,Marriage,1
338,53,74162,751,0.37,3,4,1,8,0,5,Unstable,Urban,0,2,Marriage,1
339,48,62269,850,0.39,3,7,9,5,0,5,Stable,Urban,4,0,None,0
340,48,20000,846,0.22,4,17,9,4,0,4,Unstable,Rural,0,2,Marriage,1
341,66,81576,817,0.5,2,12,7,1,0,2,Unstable,Suburban,0,2,Child Birth,1
342,28,49861,511,0.35,1,6,5,2,0,3,Unstable,Suburban,4,0,Child Birth,0
343,27,95515,676,0.1,5,4,7,5,0,1,Stable,Suburban,1,0,Home Purchase,0
344,58,56889,630,0.4,3,18,9,5,0,1,Unstable,Suburban,2,2,Child Birth,0
345,47,95982,817,0.5,5,16,3,8,1,2,Unstable,Suburban,1,1,Marriage,0
346,47,70622,669,0.23,1,1,5,5,1,4,Unstable,Rural,4,0,None,0
347,69,84353,850,0.12,5,17,3,5,0,1,Unstable,Urban,1,1,None,0
348,29,47704,710,0.5,4,5,8,3,1,3,Unstable,Suburban,0,1,Marriage,0
349,55,68825,697,0.59,1,18,1,7,0,2,Unstable,Urban,2,0,Home Purchase,0
350,65,20000,662,0.14,1,6,4,6,0,5,Stable,Suburban,3,2,Marriage,0
351,30,56824,681,0.57,5,13,7,5,0,3,Unstable,Rural,0,2,Home Purchase,0
352,61,22886,726,0.28,5,8,9,2,1,4,Unstable,Rural,4,0,Home Purchase,0
353,34,31425,693,0.57,3,19,2,4,1,4,Unstable,Urban,4,0,Marriage,0
354,64,37729,653,0.42,5,16,9,3,0,2,Unstable,Urban,1,1,None,1
355,31,76510,659,0.55,1,18,6,7,0,5,Unstable,Urban,3,1,Child Birth,0
356,63,56315,850,0.49,5,7,7,9,1,5,Unstable,Urban,3,0,Child Birth,1
357,62,60785,850,0.11,3,9,4,3,1,2,Unstable,Rural,1,1,Child Birth,0
358,45,55635,652,0.13,2,1,5,7,0,2,Stable,Urban,0,1,Marriage,0
359,44,87018,784,0.36,4,9,1,9,1,2,Unstable,Suburban,2,1,Home Purchase,1
360,27,60101,617,0.16,1,10,4,5,0,5,Unstable,Rural,3,0,None,0
361,46,66220,667,0.33,3,18,8,8,0,4,Stable,Suburban,1,2,None,0
362,28,45743,591,0.58,4,1,6,8,1,4,Stable,Rural,2,1,Child Birth,1
363,52,88735,801,0.25,5,13,7,7,0,3,Unstable,Rural,1,2,Child Birth,0
364,36,90609,748,0.34,5,14,1,1,0,4,Unstable,Suburban,2,1,Child Birth,0
365,62,59077,767,0.29,2,7,7,5,0,2,Stable,Rural,2,0,Child Birth,0
366,60,45392,788,0.41,5,8,6,9,0,3,Stable,Urban,0,2,Marriage,0
367,65,20000,613,0.2,4,1,4,9,0,1,Unstable,Suburban,4,0,Marriage,0
368,29,38285,667,0.23,3,2,2,6,0,5,Unstable,Rural,4,0,None,0
369,37,20000,744,0.53,2,11,2,8,1,3,Stable,Rural,3,2,Home Purchase,1
370,47,37233,665,0.51,4,1,7,4,1,1,Unstable,Suburban,4,0,None,0
371,54,68924,706,0.49,3,12,3,9,0,2,Unstable,Suburban,3,2,None,0
372,61,58740,620,0.49,4,8,2,2,1,4,Stable,Urban,3,2,Home Purchase,0
373,49,118081,832,0.33,5,3,3,2,0,4,Stable,Urban,2,0,Home Purchase,0
374,51,50723,793,0.46,4,10,2,7,0,3,Stable,Urban,3,0,Home Purchase,0
375,38,48771,823,0.29,2,15,3,4,0,1,Stable,Urban,1,0,None,0
376,60,86569,765,0.15,4,12,5,4,0,4,Stable,Urban,1,0,Child Birth,1
377,63,20000,590,0.3,1,2,5,2,1,2,Unstable,Suburban,2,1,Marriage,1
378,40,22955,652,0.18,5,5,7,9,0,1,Unstable,Suburban,0,1,Child Birth,0
379,46,76596,629,0.3,4,9,3,2,0,1,Unstable,Suburban,2,1,Child Birth,0
380,45,55114,674,0.25,3,18,3,9,0,4,Unstable,Suburban,2,2,None,0
381,45,55687,805,0.4,5,6,7,5,0,3,Stable,Urban,4,2,Marriage,0
382,32,36571,552,0.28,3,11,6,5,1,3,Stable,Rural,4,1,Marriage,0
383,40,65994,641,0.45,2,14,6,7,0,3,Unstable,Urban,2,2,Marriage,0
384,55,39799,660,0.36,1,1,4,5,0,4,Stable,Suburban,1,0,Child Birth,1
385,66,61818,568,0.56,4,4,4,6,0,5,Unstable,Suburban,2,2,Home Purchase,0
386,34,31037,720,0.15,5,7,2,3,0,2,Stable,Urban,1,0,Child Birth,1
387,56,55440,665,0.44,4,9,6,3,0,2,Stable,Rural,0,1,None,0
388,58,110621,811,0.44,4,17,3,3,0,3,Unstable,Rural,4,0,Marriage,0
389,33,49376,672,0.58,5,17,6,1,1,3,Stable,Urban,3,1,Child Birth,0
390,41,56706,745,0.29,1,11,3,3,1,2,Stable,Suburban,1,1,Marriage,0
391,35,54936,711,0.25,1,12,3,4,0,4,Stable,Rural,1,2,Home Purchase,0
392,56,64363,451,0.19,2,15,1,6,0,1,Unstable,Rural,0,0,Marriage,0
393,34,71703,556,0.23,5,2,5,4,0,2,Unstable,Suburban,4,1,Marriage,0
394,46,66430,738,0.35,5,8,2,3,1,2,Unstable,Urban,4,0,Marriage,0
395,41,66982,733,0.52,3,2,2,8,0,1,Stable,Urban,4,1,Home Purchase,0
396,28,55479,693,0.24,3,6,9,5,0,1,Unstable,Urban,1,2,Child Birth,0
397,49,62507,833,0.18,3,1,2,3,0,5,Unstable,Suburban,4,0,Child Birth,1
398,45,54651,750,0.24,1,18,2,4,0,2,Stable,Rural,4,2,Child Birth,0
399,61,20000,850,0.15,2,4,6,4,0,1,Stable,Suburban,3,2,Marriage,0
400,62,125765,454,0.56,2,8,1,3,0,2,Stable,Rural,1,1,Home Purchase,1
401,25,78204,850,0.54,4,8,8,9,1,1,Unstable,Rural,1,0,Marriage,1
402,49,35517,639,0.25,2,14,1,4,1,3,Stable,Urban,4,2,Child Birth,0
403,60,65751,702,0.22,3,14,9,8,0,3,Stable,Suburban,2,0,Home Purchase,1
404,41,26346,818,0.55,5,1,4,9,0,3,Stable,Urban,4,1,Child Birth,1
405,65,47644,488,0.1,4,3,3,7,0,2,Stable,Rural,1,0,None,0
406,48,22950,674,0.4,1,15,7,3,0,2,Unstable,Rural,1,1,Marriage,0
407,26,58720,800,0.56,2,19,8,1,1,2,Stable,Urban,3,1,Home Purchase,1
408,64,20466,638,0.35,5,1,5,9,1,4,Stable,Suburban,0,0,None,0
409,39,69710,791,0.1,3,3,3,4,0,3,Stable,Suburban,4,1,Home Purchase,1
410,56,77055,767,0.21,1,1,4,3,0,1,Unstable,Suburban,0,1,Marriage,1
411,63,39325,716,0.56,1,19,6,7,0,5,Stable,Urban,4,1,Child Birth,0
412,30,64022,759,0.11,2,17,5,9,1,4,Stable,Urban,3,2,Child Birth,0
413,25,38000,829,0.3,5,13,4,7,0,2,Unstable,Rural,0,2,Marriage,0
414,47,72793,760,0.49,3,16,3,9,0,3,Stable,Suburban,2,0,Marriage,1
415,63,42784,792,0.52,3,12,6,7,0,4,Unstable,Urban,4,2,Child Birth,0
416,41,79724,611,0.34,3,7,7,8,1,3,Stable,Rural,4,1,Home Purchase,0
417,58,20000,758,0.22,3,17,2,8,0,1,Stable,Urban,3,2,Home Purchase,0
418,65,34875,748,0.4,2,11,6,8,0,5,Stable,Rural,4,2,Marriage,0
419,53,32279,812,0.23,2,8,3,2,0,4,Stable,Suburban,3,0,Home Purchase,0
420,33,65083,584,0.23,5,10,8,2,0,5,Unstable,Rural,4,1,None,0
421,37,73877,807,0.5,4,16,2,2,0,4,Unstable,Urban,4,0,Marriage,0
422,30,67015,612,0.18,2,10,5,7,0,3,Unstable,Urban,2,1,None,0
423,30,47275,850,0.1,3,8,8,8,0,2,Unstable,Suburban,1,0,Home Purchase,1
424,44,20000,611,0.27,5,5,9,1,1,3,Stable,Suburban,4,1,None,0
425,27,60967,583,0.35,3,17,7,8,0,2,Stable,Urban,4,2,None,0
426,41,79701,670,0.45,2,13,9,8,0,2,Unstable,Urban,0,1,Child Birth,0
427,36,127012,804,0.49,5,10,9,5,0,2,Unstable,Suburban,3,0,Home Purchase,1
428,69,49390,735,0.43,3,10,8,3,0,3,Stable,Urban,4,2,Home Purchase,0
429,25,43367,850,0.41,4,12,7,1,0,3,Unstable,Suburban,2,0,Home Purchase,1
430,41,68006,669,0.43,1,12,6,4,1,5,Stable,Rural,4,1,Home Purchase,1
431,27,53596,651,0.24,1,7,3,7,0,4,Stable,Urban,3,0,Child Birth,0
432,50,91884,626,0.29,3,11,8,7,0,2,Stable,Suburban,4,2,Child Birth,0
433,39,39795,647,0.41,1,12,3,5,0,1,Stable,Urban,0,0,None,0
434,60,53778,560,0.13,4,4,9,6,0,1,Stable,Urban,3,1,None,1
435,56,81905,635,0.25,4,18,9,9,0,2,Unstable,Rural,1,0,Home Purchase,1
436,56,67709,578,0.3,3,10,9,7,1,4,Unstable,Suburban,0,2,Child Birth,0
437,28,89030,771,0.37,4,2,4,2,0,3,Unstable,Rural,2,2,Home Purchase,0
438,42,49085,848,0.34,1,1,9,2,1,5,Stable,Rural,3,1,Marriage,1
439,43,91582,722,0.46,3,14,2,2,0,1,Unstable,Rural,2,2,Home Purchase,0
440,67,20000,632,0.34,1,17,1,2,0,4,Stable,Rural,4,1,Home Purchase,0
441,59,20000,774,0.55,4,4,8,5,1,3,Unstable,Urban,0,1,Home Purchase,1
442,64,91975,696,0.29,4,9,6,5,0,2,Unstable,Suburban,4,0,Child Birth,0
443,38,60183,801,0.36,5,7,9,8,0,3,Stable,Rural,1,1,Home Purchase,0
444,57,83020,605,0.1,2,17,9,5,1,3,Unstable,Urban,1,0,Home Purchase,0
445,38,62486,612,0.26,2,3,3,8,0,3,Stable,Suburban,0,2,None,0
446,58,59823,772,0.53,3,1,2,6,0,5,Unstable,Suburban,1,2,Marriage,0
447,28,26799,697,0.27,1,10,7,4,1,1,Unstable,Urban,2,0,Home Purchase,0
448,48,59329,792,0.23,2,5,5,4,0,1,Unstable,Rural,4,1,Child Birth,0
449,53,94040,614,0.37,3,4,6,3,0,5,Unstable,Urban,4,0,Home Purchase,1
450,43,61416,743,0.14,4,19,5,9,0,4,Stable,Suburban,3,0,Home Purchase,0
451,30,77051,754,0.37,2,6,4,5,0,3,Stable,Rural,1,2,None,0
452,57,76359,546,0.25,1,6,1,8,0,2,Unstable,Suburban,0,0,Marriage,1
453,64,34682,699,0.29,5,9,4,4,0,5,Stable,Rural,0,0,None,0
454,43,81428,498,0.5,5,9,3,3,1,3,Unstable,Rural,0,1,None,0
455,25,52156,846,0.43,2,15,3,6,0,3,Unstable,Urban,4,0,Child Birth,0
456,29,53508,568,0.32,5,8,5,6,1,1,Stable,Rural,4,2,Marriage,0
457,51,112442,681,0.39,3,2,1,6,0,5,Stable,Rural,4,2,Home Purchase,0
458,40,74932,699,0.48,1,10,6,2,0,2,Unstable,Urban,4,2,Home Purchase,0
459,30,44037,603,0.47,4,14,2,6,0,5,Stable,Rural,3,1,Marriage,1
460,64,61613,850,0.19,1,2,1,5,0,2,Stable,Urban,3,0,Child Birth,0
461,37,60915,630,0.25,4,13,8,5,1,3,Stable,Suburban,2,2,Child Birth,0
462,59,102152,673,0.27,5,19,3,3,0,2,Stable,Suburban,4,1,Child Birth,1
463,43,60986,631,0.19,3,7,6,5,0,3,Stable,Urban,2,0,None,0
464,36,115199,630,0.11,4,12,2,1,0,2,Unstable,Rural,4,1,None,1
465,40,27581,689,0.19,5,6,5,1,0,1,Unstable,Suburban,4,2,Marriage,1
466,67,59191,770,0.5,4,3,9,7,0,5,Unstable,Suburban,0,1,Marriage,0
467,34,40928,716,0.37,2,5,7,7,1,1,Unstable,Rural,1,1,Marriage,0
468,49,47629,624,0.27,1,4,4,9,1,4,Stable,Rural,2,0,Child Birth,0
469,44,48171,699,0.4,3,14,3,9,1,5,Stable,Urban,1,2,Child Birth,0
470,55,42217,563,0.47,5,6,9,7,0,5,Unstable,Urban,1,0,Home Purchase,1
471,28,103254,818,0.28,3,17,4,9,0,2,Stable,Suburban,2,0,None,0
472,68,95564,649,0.33,1,17,5,9,0,3,Stable,Rural,3,0,Home Purchase,0
473,47,70066,654,0.13,4,13,6,3,0,2,Unstable,Rural,0,1,Home Purchase,0
474,26,48141,505,0.4,4,12,5,4,1,5,Stable,Rural,3,2,Marriage,0
475,46,42919,649,0.28,3,2,9,1,1,1,Unstable,Urban,2,0,Marriage,0
476,61,78545,850,0.32,4,14,1,2,0,3,Unstable,Urban,3,0,Home Purchase,1
477,32,67503,761,0.31,4,5,6,8,1,2,Stable,Urban,2,1,None,0
478,31,56379,810,0.42,4,8,4,9,1,1,Stable,Suburban,3,2,Child Birth,0
479,38,73529,711,0.39,2,15,4,9,1,2,Stable,Rural,4,1,None,0
480,27,82276,437,0.31,5,9,3,9,0,5,Stable,Urban,4,0,Child Birth,0
481,40,56148,706,0.11,5,16,5,1,0,2,Stable,Rural,2,1,Home Purchase,1
482,43,40316,720,0.41,1,13,8,8,0,1,Stable,Urban,1,0,Home Purchase,0
483,42,26972,789,0.54,4,15,4,5,0,1,Stable,Rural,0,1,Marriage,0
484,40,66265,696,0.48,3,4,7,3,0,1,Stable,Suburban,1,1,Child Birth,0
485,32,114181,622,0.59,4,16,8,6,0,2,Unstable,Suburban,3,0,None,0
486,57,32233,690,0.17,1,12,5,4,1,5,Stable,Suburban,4,2,Marriage,0
487,36,87486,665,0.21,4,12,1,1,0,4,Stable,Urban,0,1,Marriage,0
488,35,43111,752,0.37,2,15,8,3,0,4,Stable,Rural,0,0,Marriage,0
489,29,48149,690,0.22,1,5,3,2,1,4,Unstable,Rural,4,1,Child Birth,0
490,51,82873,600,0.12,5,1,4,1,1,3,Unstable,Urban,4,2,Home Purchase,0
491,36,53618,756,0.3,5,3,7,9,1,5,Unstable,Rural,0,2,None,0
492,41,66206,626,0.24,2,8,9,3,0,5,Stable,Urban,4,0,None,1
493,30,65727,668,0.23,5,7,4,1,0,3,Unstable,Rural,0,1,Marriage,0
494,57,43151,653,0.58,2,13,4,3,0,4,Stable,Suburban,4,1,Child Birth,1
495,29,82377,723,0.22,5,10,6,1,0,4,Unstable,Rural,3,1,Child Birth,1
496,52,58460,562,0.16,5,17,9,1,0,3,Unstable,Rural,4,1,Home Purchase,0
497,38,25287,703,0.16,4,11,4,9,1,1,Stable,Rural,1,0,None,1
498,29,37687,808,0.5,1,8,8,1,0,5,Stable,Urban,4,0,Marriage,0
499,57,20000,709,0.46,5,15,3,5,0,4,Unstable,Rural,1,0,Child Birth,0
500,65,61299,633,0.16,1,12,2,5,0,4,Stable,Urban,2,1,Child Birth,0
501,43,92601,663,0.21,1,18,4,1,0,3,Unstable,Rural,1,0,Child Birth,0
502,46,33821,729,0.47,5,10,4,9,0,2,Unstable,Rural,0,1,Child Birth,1
503,29,74638,756,0.24,1,12,7,5,0,5,Stable,Urban,2,1,Marriage,0
504,26,70764,850,0.59,2,4,7,2,0,5,Stable,Suburban,4,1,None,0
505,54,41203,537,0.37,3,15,9,7,0,5,Stable,Suburban,1,2,Home Purchase,1
506,63,98413,726,0.2,2,18,2,9,0,1,Unstable,Suburban,4,2,Marriage,0
507,28,53183,718,0.53,5,13,4,4,0,2,Stable,Urban,3,1,Home Purchase,0
508,57,110256,693,0.26,2,17,3,5,0,5,Stable,Suburban,1,1,None,0
509,37,20000,735,0.24,3,1,3,9,0,1,Unstable,Urban,4,1,Marriage,0
510,44,53271,677,0.26,2,5,7,2,0,1,Stable,Urban,0,2,None,0
511,31,56243,600,0.48,1,17,6,5,0,1,Stable,Rural,1,2,Child Birth,0
512,39,58984,721,0.19,5,18,3,6,1,5,Stable,Suburban,0,1,Child Birth,1
513,47,77908,764,0.29,1,9,8,3,0,5,Stable,Suburban,1,2,Marriage,0
514,38,144953,695,0.12,1,10,8,9,0,3,Stable,Rural,1,0,None,1
515,47,71376,805,0.51,5,17,7,8,0,3,Unstable,Urban,2,0,None,0
516,43,60606,676,0.27,5,1,9,4,0,2,Stable,Rural,4,1,Marriage,0
517,53,32595,746,0.22,4,4,3,5,0,3,Stable,Rural,4,0,Child Birth,0
518,44,20000,541,0.39,3,18,5,8,0,5,Stable,Suburban,2,0,Home Purchase,0
519,53,89256,850,0.45,1,15,6,1,0,3,Stable,Suburban,3,2,Marriage,1
520,48,46330,677,0.51,1,15,9,8,1,2,Stable,Urban,2,0,None,0
521,42,125103,651,0.27,5,1,4,6,1,5,Unstable,Urban,4,1,Home Purchase,0
522,34,81705,673,0.51,5,1,5,7,1,4,Unstable,Rural,3,2,Child Birth,0
523,65,68538,605,0.33,2,11,9,4,1,4,Stable,Rural,4,1,Child Birth,0
524,32,69853,583,0.15,1,11,4,6,1,4,Unstable,Urban,3,0,Child Birth,1
525,50,70099,704,0.52,1,6,2,4,1,2,Unstable,Urban,1,0,Marriage,1
526,53,42635,711,0.37,5,1,9,2,0,2,Unstable,Suburban,0,1,None,0
527,34,20000,722,0.4,1,14,3,1,0,5,Unstable,Suburban,2,1,Child Birth,1
528,41,46232,696,0.57,3,6,6,4,0,4,Stable,Rural,3,0,Child Birth,1
529,26,59541,691,0.38,4,17,9,7,1,1,Stable,Urban,4,1,Home Purchase,0
530,30,43804,579,0.1,5,9,3,8,0,3,Stable,Suburban,1,0,Child Birth,0
531,29,27847,651,0.54,5,17,8,3,0,4,Unstable,Urban,3,0,Child Birth,0
532,52,41294,716,0.24,1,14,9,3,0,4,Stable,Rural,4,1,None,1
533,65,85893,646,0.35,4,19,3,5,1,4,Stable,Rural,1,1,None,0
534,29,78704,729,0.2,4,8,3,7,1,4,Unstable,Suburban,4,0,None,0
535,42,64285,686,0.25,5,12,4,4,0,5,Unstable,Urban,2,1,Home Purchase,0
536,50,74677,685,0.44,5,2,1,7,0,3,Unstable,Urban,4,0,Home Purchase,1
537,44,31701,720,0.31,5,3,2,2,1,4,Unstable,Suburban,0,2,None,1
538,65,40114,748,0.41,3,13,1,1,0,5,Stable,Suburban,2,0,None,0
539,51,67775,770,0.51,1,5,3,6,0,4,Stable,Rural,1,0,Child Birth,1
540,36,34887,850,0.27,3,18,6,4,1,1,Unstable,Rural,0,1,Home Purchase,0
541,31,62709,786,0.38,5,1,8,7,0,5,Stable,Urban,1,0,Marriage,1
542,27,28436,551,0.49,4,5,5,1,0,1,Stable,Urban,0,0,Marriage,0
543,34,20000,591,0.46,1,12,8,1,0,4,Unstable,Suburban,2,0,Home Purchase,0
544,58,78401,672,0.37,1,19,6,5,0,3,Unstable,Rural,3,1,Home Purchase,0
545,49,85676,623,0.29,5,6,1,1,1,5,Stable,Rural,4,2,Marriage,0
546,59,44229,739,0.3,5,2,3,2,0,1,Unstable,Suburban,4,0,None,1
547,40,21988,749,0.32,5,2,2,3,0,1,Unstable,Rural,2,1,Home Purchase,0
548,26,20000,651,0.27,5,13,6,1,0,3,Stable,Urban,4,1,Home Purchase,0
549,48,106050,818,0.45,5,14,8,8,0,5,Stable,Rural,0,1,Home Purchase,0
550,34,62784,845,0.16,5,6,6,2,0,2,Stable,Urban,4,0,Marriage,0
551,62,44800,518,0.58,1,12,4,2,0,1,Stable,Urban,4,1,Child Birth,0
552,46,50902,557,0.49,3,13,4,8,0,5,Stable,Rural,1,0,Child Birth,0
553,50,20000,809,0.25,4,8,9,7,1,2,Stable,Suburban,0,2,Home Purchase,1
554,67,75497,786,0.12,5,14,1,3,1,5,Stable,Urban,0,2,Home Purchase,0
555,63,110002,750,0.46,4,18,2,5,0,4,Stable,Urban,2,0,Marriage,1
556,51,40431,701,0.47,1,4,4,3,0,1,Unstable,Urban,2,0,Marriage,1
557,53,119586,689,0.58,4,6,3,5,0,2,Unstable,Urban,0,0,Marriage,0
558,62,57089,753,0.23,1,6,9,9,0,3,Unstable,Suburban,0,0,None,1
559,44,101668,717,0.14,2,15,5,3,1,3,Stable,Suburban,2,0,None,1
560,51,67680,830,0.56,3,13,8,3,1,4,Stable,Rural,1,0,Home Purchase,1
561,65,67653,631,0.23,2,7,4,1,0,4,Unstable,Urban,4,0,Marriage,0
562,44,106098,701,0.46,1,13,4,5,0,2,Unstable,Urban,0,1,None,0
563,68,79567,789,0.13,2,6,3,3,0,1,Unstable,Urban,2,1,Child Birth,0
564,43,69371,716,0.48,1,6,9,3,1,1,Stable,Urban,3,0,None,0
565,44,20000,767,0.16,2,14,2,4,1,3,Stable,Suburban,2,0,None,0
566,59,22319,765,0.45,1,3,3,2,0,4,Stable,Urban,2,1,Home Purchase,0
567,26,71463,657,0.37,3,11,3,2,1,3,Unstable,Urban,1,1,Home Purchase,0
568,54,96694,597,0.58,3,13,3,8,0,2,Stable,Rural,2,0,None,1
569,58,63211,625,0.12,3,3,4,3,0,3,Stable,Suburban,3,1,None,1
570,46,45217,591,0.25,1,12,5,4,0,3,Unstable,Rural,1,1,None,0
571,27,20000,514,0.13,4,5,6,2,0,4,Unstable,Suburban,2,1,Home Purchase,0
572,30,40410,809,0.54,2,13,5,5,1,4,Stable,Rural,2,0,None,0
573,39,63274,511,0.4,2,11,9,9,0,1,Unstable,Urban,1,2,Marriage,0
574,51,38588,850,0.37,2,17,7,9,0,1,Stable,Suburban,2,0,None,1
575,34,35888,647,0.17,2,10,7,8,0,1,Stable,Suburban,4,0,Marriage,0
576,33,58722,672,0.34,3,12,7,9,0,3,Stable,Suburban,3,0,None,0
577,57,96210,548,0.3,4,6,7,9,1,3,Unstable,Suburban,1,2,Marriage,1
578,56,77117,738,0.26,2,5,2,9,1,5,Stable,Urban,2,0,Child Birth,1
579,30,67146,673,0.49,4,1,8,2,0,2,Unstable,Urban,4,2,Marriage,1
580,65,64712,706,0.13,1,15,1,3,0,5,Unstable,Urban,2,0,None,0
581,60,73779,621,0.42,1,16,6,4,1,2,Stable,Rural,2,0,Marriage,1
582,26,57246,748,0.51,2,10,3,1,1,4,Unstable,Urban,4,2,Marriage,1
583,53,49722,617,0.55,5,8,6,6,0,3,Stable,Suburban,0,0,Home Purchase,0
584,28,78454,707,0.47,3,2,6,2,0,5,Unstable,Urban,4,0,None,0
585,25,54365,746,0.24,2,7,8,4,0,3,Unstable,Urban,1,0,Child Birth,1
586,43,30285,845,0.4,3,1,4,5,0,5,Unstable,Rural,1,0,Marriage,0
587,50,96082,780,0.17,2,6,3,4,0,1,Unstable,Suburban,0,1,Marriage,0
588,49,20000,708,0.16,3,13,2,6,0,2,Stable,Rural,1,1,Marriage,0
589,34,97958,699,0.42,5,12,6,6,1,1,Stable,Urban,0,2,None,0
590,39,72661,731,0.53,5,19,3,9,0,3,Unstable,Rural,4,2,Marriage,0
591,46,35771,776,0.13,1,17,4,9,0,4,Stable,Rural,2,1,None,0
592,45,60606,625,0.15,2,5,9,1,0,4,Unstable,Suburban,2,0,Home Purchase,0
593,46,49278,790,0.38,5,15,7,8,0,1,Unstable,Suburban,0,0,Home Purchase,0
594,60,80193,606,0.21,5,14,1,5,0,5,Stable,Suburban,2,0,Marriage,0
595,58,79698,745,0.41,2,3,4,1,0,1,Unstable,Suburban,0,0,None,1
596,54,71534,754,0.21,2,5,8,5,0,4,Unstable,Rural,1,2,None,1
597,49,78659,632,0.16,1,14,4,6,0,1,Stable,Urban,1,1,Child Birth,0
598,69,57129,545,0.37,5,8,1,7,0,2,Unstable,Rural,3,1,Marriage,0
599,52,104041,673,0.53,3,11,2,3,0,1,Stable,Suburban,3,0,Child Birth,0
600,25,90590,437,0.44,2,15,5,9,1,5,Stable,Suburban,1,1,Child Birth,1
601,69,48074,682,0.51,2,13,6,3,0,3,Stable,Suburban,1,0,None,0
602,28,80271,575,0.23,2,5,1,1,1,1,Unstable,Suburban,1,0,Child Birth,1
603,31,78089,850,0.54,2,13,5,3,1,2,Stable,Rural,3,0,None,1
604,33,53505,805,0.29,5,3,8,7,0,5,Stable,Rural,4,2,Marriage,0
605,60,51543,707,0.53,3,13,8,1,0,2,Stable,Urban,2,1,Home Purchase,0
606,43,90362,833,0.34,1,11,2,4,0,5,Stable,Suburban,2,0,Child Birth,0
607,25,59632,770,0.23,4,9,9,7,0,4,Stable,Rural,3,2,Home Purchase,0
608,34,66504,583,0.23,5,4,2,3,1,4,Unstable,Urban,2,0,Child Birth,0
609,60,95027,637,0.38,5,17,4,7,0,3,Stable,Urban,0,1,Marriage,0
610,33,123333,802,0.14,4,15,4,4,0,3,Stable,Urban,3,2,Marriage,0
611,69,46834,603,0.57,4,18,4,7,0,5,Stable,Urban,1,0,None,0
612,66,54477,739,0.24,2,16,7,9,1,2,Unstable,Suburban,4,2,Home Purchase,1
613,56,61850,767,0.27,3,2,8,5,0,2,Unstable,Urban,0,2,None,0
614,56,62418,673,0.22,5,6,8,3,1,1,Stable,Suburban,0,0,Marriage,0
615,30,69408,715,0.1,5,12,4,1,0,4,Unstable,Urban,3,2,Child Birth,1
616,62,47745,783,0.45,1,5,4,3,0,1,Stable,Urban,1,1,Child Birth,0
617,41,28345,778,0.4,4,17,6,4,1,3,Stable,Rural,1,2,Child Birth,1
618,34,103845,744,0.5,4,19,9,2,0,4,Unstable,Suburban,0,2,Home Purchase,1
619,51,75302,698,0.12,5,12,5,4,0,2,Unstable,Suburban,1,1,Child Birth,1
620,59,49536,758,0.56,4,5,2,5,0,4,Stable,Urban,1,1,Child Birth,0
621,45,70927,497,0.27,2,7,9,8,0,3,Stable,Suburban,1,0,Marriage,0
622,49,105823,847,0.56,1,2,9,5,0,4,Unstable,Rural,2,1,Home Purchase,1
623,52,40299,686,0.15,5,12,1,2,0,3,Stable,Urban,4,2,Marriage,0
624,39,65278,626,0.47,1,5,9,1,0,2,Unstable,Rural,3,1,Child Birth,0
625,28,25253,759,0.39,2,8,7,9,1,5,Stable,Urban,3,0,None,0
626,53,57041,757,0.28,1,5,1,4,0,4,Stable,Suburban,2,2,Child Birth,0
627,33,75414,602,0.14,4,16,2,9,1,5,Stable,Urban,2,2,Child Birth,0
628,51,32131,706,0.4,5,9,2,9,0,3,Stable,Urban,3,2,Home Purchase,1
629,50,55319,703,0.11,1,1,8,1,0,4,Stable,Suburban,3,2,None,0
630,43,79998,697,0.35,3,5,1,7,1,2,Unstable,Rural,1,0,Home Purchase,0
631,52,74730,850,0.4,5,1,3,6,0,4,Stable,Suburban,2,2,Marriage,1
632,41,31059,697,0.47,1,17,1,2,0,2,Stable,Urban,2,2,Child Birth,1
633,67,69344,687,0.6,5,1,5,4,0,3,Stable,Urban,4,1,Marriage,0
634,65,73967,631,0.23,1,15,4,5,0,5,Unstable,Urban,0,0,Child Birth,1
635,66,62699,617,0.26,1,5,3,5,1,1,Unstable,Rural,4,0,None,0
636,44,87233,739,0.27,4,9,8,7,0,1,Stable,Suburban,1,1,Child Birth,0
637,69,45263,653,0.47,1,18,7,2,1,4,Unstable,Suburban,1,0,Child Birth,1
638,64,70312,681,0.57,3,6,4,3,1,5,Unstable,Suburban,1,1,Marriage,0
639,63,30869,719,0.59,4,12,1,2,0,2,Stable,Suburban,4,1,Marriage,0
640,47,20000,706,0.57,3,14,7,7,1,1,Stable,Suburban,0,0,Child Birth,0
641,56,79526,713,0.54,3,7,3,7,0,5,Unstable,Suburban,0,2,Child Birth,1
642,57,60514,713,0.6,2,7,5,9,1,5,Stable,Suburban,1,1,None,0
643,29,48414,762,0.29,3,19,8,4,0,3,Stable,Suburban,1,2,Child Birth,0
644,67,33371,850,0.57,1,6,9,4,0,1,Stable,Suburban,0,1,None,1
645,58,80677,822,0.48,5,3,7,6,0,3,Unstable,Urban,0,1,Marriage,0
646,64,22299,663,0.18,4,16,6,3,0,5,Stable,Suburban,2,1,None,0
647,35,84821,821,0.12,4,16,5,3,0,1,Unstable,Urban,3,2,Child Birth,0
648,27,71274,594,0.21,4,18,5,9,0,2,Stable,Suburban,4,0,Marriage,0
649,57,23555,643,0.49,5,5,4,7,1,4,Stable,Suburban,4,0,None,0
650,35,63149,770,0.42,3,4,7,9,0,5,Stable,Urban,3,0,Marriage,0
651,40,126343,767,0.21,2,16,1,2,0,2,Unstable,Suburban,3,2,None,0
652,42,89735,760,0.47,1,4,3,4,0,4,Stable,Rural,2,0,Child Birth,0
653,54,39299,640,0.17,4,13,6,8,1,1,Unstable,Suburban,0,2,Child Birth,1
654,34,77917,641,0.51,1,14,1,9,1,2,Stable,Urban,0,2,None,0
655,42,24602,713,0.5,3,17,7,3,0,2,Unstable,Urban,2,1,Marriage,0
656,62,25717,674,0.59,2,3,2,8,0,4,Unstable,Urban,0,2,None,0
657,43,58317,788,0.18,4,3,7,8,1,2,Unstable,Suburban,2,1,Home Purchase,0
658,60,73791,672,0.55,3,17,4,3,1,1,Unstable,Rural,1,1,Child Birth,0
659,37,80283,669,0.27,2,13,9,8,0,1,Stable,Rural,2,1,Marriage,1
660,27,80629,537,0.31,4,10,5,6,0,5,Unstable,Suburban,1,2,None,1
661,34,72368,787,0.33,3,12,1,9,0,4,Stable,Urban,1,2,Marriage,0
662,62,20000,732,0.41,1,9,4,1,0,3,Unstable,Urban,1,2,Marriage,0
663,25,58476,471,0.6,5,1,4,9,0,1,Stable,Rural,3,1,Child Birth,0
664,51,84217,744,0.4,4,4,4,8,0,3,Stable,Suburban,3,0,Marriage,1
665,32,71082,659,0.56,2,19,3,8,0,2,Stable,Rural,0,1,Child Birth,0
666,66,64552,777,0.23,2,6,3,8,0,4,Stable,Suburban,1,1,None,0
667,41,68230,689,0.3,5,15,5,7,0,4,Unstable,Rural,3,0,Home Purchase,0
668,33,67812,619,0.35,5,18,5,3,0,1,Stable,Urban,1,2,Child Birth,0
669,30,20000,850,0.26,3,5,2,6,0,1,Stable,Rural,3,1,Marriage,0
670,67,88872,850,0.59,5,8,9,8,0,4,Stable,Suburban,3,0,Child Birth,1
671,49,57236,681,0.46,4,11,3,8,0,3,Unstable,Urban,4,0,Home Purchase,1
672,63,77689,737,0.34,5,5,4,4,1,4,Stable,Rural,4,0,Marriage,1
673,52,20000,654,0.48,4,8,2,8,0,5,Stable,Rural,1,2,None,0
674,57,101524,529,0.33,1,11,8,8,0,4,Unstable,Rural,3,2,Child Birth,0
675,61,31089,831,0.11,5,10,7,1,0,3,Stable,Suburban,4,0,Marriage,0
676,33,123533,620,0.37,1,9,3,5,0,2,Stable,Suburban,0,0,Home Purchase,0
677,42,112981,827,0.41,2,2,5,7,1,3,Stable,Rural,1,2,Marriage,1
678,45,26877,769,0.59,5,17,1,8,0,4,Unstable,Rural,3,2,Marriage,1
679,26,80425,728,0.12,2,4,6,9,0,4,Stable,Rural,3,1,None,1
680,67,34569,695,0.36,1,12,6,6,0,2,Stable,Urban,4,2,Marriage,0
681,62,44014,770,0.15,2,19,5,5,0,5,Unstable,Urban,0,2,Marriage,0
682,64,44579,606,0.17,1,19,9,8,0,1,Unstable,Rural,1,2,Child Birth,1
683,60,71198,833,0.41,3,19,4,6,0,3,Unstable,Urban,1,2,None,0
684,67,68115,714,0.22,1,7,2,2,1,3,Stable,Urban,4,1,Home Purchase,0
685,61,29960,849,0.47,3,13,7,9,0,4,Unstable,Suburban,2,1,Child Birth,0
686,39,70998,687,0.36,2,2,5,9,0,3,Unstable,Urban,0,0,None,0
687,52,54897,714,0.21,1,8,7,1,0,2,Stable,Rural,0,0,Marriage,1
688,42,20000,726,0.35,3,6,7,9,0,5,Stable,Urban,1,1,None,0
689,58,49149,757,0.1,1,11,7,5,1,4,Unstable,Urban,2,2,None,0
690,46,101510,850,0.53,4,9,3,9,0,1,Unstable,Suburban,3,0,Home Purchase,1
691,35,49992,656,0.11,4,8,5,5,1,2,Stable,Urban,3,1,Marriage,0
692,37,20000,687,0.1,2,15,1,6,0,1,Stable,Urban,2,1,Home Purchase,1
693,28,80361,698,0.41,4,11,6,9,0,3,Unstable,Rural,4,0,None,1
694,46,36812,468,0.59,5,15,4,7,1,3,Unstable,Urban,3,0,Home Purchase,0
695,31,65360,644,0.53,3,5,2,4,0,5,Stable,Suburban,1,0,Child Birth,0
696,67,55700,651,0.23,5,16,3,6,0,1,Stable,Suburban,4,0,Marriage,0
697,48,104041,850,0.2,4,2,3,8,0,2,Stable,Suburban,0,0,None,1
698,28,55717,725,0.41,2,15,1,5,0,1,Stable,Rural,4,0,Home Purchase,1
699,52,31385,749,0.51,5,5,7,4,0,1,Stable,Urban,4,1,Child Birth,0
700,39,48278,553,0.28,2,15,3,7,0,1,Unstable,Urban,1,2,Marriage,0
701,25,29280,693,0.32,1,11,7,3,1,1,Unstable,Urban,4,0,Child Birth,1
702,27,54768,793,0.16,5,6,9,4,0,3,Unstable,Suburban,0,2,Child Birth,1
703,38,104244,850,0.18,1,6,6,7,0,5,Unstable,Suburban,1,1,Marriage,0
704,62,91211,631,0.38,5,5,8,5,1,2,Unstable,Suburban,4,0,Child Birth,0
705,25,111029,518,0.15,3,1,1,1,0,4,Stable,Rural,3,2,Home Purchase,0
706,62,71981,622,0.2,2,7,8,6,1,3,Unstable,Suburban,1,2,None,0
707,62,63577,622,0.22,1,16,8,9,0,3,Stable,Suburban,3,0,Marriage,1
708,45,35042,623,0.32,4,17,3,3,0,2,Unstable,Rural,1,1,Marriage,0
709,53,66741,790,0.12,5,15,6,4,1,2,Unstable,Rural,3,2,Home Purchase,1
710,29,56740,734,0.35,1,10,6,2,1,5,Stable,Rural,0,0,Child Birth,0
711,34,79465,587,0.56,5,8,7,3,0,4,Stable,Urban,1,0,Child Birth,0
712,52,31943,841,0.11,5,9,3,5,0,3,Unstable,Suburban,1,2,Home Purchase,0
713,45,61317,850,0.42,5,19,1,6,0,5,Unstable,Urban,3,0,Home Purchase,0
714,31,20662,529,0.52,1,10,9,2,1,3,Stable,Suburban,1,0,Home Purchase,0
715,27,68440,817,0.26,1,3,6,2,0,5,Stable,Rural,3,2,Home Purchase,0
716,69,76893,682,0.17,5,11,5,6,0,5,Unstable,Urban,4,2,Child Birth,1
717,44,20000,605,0.12,4,11,2,1,1,4,Unstable,Suburban,1,1,Child Birth,1
718,43,26506,554,0.42,2,8,4,2,1,1,Stable,Rural,2,2,Home Purchase,0
719,59,27600,654,0.38,5,10,5,4,1,3,Unstable,Suburban,1,2,Home Purchase,0
720,28,55559,647,0.21,4,9,4,1,0,5,Unstable,Rural,2,1,Child Birth,0
721,29,25062,714,0.52,2,10,4,5,0,5,Unstable,Rural,2,1,Marriage,0
722,25,94462,850,0.47,5,10,6,3,1,2,Stable,Suburban,4,2,Child Birth,1
723,28,70903,649,0.24,2,18,4,1,0,1,Unstable,Urban,2,2,Home Purchase,0
724,36,74975,559,0.48,5,5,9,4,1,2,Stable,Rural,3,1,None,1
725,51,20273,666,0.22,1,5,2,1,0,1,Unstable,Suburban,3,2,Home Purchase,0
726,66,92329,804,0.44,5,7,5,2,0,4,Unstable,Rural,1,1,Marriage,0
727,47,76240,675,0.16,5,8,3,7,0,4,Stable,Rural,0,1,Child Birth,0
728,49,42941,765,0.45,5,17,8,1,0,2,Unstable,Urban,4,1,None,0
729,45,21455,716,0.22,5,6,3,6,0,2,Stable,Urban,4,1,Marriage,1
730,48,58096,706,0.39,4,13,8,4,0,1,Unstable,Rural,4,0,Home Purchase,0
731,49,48339,850,0.19,3,13,8,6,0,1,Stable,Suburban,4,0,Child Birth,0
732,69,49376,603,0.46,4,13,2,5,0,2,Stable,Suburban,4,0,Marriage,0
733,56,42364,595,0.13,4,16,7,6,1,2,Unstable,Urban,0,1,Child Birth,0
734,56,78035,609,0.18,1,2,6,5,0,5,Stable,Rural,1,1,Marriage,0
735,29,20000,734,0.19,5,5,1,2,0,3,Unstable,Suburban,1,1,Home Purchase,1
736,60,95748,705,0.12,4,10,2,4,0,2,Stable,Suburban,4,0,None,0
737,66,84952,771,0.47,2,10,4,7,1,1,Unstable,Suburban,0,0,Marriage,0
738,66,65267,692,0.59,5,11,2,4,0,5,Stable,Suburban,0,0,None,0
739,63,56397,680,0.49,1,9,5,5,0,4,Unstable,Suburban,0,0,Home Purchase,0
740,40,87076,732,0.53,1,13,3,2,1,4,Unstable,Rural,2,0,Marriage,1
741,57,58943,850,0.1,2,13,6,3,0,4,Unstable,Rural,3,2,None,0
742,45,53039,583,0.16,1,2,9,5,1,5,Unstable,Rural,0,0,Child Birth,0
743,33,88467,607,0.38,5,5,7,4,0,2,Stable,Suburban,2,0,Child Birth,1
744,30,112334,704,0.59,3,5,5,3,0,3,Unstable,Rural,4,2,Home Purchase,0
745,69,35724,850,0.43,3,12,1,2,0,4,Stable,Urban,2,0,Marriage,1
746,59,70619,592,0.29,4,8,1,9,0,2,Unstable,Rural,3,1,Home Purchase,0
747,63,32840,699,0.17,1,6,1,2,0,4,Stable,Suburban,0,0,Home Purchase,0
748,46,72540,612,0.18,5,18,3,9,0,4,Unstable,Rural,3,2,None,0
749,65,40545,739,0.28,2,8,7,4,0,4,Unstable,Urban,1,0,Home Purchase,0
750,29,90288,493,0.46,2,2,9,9,1,1,Stable,Urban,3,0,Home Purchase,1
751,66,57497,596,0.12,5,10,6,9,0,5,Unstable,Suburban,0,2,Home Purchase,1
752,47,61161,827,0.53,5,6,7,5,0,5,Stable,Rural,4,1,None,0
753,41,100777,700,0.57,2,5,3,7,0,1,Unstable,Urban,3,0,Home Purchase,0
754,36,41674,625,0.54,1,16,8,4,0,4,Stable,Suburban,1,1,None,0
755,47,77121,695,0.56,4,3,6,4,0,5,Unstable,Urban,2,0,Child Birth,0
756,40,44163,693,0.11,4,4,3,1,1,5,Unstable,Suburban,1,1,Child Birth,0
757,27,89907,756,0.59,4,1,2,9,1,5,Unstable,Urban,2,2,None,1
758,54,104668,492,0.28,5,14,9,8,1,4,Unstable,Suburban,1,1,Child Birth,1
759,46,53427,596,0.53,2,14,7,9,0,4,Stable,Rural,0,0,Home Purchase,1
760,33,20000,604,0.19,2,19,9,1,0,5,Stable,Rural,2,1,Child Birth,1
761,53,42796,762,0.32,2,6,4,2,0,3,Unstable,Suburban,0,1,Home Purchase,0
762,61,120815,699,0.12,2,12,4,8,0,2,Stable,Urban,3,2,Marriage,0
763,47,45197,844,0.12,2,18,6,8,0,2,Stable,Urban,2,2,None,0
764,37,104275,782,0.57,3,9,2,1,0,4,Unstable,Rural,3,0,None,1
765,56,44842,665,0.51,5,13,1,5,1,3,Stable,Rural,4,1,Marriage,0
766,47,44225,695,0.36,5,19,3,6,0,3,Stable,Suburban,1,1,Home Purchase,0
767,69,79479,829,0.36,3,13,5,5,0,3,Stable,Urban,1,1,Child Birth,0
768,41,76483,843,0.47,4,19,2,6,0,1,Stable,Suburban,1,1,Marriage,0
769,64,81304,690,0.27,1,19,9,7,0,1,Stable,Rural,4,0,None,0
770,45,60122,601,0.48,5,10,1,6,0,5,Unstable,Suburban,4,1,Marriage,0
771,26,85859,489,0.34,5,6,3,3,0,3,Stable,Suburban,0,1,Home Purchase,0
772,61,84037,489,0.42,3,3,5,6,0,2,Unstable,Suburban,2,2,Child Birth,0
773,30,88725,747,0.58,5,16,1,9,0,1,Stable,Urban,2,2,None,0
774,68,44411,745,0.34,5,9,4,6,0,4,Unstable,Suburban,2,1,Home Purchase,1
775,42,85840,632,0.31,4,17,1,6,0,4,Stable,Suburban,3,1,Child Birth,0
776,54,46966,830,0.55,3,9,7,5,1,3,Stable,Rural,4,2,Home Purchase,1
777,46,56072,679,0.55,5,5,1,1,0,5,Stable,Urban,4,2,None,0
778,57,55559,641,0.6,2,19,3,5,0,3,Unstable,Rural,4,2,None,1
779,54,35047,817,0.38,3,15,4,1,0,4,Stable,Rural,1,2,None,0
780,41,20000,803,0.27,4,10,4,8,1,4,Unstable,Urban,3,2,Child Birth,0
781,67,90593,694,0.22,1,4,7,1,1,5,Unstable,Rural,4,1,Child Birth,0
782,56,42443,751,0.12,5,12,5,8,0,1,Stable,Rural,4,0,Home Purchase,0
783,66,53256,764,0.46,2,14,8,4,1,5,Unstable,Rural,2,0,Marriage,1
784,38,41732,850,0.22,2,15,3,3,0,2,Stable,Rural,2,0,Child Birth,1
785,34,53583,686,0.4,1,19,8,4,1,4,Unstable,Urban,4,2,Home Purchase,1
786,60,47352,582,0.56,3,5,9,2,0,2,Unstable,Urban,1,2,Marriage,1
787,58,91977,762,0.58,4,12,9,3,0,4,Stable,Suburban,4,1,Child Birth,1
788,33,45237,706,0.1,5,3,9,4,0,4,Stable,Rural,2,0,Child Birth,0
789,66,102863,711,0.26,5,15,1,9,0,3,Stable,Suburban,3,0,Marriage,1
790,52,88481,696,0.52,5,15,9,2,1,4,Unstable,Suburban,1,1,Marriage,0
791,35,48138,540,0.37,2,12,8,3,1,4,Stable,Rural,0,1,Child Birth,0
792,38,67995,726,0.5,3,15,2,4,1,4,Unstable,Urban,3,0,Child Birth,1
793,63,72983,664,0.53,1,6,3,3,0,4,Unstable,Suburban,3,2,None,0
794,43,81040,669,0.32,3,17,7,3,0,3,Unstable,Rural,1,2,Home Purchase,1
795,39,83511,660,0.28,4,15,3,9,0,3,Stable,Suburban,1,0,Home Purchase,1
796,52,64665,696,0.33,4,15,2,5,1,2,Unstable,Suburban,4,0,Home Purchase,0
797,48,36139,726,0.43,1,11,4,9,0,2,Stable,Suburban,0,1,Child Birth,0
798,32,76022,697,0.28,2,12,9,6,0,2,Stable,Urban,1,1,Child Birth,0
799,67,54087,815,0.49,1,19,2,8,0,5,Stable,Suburban,1,2,None,0
800,33,20000,775,0.55,4,1,1,1,0,3,Unstable,Rural,3,2,None,0
801,57,69756,692,0.24,2,16,7,8,0,3,Stable,Urban,4,1,None,1
802,57,41647,596,0.58,3,11,1,1,0,1,Unstable,Rural,4,1,Child Birth,0
803,43,48540,758,0.41,4,1,6,9,1,1,Unstable,Rural,2,1,Marriage,1
804,27,60150,668,0.54,2,4,5,3,0,1,Stable,Rural,0,1,Marriage,1
805,34,21158,682,0.15,2,6,8,9,0,2,Unstable,Suburban,2,0,None,0
806,64,63476,568,0.23,5,4,3,8,0,4,Unstable,Urban,4,1,None,0
807,66,52082,741,0.26,3,2,3,7,0,5,Unstable,Suburban,3,1,Home Purchase,0
808,25,38069,850,0.25,2,17,1,1,0,3,Unstable,Rural,3,1,Marriage,0
809,53,61156,649,0.19,1,1,4,7,0,2,Unstable,Suburban,0,0,Child Birth,0
810,58,20000,762,0.53,3,13,6,2,0,5,Unstable,Suburban,4,1,None,0
811,37,61890,824,0.31,3,12,5,2,0,3,Stable,Urban,3,2,Child Birth,1
812,25,71764,647,0.58,4,2,7,9,1,5,Stable,Rural,1,1,Marriage,1
813,58,67631,457,0.39,3,19,1,9,0,5,Stable,Rural,0,1,None,0
814,53,79722,769,0.17,3,12,3,1,1,3,Unstable,Rural,1,2,Home Purchase,0
815,37,89133,707,0.37,5,4,4,7,0,5,Stable,Suburban,4,0,Marriage,0
816,53,57966,731,0.6,3,18,6,5,1,1,Stable,Suburban,4,0,Child Birth,0
817,63,87386,705,0.38,2,2,4,6,0,1,Unstable,Urban,1,2,Child Birth,0
818,48,57872,815,0.1,1,1,7,1,1,5,Unstable,Urban,2,1,Child Birth,0
819,50,42513,690,0.57,5,13,3,6,0,2,Stable,Rural,0,1,None,0
820,41,50181,850,0.22,5,5,8,1,0,4,Unstable,Suburban,1,0,None,1
821,31,66674,769,0.44,5,19,7,4,0,3,Unstable,Suburban,1,0,Home Purchase,1
822,37,87129,801,0.36,5,1,3,2,0,2,Stable,Rural,2,1,Home Purchase,0
823,29,60036,700,0.26,4,2,9,2,1,4,Unstable,Urban,3,0,Child Birth,1
824,50,43158,731,0.24,5,14,5,1,0,3,Stable,Urban,0,1,None,0
825,27,96106,531,0.56,4,9,2,7,1,4,Unstable,Urban,2,2,Home Purchase,1
826,31,24129,642,0.56,4,8,9,2,0,3,Stable,Suburban,1,1,Child Birth,0
827,63,43319,807,0.36,3,11,8,7,1,1,Unstable,Suburban,3,0,Child Birth,0
828,25,82319,693,0.23,1,4,8,2,0,2,Unstable,Rural,4,1,Home Purchase,0
829,41,104161,587,0.15,3,3,1,7,0,4,Unstable,Urban,3,1,None,0
830,67,72017,631,0.18,4,5,4,4,0,1,Unstable,Urban,4,1,None,0
831,49,66247,630,0.36,3,14,7,9,0,2,Stable,Urban,2,2,Home Purchase,0
832,27,52728,696,0.25,2,10,6,1,1,5,Unstable,Urban,4,0,None,0
833,39,73701,616,0.12,5,6,9,3,0,2,Stable,Rural,4,0,Child Birth,0
834,53,63234,842,0.33,5,10,8,5,1,2,Stable,Rural,1,1,Home Purchase,1
835,67,41136,720,0.47,4,11,9,7,0,1,Unstable,Rural,4,2,None,0
836,56,52275,560,0.55,3,8,4,7,1,1,Stable,Suburban,4,0,Marriage,1
837,50,38313,850,0.39,2,4,8,6,1,4,Unstable,Urban,0,1,None,0
838,40,60340,695,0.46,2,18,6,5,0,4,Stable,Suburban,1,1,Home Purchase,0
839,49,64045,750,0.28,2,14,9,5,1,5,Stable,Rural,2,0,Child Birth,0
840,52,100859,730,0.35,4,3,1,4,1,1,Unstable,Rural,2,1,Child Birth,1
841,33,45065,741,0.46,3,12,6,9,1,1,Unstable,Suburban,2,0,None,1
842,25,55480,665,0.46,2,15,2,8,0,2,Stable,Suburban,2,1,None,0
843,53,91479,733,0.31,2,8,3,9,1,2,Stable,Suburban,3,1,Child Birth,0
844,46,105127,685,0.37,3,14,9,7,0,5,Stable,Suburban,0,0,None,1
845,40,71867,736,0.56,3,6,5,5,0,2,Unstable,Rural,1,1,Child Birth,0
846,65,53660,681,0.42,5,14,5,2,0,2,Unstable,Suburban,1,0,Child Birth,1
847,68,48174,670,0.42,1,4,1,4,0,4,Unstable,Suburban,3,0,None,1
848,65,20000,553,0.49,1,6,2,6,1,5,Unstable,Suburban,1,0,Marriage,0
849,31,36805,699,0.16,2,16,9,8,0,4,Unstable,Suburban,2,0,Child Birth,1
850,38,62539,722,0.36,3,17,7,5,1,5,Stable,Suburban,3,2,Marriage,0
851,53,55475,850,0.58,5,2,4,9,0,4,Stable,Rural,2,2,Home Purchase,1
852,43,75585,747,0.28,4,18,7,4,0,4,Stable,Suburban,3,1,Home Purchase,0
853,43,55119,627,0.25,1,13,2,6,0,5,Stable,Rural,2,2,Child Birth,0
854,26,41848,598,0.4,1,16,5,4,0,2,Unstable,Rural,4,2,Child Birth,0
855,65,68533,726,0.21,3,13,9,6,0,3,Unstable,Urban,1,2,Home Purchase,1
856,69,122631,625,0.38,4,14,2,3,1,1,Stable,Urban,0,0,Home Purchase,1
857,39,52066,643,0.18,1,18,3,8,0,5,Unstable,Rural,2,0,Home Purchase,1
858,27,63472,625,0.39,5,8,5,4,0,3,Stable,Rural,1,2,None,1
859,35,81173,667,0.4,1,5,5,7,0,4,Unstable,Rural,1,2,Home Purchase,0
860,54,45709,773,0.31,3,9,8,8,0,2,Stable,Suburban,3,1,None,0
861,64,91818,501,0.29,3,15,7,9,1,4,Stable,Rural,1,0,Home Purchase,1
862,42,20523,829,0.22,4,9,3,2,0,5,Unstable,Urban,4,1,None,0
863,26,49806,679,0.27,1,10,5,3,1,3,Unstable,Rural,3,2,None,1
864,56,52219,636,0.35,4,18,8,9,0,4,Unstable,Rural,1,0,None,0
865,32,63778,788,0.22,1,14,5,7,0,2,Unstable,Urban,2,0,None,1
866,46,20000,679,0.49,2,18,2,7,1,5,Stable,Suburban,3,2,Home Purchase,0
867,30,93818,595,0.45,1,16,2,4,0,5,Stable,Rural,0,0,None,0
868,36,70355,547,0.23,3,5,1,1,0,4,Stable,Urban,0,0,Marriage,0
869,64,88070,769,0.15,3,10,6,8,0,2,Unstable,Suburban,1,2,None,1
870,60,100325,775,0.1,2,6,1,9,0,5,Unstable,Suburban,4,1,Marriage,0
871,39,41485,658,0.4,1,9,8,4,1,5,Stable,Urban,4,0,None,1
872,52,20000,832,0.21,1,16,1,1,0,4,Stable,Urban,4,1,None,0
873,69,88659,703,0.11,3,11,8,9,0,3,Unstable,Rural,0,2,Marriage,1
874,42,52840,832,0.28,2,18,6,5,0,1,Stable,Urban,1,1,Home Purchase,0
875,26,31670,604,0.58,3,5,9,6,1,2,Unstable,Urban,0,1,Home Purchase,1
876,37,74407,592,0.44,2,9,3,2,1,5,Unstable,Suburban,1,2,Child Birth,1
877,69,121588,648,0.53,3,11,7,5,0,5,Stable,Urban,0,1,Child Birth,0
878,39,57277,660,0.17,5,9,2,1,1,5,Unstable,Suburban,2,0,Marriage,1
879,44,83777,815,0.14,1,4,5,3,0,3,Unstable,Rural,3,0,None,0
880,53,35312,729,0.11,4,8,1,1,1,1,Stable,Urban,3,2,None,1
881,66,20000,624,0.58,5,5,5,1,0,4,Stable,Urban,0,0,Marriage,0
882,53,82848,701,0.25,3,3,8,9,1,2,Unstable,Rural,1,2,Marriage,1
883,27,73651,657,0.33,2,4,3,6,0,3,Stable,Urban,1,2,Marriage,0
884,43,48357,619,0.3,4,16,6,8,0,5,Stable,Urban,4,0,Home Purchase,0
885,27,102655,692,0.47,2,13,4,5,0,1,Stable,Urban,4,1,Home Purchase,0
886,38,20000,680,0.25,2,3,8,9,0,1,Unstable,Urban,0,0,Child Birth,1
887,64,29249,623,0.37,1,4,2,4,0,1,Stable,Urban,1,1,Home Purchase,0
888,28,46428,622,0.6,3,1,5,8,0,4,Unstable,Urban,2,0,None,1
889,35,51090,781,0.32,1,8,6,6,1,2,Unstable,Suburban,3,1,Child Birth,0
890,55,96633,742,0.38,2,9,8,5,1,5,Unstable,Urban,1,1,Marriage,0
891,67,61229,794,0.35,1,5,2,5,1,3,Unstable,Urban,4,2,None,1
892,56,55176,671,0.5,5,12,9,3,1,3,Stable,Rural,0,1,Home Purchase,1
893,51,28249,591,0.23,2,9,7,4,0,3,Stable,Urban,1,0,Child Birth,0
894,54,87165,642,0.19,2,4,4,5,0,3,Stable,Rural,1,2,Home Purchase,0
895,67,31583,802,0.48,5,17,2,9,1,5,Unstable,Rural,0,1,None,1
896,26,28134,539,0.31,2,12,8,3,0,2,Stable,Rural,2,0,Child Birth,0
897,33,49993,844,0.56,4,13,2,5,1,5,Stable,Rural,3,1,None,0
898,52,64079,588,0.42,4,11,2,9,0,3,Unstable,Suburban,2,0,None,0
899,55,41996,777,0.38,3,17,9,1,0,2,Unstable,Suburban,2,2,Child Birth,0
900,58,77675,597,0.14,3,15,4,5,0,4,Unstable,Urban,4,1,None,0
901,39,52925,640,0.47,1,9,7,4,0,2,Stable,Rural,3,2,Child Birth,0
902,49,86319,494,0.44,1,4,4,1,0,4,Stable,Suburban,2,2,Marriage,0
903,60,72627,850,0.42,5,12,5,1,0,5,Stable,Suburban,1,2,Marriage,0
904,32,104786,757,0.23,5,3,1,7,0,4,Stable,Suburban,1,0,Marriage,1
905,33,48944,763,0.57,2,17,1,6,0,4,Unstable,Urban,4,0,Child Birth,0
906,61,81099,650,0.26,3,7,3,1,0,2,Unstable,Urban,3,0,Marriage,0
907,69,20000,606,0.18,3,7,6,4,0,5,Stable,Suburban,0,2,Marriage,0
908,63,132291,777,0.59,3,12,1,7,0,2,Unstable,Urban,1,2,Home Purchase,1
909,56,79848,579,0.47,3,10,4,6,0,1,Stable,Rural,0,1,Home Purchase,0
910,41,52592,683,0.31,1,8,9,2,0,4,Unstable,Urban,4,1,Child Birth,0
911,59,53521,574,0.57,4,9,2,9,0,2,Unstable,Rural,1,2,Home Purchase,1
912,61,53824,712,0.15,5,14,2,3,0,5,Stable,Urban,1,0,Child Birth,0
913,43,106000,508,0.14,5,6,2,2,0,2,Unstable,Rural,2,1,None,0
914,68,82463,551,0.44,3,19,7,1,0,1,Unstable,Urban,4,2,None,0
915,53,48917,614,0.19,3,15,7,3,0,4,Stable,Urban,4,0,Marriage,0
916,31,29029,761,0.56,1,7,6,6,0,1,Unstable,Rural,2,0,Marriage,1
917,52,89902,646,0.52,1,8,2,1,0,1,Unstable,Rural,4,2,None,0
918,33,80963,798,0.25,5,3,5,2,0,4,Unstable,Rural,2,2,Marriage,0
919,52,77659,850,0.54,3,11,6,9,0,1,Unstable,Suburban,2,0,Child Birth,1
920,30,57906,669,0.12,3,4,6,1,0,4,Unstable,Urban,2,1,Child Birth,0
921,53,52509,552,0.37,5,2,6,1,1,4,Stable,Urban,3,0,None,1
922,41,102130,796,0.57,1,1,6,9,0,3,Unstable,Suburban,1,0,Home Purchase,1
923,40,104456,545,0.53,5,7,1,3,1,5,Unstable,Urban,1,2,None,1
924,47,76003,609,0.28,1,12,4,6,1,2,Stable,Rural,1,2,Marriage,0
925,55,84246,529,0.19,1,8,1,3,1,2,Stable,Rural,3,0,Marriage,0
926,27,65902,796,0.21,1,13,3,2,0,5,Unstable,Suburban,1,1,Child Birth,0
927,45,25750,757,0.36,3,6,2,3,0,1,Stable,Urban,2,0,Child Birth,1
928,50,35506,850,0.4,5,7,2,4,0,5,Unstable,Urban,0,2,Home Purchase,1
929,60,88654,655,0.12,1,6,6,1,0,4,Unstable,Suburban,0,2,Child Birth,0
930,66,91842,617,0.31,4,12,1,3,0,4,Unstable,Rural,1,2,Marriage,1
931,61,86353,647,0.52,1,7,4,7,1,2,Unstable,Rural,4,1,Marriage,1
932,46,68651,566,0.32,1,10,9,2,0,3,Stable,Urban,1,0,Home Purchase,0
933,66,87282,842,0.18,1,7,3,7,1,1,Unstable,Rural,3,2,Marriage,0
934,36,58546,850,0.58,2,15,8,4,1,5,Unstable,Urban,4,0,Child Birth,0
935,66,75534,627,0.23,4,2,9,7,0,4,Stable,Rural,0,2,Marriage,0
936,37,54882,759,0.5,3,8,2,3,0,4,Unstable,Rural,2,2,Marriage,0
937,35,33580,684,0.2,5,17,5,7,1,3,Stable,Urban,1,2,None,0
938,40,81614,744,0.31,5,16,6,7,0,4,Stable,Urban,1,0,Marriage,1
939,32,91878,805,0.35,5,13,5,3,0,5,Stable,Rural,1,0,None,1
940,64,121848,585,0.35,3,18,6,6,0,2,Stable,Urban,4,0,Child Birth,0
941,64,66600,652,0.36,1,4,5,9,0,2,Stable,Rural,3,0,Child Birth,0
942,69,33804,820,0.21,4,12,7,7,1,1,Unstable,Urban,2,1,Child Birth,0
943,26,51788,750,0.36,5,11,5,5,0,5,Stable,Suburban,2,2,Marriage,1
944,54,56602,732,0.34,2,2,5,1,0,4,Unstable,Urban,1,1,Marriage,0
945,54,63712,750,0.2,2,16,7,8,0,4,Stable,Rural,2,0,Marriage,1
946,36,71771,760,0.59,4,13,3,4,0,5,Stable,Rural,2,1,Marriage,0
947,34,69074,815,0.53,5,4,7,2,1,2,Unstable,Rural,1,1,Child Birth,0
948,68,79427,775,0.54,1,2,8,9,0,4,Stable,Suburban,1,0,None,1
949,35,64935,694,0.44,5,18,5,3,0,4,Stable,Rural,3,2,None,0
950,39,20000,735,0.18,1,1,4,6,0,5,Stable,Urban,1,1,Child Birth,1
951,40,65678,693,0.38,5,6,2,3,0,1,Stable,Urban,1,0,Child Birth,1
952,41,62168,625,0.51,2,19,5,7,1,5,Unstable,Rural,3,1,None,0
953,50,73756,694,0.12,3,10,6,2,0,4,Unstable,Urban,3,0,Home Purchase,0
954,26,50962,688,0.35,4,9,9,4,0,5,Stable,Rural,2,0,Home Purchase,0
955,36,65588,530,0.3,1,17,6,9,0,5,Stable,Suburban,1,2,Home Purchase,1
956,50,73906,777,0.21,3,15,6,8,0,1,Unstable,Rural,4,2,Home Purchase,0
957,47,55998,794,0.29,1,2,6,8,0,2,Stable,Suburban,1,2,Child Birth,0
958,42,76896,754,0.59,4,17,8,8,0,5,Unstable,Rural,2,1,Home Purchase,0
959,56,61753,788,0.46,3,7,6,7,1,5,Stable,Suburban,0,1,Marriage,0
960,62,63916,682,0.25,3,16,1,6,0,1,Unstable,Suburban,3,0,Child Birth,0
961,27,20000,648,0.4,4,17,1,8,0,4,Stable,Suburban,1,0,Home Purchase,0
962,62,31402,794,0.22,4,1,2,7,1,3,Unstable,Urban,4,2,Home Purchase,0
963,27,31470,594,0.41,1,16,1,1,0,3,Stable,Urban,4,1,Child Birth,0
964,54,65408,590,0.55,3,4,3,6,1,4,Unstable,Urban,1,0,Child Birth,1
965,25,91791,744,0.38,4,16,3,8,1,4,Unstable,Suburban,0,0,Home Purchase,0
966,54,57039,742,0.47,1,3,4,5,0,4,Unstable,Urban,3,0,None,0
967,69,81207,793,0.33,5,1,6,6,0,2,Unstable,Urban,1,0,None,1
968,56,76206,528,0.36,4,17,7,2,0,2,Stable,Urban,2,2,None,0
969,52,63497,690,0.45,3,5,9,2,0,1,Stable,Urban,3,1,Marriage,0
970,45,74349,586,0.51,5,3,8,2,0,4,Stable,Rural,4,1,Child Birth,1
971,37,66148,785,0.43,4,19,6,6,0,5,Unstable,Suburban,0,0,Marriage,1
972,51,56442,833,0.59,2,11,9,5,1,4,Stable,Rural,2,0,None,0
973,60,69777,750,0.51,3,15,4,6,0,4,Stable,Suburban,1,2,Child Birth,1
974,31,96165,644,0.49,3,2,6,6,1,5,Stable,Rural,3,0,Child Birth,0
975,46,71818,625,0.52,1,7,7,4,0,1,Unstable,Urban,1,1,None,0
976,34,65449,658,0.24,2,18,2,7,1,4,Stable,Urban,4,2,None,0
977,63,38063,615,0.32,4,1,1,9,0,5,Unstable,Rural,0,2,None,0
978,39,95396,684,0.38,2,8,8,7,0,3,Stable,Rural,2,2,Home Purchase,0
979,39,24823,624,0.33,4,16,8,6,1,3,Unstable,Urban,4,1,None,0
980,28,20000,561,0.52,1,15,7,3,0,5,Stable,Urban,1,0,Marriage,0
981,56,69286,738,0.11,5,4,9,6,0,4,Unstable,Rural,2,2,Marriage,0
982,47,37980,745,0.2,2,13,9,8,0,2,Unstable,Suburban,1,0,Marriage,1
983,30,87227,850,0.54,3,12,3,8,1,2,Stable,Rural,1,0,Home Purchase,0
984,48,20000,656,0.13,4,9,1,4,1,4,Stable,Rural,0,2,Marriage,0
985,44,84045,510,0.21,2,13,9,5,0,5,Stable,Rural,0,2,Child Birth,1
986,61,80524,781,0.28,4,11,1,4,0,1,Stable,Rural,0,2,Marriage,0
987,44,62950,792,0.48,2,12,1,2,1,2,Stable,Rural,0,0,Home Purchase,1
988,36,20000,814,0.38,3,4,5,5,0,3,Stable,Urban,0,1,None,0
989,57,20000,847,0.58,4,3,2,1,1,1,Stable,Rural,3,2,Marriage,0
990,52,65998,848,0.21,4,5,2,2,1,3,Stable,Urban,0,1,None,0
991,32,54180,602,0.54,5,6,5,7,0,4,Unstable,Urban,0,1,Child Birth,1
992,25,78183,850,0.24,1,4,7,5,0,1,Unstable,Rural,2,0,Marriage,0
993,61,58294,667,0.22,2,1,6,8,1,4,Stable,Rural,2,0,Home Purchase,1
994,46,56120,779,0.35,3,5,5,6,1,2,Stable,Rural,2,0,None,0
995,30,20000,725,0.14,5,2,3,8,1,4,Unstable,Suburban,3,0,Marriage,0
996,45,80560,602,0.29,5,14,9,2,0,2,Stable,Suburban,0,1,Child Birth,0
997,56,43771,816,0.28,1,11,8,8,0,2,Stable,Urban,3,1,Home Purchase,1
998,59,50044,654,0.18,3,9,3,9,0,5,Stable,Rural,3,2,Home Purchase,0
999,39,33255,850,0.53,2,8,7,8,1,4,Stable,Urban,1,0,Home Purchase,1
1000,29,21489,623,0.29,4,7,3,7,0,1,Unstable,Rural,3,0,Home Purchase,0
1001,30,96803,599,0.59,1,15,6,8,0,1,Unstable,Rural,1,1,Home Purchase,1
1002,49,79887,633,0.55,4,9,3,2,0,5,Stable,Rural,4,0,Home Purchase,0
1003,64,80299,849,0.2,5,10,8,6,0,4,Stable,Urban,2,0,None,0
1004,53,54587,543,0.35,4,18,3,7,0,5,Stable,Suburban,1,2,Child Birth,1
1005,31,20000,791,0.4,2,19,5,9,1,2,Stable,Urban,4,2,None,0
1006,64,112551,850,0.51,2,2,3,3,1,4,Stable,Urban,3,1,Child Birth,0
1007,37,70557,683,0.54,4,14,8,6,1,1,Stable,Suburban,1,1,Home Purchase,0
1008,62,63419,660,0.41,4,10,9,8,0,2,Stable,Rural,3,0,None,1
1009,42,51021,707,0.12,1,5,6,4,0,5,Stable,Urban,1,2,Marriage,0
1010,26,20000,587,0.34,2,5,4,5,0,5,Unstable,Rural,2,2,None,0
1011,32,88538,850,0.54,4,2,4,2,0,5,Stable,Rural,3,0,Home Purchase,1
1012,35,33557,766,0.46,3,13,5,7,0,4,Unstable,Suburban,0,2,Child Birth,1
1013,57,73664,577,0.54,1,7,3,8,1,5,Stable,Urban,0,2,Marriage,0
1014,62,79270,619,0.44,1,15,4,6,1,2,Stable,Suburban,1,1,Home Purchase,0
1015,51,68353,717,0.12,1,15,4,9,0,4,Stable,Urban,2,2,Marriage,0
1016,44,71749,570,0.58,1,6,1,3,0,4,Unstable,Suburban,3,1,None,0
1017,36,93652,549,0.56,4,7,1,9,0,2,Unstable,Rural,3,0,Child Birth,0
1018,67,40189,729,0.16,5,4,9,9,1,1,Unstable,Suburban,1,1,Home Purchase,1
1019,55,64112,800,0.16,3,4,3,9,1,4,Stable,Rural,2,2,Home Purchase,0
1020,51,54372,791,0.37,5,1,5,6,0,2,Stable,Urban,4,0,Home Purchase,0
1021,56,20000,694,0.48,5,11,2,9,1,4,Unstable,Urban,3,2,Marriage,1
1022,34,67158,672,0.29,4,5,1,7,0,1,Unstable,Suburban,4,2,Home Purchase,0
1023,27,91281,705,0.17,1,2,7,8,0,1,Stable,Suburban,3,1,Child Birth,0
1024,69,94408,799,0.36,1,5,9,8,0,3,Unstable,Rural,1,0,None,1
1025,51,106436,574,0.27,4,5,4,8,0,4,Stable,Urban,2,1,Marriage,0
1026,59,20000,622,0.28,4,13,4,3,0,4,Unstable,Rural,0,1,Home Purchase,0
1027,55,100715,662,0.42,2,12,3,6,0,2,Stable,Suburban,1,2,Home Purchase,0
1028,39,64620,675,0.54,1,10,3,7,0,2,Unstable,Suburban,0,1,Home Purchase,0
1029,40,100014,694,0.38,3,13,2,4,0,3,Stable,Suburban,4,1,Child Birth,0
1030,37,50130,697,0.44,2,9,3,4,0,2,Stable,Suburban,4,0,Home Purchase,0
1031,59,46729,767,0.43,5,5,5,7,0,1,Stable,Urban,1,2,Marriage,0
1032,35,29618,523,0.38,1,6,8,2,0,5,Unstable,Rural,4,0,None,1
1033,45,79399,539,0.26,4,17,8,8,0,4,Stable,Urban,3,1,Home Purchase,1
1034,35,72861,633,0.29,4,5,5,6,1,3,Stable,Urban,2,2,Child Birth,0
1035,54,32074,786,0.26,4,11,1,9,0,4,Stable,Urban,1,1,Home Purchase,0
1036,59,20000,634,0.56,1,6,2,5,0,3,Stable,Suburban,4,1,Marriage,0
1037,46,70381,695,0.51,3,9,8,1,0,5,Stable,Suburban,4,0,Child Birth,1
1038,62,73229,712,0.39,4,12,9,7,0,3,Stable,Rural,4,2,None,0
1039,55,35326,731,0.56,1,4,7,4,0,3,Stable,Urban,4,2,None,0
1040,38,30304,850,0.54,5,18,9,4,0,5,Unstable,Suburban,0,1,Marriage,1
1041,48,76396,769,0.56,2,15,9,3,0,2,Stable,Urban,3,0,Marriage,0
1042,56,106409,799,0.21,1,4,6,5,1,1,Stable,Urban,3,1,Home Purchase,1
1043,60,47625,687,0.46,1,14,6,6,0,3,Stable,Urban,4,0,Marriage,1
1044,56,38009,847,0.4,4,18,7,3,0,1,Stable,Suburban,0,1,Marriage,0
1045,39,67471,707,0.47,2,17,1,8,0,3,Unstable,Urban,4,1,None,0
1046,67,75881,504,0.23,2,2,9,2,0,5,Stable,Rural,2,2,None,1
1047,59,50892,850,0.45,4,19,1,7,0,1,Unstable,Suburban,3,0,Child Birth,1
1048,27,110627,704,0.3,3,14,8,1,0,4,Stable,Rural,1,2,Child Birth,1
1049,40,82542,752,0.52,1,4,2,9,0,1,Stable,Suburban,2,2,Marriage,0
1050,29,50468,593,0.5,4,2,7,9,0,5,Unstable,Urban,0,2,None,0
1051,45,20187,850,0.21,3,13,5,5,0,2,Unstable,Urban,1,1,Child Birth,0
1052,34,92985,620,0.19,4,7,8,2,1,2,Stable,Urban,2,2,None,0
1053,43,89798,661,0.46,5,8,7,6,0,1,Stable,Suburban,4,2,Home Purchase,0
1054,49,52431,547,0.38,3,10,8,5,0,5,Stable,Rural,4,1,Marriage,0
1055,28,68764,736,0.38,3,3,2,4,1,2,Unstable,Rural,3,1,Marriage,0
1056,53,56238,671,0.48,2,4,9,2,1,2,Unstable,Urban,1,1,Marriage,0
1057,43,73014,545,0.53,1,6,6,5,0,2,Unstable,Rural,1,2,Child Birth,0
1058,67,34376,693,0.22,4,7,6,8,1,1,Unstable,Rural,0,0,Marriage,0
1059,26,30812,709,0.38,4,7,6,2,0,2,Stable,Rural,3,1,Home Purchase,0
1060,34,80271,675,0.51,1,17,1,7,1,5,Stable,Urban,4,0,Child Birth,0
1061,67,83440,517,0.54,1,6,7,3,0,5,Stable,Suburban,1,1,Child Birth,0
1062,49,47730,729,0.24,2,19,2,6,1,4,Unstable,Urban,1,2,Home Purchase,0
1063,44,41271,573,0.15,1,18,2,4,0,2,Stable,Urban,3,2,Home Purchase,0
1064,43,88689,788,0.22,5,12,5,6,0,4,Unstable,Rural,1,1,Marriage,0
1065,47,42118,644,0.57,2,19,6,2,1,4,Stable,Urban,1,1,Marriage,1
1066,48,61385,792,0.33,3,11,1,5,1,2,Unstable,Rural,2,1,Home Purchase,1
1067,35,58214,701,0.31,1,17,1,2,0,4,Unstable,Urban,1,1,None,0
1068,58,23327,706,0.11,3,3,1,8,0,2,Unstable,Urban,0,1,Child Birth,1
1069,52,64802,827,0.13,2,15,7,9,0,3,Unstable,Suburban,3,2,Child Birth,1
1070,29,62360,618,0.43,5,5,1,8,1,5,Stable,Rural,3,2,Marriage,1
1071,29,69004,590,0.39,5,4,9,1,0,3,Stable,Urban,0,1,Marriage,0
1072,45,63955,755,0.39,1,1,3,5,0,1,Stable,Urban,2,1,None,0
1073,36,113392,568,0.16,5,3,2,4,1,1,Stable,Suburban,2,1,Marriage,1
1074,28,89041,620,0.28,4,10,6,4,0,4,Unstable,Rural,4,2,None,0
1075,66,60970,542,0.51,2,13,2,7,1,3,Stable,Urban,1,1,None,0
1076,44,63255,815,0.19,5,7,5,4,1,3,Stable,Rural,0,2,None,0
1077,62,104090,599,0.54,2,14,5,1,0,2,Unstable,Urban,3,2,Home Purchase,0
1078,49,81577,634,0.16,2,13,9,3,0,4,Stable,Rural,2,0,Child Birth,0
1079,38,29274,570,0.18,4,5,4,8,0,5,Stable,Rural,0,1,Home Purchase,0
1080,35,83723,661,0.34,1,11,8,7,0,3,Unstable,Urban,4,1,Home Purchase,1
1081,56,91070,685,0.57,2,14,7,2,0,3,Stable,Suburban,4,1,Home Purchase,0
1082,35,100442,782,0.26,4,1,7,7,0,2,Unstable,Urban,1,2,Child Birth,0
1083,42,49962,567,0.43,5,5,1,2,1,2,Unstable,Suburban,2,1,Marriage,1
1084,51,48138,639,0.39,3,3,6,6,0,5,Unstable,Suburban,4,2,Marriage,0
1085,42,36454,842,0.17,1,1,6,8,0,4,Stable,Urban,1,0,Home Purchase,1
1086,47,67703,804,0.22,3,17,8,3,0,2,Unstable,Urban,2,1,None,1
1087,35,78321,632,0.57,4,12,6,3,0,1,Unstable,Suburban,4,1,Marriage,0
1088,45,47166,695,0.19,2,13,8,8,1,3,Unstable,Urban,3,2,None,0
1089,68,56454,850,0.45,4,6,6,8,0,1,Unstable,Urban,3,1,Child Birth,0
1090,29,20000,580,0.58,1,3,8,6,0,1,Unstable,Suburban,0,2,Child Birth,0
1091,47,97736,507,0.16,1,11,5,1,0,3,Unstable,Urban,3,2,Home Purchase,1
1092,65,20875,646,0.3,5,11,9,3,0,3,Stable,Urban,3,0,None,0
1093,49,69369,691,0.21,4,10,4,7,1,2,Stable,Rural,2,0,None,0
1094,65,65956,619,0.21,1,11,6,2,1,4,Stable,Suburban,1,1,None,0
1095,34,61145,797,0.16,4,16,2,9,0,3,Stable,Rural,3,2,Child Birth,0
1096,46,61719,721,0.42,5,10,3,9,1,4,Stable,Rural,2,2,Child Birth,0
1097,43,34705,639,0.47,5,12,4,2,0,3,Unstable,Urban,3,2,Marriage,0
1098,25,51798,646,0.44,4,19,3,6,0,1,Stable,Suburban,4,2,Child Birth,0
1099,31,84223,625,0.56,1,9,7,2,1,1,Unstable,Suburban,2,2,Home Purchase,0
1100,28,91628,782,0.17,2,4,9,1,0,5,Unstable,Urban,1,0,Child Birth,0
1101,25,49477,652,0.26,2,15,6,9,1,2,Unstable,Rural,0,2,Home Purchase,0
1102,39,20989,580,0.27,5,7,3,5,1,2,Stable,Suburban,1,0,Child Birth,1
1103,64,40533,796,0.22,1,5,9,1,1,3,Stable,Rural,0,1,Marriage,0
1104,36,106317,672,0.17,5,19,1,7,0,3,Stable,Urban,3,1,Home Purchase,0
1105,46,42021,564,0.34,5,15,5,3,0,2,Unstable,Urban,2,0,Home Purchase,1
1106,46,57569,850,0.52,5,6,5,6,1,5,Stable,Rural,1,2,Child Birth,0
1107,41,95397,761,0.58,5,15,2,4,0,3,Unstable,Rural,4,2,Child Birth,0
1108,53,46827,704,0.16,4,17,5,3,0,4,Stable,Suburban,1,1,None,0
1109,38,55861,678,0.51,4,19,1,6,0,3,Stable,Suburban,0,1,None,0
1110,44,79862,671,0.51,1,3,1,8,0,4,Unstable,Urban,3,1,Home Purchase,0
1111,57,102795,669,0.29,1,18,4,6,1,4,Stable,Rural,2,2,Marriage,0
1112,67,43861,672,0.16,3,10,6,6,0,1,Unstable,Rural,3,1,Home Purchase,0
1113,39,94802,641,0.6,2,15,2,5,0,1,Unstable,Urban,4,0,Home Purchase,1
1114,36,52961,689,0.43,4,18,5,5,0,5,Stable,Rural,0,2,None,0
1115,64,37851,639,0.59,1,15,5,1,1,1,Unstable,Rural,0,0,Marriage,0
1116,44,66238,722,0.34,5,19,3,4,1,4,Unstable,Rural,0,1,Home Purchase,1
1117,54,31060,697,0.3,4,5,4,8,0,5,Unstable,Urban,3,1,Home Purchase,0
1118,62,71800,629,0.22,2,11,2,6,0,1,Stable,Rural,4,2,Child Birth,0
1119,27,138741,691,0.59,4,9,7,7,0,1,Unstable,Suburban,1,0,Child Birth,0
1120,52,87640,754,0.23,2,5,3,9,0,4,Unstable,Suburban,0,1,Marriage,0
1121,50,57377,474,0.11,3,11,6,8,0,3,Stable,Urban,0,0,None,0
1122,54,86305,757,0.36,1,7,9,4,0,5,Unstable,Urban,0,2,None,0
1123,37,36711,577,0.29,2,2,7,7,0,1,Stable,Suburban,0,2,Marriage,0
1124,37,40908,654,0.23,3,19,4,3,1,4,Unstable,Rural,4,0,Home Purchase,0
1125,26,58070,417,0.42,4,18,2,5,0,1,Stable,Rural,2,0,Home Purchase,0
1126,61,62194,756,0.28,1,16,7,3,0,3,Unstable,Urban,0,1,None,0
1127,62,27667,625,0.3,2,1,8,7,1,2,Unstable,Rural,2,1,Home Purchase,1
1128,26,52338,650,0.11,2,3,3,3,0,5,Unstable,Suburban,3,0,Marriage,0
1129,60,56385,709,0.39,1,9,7,8,1,5,Unstable,Rural,3,0,None,1
1130,50,98549,502,0.16,4,17,1,8,0,4,Unstable,Rural,1,2,Home Purchase,0
1131,35,27666,706,0.21,4,8,8,6,0,4,Unstable,Suburban,0,0,Marriage,0
1132,32,25348,764,0.46,5,16,7,9,0,1,Stable,Urban,3,2,Home Purchase,0
1133,68,64392,717,0.26,4,12,6,2,0,5,Stable,Rural,4,2,Home Purchase,0
1134,64,88771,660,0.18,1,4,3,6,0,1,Stable,Rural,4,2,None,0
1135,67,73789,704,0.39,3,5,4,4,1,2,Unstable,Rural,2,1,Child Birth,0
1136,46,67566,692,0.21,1,7,8,7,1,5,Stable,Rural,4,1,Marriage,0
1137,44,52784,775,0.24,2,18,1,1,0,2,Unstable,Rural,0,1,Child Birth,0
1138,32,76902,825,0.41,5,14,2,4,1,1,Stable,Urban,3,1,Home Purchase,1
1139,53,80672,658,0.47,5,8,1,4,0,3,Unstable,Rural,3,2,Home Purchase,0
1140,64,53567,723,0.47,3,13,4,6,1,2,Unstable,Suburban,3,2,Child Birth,1
1141,50,36284,633,0.34,2,4,6,6,1,3,Stable,Urban,0,0,Marriage,1
1142,54,36446,741,0.33,4,12,5,6,0,5,Unstable,Suburban,1,1,Child Birth,1
1143,41,81968,746,0.49,4,3,6,4,0,3,Unstable,Rural,2,0,None,0
1144,44,21393,683,0.2,4,5,2,5,0,3,Unstable,Urban,4,2,Marriage,0
1145,40,101926,751,0.18,1,4,5,8,1,1,Stable,Rural,2,0,Marriage,1
1146,67,48596,700,0.43,4,15,1,3,0,1,Stable,Suburban,2,0,Home Purchase,0
1147,31,67738,695,0.3,2,5,6,6,0,1,Unstable,Suburban,3,1,Child Birth,0
1148,40,77542,611,0.45,5,9,4,1,0,1,Stable,Rural,4,0,Home Purchase,0
1149,69,42907,717,0.23,1,14,9,6,0,5,Stable,Rural,2,2,Child Birth,1
1150,51,48502,642,0.26,4,16,3,9,0,1,Unstable,Urban,3,2,Child Birth,0
1151,47,63299,786,0.55,2,3,3,8,1,5,Unstable,Urban,0,0,Marriage,1
1152,48,38656,615,0.31,3,15,9,5,1,5,Stable,Rural,3,0,None,0
1153,33,33308,726,0.4,2,18,4,7,0,3,Stable,Urban,3,1,Home Purchase,0
1154,59,35555,673,0.15,5,18,7,5,1,5,Stable,Urban,0,1,Home Purchase,1
1155,44,90228,726,0.19,2,14,2,3,0,1,Unstable,Urban,4,1,Home Purchase,0
1156,61,69948,694,0.12,2,7,1,9,0,4,Stable,Suburban,4,1,Home Purchase,0
1157,66,40170,618,0.31,1,6,1,7,0,3,Unstable,Suburban,4,0,Child Birth,0
1158,41,81818,809,0.59,5,16,6,8,0,5,Stable,Rural,1,1,Home Purchase,0
1159,55,41556,611,0.54,4,19,4,7,1,3,Stable,Urban,2,0,None,0
1160,32,20000,764,0.42,5,9,2,7,0,5,Unstable,Rural,3,1,Home Purchase,0
1161,39,77420,530,0.53,3,1,7,8,0,5,Stable,Suburban,1,1,Marriage,0
1162,55,101155,671,0.4,5,18,8,8,0,3,Unstable,Urban,2,0,None,1
1163,54,73950,850,0.28,1,14,7,6,0,3,Stable,Urban,3,2,Marriage,0
1164,44,20000,672,0.19,4,14,9,4,1,2,Unstable,Suburban,4,2,None,1
1165,63,59411,709,0.43,5,8,1,5,1,2,Stable,Urban,0,1,Marriage,1
1166,36,53135,850,0.2,4,17,6,6,1,1,Stable,Urban,1,1,Marriage,0
1167,41,69455,685,0.31,1,18,8,9,0,5,Stable,Rural,0,2,Child Birth,0
1168,66,38818,725,0.51,2,15,9,5,0,3,Stable,Rural,4,0,Child Birth,1
1169,54,51663,760,0.16,3,10,8,9,0,4,Stable,Suburban,2,2,None,0
1170,53,24497,562,0.16,5,16,6,9,0,3,Stable,Rural,0,1,Home Purchase,1
1171,43,65544,651,0.21,4,7,8,8,1,2,Stable,Rural,0,0,None,1
1172,35,25427,712,0.38,5,17,8,6,0,3,Stable,Urban,2,0,Home Purchase,1
1173,58,70935,540,0.23,1,5,1,1,0,4,Unstable,Rural,1,2,Home Purchase,0
1174,31,41236,836,0.35,2,18,8,5,0,3,Stable,Rural,1,1,None,0
1175,68,20000,775,0.25,1,14,7,3,1,3,Stable,Urban,3,0,None,1
1176,58,79843,760,0.35,4,18,8,9,0,4,Unstable,Rural,3,0,None,0
1177,44,72351,831,0.24,5,18,8,4,0,2,Stable,Rural,4,2,None,0
1178,62,93823,772,0.59,4,15,6,7,0,3,Stable,Suburban,2,1,Home Purchase,0
1179,48,20000,677,0.35,1,11,9,6,1,2,Stable,Urban,2,0,None,0
1180,34,43636,536,0.47,5,5,3,6,1,4,Unstable,Rural,3,2,None,1
1181,56,63289,631,0.45,4,16,1,5,0,3,Unstable,Rural,1,1,Home Purchase,0
1182,39,74292,634,0.35,5,8,9,1,0,3,Unstable,Rural,1,2,Marriage,0
1183,61,23427,761,0.22,3,13,2,3,0,5,Unstable,Rural,3,2,None,0
1184,44,70786,708,0.36,1,17,3,5,0,1,Stable,Urban,2,2,Child Birth,1
1185,27,45705,543,0.44,1,9,4,2,1,4,Unstable,Rural,0,1,Marriage,1
1186,61,20000,786,0.33,3,15,8,2,1,2,Unstable,Suburban,0,1,Child Birth,1
1187,64,41232,832,0.14,2,7,9,4,0,4,Stable,Suburban,4,1,Child Birth,0
1188,32,72859,847,0.11,4,18,3,7,0,5,Stable,Rural,1,1,Home Purchase,0
1189,64,20000,587,0.26,2,14,2,1,1,4,Unstable,Rural,2,1,Home Purchase,1
1190,68,75926,732,0.18,5,8,2,9,0,1,Stable,Urban,1,2,Marriage,1
1191,47,67084,599,0.55,4,2,9,1,0,4,Stable,Urban,0,0,Child Birth,1
1192,64,53653,850,0.19,4,18,8,8,0,2,Stable,Urban,2,0,Home Purchase,1
1193,35,20000,703,0.3,4,4,2,6,0,2,Stable,Suburban,3,0,None,0
1194,32,21126,662,0.46,3,2,8,1,1,1,Stable,Suburban,0,2,Marriage,0
1195,53,50037,644,0.51,1,10,4,7,0,5,Stable,Rural,0,1,Marriage,1
1196,54,31876,733,0.34,3,6,6,2,0,3,Stable,Rural,2,0,Marriage,0
1197,34,51656,751,0.19,3,11,5,1,0,3,Stable,Suburban,1,2,None,0
1198,63,82654,535,0.24,3,10,5,8,0,1,Stable,Suburban,0,2,Home Purchase,1
1199,52,53174,839,0.31,2,17,7,2,1,1,Stable,Rural,4,1,Marriage,0
1200,60,52488,747,0.28,3,8,8,9,0,2,Unstable,Suburban,0,1,Home Purchase,0
1201,37,52508,838,0.27,1,6,5,6,0,1,Unstable,Rural,1,0,Home Purchase,0
1202,56,85335,850,0.17,4,16,4,1,0,2,Stable,Urban,3,2,None,1
1203,60,92334,690,0.56,2,10,2,8,0,4,Stable,Rural,0,1,Child Birth,0
1204,61,70548,785,0.11,3,19,5,7,0,2,Stable,Urban,2,1,Home Purchase,0
1205,50,63414,642,0.32,3,4,8,1,0,2,Unstable,Urban,1,1,Home Purchase,0
1206,46,65739,653,0.59,4,2,1,8,1,4,Unstable,Suburban,0,0,None,0
1207,28,95698,850,0.43,4,2,6,2,0,2,Stable,Suburban,3,2,None,0
1208,55,71906,626,0.28,2,12,2,8,1,3,Stable,Urban,2,1,Child Birth,0
1209,42,98060,719,0.17,1,4,2,9,0,2,Stable,Urban,4,0,Marriage,0
1210,62,49522,609,0.58,2,16,8,5,1,1,Stable,Suburban,0,1,Home Purchase,0
1211,48,26610,634,0.11,4,2,6,5,0,2,Unstable,Rural,0,0,Home Purchase,0
1212,47,43273,649,0.44,1,16,6,7,0,4,Unstable,Suburban,1,1,Child Birth,0
1213,46,45930,844,0.54,3,15,6,1,1,1,Stable,Suburban,3,2,Marriage,0
1214,26,100113,751,0.11,3,14,9,5,0,4,Stable,Urban,1,0,Home Purchase,1
1215,55,78410,784,0.46,5,11,3,1,0,4,Unstable,Suburban,4,1,Marriage,1
1216,35,44063,519,0.6,4,15,2,8,0,3,Unstable,Urban,4,1,Home Purchase,0
1217,52,80210,703,0.42,5,6,5,8,0,5,Stable,Urban,0,1,Child Birth,1
1218,56,56760,661,0.31,2,16,6,1,0,3,Stable,Rural,4,0,Child Birth,0
1219,29,100863,749,0.54,2,1,9,2,1,4,Unstable,Suburban,2,0,Home Purchase,1
1220,62,51657,850,0.38,1,11,9,7,0,4,Stable,Suburban,0,1,Child Birth,1
1221,34,21527,460,0.47,4,14,2,7,0,4,Stable,Rural,2,0,Child Birth,0
1222,64,55331,739,0.39,1,2,9,9,0,4,Stable,Suburban,4,1,Home Purchase,1
1223,48,51671,850,0.12,1,16,9,3,0,4,Stable,Rural,1,2,None,0
1224,59,26419,649,0.21,2,4,6,2,0,3,Unstable,Suburban,0,0,None,0
1225,68,74647,714,0.14,2,14,1,8,0,5,Unstable,Suburban,1,2,None,1
1226,47,95617,767,0.15,4,16,8,7,0,4,Unstable,Urban,0,0,Marriage,0
1227,41,31937,484,0.11,2,15,8,3,0,5,Stable,Rural,1,0,Marriage,1
1228,25,84317,726,0.31,4,2,8,3,0,1,Stable,Suburban,3,2,Home Purchase,0
1229,55,44834,620,0.19,5,13,8,7,0,2,Unstable,Suburban,0,0,Marriage,0
1230,55,59382,850,0.53,3,17,5,5,1,4,Stable,Rural,0,0,Home Purchase,1
1231,66,56755,679,0.48,5,10,2,9,1,4,Stable,Urban,2,0,Marriage,0
1232,66,59382,628,0.39,2,15,9,7,0,4,Stable,Suburban,3,0,Home Purchase,1
1233,58,71827,784,0.34,3,17,6,1,0,2,Stable,Suburban,1,1,Home Purchase,0
1234,33,34395,748,0.23,3,8,3,1,0,5,Stable,Suburban,3,2,Marriage,0
1235,46,92332,789,0.34,1,2,1,6,1,3,Unstable,Urban,1,1,Home Purchase,0
1236,37,72588,850,0.42,3,1,5,5,0,4,Unstable,Urban,0,2,None,0
1237,49,80889,641,0.49,4,5,4,5,0,2,Stable,Rural,2,1,Marriage,0
1238,42,40498,850,0.14,2,3,4,8,1,1,Unstable,Suburban,1,1,Home Purchase,0
1239,36,32130,850,0.45,2,11,9,8,1,2,Stable,Urban,0,0,Home Purchase,1
1240,64,89567,623,0.47,1,16,6,9,0,4,Unstable,Suburban,4,2,Marriage,0
1241,41,31056,632,0.38,1,9,8,4,0,5,Stable,Rural,4,1,Home Purchase,0
1242,39,63732,704,0.21,2,4,9,5,0,5,Stable,Rural,4,1,None,1
1243,66,85474,680,0.37,1,9,1,7,1,1,Stable,Rural,0,0,Marriage,1
1244,39,56829,850,0.35,3,14,7,3,0,4,Unstable,Rural,0,2,Child Birth,0
1245,39,89251,613,0.34,3,10,7,6,1,1,Unstable,Urban,1,0,Home Purchase,0
1246,63,53211,724,0.33,4,16,9,3,1,1,Stable,Rural,2,2,Marriage,0
1247,37,28064,623,0.16,1,9,1,4,1,4,Stable,Rural,1,1,Home Purchase,0
1248,41,69354,710,0.19,2,3,2,8,0,5,Unstable,Urban,3,0,Child Birth,0
1249,56,64957,850,0.15,5,1,6,4,1,5,Unstable,Suburban,0,1,Marriage,0
1250,33,127199,850,0.22,2,11,4,4,0,5,Stable,Suburban,0,0,None,0
1251,64,36372,737,0.23,5,1,5,7,1,5,Unstable,Urban,2,1,Child Birth,0
1252,44,53703,762,0.22,5,5,5,3,0,5,Unstable,Rural,1,2,Child Birth,0
1253,50,41728,747,0.21,4,9,1,3,1,1,Stable,Rural,1,1,Child Birth,0
1254,51,56437,669,0.47,5,3,1,1,0,3,Unstable,Urban,0,0,Child Birth,0
1255,45,55429,850,0.51,3,12,7,7,0,4,Stable,Suburban,4,1,None,0
1256,42,38192,831,0.26,3,18,3,4,1,3,Stable,Rural,1,2,None,0
1257,37,71705,723,0.25,4,2,5,7,0,1,Unstable,Suburban,3,2,Home Purchase,0
1258,40,54646,678,0.52,2,10,8,2,0,4,Unstable,Suburban,4,1,Child Birth,0
1259,33,93637,684,0.41,2,7,5,5,0,1,Stable,Urban,4,0,Marriage,0
1260,36,43786,733,0.25,2,18,9,7,0,4,Unstable,Rural,1,2,None,1
1261,68,106534,696,0.46,2,16,4,9,0,2,Stable,Urban,4,0,Child Birth,1
1262,62,66896,813,0.27,3,13,7,4,1,1,Stable,Rural,3,2,Marriage,0
1263,43,91783,747,0.39,3,1,8,6,0,1,Stable,Suburban,1,0,Home Purchase,1
1264,31,62886,604,0.6,4,7,7,3,0,2,Unstable,Urban,2,0,None,0
1265,59,40483,585,0.25,4,11,4,2,0,5,Stable,Rural,1,0,Marriage,1
1266,42,53411,799,0.57,4,6,8,2,0,2,Stable,Urban,0,1,Home Purchase,0
1267,40,25330,584,0.26,2,5,4,5,1,2,Unstable,Urban,2,0,None,1
1268,63,57211,665,0.37,2,10,8,3,0,3,Unstable,Urban,1,1,None,1
1269,28,64302,656,0.33,3,3,8,2,0,3,Stable,Rural,4,0,None,0
1270,49,61143,576,0.49,3,15,4,2,0,5,Stable,Suburban,0,2,Marriage,0
1271,56,93253,731,0.13,1,12,5,3,1,3,Stable,Rural,0,2,Marriage,1
1272,64,56271,687,0.41,1,5,5,1,0,5,Stable,Suburban,2,1,Marriage,0
1273,37,20000,636,0.48,2,14,5,8,1,2,Unstable,Urban,3,0,Child Birth,0
1274,69,148601,850,0.34,3,12,3,9,1,3,Stable,Suburban,0,0,Marriage,1
1275,41,42734,456,0.15,2,11,2,1,1,5,Unstable,Urban,1,0,Home Purchase,0
1276,61,84218,613,0.22,5,13,1,5,1,5,Stable,Rural,4,2,Home Purchase,0
1277,30,22393,642,0.44,1,10,3,8,0,3,Stable,Urban,2,1,Home Purchase,0
1278,43,66130,564,0.55,4,10,9,2,0,4,Unstable,Suburban,3,0,Marriage,1
1279,37,40136,850,0.31,2,14,7,1,0,3,Stable,Suburban,4,2,Marriage,0
1280,50,20000,850,0.38,5,16,2,5,0,5,Stable,Urban,3,2,Child Birth,0
1281,38,52929,631,0.21,4,12,8,1,0,4,Unstable,Suburban,2,0,Home Purchase,0
1282,55,58748,826,0.31,5,18,8,6,0,3,Stable,Rural,2,1,None,0
1283,28,54527,759,0.27,3,4,7,9,0,2,Unstable,Suburban,3,1,None,0
1284,63,66077,850,0.43,3,10,6,8,0,1,Unstable,Urban,0,1,Marriage,0
1285,32,53262,689,0.59,3,1,2,6,1,3,Stable,Urban,2,1,Marriage,0
1286,49,61728,743,0.51,4,18,4,4,0,3,Unstable,Suburban,3,1,Child Birth,1
1287,37,64252,840,0.2,4,15,1,7,0,1,Unstable,Urban,0,2,None,0
1288,56,59120,824,0.39,3,17,7,6,0,4,Unstable,Urban,0,2,Marriage,0
1289,62,55730,715,0.13,4,1,2,7,1,1,Stable,Urban,2,0,Marriage,0
1290,62,37658,605,0.22,3,14,6,2,0,4,Unstable,Urban,1,1,None,0
1291,52,74861,623,0.19,2,12,9,7,0,5,Stable,Urban,3,0,Home Purchase,0
1292,54,52925,515,0.27,3,11,5,4,0,4,Stable,Rural,4,0,Child Birth,1
1293,27,50904,778,0.44,1,19,5,5,0,2,Unstable,Urban,1,1,Marriage,0
1294,52,72807,721,0.35,2,4,4,7,0,1,Unstable,Urban,0,2,Marriage,0
1295,27,65298,728,0.57,3,17,1,2,1,2,Stable,Rural,4,0,Marriage,0
1296,69,42544,697,0.21,1,18,4,1,0,2,Stable,Suburban,1,2,Child Birth,0
1297,58,91266,585,0.28,3,4,9,5,0,1,Unstable,Urban,0,0,Marriage,0
1298,40,30269,731,0.26,2,1,9,1,0,4,Unstable,Urban,4,1,Home Purchase,0
1299,46,34213,760,0.22,3,6,7,6,0,2,Unstable,Urban,4,2,None,1
1300,56,76708,613,0.6,4,7,4,2,1,2,Stable,Rural,0,1,Marriage,0
1301,62,103778,697,0.29,3,1,9,2,1,4,Unstable,Urban,2,2,Child Birth,0
1302,32,45564,635,0.57,2,6,5,4,0,2,Stable,Rural,0,0,Marriage,0
1303,32,70320,678,0.3,5,3,2,2,0,3,Stable,Urban,3,0,Child Birth,0
1304,30,30190,586,0.2,3,16,9,9,0,1,Stable,Suburban,0,0,None,1
1305,38,36775,673,0.16,4,2,6,3,1,4,Stable,Rural,3,0,Home Purchase,1
1306,56,88304,850,0.53,2,2,5,8,0,3,Unstable,Suburban,4,2,Marriage,0
1307,59,69144,649,0.12,1,11,8,7,0,3,Unstable,Rural,0,0,Child Birth,1
1308,34,89080,631,0.58,5,11,2,7,0,4,Stable,Rural,1,1,Marriage,0
1309,27,87157,638,0.31,3,8,5,4,0,5,Stable,Rural,0,2,Home Purchase,1
1310,36,20000,680,0.22,2,19,8,4,0,2,Unstable,Rural,2,0,Marriage,0
1311,55,30101,850,0.41,4,15,4,1,1,2,Unstable,Suburban,0,1,Marriage,1
1312,53,66861,840,0.17,4,14,9,8,0,5,Unstable,Urban,0,0,Home Purchase,0
1313,29,20000,685,0.14,2,18,7,1,1,5,Unstable,Suburban,4,2,Home Purchase,0
1314,49,33642,635,0.51,4,5,7,4,1,5,Stable,Urban,2,1,Home Purchase,0
1315,65,95674,523,0.31,5,2,9,3,0,2,Unstable,Suburban,0,2,Child Birth,0
1316,55,46460,608,0.36,1,2,3,1,0,1,Unstable,Suburban,1,0,Home Purchase,0
1317,45,77757,502,0.19,4,2,3,7,1,2,Unstable,Rural,4,1,Marriage,0
1318,44,59295,774,0.13,4,2,7,7,0,1,Unstable,Rural,3,1,Child Birth,0
1319,63,43001,833,0.28,1,9,2,2,0,2,Stable,Rural,2,0,None,0
1320,46,20000,662,0.35,5,12,3,5,1,1,Stable,Suburban,2,0,Child Birth,0
1321,28,65832,738,0.48,5,18,6,8,0,1,Stable,Rural,4,2,Home Purchase,0
1322,37,96365,591,0.35,5,3,9,1,0,3,Stable,Rural,3,0,None,0
1323,69,43711,506,0.49,4,19,4,9,0,2,Stable,Suburban,4,0,Marriage,1
1324,66,61714,705,0.16,4,16,5,7,1,1,Unstable,Suburban,2,2,None,1
1325,44,22005,738,0.13,5,11,6,7,0,3,Stable,Urban,4,2,Child Birth,0
1326,37,43195,850,0.18,4,15,3,2,1,2,Unstable,Rural,4,2,Marriage,1
1327,41,68522,850,0.49,3,11,2,8,0,1,Stable,Rural,4,0,Marriage,0
1328,60,78592,672,0.48,4,10,4,3,0,3,Unstable,Rural,2,1,Marriage,0
1329,57,73898,791,0.17,5,19,6,7,1,5,Unstable,Urban,0,2,None,0
1330,25,20000,731,0.12,2,5,4,3,1,1,Stable,Rural,3,0,Marriage,0
1331,39,48576,700,0.44,5,14,8,6,0,3,Unstable,Suburban,2,0,Home Purchase,1
1332,37,35817,696,0.53,2,9,9,1,0,1,Unstable,Urban,0,1,Child Birth,0
1333,41,52274,685,0.48,4,6,8,4,0,2,Unstable,Urban,3,1,None,1
1334,48,57220,689,0.2,4,1,7,9,0,3,Unstable,Suburban,4,2,Home Purchase,1
1335,32,86658,850,0.39,2,12,2,7,0,2,Stable,Rural,0,2,None,1
1336,51,67380,721,0.48,5,14,2,7,1,3,Unstable,Rural,1,2,Child Birth,0
1337,69,95445,850,0.23,1,4,5,4,1,1,Unstable,Suburban,3,0,Home Purchase,1
1338,47,42512,610,0.36,1,15,4,1,1,2,Unstable,Suburban,0,1,Child Birth,0
1339,32,24573,416,0.26,5,17,4,1,0,4,Unstable,Rural,3,1,Home Purchase,1
1340,32,96381,653,0.21,4,12,4,3,0,4,Unstable,Suburban,4,1,Home Purchase,0
1341,50,70836,616,0.58,2,1,7,7,0,4,Stable,Suburban,1,0,Marriage,1
1342,37,41418,550,0.56,2,13,3,7,1,4,Stable,Rural,0,1,None,0
1343,63,70945,830,0.32,5,10,2,5,0,3,Unstable,Urban,2,1,Home Purchase,0
1344,61,80881,566,0.17,5,4,5,9,0,2,Unstable,Suburban,3,1,None,1
1345,52,62979,758,0.46,3,6,6,2,1,3,Stable,Rural,0,1,Marriage,0
1346,49,41774,850,0.23,2,9,8,9,0,2,Stable,Rural,4,2,None,1
1347,40,48968,585,0.18,3,18,3,9,0,4,Unstable,Rural,3,0,Child Birth,0
1348,26,67265,676,0.29,4,2,4,6,1,5,Stable,Urban,0,1,Home Purchase,0
1349,42,64972,835,0.36,2,6,4,4,0,1,Unstable,Suburban,4,0,Home Purchase,0
1350,41,90306,658,0.15,5,11,4,5,1,4,Stable,Suburban,3,0,Home Purchase,1
1351,54,53102,733,0.39,5,13,7,6,0,4,Unstable,Urban,4,1,None,0
1352,63,35905,763,0.11,4,6,4,4,0,5,Unstable,Rural,0,2,Home Purchase,1
1353,37,124426,717,0.55,1,12,7,9,0,3,Stable,Urban,0,0,Home Purchase,1
1354,56,64362,655,0.56,3,19,4,2,1,3,Unstable,Urban,2,1,Home Purchase,0
1355,53,80856,621,0.47,5,18,8,8,1,2,Stable,Suburban,4,2,Child Birth,1
1356,54,73046,590,0.33,2,19,5,9,0,1,Stable,Suburban,3,1,Marriage,0
1357,42,64664,759,0.23,2,12,2,4,1,2,Stable,Rural,3,2,None,0
1358,37,54306,634,0.47,2,13,9,9,0,4,Unstable,Suburban,2,0,Marriage,1
1359,67,20000,819,0.57,4,4,9,2,0,3,Stable,Urban,1,0,Marriage,0
1360,45,33419,850,0.18,1,6,1,3,0,4,Unstable,Urban,2,0,Home Purchase,1
1361,54,68227,584,0.33,3,13,5,5,1,4,Stable,Rural,3,0,None,0
1362,45,20000,773,0.26,2,10,3,4,0,3,Stable,Urban,4,2,Child Birth,0
1363,41,61790,850,0.28,2,3,5,3,1,4,Unstable,Urban,2,2,Marriage,1
1364,64,76530,614,0.3,5,9,4,4,0,4,Stable,Urban,4,1,None,0
1365,43,80831,820,0.58,1,15,3,9,0,1,Unstable,Rural,1,2,None,1
1366,39,74953,756,0.23,5,5,7,9,0,2,Stable,Rural,3,1,Child Birth,0
1367,33,83959,796,0.35,4,9,5,5,1,1,Stable,Suburban,1,2,Marriage,1
1368,34,100140,624,0.58,4,15,1,7,0,5,Unstable,Suburban,4,0,Child Birth,0
1369,68,87402,850,0.34,3,13,4,8,0,1,Stable,Urban,1,2,Child Birth,1
1370,55,64920,633,0.53,4,3,1,2,1,2,Unstable,Urban,0,1,Home Purchase,0
1371,47,56634,764,0.13,3,19,3,9,0,1,Unstable,Suburban,4,2,Marriage,1
1372,54,62865,693,0.58,5,2,5,9,0,5,Unstable,Urban,2,2,Child Birth,0
1373,57,53112,753,0.19,2,18,6,2,0,4,Unstable,Suburban,4,1,Marriage,0
1374,33,87939,601,0.59,2,14,1,6,1,4,Stable,Suburban,2,2,Child Birth,1
1375,25,74302,577,0.19,1,13,9,4,0,1,Stable,Rural,1,2,Home Purchase,0
1376,68,50473,728,0.32,4,8,9,1,0,5,Unstable,Suburban,3,1,Marriage,1
1377,59,93102,663,0.25,1,10,1,5,0,2,Unstable,Rural,0,1,None,1
1378,35,52703,659,0.32,1,2,7,3,0,5,Unstable,Rural,1,0,Home Purchase,1
1379,58,36355,754,0.23,2,10,4,1,0,1,Stable,Rural,4,2,Marriage,0
1380,40,59731,550,0.58,4,2,2,2,1,3,Stable,Rural,3,2,Marriage,0
1381,33,39396,820,0.25,2,4,2,7,0,3,Unstable,Rural,2,0,Home Purchase,0
1382,56,83405,711,0.43,1,9,6,1,0,5,Unstable,Suburban,4,2,Home Purchase,0
1383,39,38864,776,0.17,4,10,6,3,1,1,Unstable,Urban,1,1,None,1
1384,36,57115,752,0.51,2,4,5,1,1,5,Unstable,Suburban,1,1,None,1
1385,57,83492,758,0.37,3,3,3,1,0,1,Unstable,Rural,3,0,Marriage,1
1386,69,42194,580,0.59,3,7,7,8,1,2,Unstable,Urban,4,2,Home Purchase,0
1387,38,70278,816,0.31,5,16,3,6,0,3,Stable,Rural,4,1,Child Birth,0
1388,32,35664,727,0.2,5,5,7,4,1,4,Unstable,Suburban,2,0,Home Purchase,1
1389,32,66109,652,0.27,4,13,2,8,1,3,Stable,Suburban,1,0,Child Birth,1
1390,51,74181,687,0.47,5,10,8,7,0,4,Stable,Rural,0,1,Child Birth,0
1391,36,58946,736,0.43,4,2,2,9,0,1,Unstable,Rural,1,1,Child Birth,1
1392,25,60838,718,0.49,1,16,2,1,1,4,Unstable,Suburban,0,1,None,0
1393,67,71099,759,0.14,3,1,4,5,0,2,Unstable,Urban,3,0,Home Purchase,0
1394,64,52987,850,0.39,4,6,1,6,0,1,Stable,Rural,3,2,Child Birth,0
1395,66,82238,596,0.57,1,19,7,6,1,3,Unstable,Suburban,1,0,None,0
1396,35,94278,775,0.15,3,1,2,7,0,3,Stable,Rural,1,2,Child Birth,0
1397,63,36855,689,0.15,2,5,6,5,0,5,Unstable,Urban,0,0,Marriage,0
1398,67,104176,814,0.46,1,12,5,5,1,4,Unstable,Urban,1,0,Marriage,0
1399,55,52412,850,0.26,2,17,5,1,0,1,Stable,Urban,3,2,Home Purchase,0
1400,41,109858,719,0.43,5,19,4,5,1,4,Stable,Rural,3,2,Child Birth,1
1401,57,52752,762,0.37,4,8,5,1,0,2,Stable,Suburban,2,1,Marriage,1
1402,56,77684,821,0.59,3,10,9,2,1,2,Unstable,Rural,0,0,None,0
1403,53,77550,799,0.54,5,3,1,1,1,5,Unstable,Rural,4,1,Marriage,1
1404,45,50317,825,0.44,1,9,2,8,0,1,Unstable,Rural,1,0,None,1
1405,45,61815,670,0.23,5,7,7,8,1,1,Unstable,Urban,3,1,Marriage,0
1406,64,95997,648,0.23,2,6,9,8,0,4,Stable,Urban,0,0,Marriage,1
1407,47,51945,586,0.54,2,15,3,1,0,5,Stable,Rural,2,1,Marriage,1
1408,30,49561,680,0.39,4,13,6,4,0,3,Unstable,Rural,0,1,Marriage,0
1409,46,31163,691,0.49,5,14,5,1,0,1,Stable,Rural,1,2,Home Purchase,0
1410,62,99188,685,0.32,3,5,9,4,1,1,Stable,Suburban,4,2,None,0
1411,61,47980,749,0.15,2,2,9,7,0,1,Stable,Rural,0,2,Marriage,0
1412,69,89999,751,0.27,1,7,3,7,0,5,Stable,Urban,1,2,Marriage,0
1413,32,44966,693,0.18,5,1,2,1,1,2,Stable,Urban,2,1,Child Birth,1
1414,65,89214,734,0.49,3,16,4,2,0,3,Stable,Suburban,0,1,Marriage,1
1415,59,80166,782,0.45,3,7,9,6,0,2,Unstable,Suburban,1,0,Marriage,1
1416,35,54289,620,0.14,3,15,3,6,0,4,Stable,Suburban,0,1,None,1
1417,48,41643,793,0.41,3,6,4,1,0,1,Unstable,Urban,0,2,Home Purchase,0
1418,45,43674,638,0.54,2,19,2,4,0,4,Stable,Urban,2,1,None,1
1419,26,43355,843,0.45,4,9,1,9,1,4,Unstable,Rural,0,2,Marriage,0
1420,64,86629,716,0.36,5,6,5,8,0,1,Unstable,Rural,2,2,Marriage,1
1421,43,64005,706,0.26,2,17,4,4,0,5,Stable,Urban,0,1,Marriage,0
1422,63,32121,521,0.54,4,5,2,3,0,4,Unstable,Suburban,3,0,Home Purchase,1
1423,52,53696,765,0.31,3,15,6,8,0,5,Stable,Urban,4,2,None,0
1424,41,56724,709,0.53,1,7,5,9,0,2,Unstable,Urban,4,2,Child Birth,0
1425,30,20000,717,0.49,3,14,1,1,1,3,Stable,Suburban,3,1,Home Purchase,0
1426,43,55087,690,0.51,4,18,3,8,0,3,Stable,Urban,4,0,Child Birth,1
1427,62,78079,762,0.59,4,17,4,5,1,3,Stable,Urban,2,2,Home Purchase,1
1428,52,56559,782,0.47,1,18,1,3,1,3,Unstable,Suburban,1,0,None,1
1429,26,66360,748,0.12,2,2,8,5,0,5,Stable,Urban,2,1,None,0
1430,62,72112,831,0.2,1,18,3,4,1,2,Stable,Rural,1,0,Home Purchase,0
1431,61,51434,628,0.12,3,14,5,1,1,5,Stable,Urban,2,2,None,0
1432,28,78268,640,0.19,5,4,3,8,1,4,Stable,Suburban,2,0,Home Purchase,0
1433,46,96437,740,0.13,2,7,4,7,0,1,Stable,Suburban,1,0,None,0
1434,50,21903,766,0.35,5,7,9,4,0,4,Stable,Rural,3,1,Child Birth,0
1435,67,51378,751,0.11,5,1,3,4,0,5,Unstable,Suburban,3,1,None,0
1436,60,118240,571,0.34,2,8,8,5,0,4,Unstable,Suburban,3,1,Child Birth,0
1437,37,64264,579,0.55,3,10,6,1,0,4,Stable,Urban,3,0,Home Purchase,0
1438,56,59128,681,0.47,4,9,6,4,0,4,Stable,Rural,2,1,Marriage,1
1439,41,53548,521,0.57,3,7,1,5,0,2,Stable,Urban,2,1,Home Purchase,0
1440,65,91860,726,0.21,4,3,7,8,0,2,Stable,Urban,0,1,Home Purchase,1
1441,60,36525,692,0.37,4,12,4,1,0,1,Stable,Rural,4,2,Child Birth,0
1442,43,83154,608,0.26,2,3,8,4,0,3,Unstable,Suburban,0,2,Home Purchase,1
1443,59,53081,644,0.35,2,5,9,7,0,5,Stable,Rural,4,2,Home Purchase,0
1444,64,41253,710,0.38,1,7,2,5,0,5,Stable,Suburban,4,1,None,1
1445,52,54222,550,0.12,5,12,8,1,0,2,Stable,Suburban,2,2,Marriage,0
1446,25,58840,639,0.22,5,17,8,7,0,2,Stable,Urban,3,0,None,0
1447,66,47556,673,0.45,5,14,6,1,0,1,Stable,Urban,1,1,None,0
1448,42,87819,670,0.49,5,3,3,2,0,5,Unstable,Urban,2,0,Child Birth,0
1449,64,41447,672,0.38,1,1,5,8,0,5,Unstable,Suburban,1,0,Child Birth,1
1450,57,63501,835,0.24,4,18,2,9,0,1,Stable,Rural,0,0,Marriage,0
1451,36,73435,794,0.3,1,14,6,8,0,1,Stable,Rural,3,0,Child Birth,1
1452,32,63243,635,0.15,2,13,3,8,0,4,Stable,Suburban,0,0,Home Purchase,0
1453,48,79305,596,0.58,3,12,4,6,0,1,Unstable,Urban,3,0,Child Birth,0
1454,40,49160,658,0.53,4,5,9,7,1,4,Unstable,Suburban,2,1,None,0
1455,28,75565,822,0.13,4,3,5,4,0,5,Stable,Rural,1,1,None,0
1456,62,76305,487,0.18,1,14,7,5,0,4,Stable,Urban,3,0,Home Purchase,0
1457,68,84203,708,0.39,2,7,9,2,0,3,Unstable,Rural,4,1,Child Birth,0
1458,51,20000,669,0.22,2,7,5,4,1,2,Unstable,Rural,2,0,Marriage,1
1459,33,72726,819,0.57,4,17,1,7,0,4,Stable,Urban,2,1,Marriage,0
1460,40,82531,798,0.48,1,6,2,4,0,3,Stable,Urban,3,1,Marriage,0
1461,36,49713,553,0.24,5,15,3,6,1,1,Stable,Rural,3,1,Marriage,0
1462,55,46304,819,0.1,4,19,3,8,0,1,Stable,Urban,0,0,Child Birth,1
1463,48,42465,466,0.5,5,15,1,5,0,1,Unstable,Urban,2,0,Child Birth,1
1464,38,34199,761,0.31,3,7,9,8,0,1,Stable,Suburban,4,1,Marriage,1
1465,69,76644,770,0.42,2,5,9,4,0,3,Stable,Suburban,1,2,Marriage,0
1466,49,117047,850,0.24,4,15,4,2,1,2,Stable,Suburban,4,0,Marriage,1
1467,58,46099,722,0.17,3,13,9,9,0,4,Stable,Urban,1,0,Home Purchase,1
1468,27,48336,633,0.44,5,7,4,2,1,2,Unstable,Suburban,0,0,Child Birth,0
1469,48,60384,599,0.33,4,13,8,7,0,4,Stable,Rural,3,0,None,0
1470,66,20000,846,0.22,3,13,3,6,0,2,Stable,Suburban,1,0,Home Purchase,0
1471,33,42611,850,0.17,4,13,9,2,0,3,Stable,Rural,4,1,Marriage,0
1472,50,58575,655,0.39,3,8,4,3,1,3,Stable,Rural,3,1,Child Birth,0
1473,44,37651,702,0.46,3,5,8,7,0,1,Unstable,Suburban,4,2,None,0
1474,64,89936,836,0.24,5,4,2,6,1,5,Stable,Suburban,0,1,None,1
1475,34,27654,776,0.47,2,17,7,6,0,3,Unstable,Urban,0,0,Home Purchase,0
1476,43,82525,681,0.19,1,14,2,7,0,3,Stable,Urban,4,0,Child Birth,0
1477,27,96712,624,0.27,3,11,5,5,1,1,Stable,Suburban,4,0,None,1
1478,48,69543,615,0.47,2,10,9,1,0,5,Unstable,Rural,4,2,Marriage,0
1479,29,56563,795,0.43,1,1,5,5,1,3,Unstable,Suburban,1,1,Marriage,0
1480,27,66157,663,0.24,5,7,4,9,0,3,Unstable,Urban,2,0,Child Birth,0
1481,51,48985,659,0.16,4,6,8,2,0,2,Stable,Urban,2,0,Child Birth,0
1482,40,20000,761,0.12,2,7,5,3,0,4,Unstable,Rural,2,1,Marriage,0
1483,39,35518,708,0.52,4,15,9,2,0,4,Unstable,Urban,1,1,Child Birth,0
1484,59,59720,738,0.14,4,6,9,5,0,2,Stable,Suburban,2,0,Marriage,0
1485,36,36482,667,0.16,1,18,2,5,0,4,Unstable,Rural,2,2,None,1
1486,65,49671,663,0.22,2,2,9,5,1,1,Unstable,Suburban,2,0,Marriage,0
1487,68,71979,626,0.32,3,9,8,6,0,5,Stable,Rural,4,2,Child Birth,0
1488,50,63625,770,0.49,1,6,7,3,0,3,Unstable,Rural,1,0,Home Purchase,1
1489,58,86461,708,0.22,2,17,6,8,0,4,Unstable,Suburban,4,1,Marriage,1
1490,47,67354,729,0.37,3,11,4,3,0,3,Stable,Urban,4,2,None,1
1491,55,68824,598,0.15,4,4,7,2,0,2,Stable,Urban,3,1,Child Birth,0
1492,44,42192,769,0.33,5,7,6,9,1,2,Unstable,Rural,1,1,Marriage,0
1493,36,26722,731,0.19,5,15,8,6,0,4,Stable,Rural,0,2,Child Birth,0
1494,47,49676,773,0.21,1,17,1,7,0,2,Stable,Urban,1,1,Marriage,1
1495,28,41820,734,0.28,3,12,3,1,1,4,Stable,Rural,2,1,Child Birth,1
1496,47,55830,728,0.48,3,13,8,3,0,1,Unstable,Urban,0,0,Marriage,0
1497,25,33349,517,0.47,5,13,2,7,0,4,Unstable,Urban,4,2,Home Purchase,0
1498,49,81062,813,0.31,3,8,9,8,1,2,Stable,Suburban,1,1,Child Birth,0
1499,26,41728,567,0.16,2,7,2,2,1,1,Stable,Suburban,2,2,None,1
1500,54,50905,803,0.24,2,4,9,5,1,1,Stable,Urban,0,0,Child Birth,0
1501,27,59495,692,0.35,5,3,7,5,0,4,Stable,Urban,3,1,Home Purchase,0
1502,45,88079,539,0.53,4,17,4,9,0,3,Unstable,Suburban,3,0,Home Purchase,1
1503,49,103967,691,0.58,4,16,3,3,1,3,Unstable,Urban,1,2,Home Purchase,0
1504,44,105686,549,0.42,4,19,8,5,1,2,Unstable,Urban,3,2,Home Purchase,0
1505,46,27955,810,0.28,5,2,7,8,0,4,Stable,Rural,2,1,Home Purchase,0
1506,45,50671,648,0.45,1,14,1,3,0,3,Stable,Suburban,0,0,Child Birth,0
1507,57,45915,595,0.27,3,16,7,6,1,4,Unstable,Suburban,1,2,Home Purchase,0
1508,62,69257,766,0.41,2,17,1,9,0,3,Unstable,Suburban,2,2,None,0
1509,39,67732,695,0.22,2,4,1,4,0,1,Unstable,Rural,1,0,None,0
1510,39,45424,752,0.23,1,8,5,7,0,4,Stable,Suburban,3,2,Child Birth,0
1511,49,43451,688,0.14,3,9,5,8,0,3,Unstable,Suburban,2,2,Child Birth,0
1512,45,35064,815,0.31,4,16,2,6,1,5,Unstable,Suburban,3,0,Child Birth,1
1513,48,20000,659,0.41,2,16,7,1,0,2,Unstable,Urban,3,0,Marriage,0
1514,29,27545,542,0.49,4,17,3,6,0,2,Unstable,Rural,2,0,Home Purchase,0
1515,30,81669,590,0.51,4,3,1,4,0,4,Stable,Urban,0,2,Marriage,0
1516,67,96617,743,0.6,5,17,7,3,0,5,Stable,Suburban,4,1,None,0
1517,68,93696,634,0.14,5,18,4,3,0,1,Stable,Rural,0,1,Marriage,0
1518,47,82730,828,0.35,3,18,4,3,0,2,Unstable,Urban,0,2,None,1
1519,28,34701,582,0.36,2,6,3,1,1,4,Unstable,Rural,0,2,Marriage,0
1520,51,30469,801,0.5,5,6,7,1,1,2,Stable,Suburban,1,0,Home Purchase,0
1521,42,20000,656,0.23,3,1,2,2,0,4,Unstable,Rural,4,2,Marriage,0
1522,45,45420,830,0.13,1,16,7,5,0,5,Stable,Suburban,1,2,None,0
1523,52,62177,750,0.26,4,17,8,7,0,3,Unstable,Rural,1,1,Child Birth,0
1524,59,34805,719,0.59,2,4,2,5,0,3,Stable,Suburban,3,1,Home Purchase,0
1525,46,70777,766,0.55,2,16,8,3,0,3,Stable,Suburban,1,2,Home Purchase,0
1526,64,76296,822,0.3,3,2,7,5,0,3,Unstable,Rural,0,1,Home Purchase,0
1527,47,48137,694,0.54,5,12,8,6,0,1,Stable,Urban,0,2,Child Birth,0
1528,27,26499,512,0.12,4,16,3,4,0,4,Stable,Suburban,3,0,Marriage,0
1529,64,94523,820,0.26,4,6,6,4,0,1,Unstable,Suburban,4,2,Child Birth,0
1530,34,60878,672,0.46,2,16,1,1,0,3,Unstable,Suburban,2,1,Home Purchase,0
1531,49,108530,850,0.21,2,7,7,7,0,3,Stable,Urban,2,2,Home Purchase,0
1532,32,62309,639,0.2,4,14,4,8,0,5,Unstable,Suburban,4,1,Home Purchase,0
1533,35,64055,661,0.53,1,3,4,4,0,2,Stable,Urban,4,2,None,0
1534,29,35887,774,0.41,3,1,9,6,0,3,Unstable,Suburban,1,2,None,0
1535,69,49411,776,0.59,1,17,7,6,0,1,Stable,Rural,1,1,Marriage,0
1536,61,21029,742,0.17,5,4,8,1,1,1,Stable,Rural,1,2,Home Purchase,0
1537,69,26409,644,0.28,1,7,6,4,1,1,Unstable,Suburban,0,2,None,0
1538,62,78529,583,0.26,1,7,2,6,0,5,Unstable,Suburban,4,2,Home Purchase,0
1539,53,52935,632,0.54,5,4,3,9,0,1,Unstable,Rural,4,0,None,0
1540,29,49433,548,0.23,3,7,4,4,1,4,Unstable,Urban,1,1,None,1
1541,33,41489,850,0.28,4,8,2,9,0,4,Unstable,Urban,4,2,Child Birth,0
1542,26,50361,597,0.17,1,9,1,4,0,5,Stable,Suburban,0,0,Marriage,0
1543,25,88326,670,0.49,3,15,9,7,1,4,Unstable,Urban,4,1,None,1
1544,64,63605,769,0.22,5,4,2,7,0,5,Unstable,Urban,2,0,None,1
1545,54,30499,700,0.13,3,18,5,8,0,5,Stable,Suburban,0,0,Home Purchase,0
1546,35,85759,640,0.32,1,12,7,7,1,5,Unstable,Suburban,1,2,Home Purchase,0
1547,52,103125,685,0.3,4,6,2,6,0,4,Stable,Urban,3,0,Home Purchase,1
1548,68,72367,639,0.19,5,4,6,3,0,3,Stable,Rural,2,2,Marriage,0
1549,36,82282,674,0.17,5,4,8,7,1,4,Unstable,Urban,0,1,Marriage,0
1550,63,90519,739,0.55,1,18,7,6,1,5,Unstable,Rural,3,0,None,1
1551,50,20000,596,0.13,3,1,6,8,0,2,Stable,Urban,0,0,Home Purchase,0
1552,37,106606,808,0.15,4,6,8,4,0,4,Unstable,Rural,2,0,Child Birth,1
1553,32,87470,707,0.22,5,9,2,7,0,2,Unstable,Suburban,4,0,Home Purchase,0
1554,52,72221,641,0.58,1,17,4,7,1,4,Stable,Urban,1,2,Home Purchase,1
1555,54,56863,668,0.14,1,11,4,3,0,5,Unstable,Suburban,0,2,Child Birth,0
1556,33,26568,816,0.51,2,9,7,8,1,4,Unstable,Rural,1,1,Child Birth,0
1557,63,51714,781,0.55,2,11,7,2,1,1,Stable,Suburban,0,1,Home Purchase,0
1558,55,71209,723,0.29,3,4,3,3,1,1,Stable,Suburban,0,1,None,0
1559,45,32391,639,0.25,1,13,4,1,0,5,Stable,Rural,3,2,None,0
1560,58,58256,756,0.44,3,19,1,2,1,3,Stable,Rural,2,0,None,1
1561,55,30411,701,0.45,3,3,8,1,0,2,Stable,Urban,0,2,Child Birth,0
1562,49,50384,850,0.49,4,1,4,6,0,4,Stable,Rural,3,2,Home Purchase,0
1563,36,26184,696,0.52,2,17,5,5,0,5,Stable,Rural,2,1,Marriage,1
1564,25,23555,850,0.23,3,17,5,6,0,2,Stable,Rural,2,1,Child Birth,0
1565,46,68502,719,0.44,4,7,1,3,0,4,Unstable,Rural,0,1,Child Birth,1
1566,64,45506,596,0.17,4,14,1,7,1,4,Stable,Suburban,2,2,Home Purchase,0
1567,61,47855,850,0.36,2,5,7,4,1,3,Stable,Suburban,2,0,Home Purchase,1
1568,25,44163,555,0.41,2,14,1,1,0,2,Unstable,Rural,4,1,Child Birth,0
1569,25,128077,502,0.18,1,11,9,3,0,4,Stable,Suburban,1,2,None,0
1570,66,75184,492,0.14,3,3,6,5,0,3,Stable,Urban,4,0,Marriage,0
1571,66,77868,850,0.2,4,6,1,7,0,1,Unstable,Suburban,2,1,Marriage,0
1572,45,40614,850,0.31,1,7,1,9,0,3,Unstable,Rural,4,1,Marriage,0
1573,39,72618,714,0.54,3,19,5,5,1,2,Stable,Rural,4,1,None,0
1574,41,54306,743,0.37,3,9,3,1,0,3,Unstable,Suburban,3,2,Home Purchase,1
1575,46,40413,725,0.47,1,2,8,5,1,1,Stable,Urban,1,0,Home Purchase,0
1576,62,108227,522,0.19,4,12,8,1,0,1,Unstable,Urban,0,2,Marriage,1
1577,59,74319,845,0.15,1,7,8,7,0,2,Unstable,Rural,0,1,Home Purchase,0
1578,69,73058,832,0.22,3,10,6,9,1,5,Stable,Urban,3,2,Child Birth,0
1579,40,35706,576,0.26,1,15,5,6,0,3,Stable,Rural,0,2,None,0
1580,32,28244,732,0.37,1,19,5,4,1,2,Stable,Rural,4,0,Home Purchase,0
1581,41,58561,692,0.54,3,6,6,6,0,4,Unstable,Urban,2,2,Child Birth,0
1582,41,45662,678,0.31,2,13,6,1,1,3,Stable,Rural,4,1,Marriage,0
1583,50,75316,632,0.36,4,12,9,4,1,1,Stable,Suburban,4,2,Home Purchase,0
1584,37,76981,688,0.1,3,18,7,6,0,3,Unstable,Suburban,3,0,Home Purchase,0
1585,41,61637,647,0.12,2,16,6,2,1,2,Stable,Suburban,1,0,Marriage,0
1586,62,80692,806,0.14,1,11,7,3,0,5,Unstable,Suburban,4,0,Marriage,0
1587,41,64832,697,0.45,2,11,3,4,0,5,Stable,Suburban,3,2,Marriage,0
1588,38,38207,630,0.34,3,1,2,6,1,4,Stable,Suburban,3,1,Child Birth,0
1589,69,55043,697,0.2,3,1,7,3,0,2,Stable,Suburban,2,2,None,0
1590,30,63393,685,0.4,1,7,3,1,0,3,Unstable,Rural,3,0,Marriage,0
1591,59,83223,681,0.37,3,7,4,6,0,1,Stable,Rural,4,2,Home Purchase,0
1592,38,65623,767,0.14,5,4,2,8,0,3,Unstable,Suburban,0,1,None,0
1593,32,45713,672,0.42,2,14,5,8,0,3,Stable,Urban,0,0,Home Purchase,0
1594,39,84154,642,0.48,5,5,5,4,1,1,Stable,Urban,4,2,Home Purchase,0
1595,51,69518,563,0.24,5,12,1,6,0,4,Stable,Urban,0,0,Home Purchase,0
1596,37,98641,699,0.44,2,4,4,1,0,5,Unstable,Rural,2,1,Child Birth,1
1597,55,62181,824,0.2,3,3,3,6,1,5,Stable,Urban,1,2,Marriage,0
1598,59,34066,687,0.48,2,18,7,1,0,3,Stable,Suburban,3,1,None,0
1599,30,89424,649,0.56,1,5,5,4,1,2,Unstable,Urban,1,2,None,0
1600,29,45580,624,0.32,5,6,6,9,0,5,Stable,Rural,0,0,Child Birth,0
1601,46,67385,527,0.22,5,14,2,6,0,4,Unstable,Urban,1,0,Home Purchase,1
1602,47,64642,817,0.3,3,6,1,4,0,4,Stable,Urban,2,2,None,0
1603,49,61140,748,0.23,2,12,3,4,0,1,Unstable,Suburban,0,1,Marriage,0
1604,58,55754,776,0.1,4,12,3,4,1,2,Unstable,Urban,3,2,Marriage,0
1605,50,20000,725,0.43,3,8,7,7,0,5,Unstable,Suburban,4,1,Marriage,0
1606,29,34947,619,0.12,3,2,7,9,0,2,Stable,Rural,2,0,Marriage,0
1607,50,88053,668,0.21,3,5,6,6,1,5,Unstable,Urban,0,2,Marriage,0
1608,44,70720,649,0.46,2,18,4,7,0,1,Stable,Rural,2,2,Marriage,0
1609,30,107732,658,0.43,3,3,8,4,0,2,Stable,Rural,4,0,None,1
1610,30,34057,658,0.14,1,16,2,5,0,2,Stable,Rural,3,1,Marriage,0
1611,42,59233,810,0.43,1,5,7,9,0,5,Unstable,Suburban,1,2,Marriage,0
1612,28,89079,850,0.57,5,9,1,8,0,3,Stable,Urban,2,1,None,1
1613,41,45854,612,0.14,5,6,8,2,0,5,Stable,Rural,4,0,Home Purchase,1
1614,38,47865,683,0.31,2,19,5,8,0,2,Stable,Rural,2,2,None,0
1615,38,52666,721,0.46,4,16,6,3,1,1,Stable,Urban,4,2,Home Purchase,1
1616,37,48866,601,0.43,5,7,6,2,1,1,Stable,Rural,2,1,Child Birth,0
1617,31,73294,705,0.21,5,4,1,2,0,3,Unstable,Suburban,4,2,None,1
1618,68,20000,735,0.18,5,16,7,4,0,3,Stable,Rural,1,2,Child Birth,0
1619,39,101068,692,0.49,5,17,3,1,1,2,Unstable,Urban,2,2,Child Birth,1
1620,43,36008,762,0.58,3,19,2,5,1,3,Unstable,Urban,1,0,Child Birth,1
1621,67,20000,700,0.48,5,17,7,7,1,1,Stable,Urban,4,0,Home Purchase,1
1622,68,59744,413,0.58,2,13,9,2,1,2,Stable,Rural,2,1,Marriage,0
1623,59,50564,603,0.4,3,2,4,5,0,3,Stable,Urban,2,0,Home Purchase,0
1624,41,55550,843,0.56,3,2,7,4,0,1,Unstable,Rural,4,2,None,0
1625,59,67814,752,0.45,2,4,5,6,1,3,Stable,Suburban,1,2,Marriage,0
1626,43,76121,414,0.55,4,16,7,1,1,1,Unstable,Rural,4,1,Marriage,0
1627,44,102166,548,0.18,5,4,1,1,1,2,Stable,Suburban,3,1,Child Birth,1
1628,60,42746,772,0.51,1,12,9,2,1,1,Stable,Urban,4,0,None,0
1629,59,79357,642,0.2,4,14,6,4,0,4,Stable,Suburban,1,1,Marriage,0
1630,56,77723,429,0.11,5,1,8,1,0,5,Unstable,Rural,3,2,Home Purchase,0
1631,68,20000,805,0.36,1,17,9,5,0,1,Unstable,Suburban,3,1,Child Birth,0
1632,64,39170,772,0.26,3,18,1,6,0,4,Unstable,Suburban,3,0,Home Purchase,1
1633,48,27825,617,0.12,3,12,5,4,0,3,Stable,Urban,3,0,None,0
1634,41,71197,824,0.59,3,10,7,7,0,5,Unstable,Suburban,2,2,Marriage,0
1635,31,68445,620,0.43,5,15,8,5,1,1,Unstable,Rural,0,1,Home Purchase,0
1636,67,68948,637,0.55,2,17,3,9,0,1,Unstable,Suburban,4,1,Home Purchase,0
1637,25,52360,651,0.6,3,11,8,9,1,2,Stable,Rural,3,0,Marriage,0
1638,59,54881,510,0.3,3,7,5,4,0,1,Stable,Rural,2,1,None,0
1639,56,59285,741,0.23,3,19,1,6,1,5,Unstable,Suburban,1,1,None,0
1640,60,49972,752,0.19,5,11,4,2,0,3,Unstable,Rural,3,1,Home Purchase,0
1641,37,79429,654,0.36,1,1,2,2,0,2,Unstable,Rural,3,2,Marriage,1
1642,30,33258,770,0.4,4,18,5,3,0,5,Stable,Suburban,1,1,Marriage,1
1643,38,40454,540,0.34,3,15,4,2,0,1,Unstable,Urban,0,0,Home Purchase,0
1644,61,63032,768,0.29,4,13,2,9,0,5,Unstable,Rural,0,1,Child Birth,1
1645,39,50801,732,0.18,2,16,7,4,0,5,Stable,Urban,2,2,Marriage,0
1646,28,32280,630,0.32,2,19,2,5,0,3,Unstable,Suburban,1,0,None,0
1647,64,73298,741,0.14,2,6,2,2,1,1,Unstable,Urban,0,0,Child Birth,0
1648,40,45692,611,0.53,3,16,4,8,1,4,Stable,Urban,3,2,Marriage,0
1649,52,38881,810,0.12,4,18,5,8,0,2,Stable,Urban,3,2,Home Purchase,1
1650,40,55640,752,0.29,1,1,3,7,0,3,Unstable,Rural,4,1,Home Purchase,1
1651,28,37668,736,0.15,5,18,9,7,0,2,Unstable,Urban,4,2,None,1
1652,69,59145,653,0.49,4,9,6,7,0,1,Stable,Rural,0,2,Marriage,0
1653,50,51007,777,0.26,5,13,8,8,0,2,Unstable,Rural,4,1,None,1
1654,52,47185,820,0.16,4,16,5,4,0,5,Unstable,Rural,2,0,Child Birth,1
1655,56,47341,850,0.37,3,19,8,6,0,5,Unstable,Rural,4,1,Home Purchase,0
1656,69,84890,645,0.56,1,1,6,8,0,5,Stable,Suburban,2,2,None,0
1657,26,69230,781,0.55,3,8,7,8,0,4,Unstable,Urban,3,2,Marriage,1
1658,55,20000,839,0.22,2,10,2,4,1,5,Stable,Rural,0,0,Marriage,1
1659,27,82074,675,0.46,1,7,6,1,0,5,Unstable,Rural,2,0,None,1
1660,32,72913,840,0.12,4,3,5,2,0,1,Unstable,Rural,0,1,None,0
1661,48,71437,715,0.17,3,13,8,4,0,5,Unstable,Urban,4,0,Child Birth,1
1662,39,82197,598,0.35,5,11,5,9,1,4,Stable,Suburban,2,0,Marriage,1
1663,67,60375,629,0.21,3,5,7,3,0,4,Stable,Urban,1,2,None,0
1664,55,75502,555,0.5,3,13,4,5,1,3,Stable,Rural,4,0,Home Purchase,0
1665,33,48388,696,0.57,4,12,2,1,0,4,Unstable,Urban,0,1,None,0
1666,63,81189,683,0.1,4,16,3,5,1,5,Stable,Urban,4,1,Marriage,0
1667,69,65452,718,0.22,2,17,4,1,0,2,Unstable,Urban,3,2,None,0
1668,26,25575,836,0.32,1,14,3,6,0,3,Unstable,Suburban,1,2,Child Birth,0
1669,32,85909,698,0.38,3,10,7,1,1,4,Unstable,Rural,0,2,None,0
1670,31,56777,673,0.56,5,13,5,2,0,3,Unstable,Suburban,1,2,Marriage,0
1671,68,53296,680,0.55,4,12,3,9,0,1,Stable,Suburban,1,2,None,0
1672,63,48933,514,0.42,4,4,3,3,0,5,Stable,Urban,1,0,Home Purchase,0
1673,66,50765,768,0.23,2,19,9,9,0,5,Stable,Rural,0,1,Child Birth,1
1674,40,65740,684,0.49,1,12,9,4,0,3,Stable,Rural,3,1,Marriage,0
1675,59,35310,708,0.2,2,1,5,5,1,4,Unstable,Rural,1,0,None,1
1676,54,20784,679,0.58,4,10,2,7,0,2,Stable,Rural,1,1,Home Purchase,0
1677,34,33388,712,0.1,5,2,5,4,1,4,Unstable,Suburban,2,0,Marriage,0
1678,62,69542,568,0.38,2,5,4,6,0,3,Stable,Rural,4,2,None,0
1679,42,55951,699,0.14,3,17,6,9,1,4,Stable,Rural,0,0,Home Purchase,1
1680,29,87829,639,0.3,4,4,6,8,1,3,Unstable,Suburban,0,1,Home Purchase,0
1681,53,58377,703,0.42,4,7,6,1,0,5,Stable,Rural,4,0,Child Birth,0
1682,63,81062,598,0.44,2,15,7,6,0,5,Stable,Rural,3,0,Child Birth,0
1683,58,42679,747,0.49,5,1,2,9,0,5,Unstable,Urban,2,2,Marriage,0
1684,67,49121,702,0.4,2,14,4,3,1,3,Unstable,Rural,2,1,Home Purchase,0
1685,69,60238,570,0.23,5,15,9,3,1,5,Unstable,Urban,0,2,Home Purchase,0
1686,47,56325,794,0.54,4,2,5,5,0,1,Stable,Suburban,2,2,Marriage,1
1687,29,53990,648,0.51,2,2,1,9,0,2,Stable,Urban,4,1,None,0
1688,54,38197,664,0.18,1,16,6,3,0,3,Unstable,Suburban,1,1,Marriage,0
1689,30,20360,779,0.51,2,2,5,5,0,5,Unstable,Rural,0,1,Home Purchase,0
1690,68,75775,807,0.59,2,16,2,5,0,1,Unstable,Urban,0,2,None,0
1691,28,72981,653,0.42,1,17,3,8,0,4,Stable,Urban,0,1,Home Purchase,0
1692,53,44653,711,0.24,1,18,3,2,1,2,Stable,Urban,2,1,Child Birth,1
1693,47,69472,768,0.4,3,19,7,8,0,2,Stable,Suburban,0,1,Marriage,1
1694,30,55838,826,0.27,1,16,5,1,0,5,Unstable,Urban,0,2,Marriage,0
1695,56,87654,708,0.44,5,4,9,5,0,3,Unstable,Rural,3,1,Child Birth,0
1696,66,27193,747,0.37,3,17,1,3,0,3,Unstable,Rural,0,2,Marriage,0
1697,42,56831,608,0.56,5,1,3,5,0,1,Stable,Urban,4,1,Child Birth,0
1698,39,54836,548,0.41,3,13,8,9,0,3,Stable,Rural,2,1,None,1
1699,64,64027,755,0.21,3,7,3,1,0,5,Unstable,Suburban,0,1,Home Purchase,0
1700,56,98428,619,0.46,5,9,3,6,1,2,Stable,Urban,4,1,Child Birth,1
1701,33,56907,607,0.25,4,14,8,6,1,2,Stable,Urban,2,2,Home Purchase,1
1702,61,78578,764,0.24,4,1,3,7,0,2,Stable,Rural,2,2,Child Birth,0
1703,34,56304,685,0.3,2,8,2,5,0,5,Unstable,Suburban,0,0,None,0
1704,44,86772,722,0.11,4,10,3,7,0,4,Unstable,Urban,2,1,Child Birth,1
1705,30,78821,571,0.58,2,4,2,2,1,5,Stable,Urban,4,1,Child Birth,0
1706,27,51667,608,0.37,4,13,8,2,0,2,Unstable,Rural,3,0,Child Birth,0
1707,66,49867,850,0.49,2,18,5,8,0,2,Unstable,Suburban,1,1,Child Birth,0
1708,35,72174,634,0.23,2,9,3,6,0,3,Stable,Suburban,0,2,Child Birth,0
1709,67,43614,679,0.47,1,8,8,5,1,2,Stable,Rural,2,1,Child Birth,0
1710,41,64765,723,0.38,2,6,8,3,0,1,Unstable,Rural,3,0,Marriage,0
1711,56,51105,593,0.31,5,19,4,4,0,5,Stable,Suburban,4,0,Child Birth,0
1712,28,69202,835,0.59,5,16,9,8,0,3,Stable,Suburban,2,1,Marriage,1
1713,28,55974,700,0.35,2,1,1,7,1,3,Unstable,Suburban,4,1,None,0
1714,41,42685,676,0.43,5,15,7,9,0,4,Stable,Urban,1,1,None,1
1715,65,87632,806,0.11,4,6,5,3,1,4,Unstable,Rural,2,0,None,1
1716,43,65988,791,0.25,5,10,7,6,0,2,Unstable,Suburban,1,1,Child Birth,0
1717,29,58660,850,0.54,1,5,8,7,0,1,Unstable,Suburban,4,1,Home Purchase,0
1718,56,70499,656,0.48,5,8,3,2,0,1,Unstable,Suburban,1,0,Child Birth,0
1719,46,20000,850,0.37,4,1,3,4,1,3,Stable,Rural,3,2,None,0
1720,30,112254,764,0.55,4,13,1,1,0,5,Unstable,Urban,3,0,Home Purchase,1
1721,59,60617,850,0.34,2,16,5,4,1,4,Unstable,Urban,4,1,Marriage,0
1722,46,20000,798,0.38,3,17,8,2,0,3,Stable,Rural,2,1,None,1
1723,25,89927,635,0.29,4,7,1,7,1,4,Unstable,Urban,4,2,Child Birth,0
1724,44,41215,616,0.41,2,15,2,1,0,4,Stable,Suburban,1,1,Home Purchase,0
1725,46,86092,519,0.26,2,14,2,6,0,1,Stable,Suburban,0,2,Marriage,1
1726,35,63039,498,0.29,5,17,2,3,0,3,Unstable,Suburban,0,2,Marriage,0
1727,37,20739,638,0.58,5,7,5,8,1,1,Unstable,Urban,3,0,Marriage,1
1728,66,66531,826,0.16,2,14,7,8,1,1,Unstable,Urban,3,0,Home Purchase,1
1729,27,64692,650,0.15,1,8,3,7,0,3,Unstable,Rural,0,2,Marriage,1
1730,33,88794,632,0.12,2,13,1,7,0,5,Stable,Rural,1,2,Child Birth,0
1731,36,73054,769,0.26,5,1,9,1,0,4,Stable,Suburban,4,1,None,0
1732,47,29014,613,0.3,4,4,9,9,0,1,Stable,Rural,2,0,None,0
1733,38,85056,850,0.15,1,11,4,3,0,5,Stable,Rural,0,0,None,1
1734,57,49648,673,0.37,3,9,5,8,0,2,Unstable,Urban,1,2,Home Purchase,0
1735,42,103006,793,0.39,4,19,4,2,0,3,Stable,Suburban,4,1,None,0
1736,65,51130,679,0.48,5,4,8,1,1,2,Unstable,Rural,0,2,None,0
1737,33,54717,702,0.59,4,1,1,1,0,2,Stable,Rural,2,2,None,0
1738,47,39451,812,0.41,4,19,4,8,1,3,Stable,Urban,4,0,None,1
1739,34,47535,722,0.16,5,19,4,9,0,4,Stable,Suburban,1,0,None,1
1740,43,40926,849,0.14,4,19,3,3,1,5,Stable,Urban,2,2,None,1
1741,29,89411,621,0.49,2,11,4,7,0,2,Stable,Urban,0,0,Home Purchase,0
1742,47,26712,570,0.43,1,6,7,2,0,2,Unstable,Suburban,3,1,Marriage,0
1743,54,80114,525,0.18,5,7,5,8,0,5,Stable,Rural,3,0,None,1
1744,49,80716,825,0.23,1,1,3,3,0,2,Unstable,Urban,1,1,Child Birth,0
1745,52,94438,790,0.48,2,15,6,5,1,3,Stable,Suburban,3,2,Child Birth,0
1746,58,61094,673,0.38,5,4,9,7,1,5,Unstable,Urban,4,2,Home Purchase,0
1747,69,34332,729,0.39,2,13,3,9,1,1,Unstable,Rural,3,0,None,0
1748,49,55706,806,0.21,3,12,2,1,0,1,Stable,Rural,3,0,Home Purchase,0
1749,34,74867,680,0.41,3,1,9,5,0,4,Unstable,Urban,4,2,None,0
1750,38,62118,523,0.49,3,8,5,1,0,2,Stable,Rural,1,1,None,0
1751,66,69168,525,0.54,1,11,5,2,1,3,Stable,Urban,0,0,None,0
1752,54,94132,590,0.47,3,10,7,4,0,5,Stable,Urban,1,2,Child Birth,0
1753,65,74550,710,0.39,3,2,2,3,1,2,Stable,Suburban,3,1,Home Purchase,0
1754,49,64961,605,0.44,2,17,5,5,0,3,Unstable,Suburban,1,0,Child Birth,0
1755,38,20000,803,0.34,4,13,8,6,0,3,Unstable,Urban,0,2,Home Purchase,0
1756,59,40403,572,0.21,4,9,8,1,1,1,Stable,Urban,4,2,Marriage,1
1757,58,49883,630,0.54,3,16,7,9,1,1,Stable,Urban,4,1,Home Purchase,1
1758,34,20000,517,0.37,4,17,5,2,0,3,Unstable,Urban,4,0,Marriage,0
1759,59,32268,655,0.4,3,10,4,8,1,2,Stable,Urban,1,0,None,1
1760,35,53288,700,0.6,3,17,2,9,1,5,Stable,Suburban,3,1,Home Purchase,1
1761,35,57357,807,0.59,1,10,2,1,1,4,Stable,Urban,4,2,Home Purchase,1
1762,45,72645,711,0.39,5,14,3,2,1,2,Stable,Suburban,3,0,Home Purchase,1
1763,45,54867,774,0.12,4,15,3,3,0,3,Stable,Rural,2,2,Home Purchase,0
1764,46,66201,800,0.3,3,9,7,9,0,5,Stable,Urban,4,1,Child Birth,0
1765,69,49555,739,0.57,4,2,6,3,1,4,Unstable,Suburban,0,0,Child Birth,0
1766,31,61050,610,0.24,1,14,1,6,0,3,Stable,Suburban,3,2,Home Purchase,1
1767,41,71274,740,0.6,1,7,6,9,0,5,Stable,Rural,2,1,None,0
1768,26,96815,848,0.14,3,4,5,7,1,5,Unstable,Rural,4,2,Marriage,0
1769,36,47133,668,0.38,4,13,6,6,0,4,Unstable,Rural,3,0,Home Purchase,0
1770,66,63604,755,0.36,4,4,8,2,0,3,Stable,Urban,3,2,Home Purchase,0
1771,42,81728,752,0.23,4,4,1,6,0,1,Unstable,Urban,2,0,Home Purchase,0
1772,35,24010,663,0.57,1,9,6,1,0,2,Unstable,Urban,0,2,Home Purchase,0
1773,40,109945,793,0.41,2,11,4,7,0,4,Unstable,Rural,1,2,Marriage,1
1774,42,89475,661,0.22,2,1,9,6,1,2,Stable,Suburban,0,2,Child Birth,1
1775,59,20000,745,0.29,4,13,8,8,1,4,Stable,Suburban,1,0,Child Birth,0
1776,50,69284,676,0.46,4,9,7,2,0,1,Stable,Rural,0,0,Home Purchase,0
1777,40,45888,704,0.25,5,18,3,1,0,2,Stable,Urban,0,1,Child Birth,0
1778,30,50066,793,0.54,3,7,9,9,1,5,Unstable,Suburban,4,1,Child Birth,0
1779,68,68762,505,0.18,1,14,3,9,1,5,Stable,Suburban,3,2,Marriage,0
1780,67,86259,761,0.23,5,17,6,7,0,2,Unstable,Suburban,0,2,Home Purchase,1
1781,66,48353,770,0.17,4,18,2,1,0,3,Unstable,Suburban,3,1,Marriage,0
1782,36,48688,642,0.15,2,1,8,2,0,5,Unstable,Urban,3,1,Child Birth,0
1783,37,69304,696,0.25,2,9,1,9,0,4,Unstable,Urban,3,0,Marriage,0
1784,28,74298,602,0.6,5,10,1,5,0,3,Unstable,Urban,3,0,Marriage,0
1785,63,34821,620,0.15,2,16,8,2,1,4,Unstable,Suburban,0,0,Marriage,0
1786,26,103091,727,0.21,2,11,9,5,0,1,Stable,Urban,1,2,Marriage,1
1787,50,43917,850,0.24,3,4,9,1,0,5,Unstable,Suburban,3,0,Child Birth,1
1788,51,84116,766,0.41,4,19,8,5,0,1,Stable,Urban,3,1,Marriage,0
1789,51,71292,615,0.47,5,8,8,7,1,3,Unstable,Suburban,4,1,Child Birth,1
1790,39,75158,777,0.48,1,3,4,8,0,4,Stable,Rural,0,1,None,0
1791,32,44401,758,0.1,1,4,8,3,0,5,Stable,Urban,0,1,Home Purchase,1
1792,31,20000,527,0.43,4,8,7,4,0,2,Stable,Rural,0,1,None,0
1793,64,59464,668,0.42,1,12,9,2,0,1,Unstable,Urban,1,1,Home Purchase,0
1794,36,59567,685,0.36,2,5,8,1,1,5,Stable,Rural,3,0,Child Birth,0
1795,37,36049,711,0.29,3,3,2,8,1,2,Unstable,Rural,2,0,Child Birth,1
1796,67,82948,696,0.5,5,5,8,7,0,3,Stable,Rural,1,0,Marriage,0
1797,41,58711,714,0.27,5,4,8,8,0,2,Stable,Urban,3,1,None,1
1798,41,39773,606,0.22,2,11,9,5,0,3,Stable,Suburban,4,1,None,0
1799,60,74626,667,0.26,4,16,3,5,0,1,Unstable,Suburban,2,1,None,0
1800,45,75290,673,0.32,3,18,8,1,0,2,Unstable,Suburban,4,1,Home Purchase,0
1801,32,42091,815,0.21,1,6,8,9,0,4,Unstable,Urban,0,1,Marriage,1
1802,29,90834,630,0.4,5,16,4,3,0,4,Unstable,Suburban,1,0,Home Purchase,1
1803,50,116081,675,0.54,5,1,5,1,1,4,Unstable,Urban,2,2,Home Purchase,0
1804,40,32749,664,0.4,4,19,2,4,1,3,Stable,Suburban,2,2,Child Birth,0
1805,60,55407,850,0.32,3,16,6,4,1,2,Stable,Rural,0,2,Marriage,0
1806,52,68425,766,0.5,1,10,9,8,0,5,Stable,Rural,3,0,Home Purchase,1
1807,53,117006,606,0.47,5,14,3,5,0,2,Stable,Rural,2,0,None,0
1808,36,41655,739,0.28,5,18,6,5,0,2,Unstable,Urban,1,1,Home Purchase,0
1809,61,36510,598,0.4,1,13,8,1,1,1,Unstable,Rural,1,1,Marriage,1
1810,54,36339,726,0.46,3,13,2,4,1,5,Unstable,Rural,4,1,Marriage,0
1811,47,90535,836,0.22,3,15,1,8,0,4,Stable,Suburban,1,2,Child Birth,1
1812,40,42304,504,0.28,3,4,6,8,1,3,Stable,Urban,0,1,Marriage,0
1813,38,38746,599,0.15,5,18,3,4,0,5,Unstable,Suburban,1,0,Marriage,1
1814,34,65774,715,0.59,2,15,2,3,0,4,Unstable,Rural,1,2,Marriage,1
1815,31,67705,660,0.14,5,6,8,4,0,3,Unstable,Rural,0,0,Home Purchase,1
1816,69,86775,721,0.18,4,10,9,6,1,5,Unstable,Suburban,3,1,Child Birth,1
1817,61,62298,691,0.34,4,15,7,3,0,3,Stable,Urban,2,2,None,0
1818,53,66223,531,0.53,5,1,9,3,0,3,Unstable,Urban,0,1,Child Birth,0
1819,27,57368,762,0.28,5,5,7,9,0,4,Stable,Suburban,3,2,Child Birth,1
1820,39,27392,566,0.48,1,9,3,3,0,1,Stable,Suburban,0,1,Home Purchase,1
1821,60,55009,720,0.44,3,14,1,1,1,4,Stable,Urban,0,2,None,1
1822,43,61570,654,0.42,1,11,1,3,0,5,Stable,Rural,4,2,None,0
1823,37,48904,850,0.52,4,6,5,8,1,4,Stable,Rural,2,2,Home Purchase,1
1824,66,20888,687,0.11,4,16,9,9,0,4,Unstable,Urban,2,0,None,1
1825,45,31625,735,0.56,2,9,6,4,0,4,Unstable,Suburban,4,1,Child Birth,0
1826,61,59015,755,0.51,3,3,2,6,1,5,Unstable,Rural,2,0,Home Purchase,1
1827,51,83318,733,0.57,3,8,6,8,1,5,Stable,Urban,2,1,Home Purchase,0
1828,53,102057,697,0.5,4,17,4,7,0,3,Stable,Rural,1,1,None,0
1829,44,55404,600,0.54,1,9,9,8,0,3,Unstable,Suburban,0,0,Marriage,1
1830,49,42078,688,0.2,5,17,3,3,0,5,Unstable,Rural,2,1,Home Purchase,0
1831,30,50687,513,0.26,3,5,7,4,1,3,Unstable,Urban,3,2,None,0
1832,60,33839,748,0.26,5,11,8,1,1,4,Stable,Suburban,4,0,Child Birth,1
1833,26,79693,850,0.15,4,6,2,4,0,2,Unstable,Urban,2,0,Marriage,0
1834,46,113440,717,0.46,2,14,7,5,0,2,Unstable,Urban,3,2,Home Purchase,1
1835,56,42686,733,0.17,4,3,5,2,1,3,Stable,Rural,0,1,Child Birth,0
1836,40,30198,544,0.13,5,17,1,1,0,3,Unstable,Urban,0,2,Home Purchase,0
1837,42,85162,618,0.49,4,4,7,5,0,1,Stable,Urban,0,2,None,1
1838,29,67951,789,0.55,3,8,8,8,0,4,Unstable,Rural,2,2,Marriage,1
1839,60,68373,555,0.48,5,6,1,8,0,4,Stable,Rural,1,1,Home Purchase,0
1840,54,99704,627,0.51,5,11,4,9,0,1,Stable,Rural,2,2,Marriage,0
1841,69,25837,756,0.4,2,1,4,8,0,1,Unstable,Suburban,1,1,Home Purchase,1
1842,43,25139,780,0.54,3,15,5,7,0,2,Stable,Rural,4,2,Child Birth,1
1843,47,55957,689,0.35,1,16,5,1,0,4,Unstable,Rural,1,0,Marriage,0
1844,58,61585,712,0.59,2,2,4,1,0,4,Stable,Suburban,3,2,Child Birth,0
1845,37,51126,712,0.15,3,13,1,8,0,5,Unstable,Suburban,0,2,Marriage,0
1846,67,121518,576,0.5,1,12,9,5,0,4,Stable,Rural,2,1,Home Purchase,0
1847,53,52243,692,0.42,5,14,5,6,0,2,Stable,Rural,1,2,Home Purchase,0
1848,60,46231,724,0.39,2,1,1,4,1,2,Stable,Rural,0,1,Child Birth,1
1849,46,63108,691,0.46,5,11,3,4,0,1,Stable,Urban,0,2,Marriage,0
1850,60,84272,507,0.52,5,4,1,9,1,2,Stable,Rural,1,1,Home Purchase,0
1851,33,41864,850,0.53,5,13,7,8,0,2,Stable,Rural,4,0,Child Birth,1
1852,63,56325,590,0.19,3,6,7,4,0,5,Unstable,Rural,0,1,None,0
1853,43,84982,707,0.2,1,5,6,7,1,2,Unstable,Suburban,4,1,Home Purchase,1
1854,62,86370,732,0.11,3,4,9,8,0,3,Stable,Urban,4,1,Home Purchase,1
1855,30,65440,654,0.17,5,13,7,7,1,3,Stable,Rural,2,0,None,1
1856,39,120459,724,0.23,2,18,5,5,0,1,Unstable,Rural,1,2,Marriage,0
1857,44,109516,622,0.46,5,13,7,1,1,4,Unstable,Rural,3,0,None,1
1858,33,24847,850,0.34,1,8,4,6,0,4,Unstable,Suburban,3,2,None,0
1859,56,20000,673,0.48,3,19,9,8,0,5,Unstable,Rural,2,1,Child Birth,1
1860,28,79892,789,0.34,1,15,6,6,1,2,Stable,Rural,1,2,None,0
1861,42,94134,590,0.38,3,1,4,8,0,2,Stable,Suburban,4,0,Marriage,1
1862,29,54381,772,0.16,1,11,5,6,1,2,Unstable,Suburban,4,0,Marriage,1
1863,44,47445,628,0.49,1,16,8,2,1,2,Unstable,Suburban,4,2,Home Purchase,0
1864,47,39492,560,0.48,3,10,7,6,0,2,Stable,Suburban,3,2,Marriage,0
1865,35,30799,593,0.25,3,7,6,9,0,3,Stable,Suburban,3,1,Marriage,0
1866,61,88408,615,0.26,3,8,2,2,0,5,Stable,Suburban,3,0,Marriage,0
1867,46,50467,711,0.21,4,16,3,3,0,1,Stable,Suburban,0,1,Marriage,0
1868,28,67545,850,0.51,1,10,1,9,0,1,Stable,Suburban,2,1,None,0
1869,53,20000,850,0.47,4,4,3,7,1,3,Unstable,Suburban,3,1,Home Purchase,1
1870,68,85056,667,0.4,4,12,2,1,0,2,Stable,Rural,0,1,None,0
1871,58,74694,795,0.22,5,16,6,4,0,2,Unstable,Urban,3,0,Child Birth,0
1872,37,26382,574,0.19,4,18,4,4,0,4,Stable,Rural,0,0,Marriage,0
1873,66,66475,489,0.13,4,16,3,5,0,1,Stable,Suburban,3,0,Marriage,0
1874,33,60118,703,0.12,3,13,8,7,0,4,Unstable,Rural,0,2,Child Birth,0
1875,66,48746,754,0.19,3,16,5,5,1,1,Stable,Suburban,0,1,None,0
1876,55,20000,778,0.15,2,15,4,6,0,4,Unstable,Urban,1,0,Marriage,0
1877,31,43491,807,0.38,1,8,6,9,1,2,Stable,Urban,3,1,Child Birth,0
1878,28,67560,666,0.28,4,15,4,2,1,2,Unstable,Suburban,2,2,Marriage,0
1879,43,46285,707,0.32,4,7,5,6,0,2,Unstable,Suburban,3,0,Marriage,0
1880,66,54457,782,0.4,1,19,4,6,0,5,Unstable,Rural,2,2,Home Purchase,0
1881,54,97418,819,0.43,3,14,9,1,0,4,Stable,Rural,0,0,Marriage,1
1882,55,58062,609,0.42,3,6,2,6,0,5,Stable,Suburban,4,2,Marriage,0
1883,59,20000,721,0.23,1,13,1,7,0,5,Unstable,Urban,1,0,Home Purchase,1
1884,45,55378,764,0.5,1,12,7,7,0,4,Stable,Rural,1,0,Child Birth,1
1885,55,62484,714,0.56,3,7,9,3,0,2,Stable,Rural,1,2,None,0
1886,43,39366,637,0.26,1,3,9,8,0,3,Stable,Urban,2,2,None,0
1887,55,78368,700,0.11,3,3,4,7,0,1,Stable,Urban,0,1,None,0
1888,56,23444,752,0.55,1,3,4,4,0,4,Stable,Rural,2,0,Marriage,0
1889,26,56556,623,0.56,3,15,1,4,1,2,Stable,Suburban,4,0,Child Birth,0
1890,34,23156,580,0.13,2,16,1,7,0,5,Stable,Urban,1,2,Home Purchase,0
1891,26,52607,850,0.1,3,13,1,2,0,2,Unstable,Rural,2,0,Child Birth,0
1892,26,77703,718,0.51,3,16,6,5,1,4,Unstable,Suburban,4,1,None,0
1893,48,55958,793,0.25,4,2,6,6,0,4,Stable,Suburban,3,1,Child Birth,0
1894,41,54498,720,0.56,3,6,5,4,0,1,Unstable,Suburban,4,0,Child Birth,1
1895,56,60694,805,0.21,1,17,2,1,1,1,Stable,Rural,4,2,Child Birth,0
1896,40,61944,707,0.53,5,6,6,1,1,4,Stable,Rural,0,0,None,1
1897,40,77343,758,0.13,1,18,1,3,0,1,Unstable,Urban,2,0,Child Birth,1
1898,63,77495,589,0.23,4,12,3,9,0,5,Stable,Urban,2,0,Marriage,0
1899,55,95542,523,0.59,1,19,5,2,0,2,Stable,Suburban,1,0,Marriage,1
1900,67,64190,652,0.22,2,12,5,5,1,3,Stable,Suburban,4,2,Child Birth,0
1901,48,20000,557,0.17,5,17,7,7,0,2,Stable,Rural,4,0,Marriage,0
1902,25,81448,488,0.53,5,2,5,2,0,2,Stable,Rural,4,1,Marriage,0
1903,35,93745,730,0.16,4,14,6,1,0,4,Stable,Urban,3,2,Marriage,0
1904,45,121542,523,0.15,5,13,7,7,0,3,Unstable,Urban,4,2,Marriage,0
1905,28,96292,794,0.26,3,6,2,5,0,1,Stable,Rural,4,1,Marriage,0
1906,31,47742,844,0.42,4,17,3,7,0,1,Stable,Suburban,3,2,Child Birth,0
1907,50,64679,555,0.46,2,9,3,1,0,2,Stable,Suburban,1,0,Home Purchase,1
1908,36,53234,728,0.54,5,8,1,6,0,4,Unstable,Urban,0,0,Home Purchase,0
1909,55,49836,850,0.37,5,14,9,6,1,3,Unstable,Urban,1,2,Child Birth,1
1910,41,57162,652,0.3,4,2,9,7,0,4,Unstable,Suburban,2,0,Marriage,0
1911,57,92143,761,0.28,5,10,9,8,0,3,Unstable,Rural,4,0,Home Purchase,1
1912,35,20270,850,0.52,5,3,9,9,1,3,Stable,Suburban,3,2,None,0
1913,52,34936,532,0.46,2,17,8,5,0,1,Unstable,Suburban,2,1,Home Purchase,0
1914,56,90487,598,0.55,2,7,5,4,0,2,Stable,Suburban,1,1,None,0
1915,25,96341,756,0.58,4,12,9,5,0,1,Unstable,Urban,2,2,Child Birth,0
1916,52,43512,850,0.25,5,7,7,5,0,4,Stable,Suburban,0,1,Marriage,0
1917,66,101268,628,0.36,1,3,2,9,0,1,Stable,Suburban,4,1,Home Purchase,0
1918,31,84397,850,0.42,4,6,7,7,1,2,Stable,Suburban,3,1,Child Birth,0
1919,26,53305,713,0.18,2,3,4,2,0,5,Stable,Suburban,1,2,None,1
1920,66,20000,503,0.13,1,4,7,2,0,1,Unstable,Rural,4,1,None,1
1921,48,20000,850,0.53,5,16,7,1,0,4,Stable,Rural,2,1,None,0
1922,28,43545,653,0.37,4,15,3,2,0,2,Unstable,Urban,0,2,Marriage,0
1923,68,78998,744,0.39,4,1,3,2,0,4,Unstable,Suburban,2,2,Marriage,0
1924,43,79077,534,0.38,2,2,6,5,0,3,Unstable,Rural,0,0,Child Birth,0
1925,50,48338,624,0.48,3,1,2,9,1,2,Unstable,Urban,0,1,Marriage,0
1926,35,54218,550,0.17,3,18,8,7,0,3,Unstable,Suburban,1,1,Child Birth,1
1927,64,59187,539,0.41,3,4,8,5,0,2,Stable,Suburban,3,1,Marriage,0
1928,67,54531,709,0.33,4,6,4,4,1,5,Unstable,Suburban,0,1,Home Purchase,1
1929,35,64090,756,0.55,2,11,2,6,0,5,Unstable,Suburban,2,0,Home Purchase,0
1930,69,59248,645,0.36,2,12,9,4,0,2,Stable,Rural,4,1,None,0
1931,27,20000,556,0.57,3,8,9,7,0,3,Unstable,Rural,3,1,None,1
1932,36,54810,572,0.28,1,14,2,3,1,3,Stable,Suburban,1,1,None,0
1933,27,59435,737,0.58,3,10,4,8,1,4,Unstable,Suburban,4,0,Marriage,0
1934,66,84744,711,0.54,4,4,1,8,0,2,Unstable,Urban,0,1,None,0
1935,51,39217,738,0.39,1,15,6,3,1,3,Unstable,Rural,0,1,Marriage,1
1936,26,65097,850,0.28,2,16,1,7,0,2,Stable,Suburban,0,2,Child Birth,0
1937,40,74070,757,0.29,5,14,7,1,1,5,Unstable,Urban,3,0,Marriage,0
1938,26,56291,740,0.49,1,15,9,5,1,3,Unstable,Urban,0,0,Home Purchase,0
1939,54,20000,850,0.39,2,17,9,9,0,3,Unstable,Suburban,4,1,None,1
1940,44,85251,672,0.3,1,12,2,2,1,5,Unstable,Rural,4,2,Home Purchase,0
1941,62,78678,850,0.42,3,13,8,3,0,4,Unstable,Urban,0,1,Marriage,0
1942,52,65719,842,0.47,1,14,3,4,0,2,Unstable,Urban,3,1,Marriage,1
1943,49,61008,670,0.11,1,11,5,2,0,2,Stable,Urban,2,1,Home Purchase,0
1944,56,20000,780,0.14,1,11,4,6,0,2,Stable,Urban,4,1,Home Purchase,0
1945,34,79366,678,0.15,4,6,6,5,1,2,Stable,Urban,1,0,Home Purchase,0
1946,66,97159,556,0.22,4,1,7,5,1,1,Unstable,Suburban,3,2,Home Purchase,0
1947,64,32156,699,0.31,3,8,9,8,0,5,Unstable,Urban,2,2,Marriage,0
1948,57,93625,553,0.5,5,8,5,6,0,4,Stable,Rural,1,0,Child Birth,0
1949,37,88286,723,0.28,4,18,2,1,0,5,Stable,Rural,4,2,Home Purchase,0
1950,65,31420,780,0.11,5,13,4,1,0,2,Stable,Urban,3,1,None,1
1951,66,50146,678,0.34,4,14,2,5,1,1,Unstable,Urban,3,1,Marriage,0
1952,61,25114,723,0.6,2,15,1,3,0,1,Unstable,Urban,4,0,Child Birth,0
1953,40,58371,721,0.27,2,4,2,8,0,5,Unstable,Suburban,3,2,Home Purchase,0
1954,69,71207,784,0.58,1,19,7,2,0,3,Unstable,Urban,4,2,None,0
1955,46,26988,708,0.15,5,13,2,5,0,4,Unstable,Suburban,3,2,Home Purchase,0
1956,44,69645,668,0.19,1,9,4,6,0,1,Stable,Urban,4,2,Marriage,0
1957,67,75978,779,0.46,1,16,5,3,0,2,Stable,Suburban,3,1,None,0
1958,51,76336,715,0.35,4,9,3,8,1,3,Stable,Suburban,0,2,None,0
1959,65,71362,486,0.48,4,2,4,8,0,4,Unstable,Urban,0,2,Child Birth,0
1960,40,29287,664,0.53,1,10,3,6,1,2,Stable,Urban,2,1,Home Purchase,0
1961,58,56963,648,0.23,4,7,8,9,0,5,Unstable,Urban,2,2,None,0
1962,56,68808,714,0.44,2,9,8,3,0,1,Stable,Urban,4,1,Marriage,0
1963,50,96525,703,0.4,2,8,3,3,0,5,Stable,Suburban,0,0,Home Purchase,1
1964,49,60061,504,0.53,5,19,9,8,1,3,Unstable,Urban,2,1,Marriage,0
1965,26,70638,550,0.32,2,1,9,4,0,1,Stable,Rural,4,1,Home Purchase,1
1966,36,36699,604,0.13,1,1,7,1,0,2,Unstable,Rural,3,1,Child Birth,1
1967,64,31127,706,0.39,3,8,1,8,1,3,Unstable,Urban,0,1,None,0
1968,33,27923,807,0.58,4,4,3,8,0,4,Unstable,Suburban,4,0,Home Purchase,0
1969,36,49493,539,0.11,1,4,8,5,0,2,Unstable,Rural,4,0,Marriage,0
1970,50,111551,632,0.22,4,15,6,2,0,4,Stable,Suburban,1,0,Marriage,1
1971,33,49948,695,0.26,5,2,9,7,0,1,Stable,Urban,2,0,None,0
1972,34,69115,606,0.48,1,17,9,4,0,4,Unstable,Urban,4,0,Marriage,1
1973,56,73927,708,0.26,1,8,1,8,0,1,Unstable,Urban,4,1,Child Birth,1
1974,58,32711,764,0.22,1,16,6,6,0,4,Unstable,Rural,2,1,None,0
1975,44,49122,624,0.42,5,6,3,7,1,5,Stable,Urban,1,2,Home Purchase,0
1976,63,75610,732,0.12,1,1,5,2,0,5,Stable,Suburban,2,0,Child Birth,1
1977,26,70708,688,0.19,4,5,1,5,0,3,Stable,Suburban,1,2,None,0
1978,25,20000,585,0.3,3,19,7,4,1,4,Unstable,Suburban,1,1,None,0
1979,60,74860,685,0.28,1,18,6,3,0,1,Stable,Urban,0,1,Home Purchase,0
1980,48,46225,745,0.27,5,3,5,7,1,2,Stable,Suburban,0,0,Marriage,0
1981,51,46879,841,0.15,5,2,2,1,1,1,Stable,Rural,4,1,Child Birth,1
1982,26,70121,850,0.28,1,2,8,6,0,5,Stable,Rural,4,2,None,0
1983,55,98073,643,0.5,5,1,5,3,1,2,Unstable,Suburban,4,1,Home Purchase,0
1984,38,54989,637,0.31,2,3,2,7,0,4,Stable,Rural,0,1,Child Birth,0
1985,26,89476,704,0.39,5,19,4,9,0,5,Unstable,Suburban,0,2,Marriage,1
1986,53,23976,645,0.18,3,4,8,3,0,4,Unstable,Rural,2,0,None,0
1987,39,63268,821,0.13,2,3,8,1,1,5,Unstable,Rural,4,2,Home Purchase,1
1988,36,46473,710,0.54,4,8,3,3,0,4,Unstable,Urban,2,0,Child Birth,1
1989,61,67050,705,0.27,2,12,8,9,1,5,Stable,Suburban,2,0,None,1
1990,52,52592,764,0.28,3,4,9,4,0,3,Stable,Suburban,0,0,Marriage,1
1991,44,26473,715,0.54,2,14,2,3,0,1,Stable,Rural,2,1,Child Birth,0
1992,63,37814,730,0.45,1,10,6,7,0,1,Stable,Rural,0,2,None,1
1993,48,20000,726,0.48,5,17,3,7,0,4,Unstable,Urban,0,1,None,0
1994,45,27327,685,0.44,1,18,5,4,0,4,Unstable,Suburban,0,2,Marriage,0
1995,34,72008,609,0.15,1,7,4,9,0,2,Unstable,Urban,3,1,Marriage,0
1996,38,53724,850,0.58,1,13,8,9,1,2,Unstable,Rural,0,0,None,1
1997,61,65771,609,0.55,2,13,7,2,0,1,Stable,Rural,4,2,Marriage,0
1998,42,105389,850,0.22,4,2,7,7,0,1,Unstable,Urban,1,2,Marriage,1
1999,48,52600,734,0.5,5,8,1,8,0,3,Stable,Rural,2,2,Child Birth,0
2000,38,75857,639,0.3,2,11,6,8,0,4,Unstable,Rural,4,1,Marriage,0
2001,58,60703,755,0.44,1,2,2,1,0,4,Unstable,Suburban,0,0,Marriage,0
2002,36,129067,778,0.18,3,12,8,2,1,1,Stable,Rural,4,2,Child Birth,0
2003,46,20000,850,0.37,3,5,6,8,1,4,Unstable,Suburban,4,0,Home Purchase,1
2004,30,42058,568,0.16,1,16,9,7,1,2,Unstable,Rural,4,1,Marriage,0
2005,60,76350,685,0.37,4,1,1,7,0,4,Stable,Suburban,3,2,Marriage,0
2006,69,41177,837,0.22,5,12,8,1,0,2,Unstable,Rural,1,1,Marriage,0
2007,60,74151,774,0.33,2,5,2,2,0,5,Stable,Suburban,3,1,None,0
2008,46,58498,748,0.43,4,1,7,2,0,4,Stable,Suburban,0,2,Child Birth,0
2009,38,81623,847,0.54,3,3,3,3,1,5,Stable,Suburban,4,1,Home Purchase,1
2010,40,31696,682,0.18,1,4,7,3,0,1,Unstable,Suburban,1,2,None,1
2011,60,64321,460,0.55,2,9,1,3,0,4,Unstable,Urban,4,1,Child Birth,0
2012,49,71650,663,0.3,4,17,9,4,1,3,Stable,Suburban,0,1,Marriage,0
2013,56,63294,850,0.52,4,12,6,4,0,3,Stable,Rural,2,2,Home Purchase,0
2014,57,63735,729,0.36,4,19,7,9,0,5,Stable,Urban,2,0,Marriage,1
2015,69,90060,615,0.53,2,3,9,3,1,3,Unstable,Rural,1,1,Home Purchase,0
2016,60,20000,833,0.43,5,10,1,3,1,2,Unstable,Rural,4,0,Home Purchase,1
2017,44,63124,784,0.35,2,8,8,9,0,1,Unstable,Urban,4,1,None,0
2018,42,29771,714,0.26,1,3,7,4,0,2,Unstable,Suburban,4,0,Child Birth,0
2019,62,78940,758,0.58,2,11,2,6,0,1,Stable,Urban,2,0,Child Birth,1
2020,27,39051,598,0.5,4,15,1,5,0,3,Unstable,Rural,3,2,Child Birth,0
2021,47,20000,663,0.29,5,12,1,3,1,1,Unstable,Urban,2,0,None,0
2022,56,79536,693,0.18,5,3,4,8,1,2,Stable,Suburban,4,1,None,0
2023,69,53290,809,0.49,1,7,5,5,1,5,Unstable,Suburban,2,0,None,0
2024,40,68915,645,0.59,1,1,7,8,1,5,Unstable,Urban,3,1,Home Purchase,1
2025,29,95675,697,0.24,3,10,8,6,0,4,Unstable,Rural,2,2,Marriage,0
2026,28,69285,844,0.56,3,17,2,9,1,2,Unstable,Suburban,3,2,None,0
2027,45,64235,850,0.16,3,6,9,2,1,2,Stable,Suburban,2,1,Child Birth,1
2028,64,58818,612,0.58,2,19,7,7,0,5,Stable,Rural,0,2,Child Birth,0
2029,38,31317,713,0.47,5,12,6,4,0,3,Stable,Urban,2,1,Child Birth,0
2030,63,54618,549,0.27,1,2,8,7,0,5,Stable,Suburban,0,0,None,0
2031,55,109347,698,0.25,3,12,2,9,0,4,Unstable,Rural,3,0,None,0
2032,38,50619,670,0.42,1,19,1,1,0,4,Unstable,Urban,0,1,Marriage,0
2033,30,56099,825,0.4,3,9,5,5,0,2,Unstable,Rural,3,0,Child Birth,0
2034,36,91427,582,0.56,2,6,9,6,0,2,Unstable,Rural,1,2,Child Birth,1
2035,40,21467,569,0.48,2,17,7,4,0,4,Stable,Rural,1,1,Child Birth,0
2036,41,75503,850,0.37,4,2,7,6,1,2,Stable,Urban,3,0,None,0
2037,69,20278,636,0.56,1,7,9,1,1,1,Stable,Urban,2,0,Marriage,1
2038,47,69979,719,0.4,4,6,5,8,0,4,Stable,Rural,0,2,Marriage,0
2039,38,59439,729,0.52,2,14,5,6,1,4,Stable,Urban,4,1,Marriage,0
2040,31,75310,621,0.52,2,17,7,4,1,2,Unstable,Rural,2,2,Home Purchase,0
2041,56,34688,621,0.56,1,18,6,5,1,1,Unstable,Urban,0,0,Child Birth,0
2042,39,46624,812,0.13,4,6,6,8,0,4,Stable,Rural,3,0,None,1
2043,68,76601,767,0.39,4,12,8,2,1,1,Stable,Suburban,3,1,Marriage,0
2044,41,47254,698,0.33,4,6,4,4,1,4,Stable,Rural,3,1,Home Purchase,0
2045,65,78887,686,0.35,1,14,2,7,0,1,Stable,Urban,2,0,Child Birth,0
2046,68,65229,731,0.33,1,13,3,2,1,5,Unstable,Suburban,2,1,None,0
2047,58,48856,738,0.52,1,9,4,6,0,4,Stable,Suburban,0,1,Marriage,1
2048,29,52116,826,0.26,5,18,5,9,0,1,Unstable,Rural,1,2,Child Birth,0
2049,69,60087,697,0.33,2,10,2,2,1,5,Stable,Suburban,3,0,Marriage,0
2050,51,54495,744,0.2,5,10,8,4,0,2,Unstable,Suburban,2,1,Marriage,1
2051,47,78256,771,0.23,5,14,5,5,0,3,Unstable,Rural,4,0,None,0
2052,64,50718,773,0.43,2,9,7,8,0,1,Unstable,Suburban,1,0,Marriage,0
2053,38,45674,844,0.16,3,9,9,5,0,5,Unstable,Rural,0,1,Home Purchase,0
2054,39,82756,698,0.19,3,9,7,5,0,4,Unstable,Suburban,3,1,None,0
2055,67,49446,643,0.36,3,3,4,9,1,5,Stable,Urban,1,1,Marriage,0
2056,57,46490,664,0.12,1,9,3,6,0,3,Stable,Rural,4,2,Marriage,0
2057,55,20000,764,0.16,1,13,8,5,0,3,Unstable,Urban,2,1,Home Purchase,0
2058,59,34012,689,0.53,4,10,9,3,0,3,Stable,Urban,1,2,None,0
2059,41,39034,850,0.52,4,3,5,1,0,2,Unstable,Rural,2,2,None,1
2060,52,46496,701,0.27,5,4,6,6,0,1,Unstable,Suburban,2,1,Child Birth,1
2061,43,41946,604,0.27,4,14,6,9,0,4,Unstable,Rural,2,1,Marriage,1
2062,47,84576,732,0.57,1,13,3,4,1,1,Stable,Suburban,2,1,Marriage,1
2063,56,40621,850,0.11,5,7,4,8,0,1,Unstable,Rural,4,0,Child Birth,1
2064,64,42484,618,0.39,4,7,9,2,0,2,Unstable,Rural,2,0,Home Purchase,1
2065,37,63891,615,0.4,4,6,6,2,1,4,Stable,Urban,3,0,None,0
2066,44,32457,681,0.49,3,8,5,4,1,2,Stable,Rural,4,2,Home Purchase,0
2067,59,99099,635,0.58,1,6,9,2,0,4,Unstable,Urban,4,1,Home Purchase,0
2068,29,80053,564,0.28,5,4,8,6,0,5,Stable,Urban,0,2,Child Birth,1
2069,33,30797,545,0.32,2,5,9,8,1,4,Unstable,Urban,2,0,Home Purchase,1
2070,53,85341,723,0.44,4,18,9,3,1,2,Stable,Urban,1,0,Home Purchase,1
2071,30,90542,771,0.58,1,2,4,3,0,5,Unstable,Rural,4,2,Home Purchase,0
2072,49,31447,629,0.55,5,14,8,4,0,4,Unstable,Urban,0,1,None,0
2073,55,30870,692,0.43,1,14,9,5,0,3,Stable,Suburban,1,1,Child Birth,0
2074,46,44739,718,0.53,1,5,5,3,1,2,Stable,Suburban,1,0,None,0
2075,26,24619,589,0.14,5,11,4,6,1,5,Stable,Urban,4,2,Marriage,0
2076,69,40492,785,0.29,3,3,1,5,0,3,Stable,Suburban,1,2,Marriage,0
2077,29,49996,721,0.11,3,16,3,8,0,5,Stable,Suburban,2,0,None,1
2078,51,72603,752,0.19,4,8,2,4,1,4,Unstable,Suburban,2,0,None,0
2079,49,62030,767,0.42,3,15,7,6,1,4,Unstable,Urban,1,0,Child Birth,1
2080,32,56299,850,0.54,4,14,4,9,0,5,Unstable,Suburban,2,2,Child Birth,0
2081,25,47920,597,0.42,4,14,9,6,1,5,Unstable,Rural,2,0,Marriage,0
2082,44,27301,610,0.43,5,8,9,5,0,4,Stable,Rural,4,0,Child Birth,0
2083,68,74792,850,0.15,1,1,2,8,0,1,Stable,Suburban,0,0,Child Birth,1
2084,47,74234,765,0.43,2,16,3,4,0,5,Stable,Rural,1,1,Child Birth,0
2085,56,44578,706,0.33,2,12,8,6,0,1,Stable,Rural,2,1,Marriage,0
2086,35,32471,652,0.43,3,14,3,7,0,4,Unstable,Rural,3,2,Home Purchase,1
2087,63,98902,676,0.26,5,9,4,6,0,3,Stable,Urban,0,2,Child Birth,0
2088,48,66168,678,0.39,2,14,3,8,1,3,Unstable,Urban,3,0,Marriage,1
2089,35,69924,550,0.31,1,13,2,2,0,2,Stable,Suburban,1,1,Home Purchase,0
2090,53,71003,797,0.38,4,19,1,5,1,2,Unstable,Rural,4,1,Home Purchase,1
2091,50,29937,498,0.17,4,16,3,3,0,4,Unstable,Rural,4,0,Child Birth,0
2092,40,97481,615,0.3,5,19,9,4,1,5,Unstable,Urban,0,1,Marriage,0
2093,59,49912,656,0.29,3,17,8,8,1,3,Stable,Urban,1,2,Child Birth,1
2094,44,80551,850,0.47,1,5,9,2,0,5,Unstable,Suburban,2,0,None,1
2095,27,96460,689,0.45,3,3,5,9,1,1,Stable,Suburban,1,1,Child Birth,0
2096,25,62034,731,0.55,3,1,5,7,0,4,Stable,Suburban,4,1,Home Purchase,1
2097,25,30463,612,0.42,5,7,8,1,0,2,Stable,Suburban,3,0,Child Birth,0
2098,41,20000,786,0.26,4,7,5,3,1,4,Unstable,Urban,2,1,Home Purchase,0
2099,26,59039,850,0.49,3,17,4,8,0,2,Stable,Urban,3,2,Home Purchase,0
2100,53,66253,749,0.35,3,7,9,2,1,4,Unstable,Rural,3,2,None,1
2101,44,45480,666,0.2,1,13,1,7,0,4,Stable,Urban,3,1,Child Birth,0
2102,30,63392,496,0.47,4,13,6,1,1,2,Unstable,Urban,2,0,None,0
2103,32,70758,769,0.17,3,10,7,3,0,1,Stable,Rural,4,0,Home Purchase,1
2104,53,84848,601,0.19,2,2,6,2,0,4,Stable,Rural,4,0,None,0
2105,57,54285,624,0.48,2,6,8,2,0,3,Stable,Rural,0,2,Home Purchase,0
2106,27,58866,793,0.49,4,7,8,2,1,4,Unstable,Rural,3,2,Home Purchase,1
2107,59,55534,652,0.5,4,13,5,4,1,5,Stable,Urban,3,1,Home Purchase,1
2108,29,60839,690,0.25,5,8,4,6,0,3,Unstable,Rural,0,2,Child Birth,0
2109,51,47170,774,0.53,3,13,7,1,0,5,Stable,Rural,2,0,Home Purchase,0
2110,68,47050,629,0.46,2,11,9,7,0,2,Stable,Rural,0,1,Marriage,0
2111,36,48624,571,0.52,2,10,2,7,1,2,Stable,Urban,1,2,Child Birth,0
2112,44,63906,746,0.45,4,4,7,1,1,2,Stable,Rural,2,0,None,1
2113,69,38817,775,0.39,4,10,6,9,0,5,Unstable,Suburban,1,2,Home Purchase,0
2114,44,48725,642,0.15,1,17,3,8,0,2,Stable,Rural,1,0,Home Purchase,1
2115,33,105214,637,0.46,1,8,2,2,1,3,Stable,Urban,3,0,None,0
2116,63,82409,589,0.45,4,5,1,7,0,2,Stable,Rural,2,1,None,1
2117,28,36072,771,0.26,1,15,2,2,1,4,Stable,Rural,0,1,Child Birth,1
2118,43,81616,850,0.47,4,10,5,4,0,5,Unstable,Rural,4,0,None,1
2119,62,75684,793,0.38,4,19,1,5,1,5,Stable,Rural,3,0,None,0
2120,51,57402,690,0.38,5,18,8,3,0,5,Unstable,Urban,4,2,Child Birth,0
2121,69,42300,771,0.28,1,12,4,7,0,5,Unstable,Urban,3,2,Marriage,0
2122,67,39462,616,0.16,3,2,3,7,0,1,Unstable,Rural,1,1,Child Birth,0
2123,37,65596,736,0.21,3,7,2,6,1,2,Unstable,Rural,4,2,Child Birth,1
2124,37,38844,591,0.48,5,11,1,7,0,4,Unstable,Urban,2,1,Marriage,0
2125,46,87430,687,0.24,3,15,8,3,0,4,Unstable,Suburban,2,1,Home Purchase,0
2126,52,94520,807,0.1,3,12,9,7,1,5,Unstable,Rural,2,1,Child Birth,0
2127,69,58929,781,0.6,5,10,3,7,0,4,Stable,Rural,2,2,None,0
2128,46,88469,756,0.21,2,13,3,9,1,2,Unstable,Urban,3,1,Marriage,0
2129,67,49711,741,0.43,5,2,9,2,0,3,Stable,Rural,2,1,Child Birth,0
2130,43,42141,626,0.56,5,15,7,3,0,4,Stable,Suburban,4,2,None,1
2131,32,87506,714,0.4,1,8,9,4,0,1,Stable,Suburban,1,2,None,0
2132,32,99496,778,0.5,3,6,2,8,0,5,Unstable,Urban,4,1,None,1
2133,66,109078,675,0.59,3,4,7,1,0,3,Stable,Suburban,0,1,None,0
2134,50,68316,679,0.53,2,8,8,2,0,3,Stable,Suburban,0,0,Marriage,0
2135,50,81552,652,0.38,5,5,4,2,1,5,Unstable,Urban,2,2,Home Purchase,0
2136,47,67765,671,0.28,4,8,4,2,0,5,Unstable,Rural,2,0,None,0
2137,67,95084,622,0.34,2,14,2,2,0,4,Stable,Urban,2,0,None,0
2138,37,70832,702,0.52,2,17,2,7,1,5,Unstable,Rural,0,2,Home Purchase,1
2139,52,80127,667,0.53,3,2,4,6,0,1,Unstable,Urban,4,0,Marriage,0
2140,33,31614,552,0.52,3,19,4,7,0,2,Unstable,Urban,2,2,Home Purchase,1
2141,44,54220,850,0.4,3,4,5,6,1,3,Stable,Urban,3,0,Home Purchase,0
2142,43,80340,596,0.34,3,14,9,1,1,5,Stable,Rural,0,2,None,0
2143,63,78099,686,0.26,2,7,9,6,1,4,Stable,Rural,4,0,None,0
2144,36,82472,706,0.1,5,16,7,4,1,5,Unstable,Urban,0,2,Child Birth,1
2145,39,63016,646,0.48,3,10,6,9,0,1,Stable,Suburban,3,1,Home Purchase,0
2146,55,43699,691,0.24,1,11,5,6,0,5,Unstable,Rural,3,0,None,0
2147,38,58526,618,0.26,2,5,4,9,0,1,Stable,Urban,4,2,Marriage,0
2148,35,61175,772,0.52,4,12,2,8,0,5,Unstable,Rural,1,1,Child Birth,0
2149,50,66043,697,0.13,4,15,4,5,0,2,Unstable,Suburban,2,2,Child Birth,0
2150,66,35803,771,0.56,5,10,7,7,0,4,Stable,Rural,3,2,None,0
2151,51,53353,846,0.1,2,2,1,8,0,1,Unstable,Urban,1,0,Child Birth,1
2152,35,57783,671,0.57,2,18,3,5,0,5,Unstable,Suburban,2,1,Marriage,0
2153,62,20000,777,0.33,2,11,4,8,0,3,Unstable,Suburban,1,1,Home Purchase,0
2154,58,80812,850,0.15,1,5,7,9,0,1,Unstable,Rural,3,1,Home Purchase,0
2155,67,64100,687,0.44,1,6,3,5,1,2,Unstable,Urban,4,1,Home Purchase,0
2156,43,66632,769,0.55,3,13,4,8,0,2,Unstable,Suburban,3,2,Marriage,0
2157,30,47112,653,0.32,4,17,1,9,0,3,Stable,Suburban,3,1,Home Purchase,0
2158,62,74656,819,0.45,1,16,1,1,0,5,Unstable,Urban,2,2,Marriage,0
2159,66,39201,650,0.59,4,1,3,7,0,5,Stable,Urban,0,1,Home Purchase,0
2160,52,43129,770,0.22,2,13,7,7,1,5,Unstable,Suburban,4,1,Child Birth,0
2161,25,75708,799,0.51,1,10,6,2,0,5,Unstable,Urban,2,0,None,0
2162,59,68929,582,0.25,4,13,5,2,1,5,Unstable,Suburban,3,1,None,1
2163,64,28059,633,0.31,1,18,8,8,0,3,Unstable,Urban,4,0,Marriage,0
2164,32,99434,629,0.24,2,18,8,7,1,2,Unstable,Urban,0,0,Child Birth,1
2165,31,41037,807,0.32,2,4,4,3,1,3,Stable,Suburban,4,1,Child Birth,0
2166,35,56685,582,0.1,2,3,6,4,1,4,Unstable,Suburban,3,0,None,1
2167,63,103669,732,0.25,3,16,1,3,0,4,Unstable,Suburban,4,1,None,0
2168,28,20000,772,0.32,4,7,9,4,1,1,Unstable,Urban,3,2,Home Purchase,0
2169,49,20000,716,0.42,3,7,5,5,1,5,Unstable,Rural,4,0,Home Purchase,0
2170,36,71048,827,0.42,5,2,8,1,1,2,Stable,Urban,4,0,Child Birth,1
2171,50,20000,507,0.39,5,16,1,6,0,1,Unstable,Suburban,4,1,None,0
2172,62,20000,760,0.25,1,5,4,5,0,4,Stable,Suburban,0,2,Home Purchase,0
2173,36,89378,681,0.57,1,8,2,5,0,1,Unstable,Suburban,3,2,Child Birth,1
2174,67,49778,549,0.3,1,8,2,9,1,4,Unstable,Rural,3,1,Home Purchase,0
2175,61,114902,591,0.21,3,11,2,3,1,4,Stable,Rural,0,2,Home Purchase,0
2176,48,34130,850,0.38,2,10,2,3,0,3,Stable,Rural,3,1,Marriage,1
2177,40,52037,763,0.47,1,1,8,9,1,1,Unstable,Rural,0,2,Home Purchase,0
2178,37,73515,780,0.11,1,6,6,8,1,4,Unstable,Urban,4,2,Marriage,1
2179,49,71788,795,0.24,5,7,9,9,0,2,Unstable,Suburban,0,2,Child Birth,1
2180,28,53627,564,0.51,2,17,2,8,0,4,Stable,Urban,1,2,Child Birth,0
2181,35,43788,724,0.35,3,16,1,7,0,3,Unstable,Urban,3,1,None,0
2182,56,65784,809,0.3,2,14,8,2,1,1,Unstable,Rural,0,1,Home Purchase,0
2183,31,94422,659,0.57,5,3,3,5,0,4,Unstable,Urban,4,1,Home Purchase,0
2184,35,79070,836,0.14,3,9,3,7,1,5,Stable,Urban,1,1,None,0
2185,52,44188,638,0.41,4,10,8,5,0,5,Unstable,Urban,1,0,Child Birth,1
2186,65,35205,712,0.27,1,3,5,1,1,4,Stable,Rural,0,1,Child Birth,0
2187,47,42680,739,0.14,3,12,8,6,0,1,Stable,Urban,4,1,Marriage,0
2188,69,28156,775,0.21,5,4,2,6,0,3,Stable,Suburban,0,0,Marriage,0
2189,47,63685,671,0.41,2,12,9,6,1,2,Stable,Urban,4,1,Marriage,0
2190,52,80344,801,0.11,3,13,2,3,0,1,Unstable,Urban,1,1,Child Birth,1
2191,67,58216,742,0.4,5,7,9,1,0,3,Unstable,Urban,1,2,Marriage,0
2192,50,102994,536,0.58,3,19,6,7,1,4,Unstable,Suburban,3,2,None,0
2193,49,104385,850,0.5,1,18,5,6,0,2,Stable,Rural,4,1,Marriage,0
2194,53,67693,604,0.27,2,18,7,5,0,1,Stable,Suburban,4,0,Marriage,0
2195,43,77548,850,0.17,2,9,7,3,0,4,Stable,Suburban,3,0,Home Purchase,0
2196,57,37488,684,0.33,3,7,4,6,1,2,Stable,Suburban,4,1,None,1
2197,60,50979,665,0.3,5,7,7,9,1,4,Unstable,Urban,1,1,Home Purchase,1
2198,38,91806,739,0.59,1,13,3,8,0,5,Stable,Suburban,0,0,Home Purchase,0
2199,38,45518,630,0.59,1,6,3,8,1,5,Unstable,Rural,3,2,None,0
2200,59,97184,511,0.31,3,7,7,8,0,3,Unstable,Urban,0,0,Home Purchase,0
2201,54,87814,689,0.17,4,13,1,1,0,2,Unstable,Urban,2,2,Child Birth,0
2202,52,78790,737,0.56,3,6,8,7,1,5,Stable,Urban,4,1,Child Birth,1
2203,41,30682,850,0.5,1,17,2,1,0,4,Stable,Suburban,3,0,Marriage,0
2204,27,52200,580,0.36,2,18,1,7,0,3,Stable,Rural,2,2,None,0
2205,40,76105,758,0.28,3,8,6,2,0,5,Stable,Urban,4,1,Home Purchase,0
2206,54,35356,689,0.32,3,18,4,3,1,3,Stable,Urban,0,2,Marriage,0
2207,53,55248,703,0.55,2,15,7,2,1,2,Unstable,Rural,0,0,Child Birth,1
2208,69,78803,797,0.19,3,1,3,1,0,5,Unstable,Rural,3,1,None,0
2209,39,45795,648,0.5,5,1,2,5,0,5,Unstable,Suburban,0,1,None,0
2210,49,38838,716,0.11,2,7,4,8,0,1,Unstable,Rural,0,1,Marriage,1
2211,62,20000,808,0.56,2,16,4,6,0,1,Unstable,Urban,4,2,Marriage,0
2212,66,50334,802,0.35,2,14,4,4,1,2,Stable,Suburban,0,2,None,0
2213,62,79329,577,0.21,1,12,3,1,1,2,Stable,Rural,0,1,Child Birth,0
2214,47,38177,638,0.1,3,5,7,2,1,1,Unstable,Suburban,3,2,Child Birth,0
2215,49,60446,685,0.38,4,7,5,2,0,5,Unstable,Suburban,2,2,None,0
2216,66,54394,781,0.22,3,12,4,3,0,3,Unstable,Rural,0,1,Home Purchase,0
2217,31,43334,674,0.42,3,19,5,2,0,2,Stable,Urban,2,0,Marriage,0
2218,46,80942,708,0.24,1,5,7,4,0,1,Stable,Rural,3,0,None,0
2219,41,101056,825,0.14,5,7,4,4,1,3,Unstable,Suburban,2,2,Marriage,0
2220,42,85108,666,0.35,5,7,5,5,0,1,Stable,Urban,3,0,Child Birth,1
2221,65,42601,847,0.38,1,13,6,9,0,4,Unstable,Urban,4,1,Home Purchase,0
2222,34,109809,539,0.33,1,17,6,3,0,5,Stable,Rural,4,1,None,0
2223,34,85035,660,0.33,1,5,7,6,0,3,Unstable,Suburban,4,2,Marriage,0
2224,31,48566,563,0.39,3,14,3,4,0,1,Unstable,Urban,0,2,None,0
2225,62,40616,711,0.36,1,11,8,7,0,3,Stable,Suburban,4,1,Home Purchase,0
2226,51,88025,775,0.17,4,19,5,4,0,4,Unstable,Suburban,2,2,Marriage,0
2227,57,64344,683,0.2,2,4,1,7,0,4,Unstable,Urban,2,1,Child Birth,0
2228,25,38730,652,0.17,5,17,4,1,1,5,Unstable,Rural,0,1,Child Birth,1
2229,68,56297,564,0.45,4,17,4,9,0,1,Stable,Urban,0,2,None,0
2230,58,49820,850,0.36,5,3,8,1,0,1,Stable,Urban,1,0,Marriage,0
2231,28,39398,697,0.31,3,14,9,5,1,1,Stable,Rural,2,0,None,0
2232,41,85364,654,0.5,3,6,3,8,0,2,Unstable,Rural,1,0,Child Birth,1
2233,28,79543,850,0.26,1,10,1,8,0,5,Stable,Suburban,0,1,Marriage,0
2234,67,80963,664,0.38,5,17,8,6,0,4,Stable,Suburban,2,0,None,1
2235,50,80616,608,0.14,3,2,9,6,0,5,Stable,Suburban,4,1,Child Birth,0
2236,28,37099,628,0.47,3,12,4,2,0,2,Stable,Suburban,4,0,None,1
2237,25,44907,614,0.45,5,16,5,4,1,1,Unstable,Suburban,0,2,Marriage,0
2238,31,96466,593,0.5,3,16,4,8,0,4,Unstable,Suburban,3,1,Home Purchase,0
2239,54,62700,630,0.54,1,3,4,2,0,1,Stable,Rural,0,2,Home Purchase,0
2240,33,23238,850,0.48,3,18,3,6,0,2,Unstable,Urban,2,1,Home Purchase,1
2241,59,65423,585,0.52,4,7,4,3,1,2,Stable,Suburban,0,2,Child Birth,0
2242,32,76369,550,0.27,4,10,9,7,0,1,Stable,Rural,0,0,Child Birth,0
2243,48,73101,727,0.27,1,8,7,9,0,1,Stable,Urban,4,2,None,0
2244,43,36553,692,0.57,4,18,6,8,0,3,Stable,Suburban,2,1,Child Birth,0
2245,60,107168,766,0.56,3,17,9,8,0,4,Stable,Rural,0,0,None,0
2246,67,22485,644,0.37,4,3,2,9,0,4,Unstable,Rural,4,0,None,0
2247,51,62772,613,0.28,4,8,4,2,0,5,Unstable,Urban,2,2,None,1
2248,56,103413,850,0.53,3,5,9,6,0,5,Stable,Urban,4,2,Child Birth,1
2249,38,74791,538,0.26,5,12,8,9,1,2,Stable,Rural,4,1,None,0
2250,42,80905,736,0.18,1,6,1,2,0,4,Unstable,Suburban,0,2,Home Purchase,0
2251,52,33670,769,0.42,5,10,9,9,1,2,Stable,Suburban,3,1,Home Purchase,0
2252,53,68676,782,0.12,5,10,2,2,0,1,Stable,Rural,0,1,Home Purchase,0
2253,40,59084,669,0.29,4,1,1,9,0,4,Stable,Urban,2,1,Marriage,1
2254,59,31748,575,0.5,2,9,2,1,1,2,Unstable,Rural,4,1,None,0
2255,55,81626,849,0.25,5,18,6,6,1,3,Stable,Suburban,3,0,Child Birth,0
2256,28,39512,655,0.57,3,3,2,6,1,3,Unstable,Rural,2,0,Child Birth,0
2257,61,42476,850,0.58,3,1,1,2,1,4,Unstable,Rural,1,0,None,1
2258,41,70814,736,0.51,3,10,5,7,0,4,Stable,Suburban,4,1,None,0
2259,63,56418,651,0.59,2,3,2,4,1,5,Stable,Rural,2,0,Home Purchase,0
2260,50,64232,739,0.37,2,18,4,4,1,4,Stable,Urban,1,0,Home Purchase,1
2261,63,54887,815,0.38,1,7,8,9,0,5,Unstable,Suburban,3,2,Child Birth,1
2262,65,95326,708,0.52,2,7,6,2,0,3,Stable,Suburban,4,1,Home Purchase,0
2263,28,36874,626,0.35,1,10,8,9,0,3,Stable,Suburban,2,2,Home Purchase,0
2264,54,48379,521,0.3,3,13,5,9,0,3,Unstable,Rural,3,2,Child Birth,0
2265,54,72029,657,0.41,2,4,2,6,0,1,Unstable,Suburban,3,1,None,0
2266,46,35302,780,0.43,4,12,1,7,0,4,Stable,Urban,1,1,None,0
2267,35,34194,598,0.48,4,3,8,4,0,3,Stable,Rural,2,0,Child Birth,1
2268,26,63443,768,0.43,4,16,1,1,0,5,Stable,Rural,3,0,Marriage,0
2269,68,81683,702,0.47,2,11,9,9,0,5,Unstable,Urban,1,0,Home Purchase,1
2270,36,84946,774,0.44,2,3,4,9,1,2,Unstable,Urban,2,2,Home Purchase,0
2271,54,62293,466,0.34,2,8,6,1,1,2,Unstable,Suburban,1,0,None,0
2272,60,43196,557,0.17,4,7,6,4,1,1,Stable,Rural,2,1,None,0
2273,42,66891,653,0.49,3,14,3,7,1,5,Unstable,Suburban,2,2,Child Birth,0
2274,50,74153,850,0.12,5,2,1,3,1,2,Unstable,Rural,4,2,Marriage,0
2275,31,66546,624,0.6,3,10,6,5,0,4,Stable,Rural,2,1,Marriage,0
2276,25,90854,687,0.51,2,3,5,5,0,4,Unstable,Urban,2,2,Home Purchase,0
2277,50,34645,850,0.44,5,11,4,8,0,4,Stable,Suburban,1,1,Home Purchase,0
2278,47,42575,742,0.58,5,19,9,9,1,4,Stable,Rural,3,2,Child Birth,1
2279,50,87383,785,0.41,3,8,4,1,0,2,Stable,Suburban,3,1,Child Birth,0
2280,69,23174,635,0.13,4,5,1,2,0,1,Unstable,Rural,3,1,None,0
2281,30,46515,817,0.38,1,9,6,5,0,2,Unstable,Suburban,3,0,Home Purchase,1
2282,30,41711,833,0.24,4,13,7,1,0,4,Unstable,Rural,0,0,Home Purchase,1
2283,68,20894,750,0.28,4,11,1,6,0,3,Unstable,Suburban,4,2,Marriage,0
2284,32,55321,691,0.33,5,2,9,6,1,4,Unstable,Suburban,0,0,Home Purchase,0
2285,48,78657,755,0.49,2,12,2,3,0,1,Stable,Urban,4,2,Home Purchase,1
2286,46,63908,537,0.35,2,3,7,4,0,5,Unstable,Suburban,1,1,Marriage,1
2287,43,79990,808,0.34,5,15,8,3,0,5,Unstable,Urban,3,0,None,0
2288,61,89798,615,0.25,4,1,8,5,0,4,Stable,Urban,1,1,Marriage,0
2289,42,50359,672,0.37,3,11,1,9,0,1,Stable,Suburban,1,1,Child Birth,0
2290,55,126171,831,0.22,1,10,1,3,0,2,Unstable,Rural,0,2,None,1
2291,61,51364,809,0.23,4,3,4,2,1,1,Stable,Urban,0,1,Home Purchase,1
2292,54,54686,537,0.48,4,14,2,6,1,4,Unstable,Suburban,4,2,Marriage,1
2293,66,42309,605,0.27,1,16,4,1,0,2,Stable,Suburban,1,2,None,0
2294,57,73634,764,0.13,3,9,6,9,1,5,Stable,Suburban,1,1,Child Birth,0
2295,34,52737,526,0.27,1,14,3,3,0,4,Unstable,Rural,4,2,Marriage,0
2296,61,58027,841,0.42,5,1,3,3,1,5,Unstable,Urban,0,0,Home Purchase,1
2297,36,54869,711,0.51,1,1,1,8,1,4,Stable,Urban,3,1,Home Purchase,0
2298,54,54302,841,0.58,1,4,5,6,0,2,Stable,Rural,0,0,Home Purchase,0
2299,51,63957,625,0.47,4,1,7,3,0,1,Stable,Urban,1,1,Child Birth,0
2300,63,48744,634,0.31,4,19,6,6,0,5,Stable,Rural,0,0,None,0
2301,33,49917,803,0.25,2,12,4,6,1,2,Unstable,Suburban,1,1,Child Birth,1
2302,45,86821,670,0.16,1,4,6,3,0,5,Stable,Urban,0,2,Home Purchase,1
2303,36,52661,575,0.41,5,9,3,6,0,3,Unstable,Rural,3,0,Child Birth,1
2304,53,69588,756,0.35,2,7,3,8,0,2,Stable,Urban,3,1,Marriage,1
2305,57,37762,540,0.44,1,14,7,9,0,2,Unstable,Rural,0,0,Marriage,0
2306,67,48882,844,0.22,4,3,9,3,1,1,Stable,Urban,3,1,None,1
2307,39,29185,718,0.26,5,15,1,2,1,1,Stable,Suburban,3,2,Child Birth,0
2308,26,106360,611,0.25,3,11,4,7,0,4,Stable,Urban,3,0,Home Purchase,1
2309,63,94386,814,0.5,2,10,5,8,0,1,Stable,Urban,4,2,Marriage,1
2310,68,74886,816,0.19,4,15,2,9,0,4,Stable,Rural,3,2,Home Purchase,0
2311,42,113777,700,0.4,3,17,3,1,0,1,Stable,Urban,0,1,Home Purchase,0
2312,27,79257,850,0.13,1,19,5,1,0,1,Stable,Urban,2,1,Child Birth,1
2313,31,55700,850,0.37,5,11,8,1,1,4,Stable,Rural,0,2,Home Purchase,0
2314,67,69312,732,0.13,4,16,3,4,0,3,Stable,Rural,3,1,None,0
2315,42,94019,806,0.19,4,4,3,3,0,2,Stable,Urban,0,2,Child Birth,1
2316,68,37992,830,0.16,5,7,6,7,1,4,Stable,Rural,4,0,Child Birth,1
2317,62,30679,586,0.27,4,11,8,6,1,3,Unstable,Rural,0,0,Marriage,0
2318,61,70151,728,0.27,4,17,1,3,0,1,Unstable,Rural,3,1,Home Purchase,0
2319,57,45328,631,0.51,1,19,7,3,0,4,Stable,Suburban,1,0,Home Purchase,0
2320,68,20000,617,0.21,2,10,7,5,0,3,Unstable,Rural,3,2,None,1
2321,55,28926,712,0.14,3,15,3,4,0,3,Unstable,Rural,0,1,Child Birth,0
2322,35,52214,719,0.4,5,6,3,9,1,2,Unstable,Urban,2,0,Marriage,0
2323,28,61204,538,0.44,3,13,9,1,1,1,Unstable,Rural,0,1,None,0
2324,42,61949,734,0.25,5,3,1,1,0,5,Stable,Rural,2,1,Marriage,0
2325,28,110129,674,0.4,5,8,1,5,0,3,Stable,Rural,1,2,Home Purchase,0
2326,58,54809,839,0.49,4,7,2,8,0,4,Unstable,Rural,4,2,Child Birth,0
2327,53,66953,816,0.27,1,5,6,4,0,1,Stable,Suburban,0,1,Child Birth,0
2328,48,20000,614,0.36,5,18,8,9,0,5,Stable,Rural,2,2,Child Birth,1
2329,46,59221,831,0.17,3,16,1,7,1,5,Stable,Urban,1,2,Marriage,1
2330,26,68354,753,0.11,2,9,1,3,0,5,Unstable,Suburban,3,1,Child Birth,0
2331,68,25618,678,0.59,3,11,2,6,1,3,Stable,Suburban,4,2,Child Birth,1
2332,30,36650,648,0.25,1,19,7,6,1,2,Stable,Rural,1,0,Marriage,1
2333,66,72229,585,0.24,2,14,4,5,1,5,Stable,Urban,0,0,Home Purchase,1
2334,49,46341,578,0.59,4,7,1,8,1,5,Stable,Suburban,3,1,Marriage,1
2335,45,57436,517,0.46,3,12,8,1,0,4,Stable,Rural,0,0,Child Birth,0
2336,40,73519,702,0.39,3,19,4,4,1,5,Unstable,Rural,4,0,Marriage,0
2337,55,110921,493,0.45,5,8,7,7,0,1,Unstable,Rural,3,0,Marriage,0
2338,38,54455,613,0.45,5,5,8,6,1,2,Stable,Urban,1,2,Marriage,0
2339,63,104229,765,0.48,2,6,1,7,1,2,Unstable,Suburban,3,2,None,1
2340,52,20000,849,0.13,4,11,2,3,1,5,Stable,Suburban,3,2,Home Purchase,0
2341,56,63709,585,0.31,5,3,2,3,1,3,Stable,Rural,0,1,Marriage,0
2342,52,51647,760,0.25,3,11,5,1,0,3,Stable,Rural,2,1,None,1
2343,33,46688,669,0.14,2,12,5,7,1,5,Stable,Suburban,4,1,None,0
2344,69,76451,648,0.31,5,1,6,4,0,5,Unstable,Rural,3,2,None,0
2345,46,54634,715,0.41,5,4,2,9,0,3,Unstable,Rural,3,0,Child Birth,0
2346,56,20000,634,0.19,1,1,8,5,1,5,Stable,Urban,3,0,None,1
2347,29,20290,691,0.25,2,6,1,5,0,4,Stable,Suburban,0,2,None,0
2348,47,78050,707,0.42,2,2,9,9,0,4,Stable,Urban,3,1,Home Purchase,0
2349,29,20000,816,0.39,4,13,5,1,1,5,Unstable,Rural,3,1,Child Birth,0
2350,66,78720,837,0.53,5,16,8,6,0,3,Unstable,Rural,1,1,Child Birth,0
2351,56,63119,640,0.5,2,11,8,8,0,4,Stable,Suburban,4,0,Home Purchase,0
2352,34,55742,673,0.58,4,14,2,1,0,3,Stable,Urban,3,2,None,0
2353,63,57963,780,0.4,5,6,9,9,1,5,Stable,Rural,3,2,Child Birth,0
2354,39,72868,681,0.45,3,16,6,8,1,5,Unstable,Suburban,3,0,None,1
2355,31,30562,771,0.53,1,17,3,6,0,5,Unstable,Rural,0,0,Child Birth,0
2356,53,61057,790,0.52,4,10,1,9,0,4,Stable,Urban,2,0,Marriage,1
2357,27,31512,801,0.46,1,13,9,3,1,2,Stable,Urban,0,2,Home Purchase,0
2358,43,64091,708,0.35,3,13,3,4,0,2,Unstable,Suburban,2,1,Child Birth,0
2359,34,76161,583,0.24,2,2,1,3,0,2,Stable,Suburban,3,1,Child Birth,0
2360,52,64148,683,0.54,5,1,5,5,0,4,Stable,Rural,1,1,None,0
2361,53,75215,649,0.49,2,1,8,1,1,3,Stable,Urban,0,1,None,0
2362,39,42499,777,0.52,1,7,7,1,0,2,Unstable,Rural,2,1,None,0
2363,59,58445,850,0.17,2,13,5,2,1,2,Unstable,Urban,3,0,Home Purchase,0
2364,30,54050,850,0.26,2,17,2,1,0,1,Stable,Urban,2,0,Marriage,0
2365,36,52414,788,0.31,4,9,2,3,0,5,Stable,Rural,3,0,Marriage,1
2366,62,39983,606,0.52,4,13,3,2,0,2,Unstable,Rural,0,0,Marriage,1
2367,37,49204,840,0.55,3,16,6,7,0,2,Stable,Rural,0,1,None,1
2368,53,32182,742,0.24,4,5,4,8,1,3,Stable,Urban,2,2,Home Purchase,0
2369,43,20000,617,0.44,4,7,9,2,1,5,Stable,Urban,3,0,None,0
2370,27,42482,786,0.14,4,1,3,4,0,4,Stable,Suburban,0,0,Child Birth,0
2371,32,75648,677,0.3,4,8,6,8,0,4,Unstable,Urban,4,0,None,0
2372,32,65851,505,0.34,3,6,4,1,0,1,Unstable,Suburban,0,1,Home Purchase,0
2373,44,28584,601,0.48,4,12,1,8,0,3,Unstable,Urban,3,0,Child Birth,0
2374,28,49849,693,0.55,4,2,1,8,0,3,Stable,Suburban,4,1,Home Purchase,0
2375,45,77311,689,0.27,1,1,8,2,0,5,Unstable,Urban,0,1,Home Purchase,0
2376,27,48787,593,0.36,4,15,3,3,0,3,Unstable,Rural,3,2,Marriage,0
2377,69,24555,775,0.42,3,17,2,9,0,1,Stable,Rural,2,0,Child Birth,0
2378,32,116440,751,0.26,3,3,1,5,1,5,Unstable,Rural,2,0,Marriage,0
2379,47,55826,556,0.59,2,6,8,7,1,3,Stable,Suburban,0,0,None,0
2380,40,30910,850,0.54,4,16,9,5,1,3,Stable,Suburban,3,2,Marriage,1
2381,37,64281,578,0.25,5,10,1,2,1,2,Stable,Rural,3,2,Home Purchase,0
2382,27,57859,654,0.35,2,13,8,2,0,2,Unstable,Rural,3,1,Home Purchase,0
2383,33,21463,737,0.22,3,8,1,1,0,1,Unstable,Urban,3,2,Home Purchase,0
2384,38,62334,654,0.36,2,17,2,6,0,2,Stable,Suburban,2,2,Marriage,0
2385,37,84593,845,0.44,5,7,1,7,0,3,Unstable,Suburban,4,0,Home Purchase,0
2386,31,54177,682,0.14,1,5,2,5,0,2,Unstable,Suburban,2,0,Home Purchase,1
2387,39,20000,607,0.54,5,8,2,3,1,3,Stable,Urban,2,2,Child Birth,0
2388,31,68548,761,0.4,2,1,5,9,0,5,Stable,Suburban,0,2,Home Purchase,1
2389,62,75072,410,0.59,4,2,3,8,1,2,Stable,Suburban,2,0,Home Purchase,0
2390,58,45339,753,0.11,1,4,1,2,0,1,Unstable,Rural,2,2,Child Birth,1
2391,65,45523,828,0.52,5,1,2,3,0,4,Unstable,Rural,1,1,Marriage,0
2392,46,116446,469,0.5,4,10,4,7,0,3,Unstable,Suburban,0,2,Child Birth,0
2393,48,43544,659,0.17,5,3,7,9,0,1,Stable,Rural,4,0,Child Birth,0
2394,61,31952,535,0.27,3,2,1,2,1,3,Unstable,Urban,0,2,Home Purchase,0
2395,68,60627,701,0.54,4,7,5,7,0,3,Stable,Rural,0,0,Child Birth,0
2396,25,74371,850,0.36,3,2,2,8,1,5,Unstable,Suburban,1,2,None,0
2397,34,73310,722,0.3,1,6,8,6,1,3,Stable,Suburban,1,2,None,0
2398,67,20000,678,0.55,1,8,2,6,1,4,Unstable,Rural,2,2,None,0
2399,40,43481,417,0.15,1,3,4,8,1,4,Stable,Rural,3,1,None,0
2400,32,88822,589,0.34,1,19,6,3,0,4,Unstable,Rural,3,2,None,0
2401,49,68167,686,0.43,3,9,9,8,1,1,Stable,Rural,2,1,Home Purchase,1
2402,36,29105,709,0.4,3,1,4,1,0,5,Unstable,Suburban,4,1,Child Birth,0
2403,49,91060,734,0.23,2,8,4,2,0,1,Unstable,Rural,4,1,Home Purchase,1
2404,41,84122,776,0.38,2,6,7,6,0,1,Unstable,Suburban,1,2,Child Birth,0
2405,50,52584,609,0.45,3,2,1,2,0,4,Stable,Suburban,2,2,Home Purchase,0
2406,38,81986,704,0.39,1,14,5,2,0,1,Stable,Suburban,0,1,Home Purchase,1
2407,65,109993,650,0.44,2,1,5,3,0,3,Stable,Rural,0,0,None,0
2408,60,33640,606,0.23,4,7,1,3,0,2,Stable,Rural,0,0,None,1
2409,47,73886,612,0.52,3,11,6,4,0,3,Unstable,Suburban,4,1,Marriage,0
2410,67,109648,754,0.32,4,16,9,9,0,1,Stable,Rural,1,2,Child Birth,1
2411,30,76325,443,0.59,1,2,7,9,0,5,Unstable,Rural,3,2,Child Birth,0
2412,29,41140,514,0.11,3,18,2,2,0,3,Stable,Rural,0,2,Child Birth,0
2413,67,65972,850,0.29,2,19,4,2,0,1,Unstable,Rural,2,0,Child Birth,0
2414,49,94247,633,0.19,2,10,8,6,0,5,Unstable,Rural,4,1,Child Birth,1
2415,42,34605,846,0.38,4,4,1,5,0,4,Stable,Urban,1,2,Home Purchase,1
2416,37,59247,693,0.22,3,3,6,5,0,2,Unstable,Urban,2,0,Marriage,0
2417,67,53912,643,0.47,1,13,3,7,1,1,Unstable,Urban,0,1,Marriage,0
2418,38,44214,765,0.54,5,6,3,9,0,3,Unstable,Rural,2,2,Marriage,0
2419,52,66038,708,0.21,5,10,1,1,0,2,Unstable,Rural,4,2,Home Purchase,0
2420,42,57482,682,0.18,1,8,8,5,0,4,Unstable,Urban,1,2,Home Purchase,1
2421,52,76083,695,0.54,2,10,5,5,1,4,Unstable,Urban,1,0,Child Birth,0
2422,51,88524,739,0.28,5,2,1,5,0,2,Stable,Urban,2,0,Child Birth,1
2423,56,28179,631,0.32,1,15,5,9,0,1,Unstable,Suburban,2,2,Marriage,1
2424,33,61688,651,0.21,4,1,5,6,0,1,Stable,Rural,0,0,Home Purchase,0
2425,64,58671,602,0.31,2,11,9,8,0,5,Unstable,Suburban,2,0,None,0
2426,56,65085,579,0.22,1,1,3,8,1,5,Unstable,Urban,3,1,None,0
2427,44,59613,850,0.43,4,16,9,6,1,1,Unstable,Suburban,1,2,Child Birth,0
2428,52,35483,609,0.35,3,12,8,6,1,3,Stable,Urban,1,1,None,0
2429,57,96368,799,0.49,5,12,2,8,0,4,Stable,Suburban,3,0,Home Purchase,1
2430,28,107019,664,0.26,5,19,9,1,0,5,Unstable,Rural,1,0,Home Purchase,1
2431,58,73672,754,0.35,5,13,5,9,0,2,Stable,Suburban,0,0,Marriage,1
2432,27,74952,699,0.23,1,8,8,9,0,2,Stable,Rural,3,2,None,0
2433,50,63276,520,0.57,3,2,8,8,0,1,Unstable,Urban,4,1,Child Birth,0
2434,32,84230,702,0.36,1,19,4,4,0,2,Stable,Suburban,2,0,Home Purchase,1
2435,30,20000,760,0.19,1,14,1,1,0,2,Unstable,Rural,3,2,None,0
2436,40,59903,604,0.24,3,1,9,2,0,1,Unstable,Rural,0,2,Home Purchase,0
2437,48,45684,850,0.14,4,9,6,1,1,3,Unstable,Rural,3,2,Home Purchase,0
2438,63,63645,781,0.11,2,19,2,3,0,1,Stable,Suburban,1,1,Marriage,0
2439,54,87315,782,0.36,5,14,4,9,1,4,Unstable,Urban,1,2,None,1
2440,69,60475,792,0.27,3,4,5,6,0,5,Stable,Rural,1,2,Home Purchase,0
2441,37,50987,466,0.58,4,2,6,5,0,3,Stable,Rural,1,2,Home Purchase,0
2442,29,24918,770,0.19,3,10,5,8,1,3,Stable,Suburban,0,2,Home Purchase,1
2443,49,57268,850,0.5,2,15,9,3,0,2,Unstable,Rural,2,1,Child Birth,0
2444,44,76806,775,0.26,3,1,2,3,0,5,Stable,Rural,1,1,Home Purchase,1
2445,42,38972,673,0.21,3,11,3,5,0,5,Unstable,Suburban,0,0,Home Purchase,0
2446,42,20000,588,0.58,4,16,3,1,0,3,Unstable,Urban,0,1,Child Birth,0
2447,26,116856,578,0.5,5,13,3,7,0,4,Unstable,Suburban,0,0,None,1
2448,34,68379,566,0.42,5,8,6,3,0,4,Stable,Suburban,4,0,Home Purchase,1
2449,69,54460,659,0.45,4,9,8,2,0,2,Stable,Suburban,4,2,None,1
2450,36,94774,593,0.6,4,15,5,7,0,2,Stable,Suburban,3,0,Home Purchase,0
2451,37,63536,684,0.4,1,5,6,1,0,4,Stable,Rural,0,0,Child Birth,0
2452,35,93300,720,0.15,1,18,1,1,1,5,Unstable,Urban,4,1,None,0
2453,43,91159,528,0.13,2,2,3,9,1,4,Unstable,Rural,4,1,Child Birth,0
2454,59,28136,623,0.43,1,5,4,7,1,3,Unstable,Urban,3,0,Child Birth,0
2455,63,71499,642,0.43,1,16,7,3,0,1,Stable,Rural,1,2,Marriage,0
2456,50,103132,639,0.47,3,16,5,5,1,1,Stable,Rural,2,2,Home Purchase,0
2457,38,35033,701,0.15,3,4,1,2,0,1,Unstable,Suburban,2,2,Home Purchase,0
2458,69,35340,712,0.57,4,11,3,5,1,5,Stable,Suburban,0,0,None,1
2459,68,39569,657,0.38,5,16,2,9,1,4,Stable,Rural,3,1,Home Purchase,0
2460,48,82260,632,0.42,2,12,6,5,1,3,Stable,Suburban,4,1,Child Birth,1
2461,65,67109,697,0.12,1,6,5,1,0,3,Unstable,Urban,0,0,Home Purchase,0
2462,25,20000,844,0.58,3,16,3,8,0,2,Stable,Suburban,1,1,Child Birth,0
2463,67,68523,554,0.38,5,19,2,6,0,5,Unstable,Rural,2,1,Marriage,0
2464,46,53702,813,0.38,1,11,1,2,1,3,Stable,Rural,0,2,Child Birth,1
2465,47,57193,536,0.57,5,12,2,6,0,2,Unstable,Rural,4,1,Child Birth,0
2466,43,39074,736,0.56,3,4,5,9,0,5,Unstable,Rural,1,0,None,0
2467,42,68706,804,0.21,4,13,5,3,0,3,Unstable,Urban,3,2,Child Birth,1
2468,36,86261,567,0.57,1,2,9,5,0,4,Unstable,Rural,2,1,Marriage,0
2469,52,43950,735,0.47,1,19,6,7,0,3,Stable,Suburban,2,2,None,0
2470,52,20000,595,0.11,2,11,3,2,0,5,Stable,Rural,2,2,Marriage,0
2471,57,52422,817,0.22,1,1,3,1,1,2,Unstable,Rural,4,0,None,0
2472,43,78907,539,0.31,3,9,3,5,0,5,Unstable,Suburban,0,2,Home Purchase,0
2473,52,49474,610,0.39,5,10,8,4,0,1,Unstable,Urban,4,2,Marriage,1
2474,61,22561,713,0.45,5,3,9,9,0,3,Unstable,Suburban,2,0,Child Birth,0
2475,50,79081,771,0.21,4,8,3,4,0,1,Unstable,Urban,0,2,None,0
2476,59,95383,709,0.52,4,16,1,7,1,4,Unstable,Rural,4,0,Child Birth,0
2477,58,60500,749,0.52,3,4,8,5,0,2,Unstable,Urban,2,2,Home Purchase,0
2478,59,20000,645,0.42,5,11,2,5,0,4,Stable,Rural,2,2,Marriage,1
2479,64,52054,590,0.56,4,8,7,6,0,5,Stable,Urban,3,2,Home Purchase,0
2480,40,63788,846,0.51,4,7,7,8,1,3,Stable,Rural,4,2,Home Purchase,1
2481,62,39757,749,0.21,2,15,9,4,0,2,Unstable,Suburban,3,1,Home Purchase,0
2482,37,74584,651,0.5,2,8,8,9,0,1,Unstable,Rural,0,1,Child Birth,0
2483,47,37313,534,0.58,3,10,9,6,0,1,Stable,Rural,3,0,Marriage,1
2484,46,60640,822,0.17,3,19,1,8,1,5,Stable,Rural,2,2,None,0
2485,40,54291,826,0.59,3,5,3,4,0,1,Stable,Rural,1,2,None,0
2486,52,75396,678,0.11,3,3,4,9,0,5,Unstable,Urban,0,2,None,0
2487,59,59643,633,0.36,5,7,3,9,0,2,Unstable,Urban,4,1,None,1
2488,69,55087,674,0.49,1,6,8,1,1,4,Unstable,Suburban,3,1,Child Birth,0
2489,32,39928,678,0.5,3,17,7,1,0,3,Unstable,Urban,4,2,Child Birth,0
2490,68,60869,776,0.47,2,10,5,7,0,4,Stable,Suburban,1,1,Child Birth,0
2491,46,53494,586,0.36,1,15,5,3,1,4,Unstable,Rural,0,2,Child Birth,0
2492,45,38236,641,0.43,1,2,4,7,1,3,Stable,Urban,2,0,Child Birth,0
2493,50,63987,681,0.45,5,1,5,1,0,2,Stable,Suburban,3,0,Home Purchase,1
2494,64,69099,725,0.35,4,12,5,1,0,5,Stable,Rural,3,1,None,0
2495,45,51539,786,0.4,1,13,4,7,1,1,Unstable,Suburban,0,2,Marriage,0
2496,49,83289,731,0.52,5,12,5,4,0,3,Unstable,Suburban,1,0,None,0
2497,65,66599,850,0.26,5,12,7,2,0,4,Stable,Suburban,0,0,None,0
2498,25,27903,600,0.36,5,7,9,5,0,3,Unstable,Urban,3,1,Child Birth,0
2499,30,93434,846,0.1,3,7,7,5,0,2,Unstable,Urban,2,2,Home Purchase,1
2500,47,79174,604,0.44,4,6,1,4,0,3,Unstable,Suburban,3,2,None,0
2501,47,85045,660,0.2,3,13,9,9,1,1,Stable,Suburban,1,0,Home Purchase,0
2502,67,70012,738,0.34,2,9,3,2,0,4,Unstable,Suburban,4,0,Home Purchase,1
2503,67,20000,817,0.21,4,16,2,4,0,1,Stable,Suburban,4,2,Child Birth,0
2504,47,87315,660,0.11,3,2,9,2,1,1,Stable,Suburban,0,0,Child Birth,1
2505,56,61519,739,0.34,4,11,2,4,0,1,Unstable,Urban,3,1,Child Birth,1
2506,54,68830,668,0.31,2,3,9,6,0,1,Unstable,Suburban,1,0,Marriage,0
2507,37,73509,470,0.31,3,9,5,5,1,3,Stable,Suburban,1,2,Home Purchase,0
2508,67,108406,696,0.2,4,12,6,6,0,3,Unstable,Suburban,4,0,Home Purchase,0
2509,42,46344,575,0.57,2,2,7,2,0,4,Stable,Suburban,4,0,None,0
2510,47,46989,827,0.1,5,19,7,1,0,5,Stable,Rural,0,0,Home Purchase,0
2511,39,38724,827,0.55,4,6,4,5,0,5,Unstable,Suburban,0,2,None,0
2512,57,33251,616,0.47,2,18,4,3,1,1,Unstable,Rural,1,2,None,0
2513,45,33711,601,0.19,5,13,5,3,0,2,Unstable,Rural,0,2,None,0
2514,63,20000,637,0.34,2,14,9,5,0,1,Unstable,Suburban,2,0,None,0
2515,47,70666,753,0.59,1,8,1,3,1,2,Unstable,Suburban,3,0,Child Birth,0
2516,51,109695,753,0.42,2,9,8,6,1,2,Stable,Rural,2,0,Child Birth,0
2517,69,111289,850,0.16,3,13,8,7,0,1,Stable,Suburban,0,2,Marriage,1
2518,68,38690,669,0.33,3,17,7,6,1,4,Unstable,Rural,2,2,Child Birth,0
2519,42,53196,709,0.33,3,6,6,8,0,2,Unstable,Rural,0,0,Marriage,1
2520,48,90833,850,0.5,3,10,3,4,0,1,Stable,Urban,4,1,Child Birth,1
2521,64,70808,728,0.56,1,11,8,6,0,1,Unstable,Suburban,3,1,None,0
2522,66,63362,591,0.14,1,10,7,3,0,1,Unstable,Rural,3,1,Marriage,0
2523,31,53581,734,0.26,1,6,8,7,1,2,Stable,Rural,1,2,Child Birth,0
2524,44,89457,770,0.25,5,6,2,6,1,3,Unstable,Suburban,0,2,Marriage,0
2525,51,33173,665,0.6,4,15,8,6,0,2,Stable,Rural,0,2,Home Purchase,0
2526,30,72021,779,0.38,3,7,7,3,0,3,Stable,Suburban,4,1,Marriage,0
2527,51,68623,770,0.54,4,12,6,1,0,3,Stable,Urban,4,0,None,1
2528,33,61084,654,0.31,3,9,9,2,0,4,Stable,Suburban,0,1,Home Purchase,0
2529,69,79693,850,0.46,3,1,8,3,0,5,Stable,Urban,4,0,None,1
2530,55,60843,621,0.24,3,16,5,1,0,1,Stable,Suburban,3,0,Marriage,0
2531,45,46636,743,0.56,1,18,5,8,0,1,Unstable,Urban,3,2,Child Birth,1
2532,50,62312,639,0.33,5,7,9,9,0,2,Stable,Rural,0,1,Child Birth,0
2533,64,20197,530,0.5,3,18,8,7,0,5,Stable,Urban,1,1,Home Purchase,0
2534,69,75317,735,0.23,3,8,4,7,0,4,Stable,Suburban,3,1,Marriage,0
2535,37,81705,850,0.45,3,15,9,3,0,1,Stable,Rural,3,2,Child Birth,0
2536,47,43584,694,0.3,2,6,6,9,0,2,Stable,Rural,0,2,Home Purchase,0
2537,44,37637,550,0.12,3,12,5,9,0,4,Unstable,Suburban,3,0,Marriage,0
2538,61,44506,722,0.31,1,15,7,5,0,5,Unstable,Suburban,3,2,None,0
2539,52,58424,618,0.38,1,15,9,7,0,2,Stable,Rural,0,2,Child Birth,0
2540,41,65397,805,0.18,4,10,1,1,0,4,Unstable,Rural,3,0,Marriage,0
2541,52,100387,677,0.19,1,9,9,6,1,5,Stable,Suburban,0,0,Home Purchase,0
2542,65,97227,522,0.33,4,14,5,1,0,1,Unstable,Rural,1,2,Marriage,1
2543,26,80788,750,0.27,5,14,9,6,1,5,Unstable,Rural,4,2,Child Birth,1
2544,49,63031,720,0.32,2,17,5,6,1,2,Stable,Suburban,0,1,Home Purchase,1
2545,65,36826,670,0.33,1,11,7,7,1,1,Unstable,Urban,3,0,Home Purchase,0
2546,30,101990,596,0.17,3,6,7,7,1,3,Unstable,Suburban,2,0,Marriage,0
2547,35,53808,850,0.19,5,12,9,3,0,2,Unstable,Rural,4,2,Home Purchase,1
2548,62,67034,654,0.52,3,17,5,7,1,3,Stable,Rural,1,1,Marriage,0
2549,30,75683,789,0.18,4,5,7,2,1,5,Unstable,Rural,4,2,Home Purchase,0
2550,69,61539,653,0.43,4,6,5,2,0,4,Unstable,Rural,0,2,Child Birth,0
2551,35,88777,768,0.31,2,3,4,1,1,1,Stable,Rural,3,1,Marriage,0
2552,38,71384,705,0.58,5,1,1,2,0,2,Stable,Rural,3,1,Child Birth,1
2553,26,84715,702,0.13,4,18,5,2,0,1,Unstable,Urban,1,0,Marriage,0
2554,64,71183,617,0.52,3,14,4,9,1,5,Stable,Rural,4,2,Marriage,0
2555,27,59052,752,0.35,1,12,1,3,1,5,Stable,Suburban,1,1,Marriage,0
2556,59,61854,840,0.1,1,12,1,1,0,4,Unstable,Urban,0,1,Marriage,0
2557,57,58443,596,0.23,5,11,5,2,0,4,Stable,Rural,4,2,Marriage,0
2558,48,27892,616,0.3,5,19,9,8,0,2,Stable,Suburban,3,2,Child Birth,0
2559,43,34979,850,0.26,4,3,1,2,1,1,Stable,Urban,1,2,Marriage,0
2560,42,78513,599,0.28,1,2,8,4,0,2,Unstable,Suburban,4,2,Child Birth,0
2561,48,28515,644,0.56,2,7,9,9,1,3,Stable,Rural,2,2,None,0
2562,69,49894,838,0.28,2,12,4,9,0,5,Stable,Suburban,0,1,Home Purchase,0
2563,59,33747,841,0.31,2,19,8,7,0,3,Unstable,Urban,4,0,Child Birth,1
2564,25,48557,457,0.48,2,13,1,1,1,3,Unstable,Suburban,0,0,None,1
2565,60,56118,776,0.5,4,19,4,5,0,1,Unstable,Suburban,3,0,Marriage,1
2566,49,49844,680,0.14,3,4,2,5,1,3,Stable,Rural,2,1,Home Purchase,0
2567,69,24290,685,0.45,2,12,4,2,1,3,Unstable,Suburban,1,0,Home Purchase,1
2568,67,55361,816,0.34,4,4,2,7,0,4,Stable,Urban,3,2,Child Birth,0
2569,58,36027,665,0.17,2,13,3,1,1,2,Unstable,Urban,1,2,Home Purchase,0
2570,49,44086,648,0.23,2,7,1,1,0,4,Unstable,Rural,0,2,Child Birth,0
2571,40,78513,667,0.12,3,6,3,1,0,1,Stable,Rural,3,0,None,0
2572,58,83884,665,0.28,2,12,7,7,0,2,Unstable,Suburban,0,2,Home Purchase,0
2573,53,27225,734,0.23,4,12,8,4,1,2,Unstable,Urban,0,1,Home Purchase,1
2574,43,99216,832,0.29,4,16,6,4,0,5,Stable,Rural,4,2,None,0
2575,47,47247,742,0.39,1,13,1,9,0,5,Unstable,Urban,4,0,None,1
2576,43,44974,698,0.47,5,17,7,4,0,3,Unstable,Suburban,3,0,Home Purchase,1
2577,49,37708,754,0.4,2,8,3,8,1,2,Stable,Rural,1,2,None,1
2578,40,61397,778,0.44,2,1,9,1,0,2,Unstable,Urban,1,0,Marriage,0
2579,33,109538,757,0.53,4,12,2,3,0,5,Stable,Urban,1,0,None,1
2580,25,21508,633,0.54,2,7,9,1,1,3,Unstable,Urban,2,1,Child Birth,0
2581,66,20000,742,0.53,4,12,2,1,0,5,Stable,Suburban,2,2,Home Purchase,1
2582,43,66712,488,0.18,1,19,2,3,0,2,Unstable,Urban,2,1,Child Birth,1
2583,57,74233,850,0.23,2,13,4,4,0,1,Stable,Rural,2,0,Home Purchase,0
2584,58,61316,850,0.35,1,10,2,6,0,5,Stable,Suburban,1,1,None,1
2585,40,74894,788,0.28,1,2,7,3,1,4,Unstable,Suburban,0,2,Home Purchase,0
2586,68,31718,824,0.17,5,3,3,8,0,5,Stable,Rural,4,0,None,0
2587,64,36378,692,0.24,4,12,4,8,0,2,Unstable,Rural,1,1,Marriage,0
2588,42,63098,624,0.59,1,5,1,3,0,3,Stable,Suburban,4,1,Home Purchase,0
2589,58,103951,574,0.27,4,5,4,3,0,2,Stable,Urban,1,0,Child Birth,0
2590,49,74017,800,0.31,5,5,4,6,0,3,Unstable,Suburban,0,0,None,1
2591,69,75180,624,0.1,4,7,4,1,1,2,Unstable,Rural,1,1,Home Purchase,0
2592,30,33158,662,0.46,5,8,9,1,1,4,Unstable,Suburban,4,1,Marriage,0
2593,45,70560,722,0.31,2,19,3,5,0,4,Stable,Rural,1,0,Home Purchase,0
2594,30,30446,696,0.15,5,16,7,7,1,3,Stable,Suburban,2,1,None,0
2595,56,104193,726,0.58,5,10,4,1,0,4,Unstable,Rural,3,0,Marriage,0
2596,65,34701,519,0.49,5,13,1,2,0,1,Stable,Suburban,3,2,Marriage,0
2597,67,40087,676,0.46,3,2,3,9,0,1,Unstable,Urban,1,0,Home Purchase,0
2598,63,23173,782,0.58,1,4,9,1,1,4,Stable,Rural,1,1,Marriage,1
2599,55,62145,656,0.3,4,2,6,3,0,5,Unstable,Rural,1,1,Child Birth,1
2600,66,61094,613,0.46,4,3,8,8,0,4,Stable,Urban,3,1,Marriage,0
2601,34,97831,795,0.2,3,10,9,2,1,3,Unstable,Urban,4,0,None,0
2602,54,79410,657,0.45,2,11,8,7,1,4,Unstable,Urban,2,2,Marriage,0
2603,42,40230,718,0.11,1,3,5,2,0,4,Stable,Urban,2,0,Home Purchase,0
2604,48,81834,678,0.16,1,5,6,3,0,3,Stable,Urban,1,0,Marriage,0
2605,33,28912,699,0.31,1,6,2,9,0,1,Unstable,Urban,3,1,Home Purchase,0
2606,55,42041,850,0.11,1,13,9,4,0,5,Unstable,Suburban,4,1,Marriage,0
2607,39,62961,757,0.33,3,5,6,7,0,2,Unstable,Suburban,3,2,Marriage,1
2608,28,31702,577,0.36,4,3,8,6,0,5,Stable,Suburban,2,2,Home Purchase,0
2609,64,86616,662,0.41,2,12,7,7,0,2,Stable,Rural,2,1,Marriage,0
2610,33,116982,658,0.15,2,3,2,7,0,4,Stable,Rural,0,1,Home Purchase,1
2611,69,52636,721,0.19,2,19,2,2,1,1,Unstable,Urban,3,2,None,0
2612,33,43707,790,0.41,3,15,5,1,1,4,Stable,Rural,3,2,Home Purchase,0
2613,50,56760,703,0.43,3,10,3,6,0,2,Stable,Suburban,2,1,Child Birth,0
2614,28,46065,700,0.11,5,6,1,7,0,1,Stable,Suburban,1,0,Child Birth,0
2615,41,66543,476,0.37,3,16,3,2,1,2,Unstable,Rural,3,2,Marriage,0
2616,40,26939,832,0.49,1,15,7,2,0,4,Unstable,Suburban,1,1,Home Purchase,1
2617,39,67962,683,0.13,4,2,9,9,0,2,Unstable,Suburban,0,1,Marriage,0
2618,59,107798,725,0.31,2,17,4,5,0,1,Unstable,Rural,2,1,Marriage,0
2619,29,20000,725,0.26,3,16,8,7,0,5,Unstable,Suburban,3,2,None,1
2620,29,30783,623,0.56,4,3,6,1,1,4,Stable,Suburban,1,0,Child Birth,1
2621,44,48873,675,0.19,1,19,4,4,0,2,Stable,Rural,3,0,Child Birth,0
2622,39,73547,622,0.26,3,4,3,2,1,2,Stable,Rural,2,0,Marriage,0
2623,42,82259,838,0.55,3,5,5,5,1,5,Stable,Rural,0,2,Child Birth,1
2624,26,80248,477,0.27,4,13,3,1,0,1,Stable,Urban,0,2,Marriage,0
2625,53,20000,604,0.37,1,2,8,7,1,3,Unstable,Suburban,4,1,Child Birth,0
2626,37,43141,667,0.12,3,12,6,2,1,3,Unstable,Suburban,2,2,Marriage,1
2627,28,37492,849,0.59,4,17,6,3,1,3,Stable,Suburban,3,2,Marriage,0
2628,66,58370,770,0.51,1,10,7,5,0,4,Unstable,Rural,0,1,Home Purchase,1
2629,69,60457,536,0.42,3,9,7,9,0,3,Unstable,Suburban,3,2,None,0
2630,34,25769,688,0.13,3,9,8,4,0,3,Unstable,Urban,2,2,Home Purchase,0
2631,55,49011,772,0.14,2,17,5,8,0,5,Unstable,Suburban,2,1,None,0
2632,65,74512,850,0.37,5,9,5,8,1,3,Stable,Suburban,1,0,Home Purchase,0
2633,32,44291,666,0.24,1,14,6,4,1,2,Unstable,Suburban,1,0,Home Purchase,0
2634,27,54994,581,0.41,4,17,4,4,1,5,Unstable,Rural,2,0,Home Purchase,0
2635,33,102422,732,0.4,2,17,2,2,1,2,Unstable,Rural,1,0,Child Birth,0
2636,54,109750,695,0.52,3,2,2,8,0,4,Unstable,Rural,0,1,Home Purchase,0
2637,35,20000,746,0.24,4,15,2,1,0,5,Stable,Rural,1,0,Home Purchase,0
2638,59,62847,769,0.39,2,11,2,5,0,2,Stable,Rural,1,0,Marriage,0
2639,61,132925,731,0.49,2,5,5,8,0,2,Stable,Urban,0,0,Marriage,0
2640,66,71971,752,0.35,5,9,2,6,1,1,Stable,Suburban,4,2,Home Purchase,1
2641,37,60462,850,0.52,2,9,7,4,0,1,Unstable,Urban,0,1,None,0
2642,60,92817,670,0.17,1,14,4,9,0,1,Unstable,Rural,3,2,Child Birth,1
2643,37,65452,577,0.47,5,8,5,3,0,1,Unstable,Urban,3,1,Home Purchase,1
2644,36,77728,731,0.57,5,11,2,9,0,3,Stable,Suburban,0,1,Child Birth,0
2645,61,54742,571,0.27,3,12,1,1,1,4,Unstable,Rural,1,1,Home Purchase,0
2646,34,65087,587,0.28,3,7,9,4,0,3,Unstable,Rural,0,0,Child Birth,0
2647,33,70665,617,0.14,1,3,6,3,0,4,Unstable,Suburban,1,1,Home Purchase,0
2648,31,81638,574,0.42,4,3,5,2,1,5,Stable,Rural,1,1,Child Birth,0
2649,26,49206,816,0.38,1,14,5,4,1,4,Unstable,Urban,3,0,None,0
2650,47,48527,704,0.12,5,4,2,4,1,3,Stable,Suburban,3,0,Home Purchase,1
2651,63,20000,770,0.48,3,14,8,9,1,5,Unstable,Rural,4,1,Home Purchase,0
2652,64,50321,751,0.51,1,14,4,6,0,5,Unstable,Rural,3,1,Home Purchase,1
2653,63,83825,679,0.55,3,3,4,6,1,5,Stable,Suburban,0,1,Home Purchase,1
2654,45,71580,796,0.37,1,13,8,6,1,1,Unstable,Rural,3,0,Home Purchase,0
2655,47,35081,651,0.33,1,8,4,6,0,3,Unstable,Urban,1,0,Home Purchase,0
2656,53,20000,683,0.54,2,6,1,8,0,1,Stable,Rural,1,0,Marriage,0
2657,38,56439,629,0.3,1,2,4,4,1,2,Stable,Suburban,2,0,None,0
2658,50,83094,840,0.43,3,6,1,1,0,5,Unstable,Rural,0,1,Marriage,0
2659,29,48027,689,0.41,1,14,6,3,1,5,Unstable,Rural,4,1,None,0
2660,55,23876,759,0.29,4,7,2,8,0,5,Stable,Rural,4,0,Home Purchase,0
2661,49,45262,641,0.14,2,17,9,1,1,3,Stable,Suburban,3,0,Marriage,1
2662,55,68153,784,0.11,1,3,4,5,1,5,Unstable,Rural,2,0,Marriage,1
2663,44,91060,777,0.31,4,14,8,2,1,3,Unstable,Rural,3,2,None,1
2664,68,53582,537,0.34,3,1,2,4,1,2,Unstable,Urban,3,2,Marriage,0
2665,41,86372,700,0.51,4,12,5,3,0,2,Stable,Urban,4,0,None,1
2666,69,83601,711,0.31,2,3,8,1,0,2,Stable,Suburban,1,1,Home Purchase,0
2667,26,30583,670,0.24,3,19,1,5,0,1,Stable,Urban,2,1,None,0
2668,49,91267,838,0.33,1,12,6,9,0,5,Unstable,Suburban,2,2,Child Birth,1
2669,37,67377,578,0.22,1,14,2,3,0,2,Unstable,Suburban,0,2,Home Purchase,0
2670,63,29832,655,0.15,4,1,5,1,0,4,Stable,Rural,4,2,None,0
2671,52,104020,615,0.16,1,5,1,1,0,3,Stable,Urban,4,2,Home Purchase,1
2672,66,56860,802,0.26,3,7,4,1,0,4,Stable,Urban,2,2,Home Purchase,0
2673,30,20000,597,0.11,3,19,3,4,1,2,Unstable,Urban,3,2,None,0
2674,27,42343,516,0.21,1,6,5,5,0,1,Stable,Urban,0,1,Marriage,0
2675,59,36188,743,0.49,4,18,8,8,0,1,Stable,Urban,2,2,Marriage,1
2676,42,42956,686,0.22,1,6,9,7,1,4,Unstable,Rural,0,2,Home Purchase,1
2677,35,48870,804,0.16,5,11,5,4,1,2,Stable,Urban,2,1,Marriage,1
2678,44,53565,781,0.57,1,3,9,2,0,5,Stable,Rural,3,0,Child Birth,1
2679,29,52624,695,0.41,2,9,4,2,0,3,Stable,Rural,0,0,Home Purchase,0
2680,43,57562,555,0.13,1,3,5,2,0,3,Stable,Urban,1,0,None,1
2681,46,74684,580,0.13,5,6,9,1,1,1,Stable,Suburban,3,0,Child Birth,1
2682,43,41339,522,0.41,2,9,9,6,0,4,Stable,Suburban,4,0,Home Purchase,0
2683,40,89525,686,0.37,4,8,2,4,0,2,Stable,Urban,1,0,Home Purchase,0
2684,48,29370,634,0.13,2,2,5,3,0,2,Stable,Suburban,0,0,Home Purchase,0
2685,65,75377,681,0.21,3,19,8,1,0,5,Stable,Suburban,1,0,Marriage,0
2686,28,101081,717,0.56,5,16,1,7,0,5,Unstable,Rural,0,1,None,1
2687,39,55566,850,0.39,3,5,4,9,0,2,Unstable,Urban,3,0,Child Birth,0
2688,49,64836,758,0.32,3,10,8,4,0,2,Stable,Urban,4,2,None,0
2689,68,35800,707,0.23,2,12,2,1,0,3,Unstable,Rural,0,1,Home Purchase,0
2690,59,47205,543,0.17,2,12,1,3,1,4,Unstable,Urban,0,0,None,0
2691,38,99191,702,0.3,3,6,6,9,0,3,Unstable,Rural,4,1,Child Birth,0
2692,43,78712,788,0.56,4,14,6,1,0,5,Stable,Suburban,2,1,Child Birth,1
2693,62,70463,739,0.12,1,7,1,1,1,1,Unstable,Suburban,1,2,Child Birth,0
2694,60,20000,595,0.6,1,1,3,5,0,2,Unstable,Rural,2,0,Child Birth,0
2695,31,42088,662,0.2,5,14,8,5,0,2,Stable,Urban,1,1,Home Purchase,0
2696,54,103474,707,0.3,2,15,9,8,1,4,Unstable,Urban,1,0,Child Birth,1
2697,43,70270,659,0.12,1,13,8,1,0,5,Stable,Suburban,1,0,Home Purchase,0
2698,49,73389,638,0.39,4,1,1,8,1,2,Stable,Urban,4,2,Home Purchase,0
2699,40,64263,485,0.34,5,19,4,2,1,3,Unstable,Rural,4,1,None,0
2700,64,44675,623,0.43,2,19,9,1,0,4,Unstable,Urban,0,1,None,1
2701,32,68313,725,0.37,1,6,1,8,0,2,Unstable,Rural,4,1,None,0
2702,42,21744,787,0.3,3,5,4,2,0,1,Unstable,Suburban,1,1,Marriage,0
2703,52,20000,707,0.47,4,17,7,5,1,5,Stable,Urban,3,2,None,0
2704,40,41618,805,0.11,4,15,7,6,0,4,Unstable,Suburban,0,0,None,0
2705,43,64804,692,0.37,2,7,7,3,1,3,Stable,Suburban,0,2,Marriage,1
2706,66,20758,612,0.16,4,17,4,9,1,5,Unstable,Urban,4,2,Child Birth,1
2707,41,63176,652,0.32,2,12,8,9,0,2,Stable,Suburban,1,1,Home Purchase,0
2708,69,35136,749,0.5,4,7,3,8,0,1,Stable,Suburban,3,0,Marriage,0
2709,37,38504,673,0.17,1,13,9,7,0,3,Unstable,Rural,4,2,Marriage,1
2710,31,92489,635,0.57,2,8,6,5,0,5,Stable,Suburban,0,1,Marriage,0
2711,51,60932,544,0.54,4,4,7,2,0,2,Unstable,Urban,2,0,Marriage,0
2712,34,37404,610,0.31,1,8,9,3,0,4,Stable,Urban,4,2,Marriage,0
2713,58,64670,660,0.1,1,16,4,5,0,2,Stable,Suburban,0,2,None,0
2714,60,23259,641,0.49,1,16,5,8,0,4,Unstable,Rural,0,0,Child Birth,0
2715,49,69558,602,0.54,2,11,1,1,1,4,Unstable,Suburban,2,1,None,0
2716,30,87682,850,0.19,2,9,8,1,0,2,Unstable,Suburban,3,0,Home Purchase,0
2717,48,76543,760,0.56,4,11,2,7,0,1,Unstable,Suburban,4,0,Home Purchase,1
2718,42,113942,850,0.56,3,5,5,1,0,4,Stable,Rural,2,0,None,0
2719,47,20000,539,0.34,3,10,5,3,0,4,Unstable,Rural,0,0,None,0
2720,30,63174,731,0.5,5,6,4,8,0,2,Unstable,Rural,4,2,Home Purchase,0
2721,53,26412,656,0.32,3,16,4,9,1,4,Unstable,Urban,0,2,Home Purchase,0
2722,49,55669,701,0.38,3,12,2,5,0,3,Unstable,Suburban,2,2,Home Purchase,1
2723,41,60038,850,0.26,4,8,3,6,1,5,Stable,Rural,1,1,Child Birth,0
2724,48,116996,526,0.18,2,13,2,8,0,2,Unstable,Urban,1,0,Marriage,1
2725,35,58505,642,0.47,3,13,1,3,0,3,Unstable,Suburban,1,0,None,1
2726,50,58039,625,0.1,5,16,4,1,1,4,Unstable,Suburban,1,2,Marriage,0
2727,58,85128,642,0.39,4,11,9,9,0,4,Stable,Rural,4,2,Marriage,0
2728,52,58679,488,0.53,1,8,6,2,0,4,Unstable,Rural,1,1,Home Purchase,0
2729,27,105778,828,0.21,1,13,8,9,0,5,Unstable,Rural,1,2,None,0
2730,35,76742,832,0.27,5,1,2,2,0,1,Unstable,Rural,4,1,Marriage,0
2731,62,80712,758,0.39,2,19,2,8,0,2,Unstable,Rural,2,0,Child Birth,1
2732,38,20000,566,0.22,1,4,2,3,0,3,Stable,Urban,3,1,None,0
2733,50,109630,727,0.52,2,2,8,9,0,1,Unstable,Urban,2,2,None,1
2734,45,43588,786,0.28,3,19,1,4,0,2,Stable,Suburban,4,1,Home Purchase,0
2735,63,59756,738,0.39,3,19,5,8,1,4,Stable,Rural,2,2,Home Purchase,0
2736,54,43682,695,0.21,3,10,4,4,0,4,Stable,Suburban,1,0,Child Birth,0
2737,32,34393,841,0.12,1,17,1,3,0,3,Unstable,Rural,1,0,Marriage,1
2738,44,29945,629,0.19,1,8,7,1,0,1,Unstable,Urban,4,2,Marriage,1
2739,56,62581,683,0.12,2,9,1,4,0,4,Stable,Suburban,3,1,Child Birth,0
2740,46,20000,762,0.33,2,18,6,2,1,5,Stable,Urban,1,2,None,0
2741,31,53929,731,0.39,5,2,1,9,1,2,Stable,Suburban,3,1,None,1
2742,33,86444,755,0.12,3,18,9,2,0,3,Unstable,Rural,1,0,Child Birth,1
2743,69,75798,753,0.15,4,8,3,8,0,5,Stable,Suburban,4,0,None,1
2744,25,70810,752,0.34,4,2,2,7,1,3,Unstable,Suburban,0,0,None,0
2745,53,37615,663,0.5,3,16,7,6,1,2,Stable,Suburban,0,2,Marriage,0
2746,32,20347,630,0.41,5,5,1,4,0,1,Stable,Suburban,3,1,Marriage,0
2747,28,86044,713,0.15,2,10,7,3,0,5,Unstable,Urban,4,0,Marriage,0
2748,59,48776,850,0.54,1,9,9,5,0,4,Stable,Urban,0,2,None,0
2749,27,57923,697,0.56,5,2,4,2,0,3,Stable,Rural,3,1,Home Purchase,0
2750,69,55060,759,0.26,5,16,2,2,0,1,Stable,Suburban,1,0,None,1
2751,64,76809,711,0.41,3,16,4,8,0,2,Stable,Urban,1,0,Marriage,1
2752,31,106082,850,0.35,2,17,9,3,0,4,Unstable,Rural,2,0,Marriage,0
2753,51,96559,686,0.57,4,2,8,7,1,3,Unstable,Urban,4,0,Home Purchase,1
2754,25,20000,760,0.35,4,5,5,6,0,1,Unstable,Urban,0,2,None,1
2755,51,52286,628,0.58,4,8,8,8,1,2,Stable,Urban,1,0,Home Purchase,1
2756,40,26331,587,0.2,5,2,7,3,0,1,Unstable,Rural,0,0,Home Purchase,1
2757,62,83460,699,0.27,1,12,4,1,1,2,Unstable,Suburban,3,2,None,0
2758,31,60099,818,0.49,2,13,3,6,0,4,Unstable,Urban,0,0,Home Purchase,0
2759,68,75153,763,0.49,1,16,1,6,0,5,Stable,Suburban,3,0,Marriage,1
2760,47,50146,491,0.47,4,5,3,8,0,3,Stable,Suburban,4,2,Home Purchase,0
2761,65,34015,773,0.53,1,12,8,3,1,5,Unstable,Urban,2,2,Marriage,0
2762,35,38292,546,0.45,5,15,9,9,0,4,Unstable,Suburban,1,1,None,0
2763,66,21674,783,0.42,3,2,9,6,0,5,Unstable,Suburban,1,0,Marriage,0
2764,57,28409,754,0.33,1,12,5,1,0,3,Stable,Suburban,1,0,Marriage,1
2765,60,23142,685,0.33,1,10,4,3,0,4,Stable,Rural,3,1,None,0
2766,61,34107,772,0.3,1,8,6,4,0,3,Unstable,Rural,1,0,Marriage,0
2767,65,32693,673,0.41,4,11,7,3,0,5,Unstable,Urban,4,1,Marriage,0
2768,41,69852,714,0.3,1,12,6,6,1,1,Unstable,Urban,0,0,Child Birth,1
2769,59,68871,556,0.17,2,17,5,7,0,1,Unstable,Urban,3,0,None,0
2770,29,69825,674,0.15,5,7,2,2,0,3,Unstable,Urban,2,2,Child Birth,0
2771,56,89374,792,0.56,2,15,3,6,0,1,Stable,Urban,2,1,Marriage,1
2772,27,58041,566,0.11,2,19,9,4,0,3,Unstable,Rural,2,1,None,0
2773,59,40479,781,0.15,4,2,7,1,0,5,Stable,Urban,0,1,Child Birth,0
2774,38,115285,498,0.32,1,6,2,2,0,2,Stable,Urban,0,1,Home Purchase,0
2775,55,82641,581,0.23,5,2,1,5,0,4,Stable,Urban,1,1,None,0
2776,55,63807,668,0.3,5,14,1,9,1,5,Unstable,Rural,0,0,None,1
2777,41,62071,715,0.16,5,8,1,5,0,2,Unstable,Suburban,1,1,Child Birth,0
2778,48,67241,642,0.17,1,16,6,8,1,5,Stable,Urban,4,0,Home Purchase,0
2779,47,54947,639,0.5,5,19,5,2,0,2,Stable,Rural,0,2,Marriage,0
2780,42,63205,810,0.48,5,18,7,5,1,3,Stable,Suburban,4,1,Marriage,1
2781,38,72484,818,0.15,3,13,5,1,0,4,Unstable,Rural,2,1,None,1
2782,39,41836,657,0.43,3,6,9,2,0,3,Unstable,Suburban,4,1,None,0
2783,39,20000,660,0.4,5,4,1,3,1,4,Stable,Rural,2,2,None,0
2784,30,20000,671,0.46,2,10,9,8,0,2,Stable,Urban,1,0,Marriage,1
2785,51,82197,850,0.34,1,15,4,3,0,1,Stable,Suburban,3,1,Home Purchase,0
2786,39,20426,701,0.23,2,12,7,4,1,1,Unstable,Rural,4,2,None,0
2787,60,71633,850,0.43,2,12,2,4,0,1,Stable,Suburban,3,1,Marriage,1
2788,32,31141,773,0.29,1,7,3,9,0,1,Unstable,Urban,3,1,Marriage,1
2789,39,31543,689,0.21,1,6,4,4,1,5,Stable,Urban,1,0,Marriage,0
2790,27,42045,635,0.3,4,5,5,9,0,5,Stable,Rural,2,0,None,1
2791,37,64853,777,0.48,4,19,2,8,0,1,Stable,Urban,0,1,Marriage,0
2792,65,27785,621,0.34,4,14,7,4,0,3,Stable,Rural,1,0,Marriage,1
2793,58,44576,661,0.25,5,1,6,3,0,2,Unstable,Urban,3,2,Home Purchase,1
2794,48,59357,765,0.52,5,11,9,2,1,1,Stable,Rural,0,1,Home Purchase,0
2795,64,29743,675,0.54,5,4,7,8,0,3,Unstable,Urban,0,0,None,0
2796,56,95705,660,0.32,4,14,2,8,0,3,Stable,Suburban,2,2,Home Purchase,1
2797,56,20000,669,0.29,1,18,3,1,1,3,Unstable,Suburban,3,0,Marriage,0
2798,54,54545,631,0.41,5,6,3,7,0,5,Stable,Urban,1,0,Marriage,0
2799,37,91813,744,0.13,1,5,8,8,1,4,Stable,Suburban,2,1,Home Purchase,0
2800,25,26888,703,0.45,4,17,8,7,0,5,Unstable,Suburban,1,0,Marriage,0
2801,58,57259,564,0.49,1,7,3,3,0,1,Stable,Rural,4,2,Home Purchase,0
2802,39,63321,651,0.3,5,11,8,4,0,1,Unstable,Urban,3,1,Marriage,1
2803,68,39830,663,0.19,1,14,5,5,0,1,Unstable,Urban,3,0,None,1
2804,38,58062,662,0.11,4,2,4,1,1,2,Unstable,Rural,2,1,Child Birth,0
2805,53,74036,759,0.42,5,17,4,3,1,2,Stable,Suburban,1,1,Child Birth,1
2806,58,48321,629,0.23,5,2,4,6,0,4,Stable,Suburban,0,2,Child Birth,0
2807,42,79108,850,0.33,4,15,1,3,0,5,Stable,Rural,2,0,Home Purchase,1
2808,31,69818,838,0.29,2,7,7,5,0,3,Unstable,Rural,3,0,Marriage,0
2809,53,45427,838,0.19,3,3,4,4,0,5,Stable,Suburban,3,1,Marriage,0
2810,55,88186,596,0.35,4,6,2,2,1,1,Unstable,Urban,0,0,None,1
2811,49,41476,496,0.33,1,9,1,4,0,4,Unstable,Rural,1,0,Child Birth,1
2812,62,81397,666,0.41,2,10,3,4,1,2,Stable,Urban,3,2,None,1
2813,38,41924,729,0.23,4,8,1,3,0,4,Unstable,Suburban,2,2,None,0
2814,32,52098,683,0.21,3,7,5,8,0,3,Stable,Suburban,1,2,Child Birth,0
2815,51,55933,647,0.51,5,1,6,6,0,4,Unstable,Rural,1,0,Home Purchase,0
2816,26,68464,525,0.45,3,10,6,1,1,4,Stable,Suburban,3,1,Marriage,0
2817,41,20000,632,0.49,3,18,6,9,0,4,Unstable,Urban,4,0,Home Purchase,0
2818,61,71450,675,0.16,4,16,7,3,0,1,Unstable,Rural,2,2,Child Birth,0
2819,38,57438,650,0.21,5,4,1,4,0,3,Unstable,Rural,3,2,Child Birth,0
2820,49,67143,649,0.39,5,9,4,7,0,2,Stable,Suburban,2,0,None,0
2821,54,72562,620,0.53,3,18,9,5,0,5,Stable,Urban,3,0,Home Purchase,0
2822,53,69845,850,0.55,4,11,2,4,0,2,Unstable,Suburban,4,1,Marriage,1
2823,44,20000,770,0.52,5,12,8,2,1,4,Unstable,Urban,1,0,Child Birth,1
2824,45,33474,795,0.12,5,8,7,5,0,4,Unstable,Urban,4,0,Home Purchase,1
2825,46,68320,727,0.51,1,1,7,8,0,5,Unstable,Rural,2,1,Home Purchase,1
2826,59,64992,566,0.55,3,8,3,2,0,3,Unstable,Suburban,1,2,Marriage,0
2827,61,40261,773,0.13,2,5,2,1,0,4,Stable,Suburban,3,2,None,1
2828,40,78440,834,0.31,3,1,2,6,1,1,Unstable,Rural,4,1,Marriage,1
2829,67,53589,849,0.37,4,3,3,1,0,1,Unstable,Suburban,4,1,Marriage,1
2830,41,82143,762,0.22,5,13,3,9,0,2,Stable,Urban,3,1,Child Birth,0
2831,40,90250,700,0.36,5,16,2,8,1,1,Unstable,Urban,3,1,None,1
2832,26,66957,699,0.54,1,12,7,4,0,2,Unstable,Suburban,4,0,Home Purchase,0
2833,28,73888,751,0.53,5,7,2,7,0,4,Unstable,Rural,2,0,None,0
2834,45,44788,535,0.57,5,8,6,4,1,1,Stable,Urban,4,0,Marriage,1
2835,63,82305,763,0.34,2,11,5,6,0,1,Stable,Suburban,4,0,Home Purchase,1
2836,58,65453,651,0.31,3,13,7,7,0,5,Unstable,Suburban,2,2,Home Purchase,0
2837,54,52632,850,0.43,5,11,7,9,1,2,Unstable,Urban,3,2,Marriage,1
2838,30,29529,669,0.31,4,4,8,2,0,5,Stable,Urban,2,2,Marriage,1
2839,41,47863,719,0.12,2,6,4,8,0,3,Stable,Suburban,2,0,Child Birth,0
2840,63,32263,714,0.46,2,19,5,9,1,5,Unstable,Urban,1,2,Child Birth,0
2841,49,79037,630,0.24,1,8,4,4,1,1,Stable,Rural,4,0,Child Birth,1
2842,29,90510,745,0.12,4,6,7,8,0,1,Stable,Urban,2,2,Child Birth,1
2843,29,82906,734,0.11,2,17,3,5,0,3,Unstable,Rural,0,1,Child Birth,1
2844,44,122150,802,0.57,3,18,2,9,0,2,Unstable,Rural,4,1,None,1
2845,40,48489,772,0.23,4,3,4,2,0,2,Unstable,Urban,0,0,Home Purchase,0
2846,65,74914,718,0.32,3,12,5,1,0,2,Unstable,Rural,0,2,Home Purchase,1
2847,61,30466,618,0.58,1,15,1,6,0,3,Unstable,Suburban,2,0,Child Birth,1
2848,64,55068,621,0.33,1,7,3,4,1,4,Unstable,Suburban,0,1,None,0
2849,33,23066,850,0.14,5,13,8,6,0,4,Stable,Suburban,3,0,Marriage,0
2850,29,74204,708,0.38,3,10,5,7,0,3,Stable,Suburban,4,2,None,0
2851,66,51112,850,0.14,3,19,1,9,0,5,Unstable,Suburban,0,0,Home Purchase,0
2852,26,20000,618,0.15,1,9,4,1,0,3,Unstable,Urban,2,1,Child Birth,0
2853,33,42874,850,0.53,3,12,8,3,0,4,Stable,Suburban,1,0,Marriage,1
2854,67,104827,605,0.24,4,11,8,2,0,4,Unstable,Urban,2,0,Child Birth,1
2855,60,70260,656,0.44,5,8,2,5,1,5,Stable,Suburban,3,0,Child Birth,0
2856,46,79227,744,0.35,5,9,9,8,1,1,Unstable,Suburban,1,2,Marriage,1
2857,46,63138,799,0.21,4,4,1,5,1,1,Stable,Rural,3,0,Child Birth,0
2858,46,55461,767,0.36,2,5,8,8,0,1,Stable,Rural,1,2,Home Purchase,0
2859,58,60389,508,0.13,3,7,8,3,0,2,Unstable,Suburban,1,1,Child Birth,0
2860,53,66135,642,0.27,2,9,6,1,0,4,Unstable,Rural,1,2,Child Birth,0
2861,62,32583,585,0.36,2,4,1,4,0,3,Stable,Rural,0,1,None,0
2862,57,79076,561,0.21,3,12,9,3,1,5,Unstable,Urban,4,1,None,0
2863,42,88045,698,0.43,1,12,3,8,0,4,Unstable,Suburban,3,2,Home Purchase,0
2864,31,55085,488,0.13,3,6,1,8,0,1,Stable,Urban,1,2,None,0
2865,25,46923,799,0.34,1,13,7,8,1,5,Unstable,Rural,0,1,Child Birth,1
2866,57,41452,774,0.46,4,9,5,3,0,3,Unstable,Rural,2,0,None,0
2867,25,103980,850,0.31,1,9,2,8,0,4,Unstable,Urban,4,2,Child Birth,1
2868,48,48693,593,0.54,2,3,1,6,0,3,Unstable,Urban,2,0,Child Birth,0
2869,28,76332,603,0.42,2,13,6,8,1,4,Unstable,Rural,1,2,Home Purchase,0
2870,28,55260,805,0.58,2,6,1,9,1,4,Unstable,Rural,1,1,Child Birth,0
2871,42,53909,812,0.24,1,18,6,1,0,1,Unstable,Suburban,0,2,None,0
2872,51,40881,834,0.57,2,14,1,1,1,5,Stable,Rural,3,2,Home Purchase,0
2873,67,35742,815,0.4,5,2,7,4,1,1,Stable,Urban,1,0,Child Birth,1
2874,56,78498,721,0.47,3,6,7,1,1,4,Unstable,Urban,1,1,Child Birth,0
2875,57,35176,653,0.55,2,7,4,9,1,1,Stable,Urban,3,1,Home Purchase,0
2876,52,71562,773,0.38,1,8,7,9,0,4,Stable,Urban,0,2,Home Purchase,0
2877,66,62264,655,0.53,2,10,8,7,0,1,Unstable,Rural,4,2,Marriage,0
2878,65,78815,710,0.37,1,13,8,2,0,4,Unstable,Urban,1,0,Child Birth,1
2879,60,44751,661,0.4,3,1,3,4,0,2,Unstable,Rural,2,2,Home Purchase,0
2880,30,87003,726,0.32,1,5,8,4,1,2,Stable,Rural,4,2,Child Birth,0
2881,40,56470,824,0.17,3,2,3,5,0,3,Unstable,Suburban,4,2,Child Birth,0
2882,58,124792,665,0.38,2,4,5,5,0,4,Unstable,Suburban,4,1,None,0
2883,47,20000,649,0.59,5,12,1,8,0,1,Unstable,Urban,0,0,None,0
2884,66,120723,689,0.49,2,5,7,3,0,4,Stable,Suburban,2,1,Child Birth,1
2885,48,56840,582,0.47,3,15,8,7,0,1,Stable,Suburban,3,1,Child Birth,0
2886,37,65570,766,0.42,4,10,4,1,0,3,Unstable,Rural,0,2,Home Purchase,0
2887,42,44892,711,0.27,4,17,7,1,0,4,Unstable,Rural,0,0,None,0
2888,37,20777,696,0.18,4,14,7,3,0,3,Unstable,Suburban,1,2,Marriage,0
2889,61,46790,732,0.21,2,7,6,1,0,1,Stable,Suburban,4,1,Home Purchase,0
2890,67,50857,552,0.1,1,2,5,1,0,5,Unstable,Suburban,4,2,Home Purchase,0
2891,63,64570,840,0.44,5,3,4,3,1,1,Stable,Suburban,3,2,None,0
2892,66,88028,648,0.51,5,4,5,9,1,3,Unstable,Suburban,3,2,None,0
2893,41,64768,662,0.23,2,16,7,5,0,4,Unstable,Suburban,0,1,Marriage,0
2894,39,65203,786,0.15,3,16,8,4,1,4,Unstable,Urban,0,0,Home Purchase,1
2895,42,69609,761,0.27,2,3,4,7,0,3,Unstable,Suburban,2,1,Marriage,0
2896,47,20000,850,0.25,4,17,5,2,1,4,Stable,Rural,1,0,Home Purchase,1
2897,54,20000,603,0.33,3,17,6,6,1,2,Unstable,Rural,3,2,None,0
2898,58,22575,606,0.23,5,7,9,1,0,5,Unstable,Urban,0,0,Home Purchase,0
2899,28,50668,580,0.27,2,8,6,4,1,3,Stable,Suburban,0,0,None,0
2900,27,20000,713,0.55,1,19,7,6,0,5,Unstable,Urban,1,0,Marriage,0
2901,31,42755,672,0.27,1,7,8,4,1,3,Unstable,Urban,3,2,Home Purchase,0
2902,42,25793,630,0.49,5,1,3,7,0,5,Stable,Suburban,4,1,Child Birth,0
2903,66,72192,693,0.41,3,16,5,3,0,1,Stable,Rural,1,2,Home Purchase,0
2904,31,70941,596,0.27,4,18,4,3,1,3,Stable,Urban,3,0,None,1
2905,64,52483,850,0.51,1,8,1,8,0,4,Unstable,Urban,1,1,Marriage,0
2906,30,20000,630,0.4,1,7,4,2,0,5,Unstable,Urban,1,0,None,0
2907,46,54071,642,0.1,2,10,2,1,0,1,Unstable,Urban,4,2,None,0
2908,25,68215,461,0.13,5,2,4,5,0,1,Stable,Urban,3,1,Home Purchase,0
2909,28,80268,535,0.48,1,15,2,7,1,1,Unstable,Rural,2,2,None,1
2910,67,103835,641,0.32,2,14,4,4,1,4,Stable,Suburban,2,2,Child Birth,0
2911,53,87962,669,0.3,3,2,4,8,0,1,Stable,Rural,0,0,Child Birth,0
2912,45,64119,771,0.17,1,7,3,1,1,5,Stable,Rural,4,1,Child Birth,0
2913,50,52868,550,0.18,5,12,5,5,0,4,Unstable,Suburban,4,1,Child Birth,0
2914,38,41426,745,0.5,2,5,9,2,1,3,Unstable,Urban,1,0,Child Birth,0
2915,33,93891,762,0.51,3,6,1,3,0,4,Stable,Suburban,3,2,None,1
2916,36,64164,767,0.38,2,16,7,6,0,3,Stable,Urban,2,0,Home Purchase,0
2917,66,75763,803,0.25,4,12,1,2,0,3,Stable,Suburban,4,1,Child Birth,1
2918,30,45244,583,0.57,5,9,1,8,0,3,Stable,Rural,2,2,Home Purchase,0
2919,44,28977,754,0.41,5,12,2,4,0,3,Stable,Suburban,1,1,Marriage,0
2920,48,49991,850,0.5,1,10,6,7,1,4,Unstable,Rural,2,1,Child Birth,1
2921,51,52426,840,0.1,2,17,9,5,0,2,Stable,Suburban,2,1,Home Purchase,0
2922,62,64794,850,0.33,3,11,3,7,0,2,Unstable,Suburban,0,0,Home Purchase,1
2923,32,41564,724,0.54,1,18,5,7,0,1,Stable,Urban,0,1,Child Birth,0
2924,25,60624,640,0.27,5,4,8,2,1,5,Stable,Suburban,4,2,Home Purchase,0
2925,48,89442,446,0.46,2,3,6,6,0,5,Stable,Urban,1,1,None,0
2926,31,20000,575,0.43,3,19,3,8,1,5,Stable,Rural,3,2,Home Purchase,0
2927,43,20000,647,0.18,5,6,2,8,0,1,Stable,Urban,4,0,None,0
2928,46,91147,665,0.49,3,8,3,9,0,5,Unstable,Urban,1,1,Child Birth,1
2929,59,23409,620,0.16,2,7,6,5,0,4,Unstable,Urban,3,0,Child Birth,0
2930,54,50498,733,0.46,3,15,5,3,0,2,Stable,Suburban,4,1,Marriage,0
2931,53,75211,719,0.6,1,12,8,5,0,3,Unstable,Suburban,2,0,None,0
2932,46,58519,704,0.58,1,15,2,6,0,5,Stable,Rural,2,2,Child Birth,0
2933,35,58167,778,0.5,2,9,2,9,0,1,Unstable,Rural,2,2,None,0
2934,44,61809,653,0.37,5,2,4,9,0,1,Unstable,Rural,3,0,Child Birth,0
2935,53,122967,809,0.44,4,15,9,4,1,4,Stable,Rural,2,0,Marriage,1
2936,65,104515,579,0.46,4,18,5,5,0,3,Stable,Rural,4,1,Home Purchase,0
2937,66,42656,669,0.1,4,13,7,8,0,3,Unstable,Rural,0,2,Marriage,0
2938,58,86272,731,0.15,5,16,7,9,0,1,Stable,Suburban,1,1,None,0
2939,25,72637,508,0.4,1,15,6,1,0,5,Stable,Suburban,0,0,Marriage,1
2940,55,59512,649,0.1,1,11,6,3,0,4,Unstable,Suburban,4,1,Child Birth,0
2941,54,37303,771,0.55,1,3,9,4,0,4,Unstable,Suburban,1,1,Home Purchase,1
2942,42,71284,657,0.34,2,10,4,9,1,3,Unstable,Rural,1,2,None,0
2943,41,52348,517,0.23,1,17,2,1,0,4,Unstable,Urban,1,1,Marriage,1
2944,62,50510,611,0.3,1,8,7,8,1,2,Unstable,Suburban,3,2,Home Purchase,0
2945,38,40823,565,0.53,1,5,6,2,0,3,Stable,Suburban,1,2,Marriage,0
2946,47,84995,749,0.56,4,8,4,1,1,1,Stable,Rural,4,0,Child Birth,0
2947,49,40806,711,0.16,3,15,1,7,0,4,Stable,Rural,1,0,Child Birth,0
2948,39,40958,543,0.49,1,11,4,4,0,3,Stable,Suburban,1,2,Marriage,0
2949,46,79448,536,0.39,3,9,6,2,0,5,Stable,Rural,3,2,Home Purchase,0
2950,27,56391,627,0.39,1,2,3,4,0,5,Stable,Rural,2,2,Home Purchase,0
2951,43,57064,703,0.49,4,7,1,2,0,2,Stable,Rural,3,2,None,1
2952,68,85822,632,0.21,4,16,2,4,1,1,Stable,Rural,3,2,Child Birth,0
2953,58,92842,735,0.37,3,7,6,2,1,5,Unstable,Rural,2,1,None,0
2954,59,20000,731,0.26,4,4,1,7,1,3,Stable,Suburban,3,0,None,0
2955,25,56780,753,0.15,2,5,6,3,0,4,Unstable,Rural,0,2,Marriage,0
2956,45,24743,558,0.15,5,14,1,7,0,5,Stable,Urban,4,1,Child Birth,0
2957,53,50330,672,0.17,5,7,1,2,1,5,Stable,Urban,3,1,Child Birth,1
2958,30,59831,807,0.41,1,13,6,4,0,2,Unstable,Rural,2,2,Home Purchase,0
2959,61,51128,632,0.15,4,18,1,7,0,4,Stable,Urban,0,1,None,0
2960,25,34368,618,0.39,5,10,9,6,0,4,Stable,Urban,0,2,Home Purchase,0
2961,25,33099,651,0.39,3,2,2,3,0,5,Stable,Rural,2,0,Marriage,0
2962,51,78198,648,0.55,3,13,9,8,0,4,Unstable,Suburban,4,1,Marriage,0
2963,45,98370,712,0.41,3,2,5,9,0,1,Unstable,Suburban,3,2,Home Purchase,1
2964,40,20000,641,0.59,1,15,5,4,0,1,Unstable,Suburban,1,2,Home Purchase,0
2965,68,51809,498,0.12,5,5,8,9,0,5,Unstable,Rural,2,1,Child Birth,1
2966,64,78299,818,0.45,5,11,1,3,0,5,Stable,Urban,3,2,Marriage,0
2967,50,59184,750,0.11,5,6,9,2,0,1,Stable,Suburban,4,2,None,0
2968,40,32157,714,0.46,3,19,1,8,0,4,Unstable,Urban,0,0,None,0
2969,52,48055,690,0.29,3,15,5,6,0,2,Unstable,Rural,3,0,Marriage,0
2970,25,67553,667,0.41,1,4,8,8,0,2,Unstable,Suburban,4,1,Child Birth,1
2971,60,52320,620,0.25,2,7,1,3,0,2,Unstable,Suburban,3,1,Marriage,0
2972,34,58800,512,0.18,5,17,5,8,1,4,Unstable,Urban,4,1,Home Purchase,0
2973,67,59520,850,0.46,1,10,3,2,0,2,Unstable,Urban,1,0,Marriage,0
2974,41,46892,702,0.55,3,17,8,7,0,1,Stable,Suburban,4,0,None,1
2975,47,80414,538,0.19,2,11,3,2,0,4,Stable,Suburban,3,1,Child Birth,0
2976,31,48062,597,0.56,4,16,8,2,0,1,Stable,Urban,4,0,Child Birth,1
2977,68,34863,730,0.17,2,7,2,5,0,4,Stable,Urban,0,2,None,0
2978,31,115740,728,0.47,1,8,3,9,1,2,Stable,Rural,0,2,None,1
2979,68,58055,625,0.58,2,16,1,2,0,2,Stable,Suburban,2,0,Marriage,1
2980,39,20000,592,0.17,3,16,1,9,0,5,Stable,Urban,0,1,None,0
2981,58,91368,642,0.32,2,4,4,8,1,3,Unstable,Urban,0,2,Marriage,0
2982,69,91288,507,0.27,3,7,5,4,1,1,Unstable,Urban,4,2,Home Purchase,0
2983,28,71429,652,0.29,2,17,3,5,0,2,Unstable,Suburban,3,1,Home Purchase,0
2984,38,75790,653,0.48,1,3,2,6,0,4,Unstable,Urban,2,2,None,1
2985,38,113993,850,0.43,4,17,1,9,0,5,Stable,Suburban,3,1,Child Birth,1
2986,40,35929,654,0.58,5,11,3,6,1,1,Stable,Rural,1,2,None,0
2987,31,63331,725,0.19,2,8,1,6,1,2,Unstable,Suburban,0,2,None,0
2988,56,109242,850,0.37,4,19,6,6,1,5,Stable,Urban,3,0,None,0
2989,43,114539,593,0.32,2,7,3,1,0,2,Stable,Rural,2,1,None,0
2990,26,50847,637,0.56,4,18,4,1,0,2,Stable,Urban,1,0,Child Birth,0
2991,34,110253,646,0.11,3,15,8,9,0,2,Stable,Suburban,4,2,None,0
2992,41,80065,532,0.59,4,19,5,2,0,5,Unstable,Rural,4,1,Home Purchase,1
2993,61,97380,673,0.34,5,3,5,5,0,3,Unstable,Rural,3,2,Child Birth,0
2994,36,79245,816,0.41,4,16,8,9,1,2,Stable,Suburban,4,0,Marriage,1
2995,30,67636,784,0.28,5,15,4,6,0,1,Unstable,Rural,2,0,Child Birth,0
2996,46,115234,818,0.53,5,5,8,9,0,5,Stable,Suburban,0,2,None,0
2997,56,46784,636,0.38,4,14,5,2,0,2,Stable,Rural,4,2,Marriage,0
2998,65,107557,587,0.43,5,2,6,1,1,5,Stable,Urban,3,0,None,0
2999,44,111517,850,0.42,5,4,1,2,0,1,Stable,Rural,3,2,Child Birth,1
3000,25,94076,721,0.28,3,13,9,2,0,1,Unstable,Suburban,4,1,Child Birth,1
3001,30,58206,538,0.14,1,16,4,5,1,4,Unstable,Rural,2,1,None,1
3002,43,66110,850,0.5,3,12,1,1,0,4,Stable,Suburban,3,1,None,0
3003,42,28129,691,0.24,1,5,7,2,0,3,Unstable,Suburban,3,2,Marriage,0
3004,30,48685,405,0.52,1,12,4,5,1,4,Stable,Urban,3,0,Child Birth,0
3005,69,75517,845,0.4,3,8,5,5,0,5,Stable,Suburban,4,1,Marriage,0
3006,57,24332,468,0.28,5,5,7,7,1,4,Unstable,Suburban,1,1,Child Birth,0
3007,47,52552,728,0.4,3,3,7,4,0,5,Unstable,Suburban,4,2,None,1
3008,47,108620,784,0.42,5,13,9,6,0,5,Stable,Suburban,0,2,Home Purchase,0
3009,50,56140,768,0.45,3,4,9,6,0,3,Unstable,Urban,3,1,Marriage,0
3010,37,85840,850,0.51,3,8,7,9,0,5,Unstable,Urban,1,1,None,0
3011,31,74162,801,0.18,2,4,9,3,0,4,Stable,Rural,3,0,Home Purchase,0
3012,39,52307,850,0.57,4,7,5,9,1,4,Unstable,Rural,4,0,None,1
3013,68,56123,690,0.31,3,3,2,9,1,2,Unstable,Urban,3,0,Home Purchase,0
3014,51,64171,658,0.53,4,4,9,2,1,3,Stable,Urban,1,0,Marriage,1
3015,50,20000,665,0.21,5,8,6,2,0,1,Unstable,Rural,2,1,Home Purchase,0
3016,57,83674,837,0.11,2,13,6,7,1,1,Unstable,Suburban,2,1,None,0
3017,39,57040,636,0.39,2,13,9,8,0,2,Unstable,Urban,0,2,Child Birth,0
3018,60,84547,784,0.26,1,9,1,3,1,4,Stable,Rural,1,0,Home Purchase,0
3019,69,69705,614,0.59,4,5,2,7,1,3,Stable,Rural,2,1,Child Birth,1
3020,51,55936,615,0.15,2,14,3,7,0,4,Unstable,Rural,1,2,Marriage,0
3021,29,64938,818,0.12,5,5,1,7,0,2,Unstable,Urban,4,1,Marriage,0
3022,26,65022,743,0.12,1,3,4,2,0,1,Stable,Rural,3,0,Home Purchase,0
3023,57,96904,484,0.21,2,1,2,8,0,3,Unstable,Urban,1,1,Child Birth,0
3024,40,61566,614,0.39,5,10,3,8,0,4,Unstable,Urban,3,0,Home Purchase,0
3025,47,67204,442,0.35,4,15,8,5,1,5,Unstable,Rural,4,1,Child Birth,0
3026,62,28452,662,0.28,5,17,4,7,0,5,Unstable,Suburban,0,0,Child Birth,0
3027,40,58823,672,0.14,5,12,9,7,0,5,Unstable,Suburban,4,0,None,0
3028,38,96357,652,0.22,5,14,6,4,0,1,Stable,Urban,3,0,None,1
3029,53,70720,820,0.19,3,4,1,5,0,5,Stable,Suburban,4,1,Marriage,0
3030,50,32974,741,0.47,2,11,6,6,0,5,Unstable,Suburban,0,0,Child Birth,1
3031,59,35654,850,0.49,5,15,7,6,0,2,Stable,Rural,3,2,None,1
3032,39,41462,753,0.49,1,14,4,9,0,2,Stable,Suburban,0,1,Home Purchase,1
3033,27,84990,755,0.58,3,18,8,3,0,2,Stable,Rural,0,2,Marriage,1
3034,47,81913,727,0.54,5,9,3,5,1,4,Unstable,Suburban,1,2,Marriage,0
3035,53,20000,673,0.35,5,15,7,1,0,5,Unstable,Urban,4,0,Child Birth,0
3036,58,57965,635,0.31,2,3,7,1,1,1,Unstable,Suburban,1,2,None,0
3037,57,63690,676,0.56,3,13,4,5,1,5,Stable,Rural,3,2,None,0
3038,65,35946,681,0.41,5,2,1,1,0,5,Stable,Rural,2,0,Home Purchase,1
3039,65,50238,690,0.25,5,15,6,7,0,4,Unstable,Suburban,3,2,Home Purchase,0
3040,47,93274,763,0.38,4,14,7,8,0,2,Unstable,Urban,1,2,None,1
3041,31,70221,730,0.6,1,7,3,2,1,5,Stable,Urban,4,1,None,0
3042,27,47510,648,0.52,1,4,5,3,0,3,Unstable,Urban,2,0,None,0
3043,56,55317,626,0.24,2,4,8,8,0,3,Unstable,Urban,3,2,Child Birth,1
3044,55,54303,722,0.58,3,10,7,1,0,2,Stable,Urban,0,2,Home Purchase,0
3045,42,67048,607,0.59,5,19,2,9,0,2,Stable,Suburban,1,1,Child Birth,0
3046,67,24256,657,0.22,3,13,4,5,0,5,Stable,Urban,4,2,None,0
3047,31,43256,646,0.55,2,6,7,1,1,3,Unstable,Suburban,2,1,Marriage,0
3048,65,85884,850,0.54,4,8,9,8,0,1,Stable,Urban,1,0,Child Birth,1
3049,25,58185,572,0.12,2,10,7,9,0,1,Unstable,Rural,4,0,None,0
3050,38,38752,620,0.43,1,17,8,9,0,3,Unstable,Rural,1,1,Home Purchase,1
3051,56,39783,644,0.25,4,9,9,9,1,2,Unstable,Rural,3,0,None,1
3052,30,78021,654,0.44,5,14,1,6,1,4,Stable,Urban,3,0,Home Purchase,0
3053,63,47054,799,0.56,2,5,3,7,1,4,Stable,Suburban,0,1,Home Purchase,0
3054,34,72772,674,0.35,3,3,6,7,0,1,Stable,Rural,2,0,None,0
3055,31,44329,567,0.31,3,9,8,4,1,2,Stable,Suburban,1,0,None,0
3056,50,31750,843,0.56,1,12,7,3,0,5,Unstable,Suburban,0,0,Home Purchase,0
3057,58,66111,726,0.59,1,1,6,9,0,3,Stable,Rural,2,2,Marriage,0
3058,54,57565,742,0.13,1,11,4,3,0,1,Stable,Urban,3,2,Home Purchase,0
3059,60,77128,765,0.56,1,5,8,3,1,4,Unstable,Rural,1,0,Home Purchase,0
3060,45,82103,576,0.14,5,19,4,4,0,4,Unstable,Rural,3,1,Child Birth,1
3061,41,51050,699,0.27,4,4,6,3,0,5,Unstable,Suburban,3,1,Home Purchase,0
3062,57,68723,782,0.48,1,12,3,2,0,5,Stable,Urban,4,0,Child Birth,0
3063,34,50279,635,0.49,2,16,7,5,0,4,Stable,Rural,2,1,Marriage,0
3064,66,75841,730,0.46,5,16,6,1,1,2,Stable,Suburban,4,2,Child Birth,0
3065,36,65835,754,0.12,4,1,7,1,1,4,Unstable,Urban,2,1,Home Purchase,1
3066,40,44404,554,0.17,5,3,5,6,1,3,Unstable,Rural,1,0,Child Birth,0
3067,65,42310,596,0.57,3,15,5,4,0,2,Stable,Urban,0,2,Child Birth,0
3068,56,66716,471,0.14,5,17,2,8,0,5,Stable,Suburban,3,0,Marriage,1
3069,39,89054,722,0.14,5,4,6,1,0,5,Unstable,Urban,4,0,None,1
3070,51,82532,850,0.52,3,3,1,5,0,5,Stable,Urban,3,1,None,1
3071,52,36424,630,0.42,3,11,7,6,0,3,Stable,Rural,2,2,Marriage,1
3072,41,39053,680,0.28,3,1,3,5,0,5,Unstable,Suburban,3,1,Child Birth,0
3073,26,42738,801,0.18,5,5,2,6,0,2,Unstable,Urban,0,1,Child Birth,0
3074,60,45085,726,0.54,3,4,7,3,1,5,Stable,Suburban,1,0,None,0
3075,31,20000,602,0.59,1,8,9,9,1,5,Stable,Urban,4,0,Marriage,0
3076,37,79751,850,0.12,2,11,1,7,0,4,Stable,Suburban,3,2,None,0
3077,39,48602,719,0.38,2,11,6,1,0,4,Unstable,Rural,0,1,None,0
3078,49,71551,676,0.23,3,18,8,5,0,3,Stable,Urban,0,2,Marriage,0
3079,47,52106,685,0.52,4,10,2,1,0,2,Unstable,Suburban,1,0,Marriage,0
3080,46,59425,759,0.27,5,13,5,3,1,2,Stable,Urban,2,1,None,0
3081,50,42870,638,0.46,2,16,4,6,0,4,Unstable,Urban,2,2,Home Purchase,0
3082,57,59293,850,0.37,1,17,3,2,0,2,Unstable,Rural,2,1,None,0
3083,35,38218,825,0.37,4,18,8,5,0,5,Unstable,Rural,1,0,Home Purchase,0
3084,34,59479,700,0.53,4,3,2,7,1,3,Stable,Suburban,0,0,Child Birth,0
3085,49,96430,706,0.34,1,1,1,9,0,4,Unstable,Urban,0,0,Home Purchase,0
3086,61,73015,615,0.52,5,2,1,1,1,5,Unstable,Rural,1,1,Marriage,1
3087,67,67276,636,0.28,5,6,5,7,0,4,Unstable,Rural,1,0,Marriage,1
3088,62,27006,586,0.19,3,18,9,8,0,4,Unstable,Suburban,4,1,None,0
3089,65,74181,679,0.33,1,17,4,3,0,3,Unstable,Suburban,4,1,Child Birth,0
3090,69,76611,706,0.35,1,14,7,2,1,3,Stable,Urban,3,2,Home Purchase,1
3091,48,66706,540,0.34,1,17,2,8,0,4,Unstable,Rural,4,1,Home Purchase,1
3092,64,65357,768,0.5,3,9,3,7,0,5,Unstable,Urban,1,2,Home Purchase,0
3093,57,56495,612,0.38,2,19,9,1,0,1,Stable,Suburban,1,0,Marriage,0
3094,41,76235,741,0.54,5,2,5,2,0,5,Stable,Urban,1,0,Child Birth,0
3095,48,94925,780,0.36,3,3,6,4,1,2,Stable,Rural,0,2,Marriage,0
3096,61,68263,830,0.21,3,16,3,3,0,4,Unstable,Urban,1,2,Marriage,0
3097,26,35707,809,0.16,3,16,6,2,0,4,Stable,Rural,0,2,Marriage,0
3098,56,37619,850,0.53,1,1,8,5,0,3,Stable,Urban,0,0,Marriage,1
3099,48,78155,781,0.13,3,19,1,6,0,2,Stable,Urban,0,2,Home Purchase,1
3100,33,35910,716,0.16,2,18,8,6,0,1,Unstable,Urban,4,0,Home Purchase,1
3101,28,65026,652,0.13,4,10,8,7,0,1,Unstable,Suburban,2,0,Child Birth,1
3102,41,51361,688,0.31,3,17,7,6,0,3,Stable,Urban,1,2,Child Birth,0
3103,41,33194,850,0.37,2,1,4,6,0,1,Unstable,Suburban,0,0,Child Birth,0
3104,54,80806,680,0.11,1,5,1,8,0,4,Stable,Urban,1,1,Child Birth,0
3105,64,77669,699,0.36,4,4,2,5,1,1,Stable,Suburban,4,2,Home Purchase,0
3106,35,26108,847,0.3,5,19,3,5,0,1,Stable,Rural,1,2,None,0
3107,45,72036,676,0.49,5,7,5,7,1,5,Stable,Urban,2,0,Child Birth,0
3108,45,68381,620,0.51,1,8,3,7,0,1,Stable,Rural,2,2,None,0
3109,42,80936,813,0.44,1,19,8,3,1,5,Stable,Rural,1,2,None,1
3110,53,64169,617,0.34,5,8,6,1,0,2,Unstable,Rural,1,2,None,0
3111,48,95670,740,0.21,1,9,3,5,0,5,Unstable,Urban,2,0,Child Birth,0
3112,34,56833,722,0.52,5,19,2,4,0,2,Unstable,Urban,0,0,Marriage,1
3113,69,53197,731,0.27,1,18,3,1,0,3,Stable,Suburban,0,0,Home Purchase,0
3114,41,35630,458,0.28,5,14,2,5,0,4,Stable,Rural,0,1,None,0
3115,42,36651,778,0.56,2,18,3,6,0,3,Stable,Rural,0,0,Child Birth,0
3116,66,34387,694,0.59,1,5,9,7,0,3,Stable,Suburban,3,1,Child Birth,0
3117,44,65459,761,0.55,5,1,1,9,0,3,Unstable,Suburban,0,2,Marriage,0
3118,61,53272,750,0.6,1,6,3,4,0,2,Stable,Urban,3,0,Child Birth,0
3119,69,68267,731,0.53,5,7,7,1,0,1,Stable,Rural,0,1,Child Birth,0
3120,42,29768,660,0.45,5,5,2,4,0,5,Unstable,Urban,3,2,Child Birth,1
3121,41,38607,661,0.25,4,8,3,7,1,3,Stable,Suburban,0,2,Marriage,0
3122,33,38186,694,0.58,1,6,6,1,1,3,Stable,Rural,0,2,Child Birth,0
3123,38,114231,717,0.54,2,1,2,9,0,1,Stable,Suburban,2,1,Home Purchase,1
3124,53,55857,657,0.22,3,12,1,6,0,3,Stable,Urban,4,2,Child Birth,0
3125,55,58340,794,0.34,3,5,2,8,0,2,Stable,Suburban,2,2,Child Birth,1
3126,28,58063,667,0.14,1,5,4,6,0,2,Unstable,Suburban,4,0,Marriage,0
3127,42,98820,602,0.58,5,15,5,7,0,1,Unstable,Urban,1,0,Home Purchase,1
3128,44,20000,759,0.39,5,17,1,3,0,2,Unstable,Urban,3,2,None,0
3129,67,58502,850,0.22,2,5,4,8,0,3,Stable,Suburban,4,2,Home Purchase,1
3130,68,20000,583,0.25,1,19,5,5,1,3,Unstable,Urban,4,1,None,1
3131,33,20000,687,0.59,3,10,4,7,0,4,Unstable,Urban,2,1,Child Birth,0
3132,37,41644,806,0.41,2,3,2,7,0,4,Unstable,Rural,2,1,Child Birth,0
3133,39,70304,756,0.31,1,11,1,6,0,1,Unstable,Rural,1,1,Marriage,1
3134,51,40055,762,0.35,1,8,4,3,1,3,Stable,Rural,3,0,Child Birth,0
3135,39,69894,703,0.15,1,13,2,1,0,3,Stable,Rural,3,2,Home Purchase,0
3136,52,62661,434,0.14,4,6,9,6,0,5,Unstable,Suburban,0,1,Home Purchase,0
3137,61,56523,725,0.4,2,3,4,9,1,2,Unstable,Urban,2,2,Marriage,0
3138,43,91624,737,0.36,1,19,3,2,1,1,Unstable,Rural,3,1,Child Birth,1
3139,50,45099,812,0.28,2,7,7,2,1,1,Unstable,Rural,2,0,Home Purchase,0
3140,50,69516,624,0.38,3,2,3,1,1,2,Unstable,Rural,1,0,Child Birth,1
3141,49,20000,850,0.14,1,19,8,1,0,5,Unstable,Urban,2,1,Child Birth,0
3142,50,62469,668,0.57,5,13,5,2,0,4,Stable,Suburban,1,1,Home Purchase,0
3143,50,53569,651,0.25,1,11,4,1,0,5,Unstable,Urban,1,0,None,0
3144,52,30443,627,0.14,1,9,1,6,0,4,Stable,Suburban,4,1,None,0
3145,42,69962,804,0.18,2,19,5,5,0,4,Unstable,Urban,4,2,Child Birth,0
3146,56,41526,590,0.15,2,19,9,8,1,5,Stable,Rural,1,1,Home Purchase,1
3147,27,103304,763,0.19,4,14,8,7,1,1,Unstable,Urban,3,0,Home Purchase,0
3148,26,20000,619,0.31,1,12,4,4,0,3,Stable,Suburban,4,0,None,1
3149,57,66206,695,0.47,3,1,9,9,1,1,Stable,Suburban,3,1,Home Purchase,1
3150,66,61067,547,0.24,2,1,7,4,0,3,Stable,Suburban,0,0,Home Purchase,0
3151,43,52978,778,0.32,4,17,2,9,0,1,Unstable,Urban,2,1,Marriage,1
3152,41,46769,684,0.56,5,4,7,4,0,5,Unstable,Suburban,2,0,None,0
3153,68,61715,755,0.25,5,13,4,2,0,5,Stable,Urban,4,1,None,0
3154,57,86554,682,0.5,4,11,5,2,0,5,Stable,Suburban,2,1,Marriage,0
3155,36,20000,752,0.18,5,18,1,6,1,3,Unstable,Suburban,3,1,Home Purchase,1
3156,27,39850,695,0.19,1,12,4,6,0,1,Stable,Suburban,2,0,Child Birth,0
3157,67,33742,774,0.33,2,19,2,7,0,4,Stable,Urban,0,0,Home Purchase,0
3158,50,32567,753,0.22,3,1,9,7,1,1,Unstable,Suburban,1,2,Home Purchase,0
3159,59,68568,719,0.55,5,18,8,3,1,1,Unstable,Rural,2,2,Marriage,0
3160,32,74733,609,0.13,1,2,3,7,0,2,Unstable,Suburban,4,1,Marriage,0
3161,60,86627,656,0.4,2,11,7,9,0,1,Unstable,Suburban,1,1,Marriage,1
3162,31,75127,622,0.4,1,15,7,9,0,4,Stable,Urban,3,2,None,0
3163,60,77153,842,0.13,1,15,6,7,0,1,Stable,Suburban,1,0,Child Birth,0
3164,40,24704,778,0.47,2,6,3,4,1,2,Unstable,Urban,3,2,None,1
3165,48,97089,703,0.33,5,4,9,8,1,2,Stable,Rural,4,2,None,1
3166,25,54756,643,0.46,5,12,9,2,0,4,Stable,Rural,4,1,Marriage,1
3167,49,85824,621,0.51,1,11,6,8,1,1,Stable,Urban,4,1,None,1
3168,34,25595,712,0.26,4,8,3,3,0,5,Unstable,Suburban,3,2,None,1
3169,40,53964,850,0.34,5,2,4,5,1,5,Unstable,Urban,0,1,Child Birth,0
3170,40,83575,700,0.23,1,16,5,3,0,2,Stable,Rural,1,0,Child Birth,0
3171,32,60698,820,0.2,3,2,9,6,0,4,Unstable,Suburban,1,2,Child Birth,1
3172,53,41150,727,0.1,3,4,3,6,0,5,Stable,Urban,3,0,Marriage,0
3173,63,92745,756,0.58,4,2,9,8,1,2,Unstable,Urban,1,2,Marriage,0
3174,52,30714,652,0.32,1,9,5,1,0,2,Stable,Suburban,4,0,Child Birth,0
3175,30,59489,680,0.11,3,13,6,5,1,1,Stable,Suburban,2,0,Home Purchase,0
3176,40,76004,616,0.1,5,2,2,5,1,4,Unstable,Urban,1,1,Marriage,0
3177,44,112392,730,0.24,1,19,2,9,0,5,Unstable,Suburban,2,0,Marriage,0
3178,40,48541,675,0.11,4,8,2,4,1,1,Stable,Urban,4,0,Marriage,0
3179,31,53088,735,0.29,4,11,7,6,0,3,Stable,Urban,1,0,None,0
3180,65,48882,601,0.13,5,8,6,7,0,4,Unstable,Urban,1,1,Marriage,0
3181,38,65961,745,0.12,3,16,7,3,1,2,Stable,Suburban,2,2,Child Birth,0
3182,67,74698,716,0.43,3,17,3,6,0,1,Stable,Rural,0,2,Child Birth,0
3183,50,87332,713,0.55,4,15,4,3,1,5,Stable,Suburban,3,2,None,0
3184,50,78901,738,0.3,2,7,6,6,0,2,Unstable,Urban,0,2,Child Birth,1
3185,38,47565,676,0.52,4,1,3,1,0,2,Unstable,Suburban,3,2,Marriage,1
3186,31,80334,850,0.11,4,14,1,9,1,5,Stable,Rural,1,1,Home Purchase,1
3187,57,62288,746,0.49,1,16,6,6,0,3,Stable,Rural,1,0,Marriage,1
3188,50,78631,710,0.13,5,3,2,6,1,4,Unstable,Urban,0,0,None,1
3189,69,80059,774,0.52,1,18,7,4,0,4,Stable,Suburban,2,1,Home Purchase,0
3190,44,100753,647,0.54,4,19,5,5,0,2,Unstable,Rural,0,2,Home Purchase,0
3191,27,51135,644,0.49,1,6,1,4,0,1,Unstable,Urban,2,2,None,0
3192,28,46361,780,0.51,3,9,9,6,0,3,Unstable,Rural,4,0,Home Purchase,1
3193,50,71179,788,0.38,4,13,2,7,1,3,Unstable,Rural,1,1,Marriage,1
3194,35,89562,819,0.23,3,12,2,1,0,2,Unstable,Urban,0,0,Child Birth,1
3195,26,61451,557,0.42,3,15,4,3,0,1,Unstable,Suburban,0,0,None,0
3196,38,91192,687,0.32,5,7,2,2,1,5,Stable,Urban,1,2,Home Purchase,0
3197,68,77251,732,0.1,3,12,6,5,1,5,Unstable,Suburban,3,2,Child Birth,0
3198,54,54969,772,0.34,1,17,5,8,1,2,Stable,Urban,2,0,None,0
3199,36,74083,752,0.43,1,13,3,5,0,1,Unstable,Urban,0,0,Home Purchase,0
3200,50,49129,614,0.11,2,17,2,9,1,3,Stable,Urban,1,1,Marriage,1
3201,68,65965,751,0.41,5,8,6,1,0,3,Unstable,Suburban,0,2,None,0
3202,57,33171,732,0.43,2,18,2,6,0,3,Stable,Suburban,3,2,Marriage,0
3203,37,58296,731,0.18,3,2,4,3,0,4,Unstable,Rural,2,2,Home Purchase,1
3204,38,84992,590,0.32,4,17,5,2,0,3,Unstable,Urban,2,2,Child Birth,0
3205,48,79178,606,0.58,1,12,8,4,1,5,Unstable,Rural,2,0,None,0
3206,58,75521,850,0.54,4,13,1,3,1,1,Stable,Urban,3,1,None,0
3207,68,67186,798,0.31,2,15,7,9,1,3,Unstable,Rural,0,1,Child Birth,1
3208,50,63996,693,0.27,2,11,6,9,0,2,Stable,Suburban,1,2,Child Birth,1
3209,45,28323,695,0.16,1,9,3,8,0,2,Unstable,Suburban,1,0,None,0
3210,52,54847,850,0.12,2,8,1,7,0,5,Stable,Urban,2,0,None,1
3211,60,64565,704,0.25,4,15,2,3,0,3,Stable,Suburban,0,0,Child Birth,1
3212,64,31889,688,0.57,2,17,1,3,0,5,Stable,Rural,4,0,None,0
3213,26,20000,620,0.58,4,14,3,7,1,5,Unstable,Suburban,1,2,Child Birth,0
3214,66,88220,676,0.51,3,5,1,4,1,5,Stable,Suburban,1,0,None,1
3215,33,61270,531,0.28,5,16,5,8,0,4,Unstable,Rural,0,2,None,0
3216,47,65249,752,0.17,1,8,6,1,0,3,Stable,Suburban,1,0,None,0
3217,39,73890,825,0.4,2,17,1,1,0,2,Unstable,Rural,4,2,None,0
3218,37,35445,827,0.42,1,11,1,7,0,4,Stable,Suburban,3,0,Home Purchase,1
3219,47,49912,629,0.31,2,18,4,9,0,5,Unstable,Urban,2,2,Child Birth,1
3220,41,97601,470,0.45,3,2,4,2,0,2,Stable,Suburban,3,2,Child Birth,0
3221,26,47783,733,0.47,4,1,8,5,1,5,Unstable,Urban,2,0,Child Birth,0
3222,44,53353,831,0.49,1,9,7,2,0,4,Unstable,Suburban,2,0,Home Purchase,1
3223,44,43262,539,0.35,3,8,7,9,0,1,Stable,Rural,2,2,None,0
3224,27,41478,662,0.5,3,2,9,9,0,5,Stable,Rural,3,1,Child Birth,0
3225,36,87637,735,0.11,5,12,8,1,1,5,Stable,Suburban,4,0,None,1
3226,64,20000,615,0.44,3,6,3,7,0,2,Stable,Urban,1,2,Child Birth,0
3227,26,48574,527,0.22,5,2,4,1,0,2,Unstable,Rural,1,1,Child Birth,0
3228,60,65635,625,0.24,3,12,8,7,0,5,Unstable,Urban,4,2,None,0
3229,38,102419,643,0.15,4,18,5,8,0,3,Unstable,Rural,1,1,Marriage,0
3230,40,31619,511,0.2,3,5,5,1,1,2,Unstable,Rural,4,0,Marriage,0
3231,43,27358,807,0.6,4,13,8,3,0,1,Unstable,Rural,3,1,Marriage,0
3232,58,38497,850,0.31,2,4,8,5,0,1,Stable,Rural,2,1,Child Birth,0
3233,68,77542,702,0.56,3,8,6,7,1,5,Stable,Suburban,1,1,Child Birth,0
3234,30,63132,772,0.18,3,10,9,5,0,2,Unstable,Urban,0,0,Marriage,0
3235,37,23934,552,0.2,2,14,4,3,0,1,Stable,Rural,3,0,Marriage,0
3236,60,62488,685,0.38,5,2,1,8,0,4,Stable,Urban,4,1,Home Purchase,1
3237,46,98785,642,0.27,4,2,2,6,1,1,Stable,Rural,3,2,Home Purchase,1
3238,42,66612,741,0.42,2,4,1,1,1,2,Unstable,Suburban,2,1,Child Birth,0
3239,36,64113,430,0.31,2,11,4,7,1,5,Stable,Suburban,2,1,Marriage,0
3240,54,65618,669,0.51,1,9,9,9,0,1,Stable,Rural,2,2,Child Birth,0
3241,64,70362,762,0.32,2,18,6,1,1,5,Stable,Urban,0,0,None,1
3242,31,28322,723,0.39,5,17,6,7,0,4,Unstable,Suburban,0,2,Marriage,1
3243,56,54201,778,0.26,5,2,6,2,1,1,Unstable,Urban,0,1,None,1
3244,43,55506,640,0.45,5,7,1,1,0,5,Unstable,Rural,3,1,Child Birth,0
3245,30,47913,417,0.43,4,12,1,1,0,1,Stable,Urban,2,2,None,0
3246,44,77153,809,0.3,4,16,3,3,1,1,Unstable,Urban,1,0,Home Purchase,1
3247,51,44150,775,0.24,3,10,5,1,0,2,Unstable,Urban,4,1,Child Birth,1
3248,67,51000,850,0.41,2,11,2,2,0,2,Stable,Suburban,1,0,Marriage,1
3249,61,28495,707,0.57,5,9,1,7,0,3,Unstable,Suburban,3,0,Home Purchase,1
3250,31,69457,741,0.17,2,4,9,8,1,2,Stable,Rural,4,1,None,0
3251,29,83547,850,0.5,3,16,1,3,1,2,Stable,Urban,3,2,Home Purchase,0
3252,35,50974,514,0.37,3,19,4,7,1,3,Unstable,Urban,2,1,Child Birth,0
3253,39,80184,744,0.36,5,5,9,7,0,3,Unstable,Urban,4,2,Marriage,0
3254,27,56326,821,0.58,2,12,2,4,1,1,Unstable,Urban,2,2,Marriage,0
3255,29,20000,721,0.4,3,10,3,1,0,1,Unstable,Rural,3,1,Marriage,0
3256,47,58712,706,0.52,1,14,4,4,0,1,Stable,Rural,2,2,Child Birth,1
3257,61,55610,551,0.36,4,12,2,1,0,2,Stable,Suburban,1,0,None,0
3258,33,62574,846,0.22,2,4,2,4,1,5,Stable,Suburban,2,1,None,0
3259,39,66329,806,0.45,5,9,6,5,0,5,Stable,Urban,1,0,Home Purchase,1
3260,27,42901,828,0.56,3,14,5,9,1,2,Stable,Suburban,1,2,Marriage,0
3261,53,96782,697,0.52,3,5,5,7,1,4,Unstable,Urban,2,2,Home Purchase,0
3262,30,58345,667,0.2,3,9,9,9,0,1,Stable,Rural,3,2,Child Birth,0
3263,41,55008,699,0.26,4,2,7,9,1,2,Stable,Urban,2,2,Marriage,1
3264,50,78613,850,0.36,2,12,9,8,0,4,Stable,Suburban,3,0,Home Purchase,1
3265,45,60463,673,0.39,3,12,1,2,0,1,Unstable,Urban,1,2,None,0
3266,32,124146,848,0.2,4,13,2,5,0,3,Stable,Rural,4,1,Child Birth,0
3267,45,54752,685,0.22,1,11,5,4,0,2,Stable,Urban,0,2,Marriage,0
3268,35,68795,614,0.48,2,8,7,1,0,4,Unstable,Urban,0,2,Home Purchase,0
3269,62,41271,492,0.47,5,12,8,6,0,5,Stable,Suburban,0,0,Marriage,1
3270,32,81763,757,0.52,2,9,7,5,0,2,Unstable,Suburban,1,0,Child Birth,1
3271,66,67717,776,0.57,3,12,9,7,0,5,Unstable,Rural,4,2,None,1
3272,48,51525,584,0.25,5,11,3,1,0,4,Unstable,Suburban,2,0,None,0
3273,59,38189,847,0.53,2,19,5,5,0,2,Stable,Rural,3,1,Child Birth,0
3274,38,27264,561,0.43,5,8,6,3,0,2,Unstable,Rural,2,0,Home Purchase,0
3275,38,70467,770,0.58,2,7,7,4,1,2,Stable,Urban,0,1,Child Birth,1
3276,34,25328,775,0.24,1,14,7,4,0,2,Unstable,Rural,4,1,Home Purchase,0
3277,36,92711,807,0.23,1,2,4,6,0,3,Stable,Urban,1,0,Home Purchase,1
3278,62,28428,502,0.45,1,12,1,4,0,2,Unstable,Rural,0,1,None,1
3279,68,55540,806,0.56,2,1,8,7,0,4,Unstable,Urban,3,2,None,1
3280,58,37961,685,0.51,5,10,1,3,1,4,Stable,Rural,0,1,Home Purchase,0
3281,65,60817,665,0.46,1,1,1,8,0,3,Stable,Suburban,3,0,Child Birth,0
3282,34,60662,782,0.29,4,10,9,2,0,2,Stable,Urban,0,1,Child Birth,0
3283,41,71120,796,0.46,4,8,3,2,1,2,Unstable,Suburban,4,2,Child Birth,0
3284,41,21843,501,0.5,1,13,9,1,0,1,Stable,Suburban,2,2,Child Birth,0
3285,27,40907,571,0.48,1,14,1,6,0,1,Unstable,Suburban,1,2,Child Birth,1
3286,55,84263,819,0.44,3,10,7,6,0,5,Unstable,Suburban,0,0,None,1
3287,25,76463,747,0.12,4,1,5,6,0,3,Unstable,Rural,1,2,Marriage,0
3288,36,20000,718,0.43,4,6,4,1,1,1,Unstable,Urban,2,1,None,0
3289,63,69430,601,0.34,1,12,5,4,0,4,Unstable,Urban,3,0,None,0
3290,28,34188,743,0.58,3,15,1,1,0,4,Stable,Urban,2,0,Child Birth,1
3291,66,45204,821,0.4,5,13,7,2,0,4,Stable,Suburban,2,0,Child Birth,1
3292,37,54316,850,0.4,3,15,2,8,1,3,Stable,Urban,4,1,Marriage,0
3293,58,98934,664,0.6,3,16,9,8,1,4,Unstable,Rural,2,1,Child Birth,0
3294,66,33932,787,0.15,4,12,5,1,1,1,Unstable,Urban,3,0,Marriage,1
3295,45,24902,850,0.24,1,11,5,1,0,1,Unstable,Urban,2,0,None,1
3296,46,71257,555,0.43,1,12,3,3,1,5,Stable,Rural,0,2,Marriage,0
3297,28,59299,850,0.26,1,2,2,7,0,5,Stable,Suburban,0,0,Child Birth,0
3298,42,90175,720,0.27,3,3,8,6,0,3,Unstable,Rural,1,1,Marriage,0
3299,29,51179,707,0.55,3,17,9,3,0,5,Unstable,Urban,4,2,None,1
3300,43,90270,645,0.39,2,14,3,8,0,3,Unstable,Urban,1,0,Home Purchase,0
3301,26,60406,663,0.15,5,7,8,8,0,2,Unstable,Suburban,0,1,Home Purchase,0
3302,36,73227,625,0.26,2,14,6,6,0,5,Stable,Urban,2,0,None,1
3303,41,100598,604,0.14,5,9,9,1,1,3,Unstable,Rural,3,0,None,0
3304,34,55818,744,0.38,2,10,4,8,0,1,Stable,Urban,3,0,None,0
3305,58,86116,811,0.19,2,11,3,5,0,5,Unstable,Urban,4,2,Child Birth,1
3306,30,44660,595,0.53,2,11,7,9,0,5,Unstable,Rural,2,2,None,0
3307,32,65688,630,0.39,2,19,1,9,1,3,Stable,Suburban,1,0,Child Birth,1
3308,35,23883,725,0.13,3,13,3,2,1,2,Unstable,Urban,1,1,Marriage,1
3309,36,47392,588,0.25,5,10,7,6,1,5,Stable,Rural,2,0,Child Birth,0
3310,33,33549,724,0.41,2,16,7,4,0,3,Unstable,Urban,0,0,None,1
3311,26,90518,673,0.27,2,10,9,7,0,2,Unstable,Suburban,1,2,Child Birth,1
3312,32,103469,536,0.36,1,10,9,6,0,3,Stable,Rural,2,0,None,1
3313,35,51132,747,0.55,3,12,7,7,0,2,Stable,Urban,3,0,Child Birth,0
3314,60,40674,643,0.28,4,1,3,5,0,4,Unstable,Suburban,4,2,None,1
3315,34,27151,802,0.27,1,18,3,9,1,5,Stable,Rural,4,1,None,1
3316,45,66613,680,0.51,4,11,5,1,0,4,Unstable,Urban,4,2,Child Birth,0
3317,44,44942,628,0.26,2,7,9,7,1,3,Unstable,Suburban,0,2,Child Birth,1
3318,32,46282,696,0.14,5,14,1,9,0,4,Unstable,Suburban,4,1,Home Purchase,0
3319,60,100739,824,0.19,4,8,1,8,0,2,Unstable,Suburban,3,1,Child Birth,1
3320,53,52590,850,0.57,4,4,9,1,0,1,Unstable,Suburban,1,1,Child Birth,0
3321,66,74666,759,0.57,4,3,7,8,0,4,Stable,Urban,4,1,Child Birth,1
3322,36,61324,641,0.21,5,10,4,3,1,3,Stable,Rural,2,1,Child Birth,0
3323,38,26119,703,0.38,1,9,1,6,1,5,Unstable,Rural,0,2,Child Birth,0
3324,45,20000,690,0.17,3,15,6,9,0,4,Stable,Urban,0,1,None,0
3325,46,72188,684,0.44,5,8,9,7,1,4,Stable,Suburban,4,0,Marriage,0
3326,45,102602,674,0.19,1,13,6,5,1,1,Unstable,Suburban,3,1,Marriage,1
3327,68,67874,603,0.12,2,7,5,8,1,3,Unstable,Urban,0,2,None,0
3328,54,75602,797,0.51,1,13,1,8,0,4,Stable,Urban,0,0,Child Birth,0
3329,63,37382,786,0.26,4,6,9,6,0,5,Stable,Suburban,3,1,Child Birth,1
3330,44,85372,702,0.15,1,10,9,6,0,2,Stable,Rural,0,0,Child Birth,0
3331,48,85062,825,0.52,1,19,1,9,0,5,Unstable,Urban,3,2,None,1
3332,47,42595,759,0.48,2,11,4,4,0,4,Stable,Suburban,0,1,None,0
3333,31,73635,588,0.44,2,16,1,3,1,4,Unstable,Urban,0,2,Child Birth,0
3334,33,20000,664,0.56,1,14,4,8,0,1,Stable,Urban,1,2,Marriage,0
3335,25,78097,848,0.34,5,9,7,9,0,3,Unstable,Suburban,2,1,Marriage,0
3336,50,45689,663,0.16,2,16,8,4,1,1,Stable,Urban,0,1,Home Purchase,0
3337,62,29321,630,0.13,4,9,3,2,0,5,Stable,Urban,4,0,Marriage,1
3338,62,70065,772,0.26,5,6,3,6,1,3,Unstable,Suburban,1,1,Marriage,0
3339,68,20000,671,0.14,1,6,5,9,0,1,Unstable,Rural,0,0,Marriage,0
3340,46,68560,756,0.37,4,18,6,2,1,4,Stable,Urban,3,2,Marriage,1
3341,68,31693,696,0.11,4,19,3,9,0,3,Stable,Urban,4,2,None,0
3342,34,26343,620,0.32,5,17,6,5,1,2,Unstable,Urban,2,1,Home Purchase,1
3343,30,61496,630,0.19,1,4,7,4,0,2,Unstable,Urban,0,1,Child Birth,0
3344,41,55686,531,0.28,4,19,6,8,0,5,Stable,Urban,0,2,Home Purchase,0
3345,62,96419,589,0.44,2,11,6,2,0,1,Unstable,Rural,2,1,Child Birth,0
3346,48,27879,762,0.28,2,11,2,7,1,5,Stable,Suburban,0,1,Child Birth,0
3347,34,94376,820,0.27,5,11,4,7,0,2,Stable,Suburban,3,0,Marriage,1
3348,32,31558,638,0.6,2,19,1,1,1,4,Unstable,Rural,3,1,Marriage,1
3349,45,82986,562,0.46,3,8,5,8,1,4,Unstable,Suburban,0,0,Home Purchase,0
3350,30,87652,813,0.36,1,16,3,1,0,4,Stable,Rural,2,1,None,1
3351,45,68036,816,0.39,4,8,3,9,1,4,Stable,Rural,0,2,Marriage,1
3352,63,40226,772,0.41,4,9,4,2,0,4,Stable,Suburban,0,2,None,0
3353,48,21926,554,0.11,5,12,9,7,1,2,Stable,Urban,1,0,Marriage,0
3354,57,20000,751,0.14,5,12,6,5,1,3,Stable,Suburban,2,0,Marriage,0
3355,42,106307,755,0.42,4,2,8,5,0,4,Stable,Suburban,4,0,Marriage,0
3356,52,52578,790,0.28,2,6,5,5,1,3,Unstable,Rural,2,0,None,0
3357,56,32383,715,0.13,5,4,6,9,0,4,Stable,Suburban,3,0,Home Purchase,1
3358,36,31420,624,0.25,3,13,3,2,1,5,Stable,Rural,3,0,None,0
3359,66,64196,659,0.17,5,4,7,9,1,1,Unstable,Suburban,0,1,Marriage,0
3360,51,50128,817,0.56,2,9,9,7,1,3,Unstable,Rural,0,1,None,0
3361,34,20000,737,0.2,1,7,9,3,0,1,Unstable,Rural,3,2,None,0
3362,66,81613,569,0.17,3,6,7,3,0,2,Stable,Suburban,2,2,Home Purchase,1
3363,56,68374,850,0.41,5,18,3,2,0,5,Stable,Rural,3,0,None,0
3364,66,105997,815,0.36,1,15,5,5,0,4,Stable,Urban,3,0,Child Birth,1
3365,50,88519,850,0.39,1,16,9,3,0,4,Unstable,Suburban,0,0,Marriage,0
3366,49,20000,813,0.32,4,1,9,2,1,2,Stable,Suburban,3,1,None,0
3367,35,95424,607,0.33,2,10,3,4,1,3,Stable,Suburban,2,0,None,1
3368,47,90187,733,0.49,4,4,5,9,0,4,Unstable,Rural,0,2,Home Purchase,0
3369,58,41590,760,0.21,2,4,1,1,0,3,Stable,Urban,4,2,Home Purchase,0
3370,64,49185,565,0.3,1,18,7,9,0,4,Unstable,Urban,1,0,Home Purchase,1
3371,47,70293,582,0.58,5,13,2,7,0,3,Stable,Urban,0,2,Home Purchase,0
3372,53,34644,774,0.19,2,1,6,2,0,1,Stable,Suburban,0,0,None,0
3373,55,53931,782,0.25,2,10,6,2,0,3,Stable,Rural,3,2,Home Purchase,0
3374,31,85000,850,0.2,1,1,7,5,0,2,Unstable,Urban,2,0,Home Purchase,1
3375,64,72943,673,0.11,3,2,3,3,0,4,Stable,Suburban,0,0,Home Purchase,0
3376,57,43330,531,0.23,1,9,8,1,0,5,Stable,Suburban,3,2,Marriage,1
3377,45,85569,684,0.12,1,1,5,8,0,3,Stable,Urban,4,1,Marriage,0
3378,26,67572,784,0.18,2,15,4,5,1,5,Unstable,Suburban,0,2,Home Purchase,0
3379,42,66717,663,0.28,1,15,9,5,1,3,Stable,Urban,4,0,Home Purchase,0
3380,57,47126,710,0.11,4,2,9,6,0,1,Stable,Rural,2,1,Home Purchase,1
3381,61,59836,635,0.48,1,12,2,8,0,5,Unstable,Suburban,0,2,None,0
3382,58,40647,819,0.5,5,18,1,4,0,2,Stable,Suburban,0,1,Marriage,0
3383,44,20000,774,0.31,1,10,3,3,0,5,Unstable,Rural,0,0,None,0
3384,59,53005,617,0.59,1,13,8,7,1,3,Stable,Rural,2,0,Child Birth,0
3385,42,56946,647,0.44,5,9,4,1,1,2,Unstable,Rural,1,0,Marriage,0
3386,48,63432,632,0.47,3,3,5,2,0,1,Unstable,Urban,1,0,Home Purchase,0
3387,32,90303,514,0.2,3,8,5,3,1,5,Unstable,Rural,3,1,Home Purchase,0
3388,54,43692,623,0.52,3,14,2,5,0,2,Stable,Urban,3,0,Marriage,0
3389,68,50806,522,0.57,4,16,1,4,1,5,Stable,Suburban,4,2,Child Birth,0
3390,34,79154,793,0.22,5,6,8,3,0,1,Stable,Urban,0,1,Home Purchase,1
3391,47,41186,801,0.44,4,9,5,4,0,1,Stable,Rural,3,1,Home Purchase,0
3392,35,63843,670,0.47,4,4,2,7,0,1,Unstable,Rural,4,2,None,1
3393,26,49792,720,0.25,4,19,7,7,0,1,Stable,Rural,4,0,None,1
3394,50,53909,807,0.34,5,15,2,5,1,2,Stable,Suburban,2,2,Marriage,0
3395,60,78953,778,0.15,2,11,6,5,1,2,Unstable,Suburban,4,2,Home Purchase,0
3396,57,50663,850,0.19,2,10,9,7,1,1,Unstable,Rural,3,2,Child Birth,0
3397,37,79768,725,0.13,3,8,4,4,0,3,Stable,Rural,3,2,Marriage,1
3398,64,20000,845,0.38,4,3,5,1,0,2,Unstable,Urban,1,1,Marriage,0
3399,49,24259,709,0.41,3,19,1,4,0,1,Stable,Suburban,2,2,None,1
3400,28,20000,688,0.56,4,4,1,9,1,2,Unstable,Suburban,1,2,None,1
3401,66,30855,767,0.37,3,13,9,2,0,5,Stable,Rural,0,1,None,0
3402,43,106421,755,0.23,1,9,5,1,1,3,Unstable,Urban,1,0,Child Birth,0
3403,42,59561,639,0.13,5,13,3,9,0,1,Unstable,Rural,0,2,Marriage,0
3404,61,41967,617,0.54,4,9,2,6,0,3,Unstable,Suburban,0,0,Home Purchase,0
3405,54,79570,707,0.34,4,19,7,2,1,2,Unstable,Rural,3,2,Marriage,0
3406,43,83100,510,0.47,4,16,4,7,1,2,Unstable,Suburban,3,0,Home Purchase,1
3407,47,29478,669,0.11,5,18,3,4,0,5,Unstable,Suburban,0,2,Home Purchase,0
3408,40,122455,601,0.34,1,19,2,9,0,1,Unstable,Urban,4,2,None,1
3409,25,66908,642,0.26,2,17,4,6,0,1,Stable,Urban,1,1,Child Birth,1
3410,36,70058,622,0.12,5,12,9,7,1,4,Unstable,Urban,2,2,None,0
3411,48,72430,776,0.49,1,11,7,3,0,5,Unstable,Rural,4,1,Home Purchase,0
3412,58,72378,744,0.36,3,17,1,6,0,3,Stable,Urban,1,0,Home Purchase,0
3413,32,44463,705,0.27,4,6,3,1,0,1,Unstable,Rural,0,2,Marriage,0
3414,42,112812,661,0.5,4,15,5,5,0,4,Stable,Suburban,4,1,Child Birth,0
3415,29,52870,803,0.32,2,2,7,5,0,3,Stable,Rural,4,2,Home Purchase,0
3416,50,83937,790,0.1,3,14,5,2,0,2,Unstable,Urban,4,1,Child Birth,0
3417,54,48126,688,0.57,1,3,9,6,0,2,Unstable,Urban,3,1,None,0
3418,37,43693,835,0.23,3,12,7,3,0,5,Unstable,Rural,3,2,Home Purchase,0
3419,43,107546,681,0.52,3,6,1,4,0,2,Unstable,Urban,4,2,None,0
3420,53,57290,720,0.51,2,5,6,3,0,2,Stable,Urban,3,2,None,1
3421,27,59147,642,0.18,1,7,2,1,0,4,Stable,Suburban,2,1,Home Purchase,0
3422,50,67090,660,0.34,2,6,6,1,0,3,Unstable,Urban,3,2,None,0
3423,64,125044,637,0.12,1,19,3,5,1,3,Unstable,Urban,3,1,Child Birth,1
3424,36,114219,768,0.28,5,14,2,6,0,4,Unstable,Urban,0,1,None,0
3425,26,92094,737,0.47,5,18,3,5,0,3,Stable,Rural,2,0,None,0
3426,35,131340,594,0.22,4,14,4,4,1,3,Stable,Rural,0,0,None,1
3427,68,36385,756,0.16,2,8,1,6,0,5,Stable,Urban,3,2,Marriage,0
3428,52,76397,850,0.35,5,14,4,9,1,1,Unstable,Urban,1,2,Child Birth,1
3429,42,61895,633,0.37,3,19,6,4,0,3,Stable,Suburban,4,2,Marriage,0
3430,37,20000,628,0.44,3,3,5,9,0,3,Unstable,Suburban,0,0,None,0
3431,61,71577,700,0.48,5,15,5,7,0,3,Stable,Urban,4,0,Child Birth,0
3432,46,47729,837,0.45,2,16,9,4,1,2,Unstable,Urban,2,1,Home Purchase,1
3433,36,98337,656,0.52,4,15,9,4,1,4,Stable,Urban,3,2,Home Purchase,1
3434,26,50124,850,0.21,3,14,9,3,0,5,Stable,Suburban,3,2,None,0
3435,61,48702,594,0.38,4,15,7,7,0,2,Stable,Rural,3,1,Marriage,0
3436,31,98326,718,0.28,3,7,9,4,0,4,Stable,Rural,2,1,Home Purchase,1
3437,50,58363,529,0.58,1,5,8,4,0,5,Unstable,Suburban,0,0,Home Purchase,0
3438,50,89071,606,0.32,5,9,8,7,0,2,Unstable,Suburban,4,2,None,0
3439,48,70608,678,0.58,2,16,5,7,0,5,Unstable,Rural,0,1,Marriage,0
3440,36,70944,727,0.48,3,2,9,2,1,3,Unstable,Rural,4,0,Child Birth,1
3441,40,53898,824,0.46,5,7,8,8,1,2,Unstable,Suburban,4,0,Child Birth,1
3442,47,72555,630,0.35,4,12,7,7,0,2,Stable,Urban,3,0,None,1
3443,64,56712,742,0.32,2,16,8,1,1,1,Unstable,Suburban,1,0,Marriage,0
3444,33,39904,566,0.36,2,4,9,9,1,3,Unstable,Urban,3,0,Marriage,1
3445,56,57393,800,0.25,5,2,7,8,1,3,Unstable,Rural,4,2,Child Birth,0
3446,39,92195,831,0.55,5,17,9,1,0,2,Unstable,Rural,2,2,None,0
3447,61,73400,803,0.5,5,17,8,5,0,2,Unstable,Rural,2,0,Home Purchase,0
3448,37,79211,803,0.5,1,3,2,6,0,4,Stable,Urban,3,2,Home Purchase,0
3449,29,60036,690,0.32,1,16,3,8,0,1,Stable,Urban,0,0,None,0
3450,35,20000,727,0.14,2,5,6,7,0,2,Stable,Suburban,4,0,Marriage,0
3451,34,29464,690,0.44,5,7,6,5,0,5,Stable,Urban,2,2,Child Birth,0
3452,37,52774,695,0.29,1,13,7,1,0,4,Stable,Rural,4,1,Home Purchase,1
3453,65,31623,625,0.54,2,9,2,4,1,2,Stable,Rural,1,0,Home Purchase,0
3454,39,46891,728,0.49,3,8,1,9,0,3,Unstable,Urban,3,2,None,1
3455,66,45986,741,0.17,5,1,5,8,0,1,Unstable,Rural,3,0,Home Purchase,0
3456,31,46739,798,0.4,1,4,2,2,1,4,Unstable,Suburban,2,1,Marriage,1
3457,64,95929,739,0.45,2,7,9,2,0,5,Stable,Suburban,4,0,Child Birth,1
3458,52,58675,788,0.38,5,11,3,8,1,4,Stable,Suburban,3,0,Child Birth,1
3459,56,83366,625,0.36,2,8,2,3,0,1,Unstable,Urban,0,0,Child Birth,1
3460,59,64098,842,0.21,3,8,7,5,0,1,Stable,Urban,1,0,Home Purchase,0
3461,39,95393,675,0.22,2,11,6,9,1,4,Unstable,Rural,2,2,Home Purchase,0
3462,60,85524,495,0.48,2,7,8,2,0,5,Stable,Rural,2,1,Home Purchase,0
3463,45,45212,661,0.11,3,11,9,8,0,4,Unstable,Suburban,2,1,Marriage,0
3464,30,109040,757,0.49,4,18,3,2,0,3,Unstable,Rural,1,2,Home Purchase,0
3465,25,48636,708,0.36,5,4,8,3,0,4,Stable,Rural,1,2,Home Purchase,1
3466,28,65000,505,0.57,3,6,4,7,1,2,Unstable,Suburban,0,1,None,0
3467,35,69425,721,0.6,3,7,2,7,1,2,Unstable,Suburban,3,2,Home Purchase,1
3468,68,72209,712,0.43,5,10,4,5,0,5,Unstable,Suburban,0,0,Child Birth,0
3469,50,79904,602,0.31,2,8,4,1,0,2,Stable,Rural,3,0,Child Birth,0
3470,61,41080,756,0.34,1,4,8,2,0,2,Unstable,Urban,4,0,Home Purchase,0
3471,47,77808,686,0.2,5,9,8,7,1,4,Unstable,Rural,1,2,Marriage,1
3472,53,74528,504,0.15,3,6,7,8,0,4,Stable,Suburban,3,2,Home Purchase,0
3473,45,60011,769,0.39,2,17,4,6,0,1,Unstable,Urban,3,2,Home Purchase,0
3474,69,55256,717,0.5,4,19,2,3,1,2,Stable,Suburban,2,2,Marriage,0
3475,69,39797,850,0.23,2,14,1,3,0,2,Unstable,Urban,3,2,Marriage,0
3476,51,72008,613,0.31,1,1,2,9,0,1,Unstable,Suburban,3,2,Home Purchase,0
3477,63,43488,676,0.38,2,6,2,3,0,1,Unstable,Suburban,1,0,Home Purchase,0
3478,64,65947,806,0.55,1,7,3,6,1,5,Unstable,Suburban,4,1,Marriage,1
3479,37,57466,608,0.17,4,1,5,3,0,1,Stable,Urban,0,1,Marriage,0
3480,47,26645,803,0.22,4,17,1,3,0,1,Unstable,Urban,2,2,Home Purchase,0
3481,40,36664,805,0.56,2,17,5,9,0,2,Stable,Urban,4,0,Home Purchase,1
3482,54,70119,731,0.12,5,7,7,8,0,3,Unstable,Rural,1,1,Home Purchase,0
3483,28,46892,683,0.43,5,14,1,7,0,5,Unstable,Rural,3,1,Marriage,0
3484,64,46039,635,0.42,5,7,4,3,0,5,Unstable,Suburban,0,2,Marriage,0
3485,40,40901,627,0.29,4,13,2,5,0,4,Unstable,Suburban,1,0,Marriage,0
3486,55,41749,731,0.33,1,18,8,1,0,5,Unstable,Suburban,3,1,Home Purchase,1
3487,66,101066,412,0.53,3,7,2,2,1,1,Unstable,Rural,0,2,Child Birth,1
3488,49,32001,644,0.18,2,2,1,9,1,5,Unstable,Rural,4,2,Child Birth,0
3489,68,96822,630,0.22,1,19,2,3,1,5,Unstable,Rural,3,0,None,1
3490,36,51731,601,0.36,3,14,4,5,1,4,Unstable,Rural,4,1,Home Purchase,0
3491,50,43656,718,0.3,4,1,5,4,1,4,Stable,Urban,3,2,Marriage,0
3492,61,69595,553,0.39,3,16,2,8,0,5,Stable,Urban,1,1,Child Birth,0
3493,57,61326,820,0.56,4,7,4,1,1,2,Stable,Suburban,4,0,Marriage,1
3494,52,55062,791,0.56,4,16,7,6,0,1,Unstable,Rural,4,0,Child Birth,0
3495,33,65497,835,0.22,1,12,5,6,0,1,Stable,Rural,4,0,Home Purchase,0
3496,36,60929,647,0.25,5,5,8,8,1,1,Unstable,Suburban,3,0,Child Birth,0
3497,29,54610,720,0.18,5,17,9,1,0,4,Unstable,Suburban,0,0,Home Purchase,0
3498,52,83391,782,0.56,1,13,1,4,0,1,Unstable,Urban,1,0,None,1
3499,59,23825,686,0.3,2,14,1,1,1,2,Stable,Urban,3,0,Home Purchase,0
3500,29,37133,643,0.32,4,16,3,9,0,1,Unstable,Suburban,3,1,Home Purchase,1
3501,58,40294,711,0.5,2,13,8,6,0,4,Stable,Suburban,1,2,None,0
3502,58,33551,679,0.36,4,18,1,7,0,2,Unstable,Urban,0,0,Child Birth,1
3503,37,62148,592,0.16,4,18,2,1,0,5,Unstable,Suburban,0,2,Marriage,1
3504,63,72635,461,0.32,5,9,1,4,1,3,Stable,Suburban,1,2,Marriage,0
3505,66,20000,607,0.42,5,1,1,7,1,2,Stable,Urban,4,2,Child Birth,0
3506,69,48148,464,0.46,4,2,9,4,0,4,Unstable,Urban,0,2,Marriage,0
3507,38,51958,613,0.42,5,8,1,5,0,2,Unstable,Urban,0,0,Home Purchase,0
3508,35,52853,841,0.16,5,13,4,1,1,2,Unstable,Suburban,1,2,Marriage,0
3509,66,27872,515,0.25,3,6,7,3,1,4,Stable,Urban,3,2,None,0
3510,62,52166,744,0.47,3,19,5,8,0,3,Stable,Urban,4,0,Marriage,1
3511,28,37221,822,0.54,4,19,5,9,0,5,Unstable,Urban,3,0,Marriage,1
3512,57,51640,542,0.12,5,2,7,8,0,4,Unstable,Suburban,0,1,Home Purchase,1
3513,31,20000,850,0.12,3,10,6,4,0,5,Unstable,Urban,0,2,None,0
3514,65,51811,692,0.42,2,5,6,1,0,5,Stable,Suburban,2,1,Child Birth,0
3515,32,42024,835,0.37,4,1,8,4,0,1,Unstable,Urban,3,0,Marriage,0
3516,61,53437,727,0.18,4,13,9,6,0,2,Unstable,Suburban,1,1,Home Purchase,1
3517,34,67519,653,0.37,2,12,2,2,0,3,Stable,Rural,3,1,Marriage,0
3518,67,58881,409,0.59,4,10,4,7,0,5,Stable,Rural,1,1,Marriage,1
3519,39,79834,588,0.42,5,3,9,3,1,5,Unstable,Suburban,0,2,Home Purchase,0
3520,62,50980,767,0.32,3,15,1,8,0,2,Unstable,Rural,0,1,Home Purchase,1
3521,39,75472,850,0.51,1,5,8,4,0,1,Stable,Suburban,4,2,Home Purchase,0
3522,29,88124,559,0.21,3,19,1,9,0,1,Stable,Urban,3,1,Home Purchase,0
3523,53,66843,694,0.31,2,19,4,1,1,3,Unstable,Rural,0,0,Marriage,0
3524,43,59480,655,0.36,1,13,9,1,1,1,Unstable,Rural,4,2,Child Birth,0
3525,34,70359,741,0.35,5,8,4,5,0,3,Stable,Rural,0,1,None,1
3526,36,67727,708,0.56,5,8,5,9,0,3,Unstable,Suburban,4,1,Home Purchase,1
3527,28,85031,662,0.25,3,6,9,6,0,5,Stable,Urban,3,2,None,0
3528,55,79844,763,0.13,4,9,8,2,0,3,Stable,Suburban,1,0,Marriage,1
3529,42,80145,630,0.56,4,14,1,9,1,4,Stable,Suburban,4,2,None,0
3530,40,61100,701,0.21,2,5,3,7,0,3,Unstable,Suburban,0,1,Marriage,0
3531,64,68530,777,0.29,4,16,4,5,1,3,Unstable,Rural,2,1,None,1
3532,60,68063,627,0.37,5,14,3,7,0,4,Unstable,Suburban,2,0,Child Birth,0
3533,49,29815,664,0.59,1,10,9,9,0,2,Unstable,Suburban,3,0,Marriage,0
3534,47,86722,644,0.37,3,17,6,8,1,1,Stable,Urban,1,0,Child Birth,0
3535,36,20000,745,0.32,3,16,3,8,0,1,Unstable,Urban,2,2,Child Birth,0
3536,58,77804,734,0.39,3,17,8,9,0,1,Unstable,Suburban,2,1,None,0
3537,60,66674,648,0.59,4,16,9,3,1,2,Unstable,Rural,4,2,Marriage,0
3538,61,52892,734,0.51,1,10,4,1,1,4,Unstable,Rural,1,0,None,0
3539,27,69779,418,0.18,4,18,5,4,0,1,Stable,Suburban,2,1,Marriage,0
3540,33,70464,783,0.5,4,6,3,9,0,1,Stable,Suburban,1,2,Home Purchase,0
3541,42,27305,789,0.52,5,17,5,1,0,3,Unstable,Rural,4,2,Marriage,1
3542,67,95403,649,0.45,5,9,2,1,0,2,Unstable,Urban,1,2,None,0
3543,59,61803,629,0.43,4,8,2,6,1,1,Stable,Urban,4,2,Marriage,0
3544,58,117868,694,0.32,2,8,5,4,1,2,Stable,Suburban,3,1,Child Birth,0
3545,65,79744,608,0.42,2,12,7,1,1,1,Stable,Urban,1,2,Home Purchase,0
3546,38,61234,624,0.47,2,18,1,4,1,1,Unstable,Rural,1,1,None,0
3547,28,42749,730,0.16,4,2,3,6,0,1,Unstable,Urban,2,1,Child Birth,1
3548,53,57229,780,0.23,1,3,1,8,0,4,Unstable,Suburban,3,2,Child Birth,1
3549,65,63745,731,0.2,2,11,8,9,0,3,Unstable,Urban,1,1,Home Purchase,0
3550,69,96635,850,0.52,5,13,2,6,0,4,Unstable,Urban,2,2,Marriage,0
3551,39,90666,824,0.44,3,18,6,2,0,2,Stable,Urban,2,0,Child Birth,0
3552,52,71287,773,0.33,3,11,6,6,0,3,Unstable,Rural,4,2,Home Purchase,0
3553,66,104229,769,0.51,4,14,9,1,0,5,Unstable,Urban,2,1,Marriage,1
3554,40,20000,708,0.46,3,4,6,1,0,4,Unstable,Urban,0,1,Marriage,0
3555,36,71569,750,0.56,4,4,6,1,0,3,Stable,Rural,4,0,Child Birth,1
3556,29,91391,719,0.14,3,10,1,6,0,1,Unstable,Urban,4,2,None,1
3557,58,73685,805,0.35,1,2,7,7,0,1,Unstable,Suburban,4,0,None,0
3558,66,26679,672,0.45,1,18,6,1,0,4,Unstable,Urban,3,2,None,0
3559,25,94736,666,0.2,1,11,8,3,0,3,Stable,Urban,1,0,Home Purchase,1
3560,63,79033,817,0.26,1,5,1,3,0,4,Stable,Suburban,2,2,Marriage,1
3561,56,68575,654,0.31,2,17,8,7,0,5,Unstable,Suburban,2,0,Marriage,1
3562,50,62208,605,0.5,5,2,8,4,0,2,Stable,Urban,1,2,Home Purchase,0
3563,41,109842,625,0.35,1,3,1,9,0,4,Unstable,Rural,4,0,None,0
3564,51,71112,774,0.35,2,7,7,9,0,2,Stable,Suburban,4,0,Marriage,0
3565,48,53952,850,0.32,4,2,7,4,0,3,Unstable,Suburban,0,1,Marriage,0
3566,59,39715,611,0.21,3,2,7,3,0,5,Unstable,Urban,0,1,Home Purchase,0
3567,66,78938,764,0.56,3,8,3,6,0,4,Unstable,Rural,2,1,None,0
3568,63,84655,715,0.26,2,16,3,9,0,3,Stable,Suburban,4,0,Home Purchase,0
3569,50,61412,812,0.38,3,3,8,8,0,4,Unstable,Rural,3,2,Home Purchase,1
3570,62,46055,763,0.17,1,6,8,7,0,1,Stable,Suburban,1,0,Home Purchase,0
3571,47,93251,819,0.32,3,19,8,7,1,3,Stable,Suburban,4,2,Home Purchase,0
3572,46,37814,729,0.55,1,13,3,5,0,5,Stable,Urban,2,0,Home Purchase,0
3573,28,109236,616,0.6,1,4,4,9,0,3,Unstable,Urban,1,0,Child Birth,0
3574,33,41636,631,0.28,3,17,2,2,0,5,Stable,Rural,2,1,Marriage,0
3575,28,28042,721,0.18,2,9,3,5,0,1,Stable,Urban,2,2,Home Purchase,0
3576,31,31240,746,0.26,4,3,5,5,0,1,Unstable,Suburban,1,0,Home Purchase,0
3577,47,32256,661,0.26,2,1,3,5,0,2,Stable,Urban,0,1,Marriage,0
3578,26,54085,850,0.42,5,1,4,8,0,2,Stable,Urban,3,2,Marriage,0
3579,48,48295,794,0.35,5,17,7,1,0,1,Stable,Rural,2,2,Home Purchase,0
3580,64,85615,491,0.48,1,13,3,4,0,1,Stable,Rural,4,2,Child Birth,1
3581,55,82051,687,0.45,1,5,1,1,0,2,Stable,Urban,3,2,None,0
3582,55,54412,597,0.23,2,19,1,5,0,2,Unstable,Rural,4,0,Marriage,0
3583,64,137584,850,0.49,2,10,4,7,1,2,Stable,Suburban,2,1,Home Purchase,1
3584,67,54080,478,0.52,1,9,1,2,0,3,Stable,Rural,0,0,None,0
3585,58,57412,741,0.4,4,6,6,2,0,1,Unstable,Suburban,2,1,Marriage,0
3586,48,28064,712,0.56,4,17,4,7,1,4,Stable,Urban,2,0,Home Purchase,0
3587,50,57986,781,0.49,5,7,5,2,0,5,Unstable,Urban,4,0,Child Birth,1
3588,40,67435,732,0.4,4,16,6,2,0,5,Stable,Rural,0,1,None,0
3589,37,30394,850,0.55,3,19,2,6,0,5,Unstable,Suburban,1,1,Child Birth,0
3590,39,47532,791,0.4,1,5,1,5,0,5,Stable,Urban,0,2,Child Birth,0
3591,51,68175,516,0.36,2,18,2,1,0,2,Stable,Urban,4,1,None,0
3592,28,46879,840,0.28,1,7,6,7,1,2,Stable,Suburban,2,1,Marriage,0
3593,40,41646,720,0.54,3,5,9,2,0,1,Unstable,Urban,1,2,Home Purchase,0
3594,54,79553,840,0.16,4,8,8,2,0,2,Stable,Urban,3,0,Marriage,0
3595,68,27947,668,0.34,1,9,1,3,1,5,Stable,Suburban,0,0,Marriage,0
3596,54,32801,593,0.37,3,4,5,9,0,3,Unstable,Urban,4,2,None,0
3597,60,64434,574,0.38,4,3,7,1,0,3,Unstable,Rural,3,1,Marriage,0
3598,27,81153,806,0.43,5,12,8,8,0,4,Stable,Urban,4,2,None,1
3599,46,67638,779,0.35,5,9,7,2,0,1,Stable,Rural,0,0,Home Purchase,1
3600,46,54402,640,0.23,5,10,1,9,0,3,Stable,Suburban,2,2,Child Birth,0
3601,36,52365,432,0.53,3,11,4,5,0,3,Unstable,Suburban,2,1,Home Purchase,0
3602,45,85261,809,0.43,3,16,4,9,0,3,Unstable,Suburban,4,2,Marriage,0
3603,28,81475,496,0.53,2,11,9,9,1,5,Stable,Rural,3,2,Marriage,0
3604,55,61246,850,0.24,2,8,6,5,0,5,Stable,Urban,2,2,None,0
3605,68,53059,555,0.42,5,14,6,2,0,4,Unstable,Suburban,0,0,Child Birth,0
3606,55,60881,701,0.46,1,2,5,9,0,2,Unstable,Rural,4,2,Child Birth,0
3607,47,41820,723,0.29,4,4,5,8,1,2,Stable,Rural,3,1,Child Birth,0
3608,44,56245,736,0.51,2,15,9,3,0,2,Stable,Rural,3,0,Marriage,1
3609,39,47761,732,0.1,4,18,2,1,1,3,Stable,Urban,1,0,Child Birth,1
3610,47,57478,713,0.4,1,11,5,5,0,2,Stable,Suburban,2,0,Child Birth,0
3611,52,48657,656,0.41,5,19,1,2,0,2,Unstable,Rural,1,1,None,0
3612,40,73098,677,0.37,4,18,5,9,0,5,Unstable,Urban,3,1,Child Birth,0
3613,61,80460,634,0.42,5,9,4,5,0,5,Stable,Rural,1,2,Home Purchase,0
3614,45,50507,711,0.18,4,5,4,7,1,2,Unstable,Urban,2,0,Child Birth,0
3615,39,39703,524,0.44,1,10,4,1,0,5,Stable,Rural,2,1,Marriage,0
3616,41,77790,731,0.27,2,17,3,1,0,5,Stable,Rural,1,1,Home Purchase,0
3617,61,64618,690,0.33,3,13,6,8,0,3,Unstable,Rural,2,0,Marriage,0
3618,37,50831,784,0.27,5,4,3,8,0,4,Stable,Suburban,3,2,None,1
3619,43,94388,669,0.34,2,14,6,8,0,5,Unstable,Urban,4,1,Child Birth,1
3620,54,45874,760,0.41,4,8,6,7,1,4,Unstable,Urban,1,1,None,0
3621,69,20000,755,0.52,2,15,2,5,1,1,Unstable,Urban,0,0,None,1
3622,42,42301,686,0.34,3,3,9,1,0,2,Stable,Urban,2,0,Child Birth,1
3623,38,100459,735,0.26,5,17,8,8,1,4,Stable,Urban,0,1,None,0
3624,60,52057,565,0.34,5,15,7,7,0,4,Stable,Suburban,1,1,Marriage,0
3625,60,47114,834,0.44,2,1,9,3,1,1,Stable,Rural,1,1,Marriage,0
3626,44,60665,645,0.27,1,5,8,7,0,2,Unstable,Suburban,0,0,Home Purchase,0
3627,43,85276,682,0.31,4,8,9,5,1,2,Stable,Rural,3,0,Home Purchase,0
3628,69,57927,594,0.38,2,9,8,4,0,2,Stable,Urban,4,0,Marriage,1
3629,68,74783,623,0.25,1,2,3,1,1,5,Stable,Rural,2,1,Child Birth,0
3630,31,55268,850,0.2,5,5,1,2,1,3,Stable,Rural,2,0,Home Purchase,1
3631,68,74980,713,0.17,4,4,6,2,1,3,Unstable,Rural,1,2,Home Purchase,1
3632,28,64506,670,0.28,5,12,3,2,0,5,Stable,Rural,0,0,Child Birth,1
3633,58,50050,669,0.12,3,19,3,9,0,2,Unstable,Rural,4,2,Child Birth,0
3634,26,66452,700,0.39,1,2,6,6,0,1,Stable,Suburban,2,0,Child Birth,0
3635,29,46437,772,0.19,3,16,9,5,1,5,Unstable,Urban,0,2,Child Birth,1
3636,34,25545,719,0.29,3,2,5,4,0,5,Stable,Suburban,1,0,Child Birth,0
3637,56,59502,721,0.23,3,10,1,9,1,4,Unstable,Urban,4,1,Child Birth,0
3638,66,27765,607,0.42,1,10,7,9,0,5,Stable,Rural,1,0,Child Birth,0
3639,65,74935,670,0.53,4,17,9,7,0,2,Stable,Urban,0,1,Child Birth,0
3640,37,59062,715,0.42,5,12,2,5,0,5,Unstable,Rural,1,0,Marriage,1
3641,63,95582,696,0.37,4,7,9,6,0,3,Unstable,Rural,2,1,Marriage,0
3642,29,51744,658,0.43,4,9,5,3,0,3,Unstable,Rural,1,2,Home Purchase,0
3643,34,59499,649,0.11,4,14,1,2,0,5,Unstable,Suburban,3,1,None,0
3644,34,23259,743,0.16,5,18,4,4,0,1,Unstable,Rural,3,1,Home Purchase,0
3645,62,32397,746,0.15,5,10,8,3,1,4,Stable,Suburban,3,1,Marriage,1
3646,51,20000,798,0.15,1,16,3,4,1,5,Stable,Suburban,2,2,Home Purchase,0
3647,45,86937,719,0.23,2,1,5,1,0,2,Stable,Rural,1,1,Home Purchase,0
3648,32,48511,492,0.37,5,9,2,1,1,1,Unstable,Suburban,2,1,Home Purchase,1
3649,25,93176,850,0.16,5,13,5,6,0,2,Stable,Suburban,3,1,None,1
3650,52,20000,699,0.57,2,16,9,4,0,2,Stable,Suburban,4,0,None,0
3651,63,98701,658,0.53,5,16,3,2,0,4,Unstable,Rural,3,0,None,1
3652,38,58299,694,0.59,4,2,7,3,1,4,Stable,Rural,0,2,Marriage,0
3653,45,68496,660,0.12,5,9,6,8,1,3,Stable,Rural,4,1,Home Purchase,0
3654,54,33426,618,0.53,1,13,2,6,0,2,Stable,Suburban,3,1,None,1
3655,45,73182,761,0.5,5,8,7,2,1,5,Unstable,Urban,1,0,None,0
3656,33,50652,685,0.55,2,11,4,7,0,2,Stable,Suburban,4,1,Marriage,0
3657,41,30151,691,0.36,4,17,6,2,0,3,Unstable,Urban,2,2,None,0
3658,29,29808,449,0.49,2,11,7,1,0,2,Unstable,Rural,4,2,Home Purchase,0
3659,55,29366,677,0.13,5,11,9,5,0,4,Stable,Rural,1,1,Home Purchase,0
3660,64,69505,592,0.14,5,16,7,9,0,3,Unstable,Urban,2,1,None,0
3661,62,44109,647,0.16,1,7,3,5,0,1,Stable,Urban,3,2,Child Birth,0
3662,67,20000,723,0.56,4,1,9,1,0,2,Unstable,Suburban,1,0,Marriage,0
3663,43,69232,638,0.13,5,15,6,2,0,2,Stable,Rural,4,2,None,1
3664,60,20000,652,0.15,1,18,4,4,0,4,Unstable,Urban,0,1,None,0
3665,57,93226,709,0.57,1,14,5,5,1,1,Unstable,Suburban,4,1,Child Birth,1
3666,37,109660,649,0.15,2,13,1,2,0,2,Stable,Rural,2,2,Child Birth,0
3667,38,27189,594,0.53,4,2,4,3,0,2,Stable,Suburban,3,1,Marriage,0
3668,57,86311,527,0.49,3,11,3,6,0,1,Stable,Suburban,4,1,Marriage,1
3669,53,68727,733,0.12,1,19,6,6,1,4,Stable,Urban,1,1,None,1
3670,67,47499,648,0.11,3,6,9,1,1,5,Stable,Suburban,3,2,None,1
3671,60,48665,533,0.37,2,17,3,8,1,1,Stable,Urban,1,2,None,0
3672,68,76361,824,0.6,1,1,5,6,0,4,Stable,Suburban,4,0,Marriage,1
3673,34,59001,733,0.54,4,5,2,3,0,2,Stable,Urban,0,0,Marriage,1
3674,55,20000,581,0.26,3,1,9,2,0,1,Stable,Suburban,4,2,Marriage,0
3675,30,111825,629,0.29,4,13,8,9,1,4,Unstable,Suburban,1,1,None,1
3676,25,70829,804,0.29,3,1,4,8,0,2,Stable,Suburban,1,1,Marriage,0
3677,31,58699,682,0.47,2,12,8,3,1,3,Stable,Urban,1,1,None,0
3678,51,42039,658,0.27,1,9,4,7,0,4,Unstable,Suburban,0,1,None,0
3679,45,55275,775,0.17,1,13,2,7,0,4,Unstable,Rural,0,2,Home Purchase,0
3680,52,91729,683,0.47,2,10,9,1,0,4,Unstable,Urban,4,2,Child Birth,0
3681,40,66540,822,0.33,5,16,2,6,0,2,Stable,Suburban,1,0,Child Birth,1
3682,47,69384,658,0.14,3,6,1,3,0,5,Unstable,Rural,3,0,Home Purchase,0
3683,44,28770,642,0.5,3,8,1,3,0,5,Stable,Urban,3,0,Marriage,0
3684,62,51259,701,0.39,5,7,3,5,1,3,Unstable,Suburban,4,1,Child Birth,0
3685,49,61276,796,0.34,2,13,7,6,0,1,Stable,Urban,3,1,None,0
3686,52,77414,724,0.44,4,17,6,9,0,3,Unstable,Urban,4,1,Home Purchase,1
3687,29,49604,710,0.35,4,12,3,5,0,1,Stable,Suburban,4,1,Child Birth,0
3688,45,83196,619,0.42,2,11,5,3,0,1,Unstable,Rural,2,0,Home Purchase,1
3689,42,31391,604,0.53,4,6,6,1,1,3,Stable,Urban,4,0,Home Purchase,0
3690,30,61738,796,0.41,2,15,2,3,1,3,Stable,Suburban,4,2,Child Birth,0
3691,53,57559,807,0.43,3,5,3,4,0,4,Stable,Suburban,0,2,Home Purchase,0
3692,43,22111,803,0.41,3,16,4,7,0,2,Stable,Urban,2,0,None,0
3693,57,58807,779,0.37,5,11,8,5,0,5,Stable,Urban,1,0,Home Purchase,0
3694,25,45434,744,0.19,2,10,1,3,0,1,Unstable,Rural,3,1,None,0
3695,69,95344,743,0.27,4,8,9,9,0,1,Stable,Rural,4,0,None,1
3696,27,49743,713,0.45,2,5,1,6,0,4,Stable,Rural,4,1,Marriage,0
3697,66,68771,756,0.31,1,10,3,5,0,5,Stable,Urban,1,2,None,1
3698,45,29223,695,0.3,5,10,3,7,0,2,Stable,Suburban,4,2,None,0
3699,59,65914,755,0.48,1,1,9,1,1,4,Stable,Urban,0,2,None,0
3700,65,49623,791,0.1,5,13,3,8,0,2,Unstable,Urban,3,0,None,1
3701,64,40593,574,0.44,5,18,3,7,0,1,Unstable,Urban,4,0,Home Purchase,0
3702,27,130847,809,0.34,5,5,2,5,1,5,Unstable,Urban,2,2,Home Purchase,0
3703,49,51163,694,0.29,1,16,4,6,0,1,Stable,Rural,2,2,None,1
3704,69,54701,845,0.27,5,6,8,9,0,4,Stable,Suburban,1,2,Home Purchase,1
3705,62,82549,827,0.19,2,10,6,1,0,2,Stable,Rural,2,2,None,1
3706,69,40789,596,0.27,2,7,1,3,0,2,Unstable,Suburban,1,2,None,0
3707,44,70081,700,0.3,1,16,5,9,0,1,Unstable,Rural,4,2,Home Purchase,1
3708,68,72758,513,0.32,3,1,8,3,0,4,Stable,Urban,2,1,Child Birth,0
3709,69,66117,661,0.44,3,7,1,6,0,5,Stable,Rural,0,0,Home Purchase,0
3710,58,117408,735,0.33,1,12,6,2,0,3,Stable,Urban,1,1,None,1
3711,45,39893,784,0.5,5,15,7,9,0,4,Unstable,Suburban,2,1,Marriage,0
3712,47,98440,706,0.42,5,2,5,5,0,5,Stable,Rural,3,0,None,1
3713,30,71803,744,0.19,5,18,4,8,0,5,Stable,Rural,0,1,Home Purchase,0
3714,37,82736,629,0.24,1,4,7,2,1,2,Unstable,Urban,0,2,Home Purchase,0
3715,47,68530,698,0.14,5,13,9,8,0,3,Unstable,Urban,1,1,Home Purchase,0
3716,33,106956,640,0.57,2,9,4,5,0,3,Stable,Urban,2,2,Home Purchase,0
3717,41,51998,728,0.54,5,4,3,3,0,3,Stable,Suburban,3,0,Child Birth,1
3718,26,72430,838,0.14,1,9,4,6,0,1,Stable,Urban,2,0,None,0
3719,43,92636,694,0.39,5,1,5,6,0,2,Stable,Suburban,2,2,Home Purchase,1
3720,43,46028,562,0.58,2,8,9,8,0,4,Stable,Rural,2,1,None,0
3721,31,85010,719,0.47,1,1,1,7,1,1,Stable,Rural,1,2,None,1
3722,66,59534,770,0.35,3,16,9,9,1,1,Stable,Suburban,1,1,None,0
3723,66,29127,608,0.22,1,15,9,1,0,3,Stable,Suburban,1,0,None,1
3724,44,23710,824,0.24,4,15,8,8,0,3,Unstable,Urban,2,2,Child Birth,1
3725,33,57729,640,0.47,3,5,8,1,0,5,Stable,Urban,2,1,None,0
3726,41,84772,623,0.49,3,19,8,9,0,5,Stable,Suburban,3,1,Marriage,0
3727,51,20000,521,0.36,1,11,4,3,0,2,Unstable,Urban,0,2,Marriage,0
3728,26,65011,726,0.16,4,19,7,3,0,2,Stable,Suburban,0,1,Child Birth,0
3729,60,82309,850,0.57,3,3,2,3,0,4,Stable,Rural,2,1,Home Purchase,0
3730,43,28051,736,0.52,5,4,3,1,0,1,Stable,Rural,0,1,None,0
3731,41,44150,626,0.17,4,16,8,7,1,3,Stable,Rural,2,2,Home Purchase,0
3732,29,74309,751,0.13,4,12,4,4,0,3,Unstable,Suburban,4,1,Marriage,0
3733,63,81213,780,0.37,1,7,6,3,1,2,Stable,Rural,0,1,Child Birth,1
3734,42,100102,816,0.24,1,1,8,5,1,5,Unstable,Urban,1,2,Home Purchase,1
3735,31,45341,576,0.24,1,11,8,1,0,4,Unstable,Rural,1,0,Marriage,0
3736,41,39610,850,0.14,4,15,5,5,0,1,Unstable,Rural,1,1,Child Birth,0
3737,63,101317,721,0.58,2,19,7,2,0,2,Stable,Suburban,4,2,Marriage,0
3738,60,41126,850,0.52,1,15,1,8,0,5,Stable,Urban,1,0,None,0
3739,64,72682,715,0.16,2,9,5,9,0,5,Stable,Rural,4,2,Home Purchase,1
3740,69,114577,757,0.54,3,13,3,9,0,1,Stable,Suburban,2,0,Marriage,1
3741,28,78817,605,0.44,5,18,4,3,0,1,Unstable,Suburban,3,2,Child Birth,0
3742,62,79581,798,0.26,5,17,1,8,0,2,Stable,Rural,4,2,Home Purchase,0
3743,49,91951,592,0.54,2,5,1,2,0,1,Stable,Urban,1,1,Home Purchase,1
3744,29,73121,726,0.4,4,16,3,1,0,3,Unstable,Suburban,1,2,None,1
3745,54,79701,656,0.52,5,7,4,1,1,5,Stable,Rural,4,0,Home Purchase,0
3746,36,51435,691,0.33,2,5,3,7,0,5,Unstable,Urban,0,2,None,0
3747,28,88999,808,0.35,1,11,2,1,0,3,Unstable,Urban,1,2,Home Purchase,0
3748,48,70337,664,0.25,2,16,7,6,0,4,Stable,Rural,0,1,Child Birth,0
3749,53,23048,810,0.29,3,13,9,8,0,4,Unstable,Suburban,0,2,Child Birth,0
3750,33,66073,659,0.38,2,2,3,4,0,1,Unstable,Rural,3,0,Child Birth,0
3751,28,20000,713,0.57,1,12,9,2,1,2,Unstable,Urban,3,2,Home Purchase,0
3752,48,77847,850,0.4,2,12,8,4,0,4,Unstable,Suburban,3,2,None,1
3753,38,54161,712,0.17,1,10,5,9,0,2,Stable,Rural,2,2,Home Purchase,0
3754,29,107638,692,0.1,1,13,6,2,0,2,Stable,Rural,4,0,Child Birth,1
3755,42,72240,713,0.53,3,12,1,5,1,4,Stable,Urban,0,1,Marriage,0
3756,66,83104,666,0.28,3,19,6,2,0,2,Stable,Rural,1,1,Home Purchase,0
3757,43,33769,599,0.26,5,17,9,1,0,1,Stable,Suburban,2,1,Child Birth,0
3758,36,77114,850,0.5,1,16,7,9,0,3,Stable,Suburban,3,2,Child Birth,0
3759,42,43983,659,0.57,1,17,9,5,1,3,Unstable,Suburban,4,1,Home Purchase,1
3760,41,87262,547,0.47,1,6,5,6,0,1,Unstable,Rural,2,1,Home Purchase,0
3761,54,32041,684,0.19,5,18,5,6,0,1,Stable,Urban,1,1,Home Purchase,1
3762,48,62745,735,0.3,4,11,5,8,1,5,Stable,Suburban,2,2,Marriage,0
3763,35,31052,679,0.48,3,12,6,4,1,3,Unstable,Suburban,0,2,Child Birth,0
3764,59,63145,695,0.55,3,17,4,1,1,1,Unstable,Suburban,3,0,Child Birth,1
3765,47,110562,683,0.6,1,2,9,7,0,4,Unstable,Urban,2,2,Child Birth,0
3766,41,78031,742,0.36,5,13,7,6,0,2,Stable,Urban,0,0,Home Purchase,1
3767,25,59184,781,0.51,1,19,3,7,0,1,Stable,Urban,2,0,Child Birth,0
3768,39,20000,680,0.12,3,19,7,8,0,4,Unstable,Urban,1,1,Marriage,0
3769,56,46607,850,0.24,5,4,3,5,1,5,Stable,Urban,3,1,None,0
3770,33,71866,804,0.29,2,1,3,6,0,3,Unstable,Rural,3,1,Home Purchase,1
3771,39,47228,699,0.59,3,2,4,2,0,4,Stable,Urban,2,0,None,0
3772,52,95678,568,0.1,2,18,2,5,0,2,Stable,Suburban,4,2,Child Birth,0
3773,48,61788,711,0.25,4,12,8,3,1,4,Stable,Rural,1,1,Child Birth,1
3774,59,86964,781,0.57,2,9,1,5,0,5,Stable,Urban,1,2,None,0
3775,46,65122,782,0.25,5,5,1,9,0,2,Stable,Suburban,1,2,Child Birth,0
3776,51,53100,514,0.21,2,16,1,3,0,3,Stable,Urban,4,1,Marriage,0
3777,43,48216,711,0.47,4,4,4,3,0,2,Stable,Suburban,4,1,Home Purchase,0
3778,69,34696,651,0.47,3,3,1,1,0,4,Stable,Suburban,1,2,None,0
3779,36,87415,849,0.34,4,18,3,1,1,1,Stable,Rural,3,2,None,1
3780,44,49299,712,0.57,5,8,7,7,0,1,Unstable,Urban,0,1,None,0
3781,25,73057,471,0.2,2,2,3,9,1,2,Unstable,Suburban,2,0,Child Birth,0
3782,45,46856,736,0.56,2,12,2,2,1,2,Unstable,Urban,2,1,Child Birth,0
3783,69,32924,505,0.48,5,1,6,2,0,5,Unstable,Urban,4,2,Marriage,0
3784,25,73878,745,0.28,1,18,8,1,1,4,Unstable,Suburban,1,2,None,0
3785,34,41332,850,0.5,5,10,4,5,1,2,Stable,Urban,1,0,None,0
3786,56,49987,836,0.17,5,8,4,7,0,1,Stable,Rural,3,1,Home Purchase,0
3787,63,28782,725,0.17,4,4,2,1,0,3,Unstable,Rural,2,2,Child Birth,0
3788,46,47671,634,0.56,4,18,5,8,0,4,Unstable,Rural,1,1,Home Purchase,1
3789,42,60602,827,0.15,5,3,8,1,0,5,Stable,Suburban,2,2,None,0
3790,56,52812,763,0.1,3,3,1,1,0,4,Unstable,Urban,2,1,Home Purchase,0
3791,51,80455,673,0.29,2,12,2,4,1,1,Stable,Suburban,1,0,Child Birth,1
3792,52,63638,646,0.15,5,19,1,2,0,4,Unstable,Suburban,2,2,None,0
3793,42,137182,609,0.53,1,17,4,9,1,5,Unstable,Urban,2,0,Child Birth,1
3794,63,70606,737,0.56,2,17,7,2,0,5,Stable,Rural,3,0,Child Birth,0
3795,53,20000,658,0.34,3,4,3,7,1,3,Unstable,Urban,4,1,Child Birth,1
3796,42,54677,716,0.31,5,7,8,2,0,4,Unstable,Urban,4,0,Marriage,1
3797,68,56843,792,0.37,3,7,6,1,0,3,Unstable,Suburban,3,1,Marriage,1
3798,32,44659,655,0.21,2,7,2,9,0,2,Stable,Rural,1,0,Marriage,0
3799,55,61815,764,0.25,1,8,9,4,0,3,Unstable,Rural,2,2,Home Purchase,0
3800,58,43915,822,0.15,2,19,9,7,1,2,Stable,Rural,1,0,Home Purchase,0
3801,31,68320,739,0.32,2,9,7,1,0,2,Stable,Suburban,0,1,None,0
3802,60,20000,769,0.41,5,9,8,8,1,2,Stable,Urban,2,0,Home Purchase,1
3803,42,88603,740,0.57,2,14,1,6,0,1,Unstable,Urban,0,1,Home Purchase,0
3804,62,20542,701,0.47,5,18,6,2,0,5,Stable,Rural,3,2,Marriage,0
3805,33,53411,783,0.46,5,9,9,9,0,2,Stable,Rural,0,0,None,0
3806,33,41682,850,0.25,3,5,6,1,1,4,Unstable,Urban,4,0,Marriage,1
3807,32,67648,785,0.54,1,8,3,9,1,1,Stable,Suburban,2,1,Marriage,0
3808,59,55418,680,0.57,5,4,2,2,0,2,Unstable,Rural,2,0,Child Birth,0
3809,42,66291,683,0.57,4,14,8,6,0,2,Unstable,Rural,3,1,None,0
3810,29,87779,686,0.12,3,17,4,9,0,5,Unstable,Rural,2,0,Marriage,0
3811,38,79215,794,0.4,5,16,1,3,0,1,Unstable,Suburban,3,1,Marriage,0
3812,52,60907,647,0.42,5,9,8,3,0,1,Stable,Urban,2,0,None,0
3813,54,71487,597,0.25,3,5,1,3,0,3,Unstable,Suburban,0,1,Marriage,0
3814,28,109000,746,0.6,2,5,2,9,0,4,Stable,Urban,2,1,Marriage,1
3815,63,80105,702,0.25,5,6,1,2,0,5,Unstable,Urban,3,0,Child Birth,0
3816,44,52661,848,0.21,1,6,8,4,1,3,Unstable,Suburban,0,2,Marriage,0
3817,49,91946,474,0.34,5,8,3,8,0,3,Stable,Suburban,3,2,Home Purchase,1
3818,52,69782,720,0.26,3,16,9,8,0,4,Stable,Urban,4,1,Home Purchase,1
3819,36,35930,659,0.56,4,14,7,5,1,5,Stable,Suburban,0,1,Home Purchase,1
3820,26,55481,781,0.32,3,1,6,2,0,4,Unstable,Suburban,4,2,None,0
3821,67,23193,672,0.31,3,16,6,6,0,5,Unstable,Suburban,3,1,None,0
3822,38,20000,642,0.41,1,15,1,8,0,2,Unstable,Suburban,4,1,Child Birth,1
3823,46,36273,793,0.14,2,5,8,2,0,1,Stable,Rural,2,2,Marriage,0
3824,55,63064,827,0.48,1,9,3,4,1,2,Stable,Suburban,0,1,None,1
3825,47,63137,690,0.48,1,3,3,4,0,2,Unstable,Urban,0,2,Home Purchase,0
3826,44,24710,692,0.34,5,7,3,9,0,2,Stable,Suburban,4,0,Home Purchase,0
3827,62,20000,827,0.58,4,7,9,1,1,4,Unstable,Rural,4,0,Child Birth,0
3828,28,96769,815,0.39,3,16,5,9,0,5,Stable,Urban,0,1,Child Birth,1
3829,39,62382,803,0.45,1,3,2,8,0,2,Unstable,Rural,3,0,None,1
3830,48,98892,659,0.56,1,15,4,1,1,1,Stable,Urban,4,1,Child Birth,0
3831,49,97464,634,0.43,2,7,7,6,0,2,Stable,Rural,4,2,Home Purchase,0
3832,25,78367,850,0.32,2,3,1,2,0,3,Stable,Rural,3,0,Home Purchase,0
3833,31,61478,760,0.11,4,16,2,3,0,3,Unstable,Rural,3,1,None,1
3834,55,50058,625,0.46,3,6,8,5,0,4,Unstable,Suburban,0,0,Home Purchase,0
3835,36,77964,689,0.58,1,8,8,8,0,1,Unstable,Urban,4,0,Marriage,1
3836,66,56003,708,0.34,5,16,3,6,1,4,Unstable,Urban,0,1,None,0
3837,29,45259,689,0.27,2,6,5,9,0,4,Unstable,Urban,1,2,Child Birth,0
3838,68,20000,670,0.36,1,16,8,1,0,4,Unstable,Suburban,0,2,Child Birth,0
3839,66,57922,823,0.46,5,2,9,5,0,2,Unstable,Rural,0,2,None,0
3840,62,87416,752,0.1,1,1,2,4,0,5,Unstable,Suburban,3,0,None,1
3841,36,91482,850,0.54,4,19,8,8,0,5,Unstable,Suburban,0,1,Marriage,0
3842,63,61331,828,0.54,4,14,3,5,0,1,Unstable,Suburban,2,0,Marriage,1
3843,42,37782,713,0.37,5,19,9,9,0,2,Unstable,Urban,0,0,Home Purchase,0
3844,26,82568,841,0.16,2,4,5,2,0,5,Stable,Suburban,3,0,Marriage,0
3845,34,59615,735,0.44,4,2,5,8,0,3,Stable,Rural,1,0,Child Birth,0
3846,39,50858,850,0.17,2,2,4,1,0,4,Stable,Urban,3,2,Marriage,0
3847,54,23602,668,0.35,5,12,8,8,0,5,Stable,Suburban,3,1,None,1
3848,68,112594,745,0.15,5,11,1,9,0,4,Unstable,Suburban,2,1,Marriage,0
3849,41,78459,639,0.39,1,18,6,3,0,2,Unstable,Urban,1,2,Home Purchase,0
3850,28,81156,661,0.26,5,19,7,2,0,5,Stable,Suburban,2,0,Child Birth,1
3851,31,38429,665,0.52,1,17,8,5,0,4,Stable,Suburban,1,1,Child Birth,0
3852,65,61993,823,0.5,2,4,4,9,0,5,Unstable,Suburban,2,0,Child Birth,0
3853,55,57962,720,0.6,1,12,9,8,0,5,Stable,Rural,0,0,None,0
3854,63,79552,454,0.23,2,3,3,1,0,1,Stable,Urban,1,1,Marriage,0
3855,58,93992,709,0.13,4,16,8,1,0,1,Stable,Rural,0,2,Marriage,1
3856,30,24144,602,0.32,2,4,5,8,1,2,Stable,Rural,2,1,None,0
3857,62,33133,655,0.14,3,6,5,3,1,4,Stable,Suburban,4,0,Marriage,0
3858,69,76143,815,0.19,1,1,7,1,0,1,Unstable,Rural,0,2,Home Purchase,0
3859,58,47299,565,0.4,4,5,5,1,1,1,Stable,Suburban,4,0,Marriage,0
3860,68,80371,577,0.4,2,10,7,4,1,2,Unstable,Urban,4,0,None,1
3861,39,50673,533,0.12,5,14,9,6,0,3,Stable,Rural,3,2,Child Birth,0
3862,38,28780,661,0.32,1,5,5,9,0,3,Stable,Rural,1,2,Marriage,0
3863,30,20000,531,0.37,2,10,2,5,1,5,Stable,Urban,2,1,Home Purchase,0
3864,61,72103,539,0.23,4,9,6,7,0,2,Stable,Suburban,4,2,None,0
3865,56,72716,677,0.54,5,13,9,9,0,4,Stable,Suburban,0,2,Home Purchase,0
3866,27,84255,731,0.18,1,17,9,5,0,1,Stable,Rural,0,0,Marriage,1
3867,27,68196,608,0.23,4,19,5,7,1,3,Unstable,Urban,3,2,None,1
3868,46,20000,736,0.18,5,1,2,9,0,1,Unstable,Urban,3,0,Home Purchase,1
3869,46,72585,711,0.16,3,9,6,6,0,5,Stable,Rural,2,2,None,0
3870,34,23563,754,0.54,5,18,4,9,0,1,Unstable,Suburban,2,2,Child Birth,0
3871,27,20000,595,0.24,1,5,4,6,0,2,Unstable,Rural,0,0,Marriage,0
3872,36,20000,850,0.46,3,14,3,6,0,4,Stable,Rural,4,2,Marriage,0
3873,53,20000,586,0.31,2,19,1,3,0,1,Stable,Urban,0,0,Home Purchase,1
3874,41,66974,637,0.42,3,15,9,5,1,4,Stable,Rural,4,1,Child Birth,0
3875,31,41720,751,0.56,3,4,6,7,0,2,Stable,Suburban,0,1,Marriage,1
3876,37,22022,711,0.52,3,4,3,2,0,5,Stable,Rural,2,1,None,1
3877,26,60577,784,0.13,5,18,1,6,0,2,Stable,Suburban,4,0,Child Birth,0
3878,28,32351,669,0.52,3,18,6,2,0,3,Stable,Suburban,2,2,Marriage,0
3879,34,84526,577,0.33,3,8,4,9,0,5,Unstable,Urban,2,0,Marriage,1
3880,63,96255,547,0.28,2,2,1,3,1,1,Unstable,Rural,0,2,Child Birth,0
3881,48,54559,850,0.44,3,16,4,7,1,4,Unstable,Suburban,0,0,Child Birth,0
3882,41,94431,669,0.58,5,14,2,7,0,5,Unstable,Urban,3,0,Home Purchase,1
3883,30,94389,683,0.15,4,1,3,5,0,5,Unstable,Rural,2,0,Home Purchase,1
3884,43,62115,850,0.48,4,17,7,2,0,3,Stable,Urban,3,1,None,0
3885,29,103336,650,0.2,5,10,7,5,1,1,Unstable,Suburban,1,0,Home Purchase,1
3886,56,44458,702,0.29,5,16,5,2,0,5,Stable,Urban,2,0,None,0
3887,34,20000,596,0.54,3,3,2,3,1,3,Stable,Rural,3,2,Home Purchase,0
3888,33,21140,568,0.37,5,19,9,8,0,4,Stable,Urban,1,1,None,1
3889,51,43307,850,0.13,3,11,9,6,0,4,Unstable,Urban,2,2,Home Purchase,0
3890,37,73357,850,0.35,1,15,9,4,1,1,Unstable,Rural,2,2,Marriage,1
3891,43,31129,802,0.49,2,18,6,8,0,1,Stable,Urban,1,1,Home Purchase,0
3892,45,43104,798,0.36,2,19,1,9,1,1,Unstable,Rural,0,0,Home Purchase,0
3893,48,28763,775,0.18,2,7,6,5,0,4,Stable,Rural,1,2,Home Purchase,0
3894,62,43677,626,0.32,1,6,8,1,1,2,Stable,Suburban,4,1,Child Birth,0
3895,28,93567,729,0.56,2,9,4,6,0,1,Stable,Suburban,2,1,None,0
3896,48,68939,649,0.43,3,13,6,9,1,2,Unstable,Suburban,4,0,Home Purchase,0
3897,59,45575,441,0.46,4,8,8,6,0,2,Stable,Urban,1,0,Marriage,0
3898,27,90511,811,0.49,2,18,6,6,0,1,Unstable,Suburban,0,1,None,1
3899,28,60641,755,0.15,2,3,4,5,0,2,Stable,Urban,4,2,Child Birth,0
3900,61,63341,568,0.39,3,1,7,7,0,2,Stable,Rural,3,1,Home Purchase,0
3901,64,88569,663,0.29,3,18,5,4,0,2,Unstable,Suburban,3,0,Home Purchase,0
3902,59,51434,805,0.17,2,4,1,4,0,3,Stable,Rural,2,2,Marriage,0
3903,55,82906,713,0.2,5,18,3,4,0,5,Unstable,Suburban,2,2,None,0
3904,68,81123,530,0.49,1,16,3,9,0,1,Stable,Suburban,0,1,Child Birth,1
3905,49,56361,578,0.18,4,18,1,3,1,3,Stable,Suburban,0,0,None,0
3906,64,25095,850,0.26,4,3,4,3,0,1,Stable,Urban,3,0,Marriage,1
3907,37,60317,706,0.24,1,14,2,3,0,5,Stable,Urban,0,1,Child Birth,0
3908,28,88431,805,0.12,2,10,1,3,0,2,Stable,Urban,3,2,Child Birth,0
3909,38,80494,850,0.33,2,5,6,8,0,3,Stable,Rural,4,0,Marriage,0
3910,37,102756,654,0.48,2,8,7,9,0,1,Unstable,Suburban,3,1,Marriage,0
3911,51,47739,735,0.11,2,18,4,8,1,2,Unstable,Rural,0,2,Marriage,1
3912,30,79482,503,0.16,2,5,5,4,1,4,Stable,Rural,0,1,None,0
3913,41,34842,639,0.46,4,12,9,7,1,3,Stable,Rural,3,2,Home Purchase,0
3914,60,65039,757,0.4,2,4,8,4,0,3,Unstable,Rural,1,2,Home Purchase,0
3915,64,87635,680,0.46,3,12,2,1,0,4,Stable,Urban,1,0,Home Purchase,0
3916,59,82660,745,0.22,5,13,3,7,0,2,Stable,Urban,0,0,None,1
3917,41,62576,792,0.5,2,14,9,3,1,5,Unstable,Urban,3,1,Home Purchase,1
3918,65,53298,756,0.34,3,14,5,5,1,4,Unstable,Urban,1,1,Child Birth,1
3919,26,35129,733,0.41,4,19,1,3,1,4,Unstable,Suburban,2,2,Marriage,0
3920,37,54355,719,0.15,3,10,9,1,0,1,Stable,Urban,4,1,Child Birth,1
3921,26,27244,643,0.2,1,9,8,9,0,3,Stable,Urban,4,0,Home Purchase,1
3922,52,51420,607,0.49,1,18,7,2,0,5,Unstable,Suburban,3,0,Child Birth,0
3923,67,20000,835,0.21,3,17,7,2,0,5,Unstable,Urban,1,2,None,0
3924,50,27033,779,0.15,2,5,8,6,1,5,Unstable,Rural,3,2,Marriage,0
3925,46,81320,621,0.4,2,2,4,1,0,3,Stable,Urban,0,1,Marriage,0
3926,67,78534,706,0.37,2,10,7,8,1,5,Stable,Rural,0,0,None,0
3927,27,52778,560,0.4,3,1,8,4,1,1,Stable,Urban,2,1,Marriage,0
3928,59,61619,652,0.41,1,8,3,3,0,2,Stable,Rural,0,0,Child Birth,1
3929,36,64972,753,0.35,1,8,2,5,1,1,Unstable,Urban,3,0,Marriage,0
3930,48,71508,726,0.35,4,6,2,8,1,2,Unstable,Suburban,4,2,Marriage,1
3931,29,68832,711,0.56,1,5,7,1,0,3,Stable,Rural,4,0,Home Purchase,0
3932,44,26580,611,0.37,1,18,9,5,1,4,Unstable,Urban,1,1,Marriage,0
3933,63,20000,591,0.41,5,7,8,9,0,4,Unstable,Rural,0,2,Home Purchase,1
3934,63,34577,794,0.23,1,4,7,2,0,5,Stable,Rural,1,2,Home Purchase,0
3935,37,56141,850,0.54,3,1,9,8,0,5,Stable,Urban,0,2,Marriage,0
3936,65,84004,754,0.11,2,2,4,2,0,3,Unstable,Urban,4,1,Home Purchase,0
3937,69,65858,682,0.38,3,19,7,7,1,4,Unstable,Suburban,4,1,Child Birth,0
3938,36,73359,822,0.29,2,3,5,9,0,2,Unstable,Urban,2,0,None,1
3939,37,37577,615,0.4,2,1,1,5,0,3,Unstable,Urban,4,1,Child Birth,0
3940,34,58231,805,0.28,4,13,4,9,0,4,Unstable,Urban,0,0,Child Birth,0
3941,57,61637,640,0.46,1,8,1,1,0,2,Unstable,Rural,4,1,Marriage,0
3942,64,41108,645,0.11,4,12,1,7,0,5,Unstable,Urban,4,1,Home Purchase,1
3943,40,33261,666,0.3,2,8,7,4,1,5,Stable,Suburban,4,0,Marriage,0
3944,69,54333,689,0.52,5,7,3,7,1,4,Stable,Suburban,3,0,Home Purchase,1
3945,59,76530,791,0.23,5,8,9,1,0,2,Unstable,Urban,1,1,Home Purchase,1
3946,27,37376,569,0.13,4,15,7,7,1,3,Unstable,Rural,3,0,Marriage,0
3947,29,54795,639,0.35,4,7,6,7,0,4,Stable,Suburban,2,2,None,0
3948,50,93874,720,0.59,1,12,2,7,1,4,Unstable,Urban,0,1,Child Birth,0
3949,35,47016,755,0.13,4,18,5,2,0,1,Unstable,Rural,3,2,Home Purchase,0
3950,31,60182,529,0.14,4,4,8,6,0,1,Unstable,Suburban,0,0,None,0
3951,34,57357,620,0.4,3,6,4,3,1,1,Unstable,Rural,2,2,Child Birth,0
3952,66,55305,525,0.23,4,11,8,6,0,4,Unstable,Suburban,1,1,None,0
3953,58,101711,630,0.31,4,10,9,5,1,2,Unstable,Urban,0,2,None,0
3954,27,67643,656,0.52,3,19,8,4,1,3,Unstable,Urban,1,0,None,1
3955,32,20745,750,0.2,2,18,6,8,0,3,Stable,Urban,2,0,Marriage,0
3956,55,98210,470,0.46,2,12,2,2,0,5,Stable,Rural,1,0,Home Purchase,1
3957,35,66870,765,0.35,3,17,8,7,1,4,Stable,Suburban,2,2,Marriage,0
3958,69,50660,649,0.55,1,2,4,4,0,1,Stable,Suburban,4,2,Marriage,0
3959,31,93736,665,0.59,4,19,1,7,1,3,Unstable,Urban,2,2,Marriage,0
3960,69,40532,797,0.34,1,12,5,5,0,2,Stable,Suburban,2,2,Child Birth,0
3961,26,102892,834,0.39,5,11,3,5,1,2,Unstable,Urban,1,1,Home Purchase,1
3962,30,62332,634,0.47,1,15,3,9,0,4,Stable,Urban,0,1,Child Birth,1
3963,65,85138,633,0.26,4,11,7,5,0,2,Stable,Urban,4,0,Marriage,0
3964,56,136687,664,0.21,2,11,1,8,0,5,Unstable,Rural,3,2,Marriage,0
3965,44,64502,633,0.58,4,10,3,7,1,4,Unstable,Rural,3,1,Home Purchase,0
3966,58,57579,556,0.32,4,19,6,4,0,4,Stable,Rural,0,0,Child Birth,0
3967,40,33324,696,0.1,4,3,8,8,0,5,Unstable,Suburban,0,0,None,1
3968,49,56985,634,0.52,1,4,6,7,0,5,Stable,Urban,4,0,Home Purchase,0
3969,36,34095,709,0.4,2,3,4,4,1,2,Unstable,Rural,2,0,None,0
3970,31,55325,850,0.18,2,15,8,6,0,1,Stable,Rural,0,2,None,1
3971,63,132367,689,0.12,1,6,5,7,0,3,Stable,Suburban,4,1,Home Purchase,0
3972,41,62989,624,0.25,1,9,6,7,0,4,Stable,Rural,0,2,Home Purchase,0
3973,69,46157,672,0.56,1,8,1,8,0,4,Unstable,Rural,2,2,Home Purchase,0
3974,35,54757,712,0.57,5,2,4,9,0,3,Stable,Rural,0,2,Marriage,0
3975,30,49703,683,0.26,5,19,4,5,0,2,Unstable,Rural,4,2,Marriage,0
3976,47,86210,643,0.52,4,15,5,2,0,3,Unstable,Urban,2,1,Marriage,0
3977,51,57744,534,0.32,5,8,1,5,0,1,Stable,Urban,2,0,None,0
3978,30,100222,763,0.43,1,19,4,7,0,2,Stable,Urban,0,0,None,1
3979,62,52097,610,0.27,1,5,7,3,0,4,Stable,Rural,1,0,Home Purchase,0
3980,26,53710,846,0.36,1,12,6,5,1,3,Stable,Urban,1,0,Home Purchase,1
3981,46,37580,663,0.25,2,12,5,6,1,3,Stable,Suburban,1,0,Home Purchase,0
3982,44,50415,648,0.13,2,9,1,6,0,2,Unstable,Urban,0,1,Marriage,0
3983,49,20000,652,0.17,5,18,8,4,1,4,Stable,Rural,0,1,Marriage,0
3984,39,20000,715,0.25,3,10,5,3,0,3,Unstable,Urban,0,1,Home Purchase,1
3985,53,75616,613,0.59,3,5,8,4,0,5,Unstable,Urban,3,0,Child Birth,1
3986,32,20000,632,0.58,1,15,6,1,1,3,Stable,Suburban,3,1,Marriage,0
3987,61,70149,762,0.51,2,19,7,8,0,3,Stable,Suburban,4,2,Child Birth,1
3988,57,47487,598,0.22,4,10,1,3,0,1,Stable,Rural,4,1,None,1
3989,46,83488,754,0.32,5,17,6,4,1,1,Stable,Urban,2,0,Marriage,0
3990,29,20000,782,0.32,2,6,3,9,0,3,Stable,Suburban,4,2,Home Purchase,0
3991,63,74956,766,0.29,1,9,3,9,0,3,Unstable,Urban,4,1,None,1
3992,42,68289,723,0.12,1,17,3,6,1,1,Stable,Suburban,3,1,None,0
3993,62,69062,519,0.37,3,18,6,4,1,5,Unstable,Urban,1,1,Marriage,0
3994,61,88097,578,0.14,1,14,8,8,0,4,Stable,Suburban,4,0,Child Birth,0
3995,54,61757,564,0.5,1,6,3,7,0,2,Stable,Suburban,4,2,Child Birth,0
3996,55,20000,662,0.45,4,11,3,6,0,3,Unstable,Urban,4,1,None,0
3997,34,71227,703,0.28,5,19,5,6,1,4,Unstable,Rural,4,1,None,0
3998,39,67991,580,0.42,4,16,6,9,0,3,Stable,Suburban,3,1,None,1
3999,66,53884,682,0.22,3,2,6,4,0,1,Stable,Rural,1,1,Home Purchase,0
4000,68,38955,768,0.23,2,7,7,6,0,3,Stable,Suburban,3,1,Marriage,0
4001,42,50977,600,0.26,3,6,7,2,0,4,Stable,Rural,3,1,Child Birth,0
4002,47,96451,618,0.5,1,15,3,9,0,2,Stable,Rural,1,1,Marriage,0
4003,57,37002,818,0.21,5,13,5,7,0,1,Stable,Suburban,0,0,Child Birth,0
4004,40,20000,607,0.38,1,7,1,8,1,5,Stable,Suburban,4,0,Child Birth,0
4005,62,23293,734,0.2,5,3,1,2,0,3,Unstable,Urban,4,2,Child Birth,0
4006,59,59117,823,0.24,5,15,2,5,1,2,Stable,Suburban,3,2,None,0
4007,58,101771,581,0.22,5,3,2,9,1,4,Unstable,Rural,2,1,None,1
4008,52,115121,589,0.42,2,15,7,3,1,1,Stable,Urban,4,1,Child Birth,0
4009,26,76255,676,0.36,3,3,5,7,0,2,Unstable,Urban,0,2,None,0
4010,54,35468,706,0.46,2,15,3,5,0,5,Stable,Urban,3,2,Marriage,1
4011,37,38122,635,0.21,2,1,7,6,0,3,Stable,Urban,1,2,None,0
4012,65,81895,850,0.1,2,11,3,5,1,1,Unstable,Rural,0,1,Marriage,0
4013,40,93290,753,0.44,4,4,3,6,0,2,Stable,Suburban,2,0,Child Birth,0
4014,29,43950,619,0.16,4,19,4,9,0,4,Unstable,Rural,2,2,Home Purchase,0
4015,52,95611,563,0.22,4,10,5,7,0,4,Stable,Rural,2,0,Marriage,0
4016,63,54260,693,0.25,2,4,8,1,1,5,Stable,Suburban,1,0,Marriage,0
4017,69,77857,743,0.47,1,16,9,9,1,3,Unstable,Urban,0,2,None,0
4018,44,88636,850,0.41,4,1,5,2,0,5,Unstable,Rural,2,2,None,0
4019,48,22955,707,0.19,4,13,8,4,0,2,Stable,Urban,2,2,Marriage,0
4020,51,71285,675,0.4,2,19,3,4,0,1,Stable,Suburban,3,1,Child Birth,0
4021,54,95716,602,0.45,3,14,7,5,0,1,Unstable,Urban,1,2,Child Birth,0
4022,69,45983,737,0.29,1,13,3,4,0,2,Unstable,Suburban,2,2,None,0
4023,51,33585,801,0.22,5,4,3,8,0,1,Stable,Urban,1,0,Child Birth,0
4024,50,72369,521,0.44,5,10,4,9,0,2,Unstable,Suburban,2,1,Home Purchase,1
4025,31,63336,707,0.41,1,8,2,2,0,5,Stable,Suburban,4,0,None,1
4026,66,51817,597,0.14,2,9,7,9,0,3,Unstable,Suburban,4,0,Child Birth,1
4027,62,59944,564,0.43,3,14,6,2,0,4,Unstable,Urban,0,1,Home Purchase,0
4028,29,20000,850,0.34,3,8,3,3,1,4,Stable,Rural,0,2,Home Purchase,0
4029,47,70111,788,0.48,5,1,1,6,0,4,Unstable,Urban,1,2,Child Birth,1
4030,52,99814,639,0.2,3,11,3,9,0,1,Unstable,Urban,1,1,None,1
4031,58,42133,683,0.23,5,16,4,7,0,5,Unstable,Urban,3,0,Home Purchase,0
4032,39,39289,668,0.37,4,1,1,8,0,5,Stable,Urban,1,2,Home Purchase,0
4033,56,64314,587,0.34,2,19,8,2,0,4,Stable,Rural,0,2,Home Purchase,0
4034,50,131146,645,0.29,3,18,2,9,1,5,Stable,Rural,3,2,Marriage,1
4035,55,87497,778,0.47,2,7,3,6,0,2,Stable,Suburban,2,2,None,0
4036,43,57645,643,0.38,4,9,5,3,0,4,Unstable,Rural,0,2,None,0
4037,33,60989,746,0.46,1,6,9,2,0,4,Stable,Suburban,2,0,Child Birth,0
4038,53,89971,644,0.18,1,6,6,2,0,3,Stable,Rural,0,0,Marriage,0
4039,63,37265,581,0.46,1,1,3,9,0,4,Unstable,Suburban,4,1,None,1
4040,28,75293,819,0.33,5,6,3,4,0,1,Stable,Urban,4,1,Child Birth,0
4041,27,32063,486,0.12,5,16,8,8,1,2,Stable,Rural,3,1,None,1
4042,53,83122,850,0.22,1,4,4,7,1,5,Unstable,Suburban,1,0,Home Purchase,1
4043,35,52651,799,0.11,4,3,5,5,1,1,Unstable,Rural,3,1,Home Purchase,0
4044,57,65017,718,0.33,5,9,4,4,0,2,Unstable,Rural,1,0,Home Purchase,1
4045,62,51028,655,0.26,1,8,9,6,0,3,Stable,Urban,3,0,Marriage,0
4046,35,77467,663,0.59,2,7,8,8,1,4,Stable,Rural,2,0,Child Birth,1
4047,51,55632,720,0.53,1,12,7,5,0,5,Unstable,Rural,3,2,Child Birth,0
4048,57,113949,718,0.51,1,1,4,2,1,4,Unstable,Urban,1,1,None,0
4049,45,95471,604,0.35,2,12,9,4,0,1,Unstable,Rural,2,0,Home Purchase,0
4050,63,27392,706,0.5,5,16,8,1,1,4,Stable,Urban,2,0,Home Purchase,0
4051,55,64786,725,0.23,2,14,8,9,0,2,Stable,Suburban,3,1,Home Purchase,1
4052,62,78378,669,0.38,5,11,2,6,0,4,Unstable,Rural,0,1,Marriage,0
4053,26,48546,850,0.3,4,19,5,7,0,4,Stable,Urban,4,0,None,1
4054,51,90311,686,0.19,5,19,6,1,0,3,Unstable,Rural,4,1,Home Purchase,1
4055,60,87366,523,0.14,3,13,6,5,1,4,Stable,Urban,3,2,None,0
4056,35,57910,598,0.38,5,12,9,9,0,3,Stable,Urban,0,1,Marriage,0
4057,42,84530,770,0.15,3,10,4,1,1,1,Unstable,Suburban,2,1,None,1
4058,25,20000,627,0.46,5,15,7,1,1,3,Stable,Rural,2,0,Child Birth,0
4059,59,93939,600,0.56,2,13,9,2,1,3,Stable,Rural,1,2,None,0
4060,59,82162,839,0.18,5,13,5,3,1,1,Stable,Urban,1,1,Marriage,0
4061,55,32808,716,0.34,1,15,6,6,1,3,Unstable,Suburban,0,0,Home Purchase,0
4062,52,66297,639,0.47,5,17,1,6,0,4,Stable,Rural,3,0,Marriage,1
4063,63,20000,423,0.24,2,11,7,1,1,1,Unstable,Rural,3,2,Child Birth,0
4064,25,40914,762,0.56,2,10,5,3,0,1,Unstable,Urban,1,2,Child Birth,1
4065,49,87390,701,0.54,5,4,4,9,0,3,Unstable,Rural,4,2,None,1
4066,67,59679,830,0.15,5,17,3,8,0,3,Stable,Suburban,0,1,None,1
4067,62,58294,590,0.11,5,14,1,9,1,2,Unstable,Rural,3,2,Child Birth,1
4068,44,61130,662,0.59,4,2,5,8,0,1,Unstable,Rural,2,1,Home Purchase,0
4069,27,58214,729,0.58,3,7,3,9,0,5,Stable,Urban,2,2,Home Purchase,0
4070,26,84687,825,0.31,5,16,8,7,0,4,Unstable,Urban,3,0,Child Birth,0
4071,42,44525,725,0.13,5,17,4,9,0,3,Stable,Suburban,0,0,Home Purchase,1
4072,68,70483,629,0.41,3,4,3,3,0,1,Unstable,Rural,4,2,None,0
4073,34,31384,829,0.25,1,3,1,6,0,1,Stable,Urban,4,2,Home Purchase,0
4074,29,78527,668,0.57,4,5,2,6,0,4,Unstable,Suburban,3,1,None,0
4075,33,51965,718,0.5,4,6,2,1,0,1,Stable,Suburban,0,0,Home Purchase,1
4076,26,58975,775,0.42,1,6,1,7,0,5,Unstable,Rural,4,2,None,0
4077,58,50945,850,0.24,3,6,8,3,1,2,Unstable,Suburban,3,1,Child Birth,0
4078,62,54108,736,0.45,3,19,5,2,1,4,Unstable,Rural,1,2,Child Birth,0
4079,55,34881,850,0.24,2,11,2,7,0,5,Stable,Urban,1,2,None,1
4080,34,68231,691,0.12,3,19,8,4,0,1,Stable,Rural,4,0,Home Purchase,0
4081,36,73866,729,0.35,4,14,5,7,1,1,Unstable,Suburban,0,1,None,1
4082,60,26733,638,0.34,2,15,5,1,0,3,Stable,Rural,4,1,Home Purchase,0
4083,45,45090,732,0.48,5,5,2,8,1,4,Stable,Urban,0,1,Marriage,1
4084,30,60750,729,0.53,5,12,8,2,0,2,Stable,Urban,4,2,None,1
4085,27,45033,804,0.28,5,13,3,8,1,3,Stable,Suburban,2,2,Child Birth,1
4086,34,54429,744,0.32,2,18,4,8,0,1,Stable,Urban,1,2,Child Birth,0
4087,29,100402,647,0.34,4,3,5,9,1,2,Unstable,Rural,1,0,Home Purchase,1
4088,50,34545,725,0.26,3,12,9,4,1,4,Unstable,Rural,0,0,Home Purchase,1
4089,45,20000,632,0.47,2,5,2,1,0,5,Stable,Urban,4,0,Home Purchase,1
4090,69,45031,754,0.36,4,13,8,8,0,2,Unstable,Suburban,1,2,Marriage,1
4091,50,51796,644,0.56,3,13,5,9,0,3,Unstable,Suburban,3,2,None,0
4092,62,47750,560,0.43,1,6,9,9,1,5,Stable,Urban,4,1,Child Birth,0
4093,68,66720,586,0.21,4,16,9,6,1,5,Stable,Suburban,0,0,None,0
4094,50,34297,582,0.18,1,3,3,8,0,2,Stable,Rural,0,0,Marriage,0
4095,32,30617,647,0.29,5,7,9,8,0,2,Stable,Suburban,3,2,None,1
4096,29,43137,615,0.27,5,10,7,5,1,3,Unstable,Suburban,2,1,Child Birth,0
4097,39,43653,697,0.3,4,4,9,4,0,2,Unstable,Urban,1,0,Home Purchase,1
4098,40,113021,660,0.19,1,12,7,2,1,4,Unstable,Urban,2,1,Home Purchase,1
4099,25,98811,751,0.59,2,6,8,3,0,5,Stable,Rural,0,1,Child Birth,1
4100,40,20000,738,0.17,3,18,4,3,0,5,Stable,Urban,0,2,Home Purchase,0
4101,61,20000,667,0.43,5,7,5,6,1,3,Unstable,Urban,4,2,None,1
4102,27,57856,824,0.11,5,2,6,7,0,2,Stable,Suburban,0,0,None,0
4103,55,107789,607,0.3,5,8,4,6,0,2,Stable,Rural,1,0,None,0
4104,37,76652,800,0.25,5,18,8,1,1,5,Stable,Suburban,1,1,Marriage,0
4105,40,59177,715,0.29,4,13,5,7,0,5,Unstable,Suburban,0,1,Marriage,0
4106,67,48598,660,0.35,4,3,3,9,0,3,Stable,Urban,2,1,Home Purchase,0
4107,45,86929,812,0.4,1,13,1,8,0,2,Stable,Urban,4,1,Marriage,1
4108,26,64449,755,0.39,2,7,1,5,0,1,Unstable,Suburban,0,2,Home Purchase,0
4109,51,103293,592,0.42,1,1,8,4,0,2,Stable,Rural,4,2,Child Birth,0
4110,62,20000,736,0.52,2,18,3,5,0,3,Stable,Rural,3,0,None,1
4111,50,70591,736,0.54,4,16,4,3,0,5,Unstable,Urban,3,0,Marriage,0
4112,62,45917,800,0.47,5,11,7,9,1,5,Unstable,Rural,3,1,None,0
4113,49,70356,758,0.14,1,17,1,5,0,1,Stable,Urban,3,2,Home Purchase,0
4114,35,66271,765,0.58,2,5,6,7,0,1,Unstable,Suburban,3,0,Home Purchase,0
4115,32,72741,655,0.57,3,6,1,7,0,3,Stable,Rural,2,0,Home Purchase,0
4116,32,84439,679,0.46,2,14,3,1,0,2,Stable,Urban,2,1,Marriage,0
4117,57,94744,674,0.36,1,14,4,6,1,5,Unstable,Rural,2,0,Home Purchase,0
4118,31,108793,540,0.23,4,19,7,4,0,4,Stable,Urban,0,1,Marriage,0
4119,62,60394,828,0.48,5,5,2,3,0,4,Stable,Rural,3,1,Child Birth,0
4120,45,46441,588,0.54,3,18,8,3,1,4,Stable,Rural,4,0,Marriage,1
4121,32,29354,726,0.43,1,11,6,6,1,5,Unstable,Urban,3,0,Marriage,0
4122,45,70872,666,0.41,4,12,2,1,0,5,Unstable,Suburban,0,0,Child Birth,0
4123,44,80872,676,0.2,2,19,3,5,0,4,Stable,Urban,0,0,Child Birth,0
4124,32,26288,767,0.28,4,17,4,4,0,1,Stable,Suburban,0,2,None,1
4125,55,88616,621,0.46,4,17,6,8,0,4,Stable,Urban,2,0,Home Purchase,1
4126,53,57466,745,0.11,5,2,1,9,0,1,Stable,Suburban,4,2,Child Birth,0
4127,33,28604,746,0.42,1,6,5,8,0,3,Stable,Suburban,3,0,Home Purchase,1
4128,39,38792,622,0.48,4,19,8,7,1,4,Stable,Urban,0,1,Home Purchase,0
4129,54,36418,791,0.27,2,6,7,3,0,4,Unstable,Suburban,3,1,None,1
4130,50,36863,836,0.14,2,1,3,8,0,1,Stable,Suburban,3,1,Home Purchase,1
4131,34,74247,850,0.51,5,14,2,1,0,1,Unstable,Urban,2,2,Child Birth,0
4132,53,81595,673,0.17,4,2,2,4,1,1,Stable,Suburban,3,2,Home Purchase,1
4133,40,102478,719,0.29,2,12,5,3,1,3,Unstable,Suburban,1,0,Child Birth,0
4134,60,42544,725,0.45,2,17,8,3,0,4,Unstable,Suburban,4,0,Home Purchase,0
4135,44,68573,766,0.51,5,4,6,2,0,1,Unstable,Urban,1,1,None,0
4136,69,43824,850,0.53,4,4,6,7,1,3,Unstable,Urban,2,2,Child Birth,0
4137,61,60503,748,0.37,5,7,7,3,1,3,Unstable,Suburban,3,1,Marriage,1
4138,46,22990,751,0.34,4,13,1,7,0,5,Unstable,Suburban,4,2,Marriage,1
4139,31,31920,590,0.52,2,17,3,2,0,1,Stable,Rural,4,0,Child Birth,0
4140,47,80076,850,0.38,1,14,5,3,0,1,Stable,Rural,3,0,Child Birth,1
4141,65,22913,652,0.39,2,17,7,3,0,1,Unstable,Suburban,0,0,Child Birth,0
4142,64,75370,434,0.32,1,16,6,7,0,5,Unstable,Rural,3,2,Home Purchase,0
4143,53,43096,472,0.29,4,16,1,4,0,1,Unstable,Rural,1,2,Home Purchase,0
4144,40,20000,732,0.34,4,6,9,7,0,1,Stable,Urban,4,1,None,1
4145,62,20000,572,0.28,3,2,3,3,0,3,Unstable,Urban,3,0,Home Purchase,0
4146,52,96586,705,0.27,4,17,7,9,0,1,Stable,Rural,1,1,Home Purchase,1
4147,62,20000,550,0.6,4,2,1,2,0,4,Stable,Suburban,0,1,None,1
4148,55,58390,730,0.27,3,18,1,3,1,2,Unstable,Rural,0,0,Home Purchase,1
4149,38,68848,756,0.23,1,12,1,6,0,1,Unstable,Urban,0,0,Home Purchase,0
4150,57,27169,717,0.28,4,4,4,6,0,3,Unstable,Rural,0,1,Marriage,0
4151,33,46161,630,0.4,5,9,1,6,0,5,Stable,Rural,2,0,Child Birth,0
4152,51,71970,787,0.56,4,11,1,8,1,5,Unstable,Rural,2,0,Home Purchase,0
4153,48,67332,660,0.49,4,17,9,8,1,2,Stable,Urban,2,2,Child Birth,0
4154,37,48485,681,0.52,2,13,8,6,0,3,Unstable,Rural,0,1,None,0
4155,50,65922,649,0.53,4,19,5,8,0,1,Unstable,Suburban,0,0,Marriage,1
4156,53,57444,673,0.56,4,8,2,1,0,5,Unstable,Rural,4,1,None,0
4157,67,35739,850,0.22,5,5,7,7,0,5,Unstable,Rural,3,1,Home Purchase,1
4158,52,90012,699,0.33,3,10,1,3,0,4,Unstable,Rural,3,2,Home Purchase,0
4159,52,65185,573,0.29,3,15,9,3,0,2,Unstable,Rural,2,1,None,0
4160,32,20000,604,0.29,3,19,1,9,0,4,Stable,Urban,3,1,Marriage,0
4161,47,73041,672,0.43,2,9,3,1,1,5,Stable,Rural,2,0,Child Birth,0
4162,53,44612,620,0.3,4,16,6,9,1,1,Stable,Urban,3,0,Marriage,1
4163,29,52764,794,0.41,1,16,4,5,0,1,Stable,Urban,4,0,None,0
4164,66,60204,558,0.29,1,8,2,9,1,4,Unstable,Suburban,0,0,Home Purchase,0
4165,31,40176,688,0.26,5,3,5,1,0,1,Stable,Rural,1,2,Home Purchase,1
4166,66,105075,801,0.28,2,3,1,6,0,2,Unstable,Urban,4,1,Marriage,0
4167,60,22667,636,0.5,2,10,1,1,0,4,Unstable,Urban,3,0,Home Purchase,1
4168,65,61417,743,0.4,4,12,6,1,0,3,Unstable,Urban,1,2,Home Purchase,1
4169,51,69533,695,0.59,1,15,9,5,0,1,Stable,Rural,1,2,None,0
4170,26,61030,696,0.52,2,15,7,5,1,1,Stable,Rural,1,1,Home Purchase,0
4171,49,55225,751,0.34,5,19,4,1,0,3,Unstable,Suburban,0,2,None,0
4172,33,50574,514,0.22,1,14,8,2,0,2,Stable,Urban,4,0,Child Birth,0
4173,51,39920,820,0.44,2,11,1,3,1,4,Stable,Urban,2,1,Home Purchase,1
4174,25,39477,510,0.46,4,6,5,3,1,4,Unstable,Suburban,0,1,None,0
4175,47,88963,813,0.33,4,12,2,7,0,2,Unstable,Suburban,0,1,Home Purchase,1
4176,34,48956,743,0.21,4,18,3,2,1,4,Stable,Suburban,2,2,Child Birth,0
4177,66,113304,747,0.38,4,2,4,3,0,1,Stable,Urban,1,0,Marriage,0
4178,49,76723,850,0.23,1,16,1,1,1,2,Stable,Suburban,1,1,Marriage,0
4179,27,20000,818,0.57,1,4,5,1,1,1,Stable,Rural,3,0,Child Birth,0
4180,30,82081,781,0.41,2,4,6,1,0,1,Stable,Suburban,1,0,None,1
4181,30,58671,670,0.25,5,17,1,1,0,1,Stable,Urban,3,1,Child Birth,0
4182,26,25251,663,0.21,3,10,4,4,0,3,Unstable,Rural,2,0,None,1
4183,42,92606,784,0.46,3,18,2,1,0,2,Stable,Urban,1,2,Child Birth,0
4184,47,49102,745,0.45,4,19,1,4,0,1,Stable,Suburban,0,1,Child Birth,0
4185,26,46976,730,0.4,2,11,5,6,1,2,Stable,Suburban,3,2,Marriage,0
4186,36,69379,694,0.41,3,14,1,3,0,5,Unstable,Suburban,4,1,Home Purchase,0
4187,46,88570,659,0.4,3,4,8,3,0,1,Unstable,Suburban,0,1,Home Purchase,0
4188,61,62835,561,0.28,3,16,2,5,1,4,Unstable,Rural,1,0,Home Purchase,0
4189,44,61045,764,0.57,3,3,5,2,0,5,Stable,Rural,1,0,Marriage,0
4190,63,42578,681,0.34,3,11,3,4,0,4,Unstable,Urban,3,0,Home Purchase,0
4191,48,88143,675,0.11,2,5,6,1,1,5,Unstable,Urban,4,1,Home Purchase,0
4192,44,63076,518,0.27,3,2,6,9,0,3,Stable,Rural,4,2,None,0
4193,25,54363,709,0.17,3,12,8,3,1,3,Stable,Urban,2,0,None,1
4194,25,51262,563,0.28,2,13,5,8,1,5,Stable,Urban,1,2,Child Birth,1
4195,41,85670,656,0.4,1,2,5,4,1,5,Unstable,Suburban,2,0,Marriage,1
4196,25,53441,779,0.11,1,5,5,6,0,2,Stable,Urban,3,1,Child Birth,1
4197,69,85734,706,0.54,1,19,9,4,0,3,Stable,Urban,1,1,Marriage,1
4198,54,48210,689,0.41,3,5,2,4,0,2,Stable,Suburban,2,0,None,0
4199,65,78057,627,0.25,2,3,3,6,0,4,Unstable,Suburban,2,1,None,0
4200,27,65177,645,0.26,1,19,4,8,0,3,Stable,Urban,3,2,None,0
4201,35,36231,850,0.33,4,19,7,9,1,2,Stable,Rural,3,2,Child Birth,1
4202,48,57825,777,0.22,4,11,1,2,0,1,Unstable,Urban,4,0,Marriage,1
4203,46,20000,653,0.1,2,12,3,6,0,4,Stable,Urban,0,0,None,0
4204,68,41399,689,0.11,3,19,7,1,0,3,Unstable,Rural,3,0,Child Birth,1
4205,69,20554,724,0.28,1,10,8,7,1,1,Stable,Suburban,3,1,None,0
4206,50,109937,743,0.16,3,17,2,3,0,5,Unstable,Urban,1,2,Child Birth,0
4207,37,20849,697,0.11,1,12,3,9,1,1,Unstable,Suburban,4,2,Child Birth,1
4208,25,124644,522,0.53,5,3,7,6,1,5,Stable,Urban,3,1,Marriage,0
4209,48,72856,696,0.24,5,8,7,9,0,5,Unstable,Rural,2,1,Marriage,0
4210,34,47028,690,0.35,3,8,3,6,1,5,Stable,Urban,2,1,None,0
4211,59,80159,850,0.19,4,13,5,4,0,5,Unstable,Rural,4,2,Home Purchase,1
4212,48,43887,850,0.12,3,13,7,6,0,4,Stable,Rural,4,1,Marriage,1
4213,52,24761,764,0.47,1,10,3,1,1,5,Unstable,Rural,1,2,Home Purchase,0
4214,60,61976,632,0.16,3,15,8,8,0,5,Unstable,Suburban,3,1,Home Purchase,1
4215,40,77501,767,0.11,3,16,4,8,0,5,Unstable,Urban,3,0,Child Birth,0
4216,64,91960,530,0.39,1,13,7,3,0,3,Unstable,Urban,2,0,None,0
4217,40,72443,646,0.11,4,11,2,5,1,2,Unstable,Rural,2,1,Home Purchase,1
4218,41,46766,537,0.32,5,12,5,5,0,1,Unstable,Rural,0,0,Home Purchase,1
4219,39,94656,755,0.24,1,14,6,3,1,1,Unstable,Rural,4,0,Marriage,0
4220,40,89074,578,0.26,3,3,1,6,1,2,Unstable,Suburban,4,1,Marriage,1
4221,39,66725,671,0.1,2,15,9,9,1,4,Stable,Urban,3,0,Home Purchase,1
4222,58,90269,695,0.58,3,11,9,3,0,5,Stable,Urban,0,1,Child Birth,0
4223,35,114620,697,0.36,3,3,4,9,0,3,Stable,Urban,1,2,None,1
4224,25,46410,652,0.39,2,18,5,8,0,1,Stable,Urban,4,0,None,1
4225,39,37508,733,0.43,3,8,9,5,0,2,Unstable,Rural,3,0,Child Birth,0
4226,50,45682,574,0.5,2,8,2,9,0,5,Unstable,Rural,3,0,Home Purchase,0
4227,28,26258,850,0.4,3,13,5,7,0,1,Stable,Suburban,3,0,Child Birth,0
4228,67,74780,596,0.48,4,6,4,3,1,1,Unstable,Rural,2,2,Child Birth,0
4229,29,20000,703,0.32,5,10,2,2,0,1,Unstable,Urban,3,1,Home Purchase,1
4230,59,91625,762,0.29,4,15,2,5,0,5,Stable,Rural,0,1,Marriage,0
4231,37,43195,768,0.51,1,5,9,3,0,4,Stable,Rural,0,1,Marriage,1
4232,34,93967,777,0.53,1,1,8,9,0,2,Stable,Suburban,1,1,Marriage,0
4233,35,20000,540,0.17,3,8,8,7,0,2,Unstable,Urban,2,0,None,0
4234,42,50370,608,0.37,1,2,8,8,0,1,Stable,Suburban,0,2,Child Birth,0
4235,58,27674,713,0.44,1,1,5,6,0,4,Stable,Suburban,3,0,Child Birth,0
4236,63,93833,748,0.14,3,16,4,9,0,4,Stable,Suburban,1,2,None,1
4237,65,101975,825,0.56,3,5,3,6,0,5,Unstable,Suburban,2,1,Child Birth,1
4238,66,20000,648,0.36,5,19,2,3,1,2,Unstable,Rural,0,2,Home Purchase,0
4239,47,81646,609,0.42,2,11,5,2,0,1,Stable,Urban,4,1,Child Birth,0
4240,31,86717,645,0.19,3,8,8,1,1,1,Unstable,Rural,1,1,Home Purchase,0
4241,63,68142,850,0.23,5,4,5,9,0,4,Unstable,Urban,1,2,Marriage,1
4242,27,74704,850,0.16,4,14,7,6,0,3,Unstable,Urban,2,2,None,0
4243,36,72901,683,0.23,1,17,5,4,0,5,Stable,Rural,1,1,Child Birth,0
4244,31,81737,828,0.35,2,9,9,5,0,4,Unstable,Urban,2,2,None,0
4245,50,32688,642,0.52,4,4,8,8,0,5,Stable,Urban,4,2,Home Purchase,0
4246,57,90012,795,0.37,3,2,8,1,0,4,Stable,Rural,2,0,Marriage,1
4247,61,65233,562,0.22,4,10,1,8,0,4,Unstable,Suburban,1,2,None,0
4248,39,63733,735,0.12,5,19,5,7,0,4,Stable,Urban,0,1,None,0
4249,26,74165,801,0.41,3,9,9,9,0,3,Unstable,Urban,1,2,Child Birth,0
4250,65,28230,667,0.31,3,16,8,4,0,2,Stable,Urban,1,2,Home Purchase,0
4251,31,21163,761,0.59,2,17,1,5,1,1,Unstable,Suburban,2,0,Child Birth,1
4252,56,56974,643,0.49,5,2,9,8,0,5,Stable,Rural,2,0,Child Birth,0
4253,28,98588,730,0.5,1,19,1,3,0,4,Unstable,Suburban,1,1,Marriage,0
4254,44,30365,651,0.11,4,2,5,1,0,1,Unstable,Urban,0,2,Home Purchase,0
4255,60,64378,781,0.49,2,16,1,1,0,4,Stable,Suburban,1,2,None,0
4256,56,42082,573,0.2,2,16,8,6,0,2,Stable,Rural,1,0,Home Purchase,0
4257,52,38725,598,0.39,3,14,2,2,1,2,Stable,Suburban,3,2,Home Purchase,0
4258,37,72518,830,0.32,4,1,6,9,1,2,Unstable,Urban,0,2,Marriage,1
4259,25,78984,454,0.39,2,9,2,5,1,4,Stable,Suburban,1,2,None,0
4260,59,40311,635,0.17,3,15,2,9,0,1,Stable,Rural,4,1,None,1
4261,54,94681,685,0.33,3,15,1,8,0,2,Stable,Urban,0,0,Marriage,1
4262,60,70562,735,0.12,5,11,6,8,0,5,Unstable,Rural,0,1,Home Purchase,0
4263,49,53958,652,0.12,3,5,5,5,1,3,Stable,Suburban,0,1,Child Birth,0
4264,40,68687,587,0.43,1,8,4,2,0,3,Unstable,Suburban,0,1,Marriage,0
4265,43,110908,822,0.58,5,7,4,6,0,3,Stable,Rural,2,2,Child Birth,1
4266,25,78838,805,0.49,5,6,9,5,0,3,Stable,Suburban,0,1,Child Birth,0
4267,29,42532,662,0.33,1,7,2,3,0,3,Stable,Rural,2,1,Marriage,0
4268,46,59532,520,0.13,1,19,7,9,1,3,Unstable,Suburban,0,2,Child Birth,0
4269,48,63281,730,0.12,2,14,5,7,0,4,Unstable,Rural,4,2,Marriage,1
4270,67,76633,718,0.18,2,11,9,9,0,1,Stable,Rural,3,0,None,0
4271,69,65988,633,0.59,1,19,4,4,1,5,Stable,Suburban,2,2,Child Birth,1
4272,61,107383,504,0.3,2,14,6,3,1,1,Stable,Suburban,3,2,None,1
4273,60,54332,672,0.52,1,19,2,2,0,5,Unstable,Rural,2,1,Child Birth,0
4274,60,20000,776,0.45,1,6,1,5,0,2,Stable,Rural,2,0,Child Birth,1
4275,28,65363,791,0.4,3,1,1,1,0,5,Stable,Rural,0,2,Child Birth,0
4276,60,48971,695,0.57,2,14,4,6,0,4,Stable,Urban,1,0,Home Purchase,1
4277,42,22399,637,0.22,5,12,9,2,0,2,Stable,Suburban,0,1,Child Birth,0
4278,40,42411,773,0.33,5,12,3,9,1,3,Unstable,Suburban,1,0,Child Birth,0
4279,65,51040,586,0.53,2,9,3,5,0,4,Unstable,Rural,0,2,None,0
4280,42,88495,564,0.38,2,9,7,2,0,4,Stable,Rural,0,2,Child Birth,0
4281,46,22918,691,0.22,2,14,8,4,0,1,Unstable,Suburban,4,1,Marriage,0
4282,26,68744,850,0.2,2,2,6,6,1,1,Stable,Rural,4,0,Child Birth,0
4283,45,115512,850,0.48,3,14,1,4,1,2,Stable,Rural,4,1,None,1
4284,60,55628,568,0.11,1,7,6,5,0,4,Stable,Urban,3,0,Home Purchase,0
4285,68,54893,656,0.56,2,15,8,4,1,2,Unstable,Suburban,2,2,None,0
4286,63,77994,850,0.11,2,8,5,4,0,3,Unstable,Urban,2,2,Marriage,1
4287,63,73054,631,0.42,1,19,8,3,0,1,Unstable,Urban,0,2,Marriage,0
4288,53,95439,850,0.4,1,2,1,9,1,4,Unstable,Rural,2,0,Child Birth,1
4289,50,55822,797,0.39,1,1,4,3,0,3,Stable,Rural,4,0,Marriage,1
4290,45,77554,819,0.34,4,19,9,4,1,4,Unstable,Urban,4,1,None,1
4291,41,77952,655,0.53,5,8,5,8,0,3,Stable,Rural,1,2,None,1
4292,40,51611,658,0.43,2,7,3,5,0,5,Unstable,Urban,1,0,Home Purchase,0
4293,55,57150,608,0.49,3,18,3,7,1,3,Unstable,Urban,3,1,None,0
4294,33,59720,779,0.16,3,19,9,6,0,5,Stable,Urban,2,1,None,1
4295,55,29057,536,0.12,1,13,1,1,0,1,Unstable,Urban,1,2,Child Birth,0
4296,38,50283,683,0.11,3,16,6,2,0,5,Stable,Suburban,2,0,Marriage,0
4297,61,97404,850,0.17,5,11,6,5,0,2,Stable,Suburban,1,2,None,1
4298,26,85942,759,0.43,2,10,8,3,0,3,Unstable,Suburban,3,0,Child Birth,0
4299,38,45501,800,0.35,3,19,8,8,0,1,Stable,Urban,4,2,Child Birth,1
4300,57,59606,535,0.48,5,5,1,8,0,4,Stable,Urban,0,1,Marriage,1
4301,59,84284,600,0.2,5,12,7,2,0,3,Stable,Rural,0,0,Child Birth,1
4302,63,71085,818,0.28,4,4,1,6,0,3,Unstable,Suburban,0,0,Home Purchase,0
4303,44,79997,712,0.54,4,16,8,7,0,5,Unstable,Rural,0,0,None,1
4304,26,73353,596,0.57,3,2,5,7,0,5,Unstable,Suburban,4,1,Home Purchase,0
4305,65,65385,762,0.56,5,4,2,3,1,3,Stable,Rural,1,1,Marriage,1
4306,43,55852,646,0.51,1,16,3,9,0,3,Unstable,Rural,3,2,Home Purchase,0
4307,61,30122,850,0.44,4,11,9,7,1,2,Stable,Suburban,3,1,Home Purchase,1
4308,42,77305,759,0.56,5,6,2,1,1,4,Unstable,Suburban,0,1,Marriage,0
4309,40,54456,607,0.46,4,11,4,9,1,2,Unstable,Rural,0,2,Child Birth,0
4310,28,20000,788,0.58,2,10,7,6,1,2,Unstable,Rural,0,1,Home Purchase,0
4311,36,46358,850,0.11,5,15,8,6,0,4,Stable,Rural,0,2,Marriage,1
4312,53,81307,699,0.56,5,7,3,7,0,1,Unstable,Suburban,2,1,Home Purchase,0
4313,31,20000,623,0.38,2,15,9,2,0,4,Stable,Urban,1,1,Child Birth,0
4314,38,34261,704,0.16,4,1,8,2,1,1,Stable,Rural,0,0,Home Purchase,1
4315,36,63428,638,0.21,2,8,6,4,1,3,Stable,Urban,1,0,None,1
4316,59,95142,674,0.53,3,5,8,2,0,2,Stable,Suburban,3,0,None,1
4317,29,84999,561,0.35,1,6,8,7,0,3,Stable,Rural,1,1,Home Purchase,1
4318,41,97540,787,0.59,4,4,3,9,1,2,Unstable,Suburban,2,0,None,1
4319,66,65194,585,0.16,5,15,7,2,0,5,Stable,Urban,3,2,None,0
4320,56,54770,760,0.31,3,4,8,1,0,2,Stable,Suburban,0,0,Child Birth,0
4321,34,81082,669,0.27,4,3,6,1,0,2,Stable,Rural,0,2,Child Birth,1
4322,67,37515,722,0.36,1,16,6,2,1,2,Unstable,Rural,3,2,Home Purchase,0
4323,41,35565,652,0.42,5,16,7,3,0,1,Unstable,Suburban,0,2,Marriage,0
4324,29,31122,719,0.43,2,8,4,1,0,5,Unstable,Suburban,0,2,None,0
4325,69,87222,743,0.1,1,6,9,8,1,1,Stable,Rural,0,1,Marriage,0
4326,66,39135,664,0.14,4,13,3,6,0,4,Unstable,Suburban,3,2,Home Purchase,1
4327,33,85015,527,0.12,5,9,7,3,1,4,Stable,Suburban,2,2,Home Purchase,1
4328,57,63711,733,0.53,4,9,9,9,1,5,Unstable,Rural,2,0,Home Purchase,1
4329,60,87543,739,0.26,1,11,8,4,0,4,Unstable,Suburban,1,0,Home Purchase,0
4330,60,32365,556,0.28,5,8,7,9,1,3,Unstable,Suburban,2,2,Marriage,0
4331,42,44362,601,0.33,1,13,5,5,0,1,Stable,Rural,2,1,None,0
4332,33,71349,665,0.52,4,19,2,9,0,2,Unstable,Urban,0,1,Child Birth,0
4333,53,49226,470,0.11,5,1,2,8,1,3,Stable,Suburban,1,0,Marriage,0
4334,38,20000,770,0.16,5,17,4,2,0,2,Stable,Urban,2,0,Child Birth,1
4335,49,25693,651,0.44,5,6,5,5,0,4,Stable,Suburban,1,0,Home Purchase,0
4336,39,32168,728,0.58,4,12,4,1,0,1,Stable,Rural,3,0,None,0
4337,30,34021,593,0.42,3,4,2,1,0,4,Stable,Rural,2,1,Child Birth,1
4338,66,77044,850,0.23,4,16,4,3,1,1,Stable,Suburban,0,0,Marriage,1
4339,53,68426,557,0.36,2,3,5,1,0,2,Stable,Suburban,4,0,Child Birth,0
4340,39,64055,650,0.59,3,17,4,6,1,2,Stable,Urban,0,1,Marriage,0
4341,53,110216,819,0.36,4,18,6,6,0,2,Stable,Rural,4,2,None,0
4342,28,89380,585,0.29,2,18,7,5,0,5,Unstable,Urban,4,1,None,0
4343,42,80045,709,0.29,1,18,5,9,0,4,Stable,Rural,3,0,None,1
4344,68,22618,762,0.58,2,8,9,4,0,5,Stable,Rural,2,1,Marriage,1
4345,63,61488,549,0.46,5,8,4,3,0,3,Unstable,Urban,4,2,Marriage,0
4346,40,67467,633,0.44,3,13,2,3,0,5,Unstable,Urban,4,0,None,0
4347,35,49619,719,0.22,4,12,8,1,0,2,Stable,Rural,4,0,None,0
4348,38,102659,745,0.38,4,15,4,4,1,1,Stable,Suburban,1,2,Home Purchase,0
4349,27,61280,617,0.28,5,10,4,7,1,4,Unstable,Suburban,2,2,None,0
4350,66,29291,850,0.22,3,9,3,8,0,4,Stable,Suburban,4,0,Home Purchase,1
4351,62,35065,748,0.55,3,3,9,6,1,4,Stable,Rural,2,0,None,0
4352,69,117058,777,0.29,5,10,4,7,0,3,Stable,Rural,1,1,None,1
4353,66,49496,771,0.24,3,17,2,5,1,4,Stable,Rural,0,1,None,0
4354,42,20000,543,0.57,5,15,1,8,1,3,Unstable,Suburban,0,2,None,0
4355,44,45016,688,0.2,2,10,1,3,1,2,Stable,Urban,4,1,Marriage,0
4356,49,20000,698,0.47,5,14,8,8,0,1,Stable,Suburban,1,0,Marriage,0
4357,62,82932,674,0.43,4,16,1,7,1,2,Unstable,Rural,0,1,Child Birth,0
4358,37,20000,720,0.56,1,6,5,9,1,5,Unstable,Suburban,3,2,None,1
4359,28,24944,489,0.52,2,7,8,6,0,4,Stable,Rural,3,0,Child Birth,0
4360,38,60099,712,0.45,4,10,7,2,1,5,Stable,Rural,3,0,Marriage,0
4361,57,87734,669,0.26,2,19,7,5,0,3,Stable,Urban,4,1,None,1
4362,52,58264,488,0.35,4,18,8,9,1,2,Unstable,Urban,4,1,None,1
4363,61,28558,742,0.57,3,9,3,7,1,4,Unstable,Rural,0,2,None,0
4364,32,64564,581,0.11,5,2,5,3,0,3,Stable,Suburban,4,1,Marriage,0
4365,68,48305,661,0.5,4,9,2,2,0,2,Stable,Suburban,0,2,Home Purchase,0
4366,58,88317,674,0.23,4,4,5,8,0,2,Stable,Urban,4,0,Home Purchase,1
4367,68,81369,515,0.19,3,11,5,8,1,3,Unstable,Rural,1,2,Child Birth,0
4368,29,46571,526,0.22,1,17,2,1,1,1,Stable,Urban,2,1,Home Purchase,1
4369,29,79494,754,0.13,1,3,6,2,1,2,Unstable,Urban,3,1,None,1
4370,55,66780,639,0.6,5,15,1,5,0,4,Unstable,Rural,3,0,Child Birth,0
4371,69,94170,660,0.53,3,2,8,5,1,5,Unstable,Urban,1,1,Child Birth,0
4372,33,78429,707,0.36,2,16,1,7,1,3,Unstable,Suburban,4,0,None,1
4373,66,73674,524,0.46,4,4,3,5,1,1,Unstable,Urban,0,2,Child Birth,0
4374,56,93198,659,0.38,5,18,1,9,0,2,Stable,Rural,2,2,Child Birth,0
4375,57,60385,688,0.51,1,10,2,1,0,5,Unstable,Suburban,0,2,Home Purchase,0
4376,27,40672,850,0.52,2,6,7,5,0,1,Unstable,Suburban,2,1,Marriage,0
4377,54,65020,607,0.22,3,11,7,3,0,3,Stable,Suburban,0,1,Marriage,0
4378,36,51114,778,0.33,4,10,5,6,1,2,Stable,Urban,2,1,Home Purchase,1
4379,53,75104,699,0.42,4,1,5,1,0,2,Unstable,Suburban,1,1,Child Birth,0
4380,27,61548,586,0.59,1,16,7,2,0,3,Unstable,Rural,1,2,Home Purchase,0
4381,50,70073,636,0.44,1,5,5,9,0,5,Stable,Suburban,1,2,Marriage,0
4382,54,29897,786,0.55,5,9,8,9,0,5,Stable,Rural,4,1,Child Birth,1
4383,33,72707,777,0.52,4,17,3,2,0,4,Stable,Rural,2,2,Marriage,0
4384,50,27869,647,0.39,4,4,2,4,0,2,Unstable,Urban,0,1,Marriage,0
4385,26,84044,734,0.55,4,2,4,3,0,3,Stable,Suburban,4,1,Marriage,0
4386,27,84081,596,0.29,4,2,7,8,0,2,Stable,Rural,2,2,Marriage,0
4387,28,68698,682,0.29,2,5,9,1,0,4,Stable,Suburban,4,2,Marriage,0
4388,49,67752,657,0.49,3,2,3,9,0,4,Stable,Rural,3,0,Child Birth,1
4389,37,54408,793,0.17,2,13,3,4,0,1,Stable,Urban,4,0,None,0
4390,63,44919,746,0.25,3,5,7,8,1,2,Unstable,Suburban,3,2,Child Birth,0
4391,68,59625,632,0.4,2,1,1,8,1,3,Stable,Suburban,4,0,Home Purchase,0
4392,59,109567,642,0.31,5,15,7,6,0,1,Stable,Rural,0,0,Home Purchase,0
4393,47,65732,697,0.57,3,19,2,9,0,3,Unstable,Rural,3,2,Child Birth,0
4394,33,26356,683,0.58,4,14,1,8,0,4,Stable,Urban,3,2,None,0
4395,26,20000,672,0.35,3,12,9,3,0,5,Stable,Urban,3,1,Home Purchase,0
4396,65,24048,664,0.37,4,2,1,6,0,5,Stable,Urban,1,2,Child Birth,0
4397,68,50560,837,0.46,5,1,8,2,1,3,Stable,Suburban,2,1,Child Birth,1
4398,55,91644,654,0.33,3,3,7,1,0,3,Stable,Rural,2,2,None,0
4399,68,34412,729,0.2,1,11,9,5,0,5,Stable,Rural,4,2,Home Purchase,0
4400,26,95543,850,0.47,4,17,5,7,0,1,Stable,Suburban,2,1,Home Purchase,1
4401,56,64486,615,0.47,3,5,3,6,1,5,Stable,Suburban,4,2,Home Purchase,1
4402,42,72086,719,0.22,2,17,1,4,0,4,Stable,Rural,3,1,None,0
4403,37,71400,724,0.52,3,18,2,4,0,2,Stable,Rural,2,0,Home Purchase,1
4404,29,74766,698,0.41,4,3,6,9,0,3,Unstable,Suburban,4,0,Child Birth,0
4405,66,49715,704,0.22,1,15,8,3,0,1,Unstable,Suburban,3,0,None,0
4406,68,20000,612,0.43,1,16,9,2,1,4,Unstable,Urban,1,1,None,0
4407,34,45291,735,0.22,2,15,8,6,0,2,Stable,Urban,0,1,None,1
4408,67,37803,516,0.23,5,17,2,1,0,1,Unstable,Urban,2,2,Child Birth,0
4409,49,67764,850,0.52,1,18,1,2,0,3,Unstable,Urban,3,2,Home Purchase,0
4410,58,65480,850,0.56,5,8,4,4,0,1,Stable,Suburban,0,2,Child Birth,0
4411,61,53190,667,0.23,4,14,5,9,1,4,Unstable,Urban,0,1,None,0
4412,54,103888,805,0.56,3,4,6,4,0,5,Stable,Rural,4,2,Marriage,1
4413,31,43981,670,0.22,5,10,4,3,0,3,Stable,Urban,1,2,Home Purchase,0
4414,30,20000,700,0.16,4,7,5,1,0,2,Unstable,Rural,4,2,None,0
4415,27,62986,631,0.13,4,1,8,8,1,3,Unstable,Urban,1,1,Child Birth,1
4416,37,89729,781,0.22,4,7,3,4,0,4,Unstable,Rural,0,2,Home Purchase,1
4417,27,67179,641,0.29,2,12,1,2,0,2,Unstable,Rural,0,0,Marriage,0
4418,50,51084,778,0.56,2,4,9,7,1,4,Unstable,Urban,2,1,Child Birth,1
4419,48,66011,695,0.22,5,7,9,1,1,3,Unstable,Rural,0,0,Marriage,0
4420,30,105972,698,0.28,4,15,2,3,0,1,Stable,Suburban,4,2,None,1
4421,67,38121,550,0.47,5,2,3,5,0,4,Unstable,Suburban,4,0,Child Birth,0
4422,66,60771,705,0.25,1,2,8,7,1,5,Stable,Suburban,0,2,Home Purchase,1
4423,36,76748,585,0.44,5,5,3,3,0,5,Stable,Suburban,0,0,Child Birth,0
4424,60,66347,706,0.32,3,3,3,4,0,3,Unstable,Suburban,1,0,Home Purchase,1
4425,26,53803,850,0.2,4,16,6,5,1,2,Unstable,Rural,0,0,Marriage,0
4426,35,49341,561,0.47,5,4,6,2,0,1,Unstable,Rural,0,0,None,0
4427,63,52870,685,0.11,2,15,7,9,0,2,Stable,Rural,4,1,Home Purchase,0
4428,58,73300,636,0.25,3,17,4,7,1,4,Unstable,Urban,4,1,Marriage,0
4429,50,71844,595,0.28,5,11,5,2,0,3,Stable,Suburban,4,2,Home Purchase,0
4430,42,112367,620,0.33,5,4,3,6,0,1,Stable,Rural,2,2,None,0
4431,45,21580,847,0.44,5,4,2,7,0,3,Unstable,Urban,1,2,Child Birth,1
4432,60,103947,850,0.33,2,4,3,4,0,3,Unstable,Urban,1,0,Child Birth,0
4433,64,54888,595,0.4,5,19,3,4,0,3,Unstable,Suburban,0,1,Marriage,0
4434,68,57735,740,0.4,1,2,2,8,1,2,Unstable,Rural,0,1,None,0
4435,46,81468,608,0.29,1,16,1,2,1,4,Stable,Suburban,3,2,Child Birth,0
4436,54,81310,632,0.57,1,13,3,2,0,4,Stable,Urban,4,2,Marriage,0
4437,67,88915,495,0.58,5,8,1,2,0,2,Unstable,Urban,1,1,Child Birth,1
4438,54,94369,850,0.39,3,19,8,2,1,5,Stable,Rural,3,2,Marriage,1
4439,32,59004,809,0.14,2,2,5,7,0,1,Stable,Urban,2,2,None,0
4440,58,94690,634,0.35,1,17,6,4,1,1,Unstable,Rural,2,2,Home Purchase,0
4441,33,44271,728,0.19,1,12,7,5,1,2,Unstable,Rural,4,2,Marriage,0
4442,44,52367,660,0.34,3,14,7,8,0,3,Stable,Suburban,1,1,None,0
4443,64,55449,794,0.19,1,12,4,7,0,3,Stable,Rural,3,1,Child Birth,0
4444,49,46834,665,0.45,2,13,6,8,0,4,Unstable,Urban,0,1,Child Birth,0
4445,43,61496,680,0.14,3,10,8,5,1,2,Stable,Suburban,4,0,Home Purchase,0
4446,29,82410,633,0.58,4,4,6,8,0,5,Unstable,Urban,4,1,None,1
4447,35,76283,760,0.2,2,7,7,1,1,5,Unstable,Suburban,4,2,Child Birth,0
4448,39,44670,850,0.43,2,2,3,5,1,1,Unstable,Rural,0,1,Child Birth,0
4449,32,42611,671,0.56,5,15,9,2,0,1,Unstable,Urban,4,2,Marriage,0
4450,43,38616,670,0.22,4,4,2,5,0,3,Stable,Rural,3,1,None,0
4451,47,62219,697,0.57,4,9,8,2,0,3,Unstable,Urban,0,1,Home Purchase,1
4452,51,20478,726,0.29,3,6,8,6,1,2,Stable,Suburban,2,2,Child Birth,0
4453,64,37734,670,0.58,1,17,2,9,0,3,Stable,Urban,2,0,Child Birth,0
4454,56,48529,660,0.59,4,7,9,2,0,3,Stable,Urban,4,0,Marriage,1
4455,50,86384,708,0.19,3,16,3,2,0,4,Stable,Urban,0,0,None,0
4456,51,56695,524,0.52,4,17,6,3,0,2,Unstable,Suburban,3,0,Marriage,0
4457,43,85146,645,0.2,2,8,4,5,0,1,Unstable,Suburban,1,1,Home Purchase,0
4458,66,64689,499,0.21,4,3,5,9,0,2,Stable,Suburban,3,1,Marriage,0
4459,53,48142,650,0.14,1,6,3,3,0,5,Stable,Suburban,0,2,Child Birth,0
4460,63,49171,605,0.18,3,18,8,9,0,3,Unstable,Rural,0,1,None,0
4461,65,30848,762,0.42,1,11,8,9,1,1,Unstable,Suburban,3,1,Child Birth,1
4462,57,120079,626,0.32,5,6,7,9,0,2,Unstable,Suburban,0,0,Home Purchase,1
4463,43,87762,663,0.5,1,13,7,4,1,1,Unstable,Rural,4,1,None,1
4464,61,75093,485,0.27,1,9,2,6,1,3,Unstable,Suburban,4,1,Child Birth,0
4465,43,27417,802,0.58,3,8,6,2,0,1,Stable,Rural,4,0,Child Birth,1
4466,57,48709,591,0.12,2,13,4,1,0,1,Unstable,Urban,2,1,None,0
4467,40,35616,651,0.13,4,14,9,2,0,1,Stable,Urban,0,1,None,1
4468,47,63189,777,0.45,4,1,5,4,1,5,Stable,Rural,4,0,Marriage,1
4469,31,36817,778,0.54,3,5,6,7,1,4,Unstable,Rural,0,2,Home Purchase,0
4470,50,43242,588,0.5,3,6,7,2,0,2,Unstable,Rural,1,2,Home Purchase,0
4471,56,37471,752,0.34,2,9,2,1,0,1,Stable,Rural,4,1,Home Purchase,0
4472,36,54006,585,0.23,2,13,1,3,0,5,Stable,Rural,1,1,Marriage,0
4473,32,61785,723,0.11,5,1,6,7,0,1,Unstable,Suburban,1,0,Marriage,1
4474,29,54668,621,0.35,4,6,9,3,0,1,Unstable,Rural,1,1,None,0
4475,66,98322,598,0.34,4,7,7,2,0,4,Stable,Rural,2,2,Child Birth,1
4476,52,80277,703,0.27,5,10,9,1,0,5,Unstable,Urban,2,1,None,0
4477,29,40424,627,0.39,3,4,3,3,0,4,Unstable,Suburban,3,0,Marriage,0
4478,50,68140,850,0.46,4,18,5,7,0,5,Stable,Urban,2,2,Marriage,0
4479,29,42483,638,0.45,1,16,6,3,0,2,Stable,Suburban,2,2,Marriage,0
4480,46,50121,580,0.23,3,19,6,5,1,2,Stable,Rural,2,1,Marriage,0
4481,39,71979,610,0.39,3,11,5,6,0,4,Stable,Suburban,1,0,Child Birth,0
4482,37,76641,698,0.17,2,17,2,5,0,2,Stable,Suburban,1,1,Child Birth,0
4483,52,45314,711,0.16,5,2,3,1,0,1,Unstable,Urban,1,0,Home Purchase,0
4484,57,32378,730,0.49,3,7,6,5,1,2,Unstable,Urban,1,2,Marriage,0
4485,67,62192,791,0.45,2,9,9,3,1,2,Stable,Rural,0,2,None,0
4486,47,70865,532,0.48,1,14,8,8,0,2,Unstable,Urban,3,1,Marriage,1
4487,57,44042,795,0.18,1,17,8,5,0,1,Unstable,Suburban,1,2,Marriage,0
4488,67,80413,608,0.56,4,15,8,8,1,5,Unstable,Urban,3,2,Marriage,1
4489,42,75982,740,0.17,5,7,6,9,0,2,Unstable,Suburban,2,1,Child Birth,1
4490,54,43678,850,0.54,5,7,3,2,0,2,Stable,Urban,3,0,None,1
4491,50,88254,620,0.28,2,14,5,4,0,3,Stable,Rural,2,2,Child Birth,0
4492,40,89018,616,0.15,4,9,8,1,1,3,Unstable,Rural,1,0,Marriage,1
4493,37,111691,597,0.24,5,9,3,9,0,5,Unstable,Suburban,2,2,Marriage,0
4494,63,102793,666,0.19,4,17,1,8,0,2,Stable,Urban,1,2,Marriage,0
4495,57,37434,826,0.35,2,2,1,2,0,2,Stable,Urban,1,2,None,0
4496,50,83124,588,0.57,4,12,7,6,0,5,Unstable,Urban,3,1,Child Birth,1
4497,25,81990,650,0.26,3,16,6,5,1,5,Stable,Suburban,4,2,Home Purchase,0
4498,62,51287,797,0.41,3,2,5,5,0,3,Unstable,Rural,1,0,Child Birth,1
4499,26,71373,762,0.55,3,15,8,3,1,1,Stable,Rural,4,2,Home Purchase,1
4500,30,20000,650,0.42,3,6,8,1,1,5,Unstable,Urban,1,1,None,0
4501,62,20000,678,0.28,1,11,1,6,0,3,Unstable,Suburban,1,2,Child Birth,1
4502,66,20000,791,0.6,1,17,7,6,0,4,Stable,Urban,3,0,Marriage,0
4503,48,69731,850,0.19,5,4,2,5,0,1,Unstable,Suburban,0,1,Home Purchase,1
4504,42,70912,850,0.36,1,19,4,9,0,3,Stable,Suburban,1,1,None,0
4505,51,53152,837,0.5,4,5,1,9,0,5,Stable,Urban,0,1,None,1
4506,65,103029,632,0.1,4,12,2,1,0,4,Stable,Suburban,2,0,None,0
4507,32,84676,850,0.45,1,19,9,7,1,4,Unstable,Urban,4,0,Home Purchase,1
4508,52,20042,626,0.23,4,1,1,6,1,5,Stable,Suburban,2,2,Marriage,1
4509,34,55700,534,0.18,5,11,7,3,0,5,Unstable,Rural,1,0,Child Birth,0
4510,41,36507,711,0.24,2,6,4,4,0,4,Unstable,Suburban,3,2,Child Birth,1
4511,53,70349,847,0.58,1,4,7,4,0,1,Unstable,Urban,2,1,Home Purchase,0
4512,30,59235,766,0.55,3,17,7,4,1,4,Unstable,Urban,0,0,Marriage,0
4513,38,37925,692,0.21,4,12,3,7,0,5,Stable,Urban,2,2,Marriage,0
4514,46,102361,729,0.16,4,10,2,4,0,1,Stable,Suburban,1,1,Home Purchase,1
4515,30,61434,753,0.28,2,14,3,6,0,3,Unstable,Rural,0,2,Home Purchase,0
4516,50,49599,714,0.4,5,7,5,1,0,2,Unstable,Suburban,3,0,Home Purchase,1
4517,63,53671,670,0.53,4,11,8,8,1,2,Unstable,Suburban,4,2,None,0
4518,36,100466,625,0.58,3,3,9,4,0,2,Stable,Suburban,0,2,None,0
4519,59,82781,711,0.48,2,8,4,3,0,3,Stable,Rural,2,1,Child Birth,1
4520,38,55941,687,0.4,4,5,6,9,0,3,Stable,Suburban,3,1,None,0
4521,46,35197,700,0.17,3,4,4,2,1,4,Unstable,Suburban,0,2,None,0
4522,47,39095,804,0.14,4,13,9,8,0,3,Unstable,Rural,3,0,None,0
4523,31,47946,675,0.4,3,4,5,6,0,3,Stable,Suburban,2,1,None,0
4524,64,72679,679,0.37,2,6,2,6,1,5,Unstable,Suburban,2,0,Child Birth,0
4525,49,78913,718,0.52,5,2,1,6,0,3,Stable,Suburban,3,2,Home Purchase,0
4526,37,41861,850,0.26,1,5,5,2,0,5,Stable,Urban,2,2,Home Purchase,0
4527,45,80019,590,0.12,1,15,8,7,1,4,Unstable,Rural,0,2,Marriage,1
4528,65,37284,809,0.31,5,8,6,8,1,2,Stable,Urban,3,0,Child Birth,0
4529,34,44705,670,0.58,4,2,7,8,0,1,Unstable,Rural,4,0,Marriage,1
4530,33,23761,693,0.5,2,5,9,7,1,2,Unstable,Suburban,1,0,None,0
4531,39,23017,568,0.12,3,9,4,7,0,4,Stable,Rural,1,0,None,0
4532,26,37014,850,0.54,2,8,5,5,0,1,Unstable,Suburban,3,1,None,0
4533,49,59356,722,0.34,5,14,9,4,0,2,Unstable,Urban,2,0,Child Birth,1
4534,37,35150,765,0.28,4,16,3,4,1,4,Unstable,Suburban,0,0,None,0
4535,58,97452,550,0.27,4,2,1,2,0,4,Stable,Suburban,4,2,Marriage,0
4536,58,36687,635,0.4,5,3,8,4,1,5,Unstable,Urban,0,2,Home Purchase,0
4537,59,64598,741,0.37,2,4,9,7,0,3,Stable,Rural,2,1,Home Purchase,0
4538,62,93006,683,0.43,1,15,4,2,0,5,Unstable,Urban,4,1,Child Birth,0
4539,27,62312,744,0.39,2,5,6,7,0,5,Unstable,Rural,1,1,Child Birth,0
4540,66,50902,850,0.17,4,15,7,9,1,2,Unstable,Rural,0,2,Child Birth,0
4541,30,63675,750,0.23,4,18,7,3,0,4,Unstable,Suburban,0,2,Marriage,0
4542,43,45956,655,0.52,5,13,8,8,0,3,Unstable,Urban,1,0,Marriage,1
4543,27,34979,634,0.43,2,11,6,5,0,4,Unstable,Rural,0,2,Child Birth,1
4544,42,75317,623,0.32,1,10,7,4,0,1,Unstable,Urban,1,2,Child Birth,0
4545,63,45422,657,0.19,2,4,9,8,0,2,Unstable,Urban,3,0,Home Purchase,0
4546,33,83418,661,0.1,4,5,6,1,0,5,Stable,Urban,1,1,Marriage,1
4547,36,79906,711,0.26,2,1,2,7,0,3,Stable,Urban,1,2,Child Birth,0
4548,29,64157,752,0.13,4,13,4,9,0,3,Unstable,Suburban,3,1,Child Birth,1
4549,27,84272,743,0.34,4,14,5,7,0,3,Unstable,Suburban,3,1,Home Purchase,1
4550,35,46398,713,0.51,3,16,8,9,0,1,Unstable,Suburban,2,2,None,1
4551,54,79594,720,0.24,1,13,4,7,1,5,Unstable,Rural,2,0,Marriage,0
4552,28,79464,850,0.52,5,15,1,2,0,3,Stable,Urban,4,1,Marriage,0
4553,29,52464,627,0.45,1,9,1,5,1,4,Stable,Suburban,1,1,Marriage,0
4554,25,49257,696,0.16,2,3,2,4,0,3,Stable,Suburban,4,0,Child Birth,0
4555,51,68225,521,0.42,3,2,8,8,0,3,Unstable,Suburban,3,0,Marriage,0
4556,52,109206,661,0.18,4,12,3,9,1,3,Stable,Rural,1,2,None,0
4557,53,54194,610,0.43,1,18,6,9,1,1,Unstable,Urban,1,2,Home Purchase,0
4558,42,48730,627,0.17,4,4,7,3,0,5,Stable,Urban,1,1,Home Purchase,0
4559,36,89459,581,0.3,4,15,1,3,0,4,Stable,Suburban,3,0,None,0
4560,37,61703,564,0.38,3,1,5,5,0,2,Unstable,Urban,0,2,Home Purchase,0
4561,65,81650,712,0.13,1,8,2,2,0,3,Unstable,Rural,4,1,None,1
4562,26,96865,771,0.18,3,17,7,4,1,5,Unstable,Suburban,2,1,Child Birth,1
4563,61,20000,622,0.26,4,5,3,3,1,1,Unstable,Urban,2,2,Home Purchase,0
4564,69,59060,497,0.33,1,7,9,6,0,4,Stable,Rural,0,2,None,1
4565,40,54254,711,0.53,4,3,1,1,0,5,Unstable,Suburban,1,1,Marriage,0
4566,48,35941,746,0.19,4,6,2,5,1,3,Stable,Urban,2,2,Home Purchase,0
4567,59,20000,767,0.27,1,13,9,4,1,5,Stable,Rural,3,0,Home Purchase,1
4568,46,20212,597,0.34,5,16,7,1,0,1,Unstable,Urban,1,2,None,0
4569,60,62609,639,0.25,3,17,3,4,0,2,Stable,Rural,3,1,Marriage,0
4570,35,46649,589,0.41,2,6,8,7,0,1,Stable,Suburban,4,0,None,0
4571,53,39954,626,0.23,4,5,5,3,0,2,Stable,Suburban,1,2,None,0
4572,59,62360,621,0.49,3,18,2,5,0,3,Unstable,Urban,3,1,Child Birth,0
4573,39,42696,649,0.35,3,4,1,8,0,4,Stable,Suburban,0,1,Home Purchase,0
4574,55,92254,674,0.14,1,12,6,3,0,1,Unstable,Rural,0,0,None,0
4575,66,44477,711,0.41,1,16,4,3,0,4,Stable,Rural,2,0,Home Purchase,0
4576,65,97633,615,0.38,1,11,2,8,0,1,Stable,Suburban,4,2,Home Purchase,0
4577,67,59249,686,0.27,3,11,1,3,0,4,Unstable,Suburban,1,2,Home Purchase,0
4578,40,43702,609,0.11,1,6,7,2,1,2,Unstable,Rural,4,0,Child Birth,0
4579,34,41885,524,0.2,2,16,4,2,0,5,Stable,Rural,4,0,Child Birth,0
4580,56,97844,754,0.3,3,6,1,8,1,5,Stable,Rural,4,0,None,1
4581,26,77395,633,0.2,1,9,1,6,1,2,Stable,Urban,1,2,Home Purchase,0
4582,48,41014,526,0.39,4,18,7,3,1,2,Unstable,Urban,4,1,None,0
4583,47,62976,756,0.46,3,1,5,1,0,3,Stable,Urban,2,0,Marriage,0
4584,26,20000,674,0.53,5,18,1,6,0,1,Stable,Rural,0,0,Child Birth,0
4585,62,26709,745,0.42,5,19,9,9,0,4,Unstable,Suburban,1,2,None,1
4586,55,41242,741,0.44,3,9,3,6,0,2,Unstable,Rural,2,0,Marriage,0
4587,64,40629,590,0.4,3,14,1,1,0,4,Unstable,Urban,2,2,Marriage,0
4588,50,90325,793,0.59,5,12,2,6,1,1,Stable,Urban,3,0,Home Purchase,1
4589,53,20000,516,0.23,4,10,6,9,0,4,Unstable,Suburban,2,0,Child Birth,0
4590,27,24304,660,0.23,4,9,3,6,0,5,Unstable,Rural,4,2,Home Purchase,0
4591,38,71309,653,0.16,4,12,8,3,1,3,Stable,Urban,0,2,Child Birth,0
4592,49,65756,622,0.34,2,5,1,2,0,1,Stable,Rural,4,0,Marriage,0
4593,25,51255,822,0.15,2,19,1,8,1,1,Unstable,Suburban,4,0,None,1
4594,27,111312,730,0.24,4,10,8,2,0,3,Stable,Suburban,2,1,Home Purchase,0
4595,50,75435,559,0.34,5,2,1,7,0,1,Stable,Suburban,1,2,Marriage,0
4596,42,90570,573,0.58,2,6,4,3,0,3,Unstable,Rural,1,2,Child Birth,1
4597,33,58729,850,0.58,1,5,6,5,0,2,Stable,Rural,0,2,Home Purchase,0
4598,62,46410,652,0.47,2,1,1,3,0,2,Stable,Suburban,3,2,None,0
4599,47,46696,620,0.29,5,18,4,3,1,4,Stable,Rural,4,2,Child Birth,0
4600,45,83191,815,0.53,5,15,5,7,0,5,Stable,Suburban,1,1,Marriage,1
4601,25,79318,522,0.54,3,2,1,7,1,5,Unstable,Rural,2,2,None,0
4602,45,54534,838,0.56,5,15,2,7,0,1,Stable,Rural,4,1,Child Birth,1
4603,51,71789,620,0.42,4,11,2,4,1,1,Stable,Suburban,4,0,Home Purchase,0
4604,66,84065,751,0.2,5,13,6,8,0,4,Stable,Suburban,3,2,Child Birth,1
4605,30,45901,652,0.15,2,15,2,9,0,5,Unstable,Suburban,4,1,Child Birth,0
4606,68,51415,542,0.56,2,10,6,1,1,2,Stable,Rural,3,1,Marriage,0
4607,60,71166,717,0.13,2,17,9,7,1,2,Stable,Suburban,1,0,None,1
4608,52,20000,794,0.25,5,5,2,8,0,3,Stable,Urban,1,1,Child Birth,0
4609,69,71639,465,0.34,4,1,7,2,1,2,Unstable,Rural,4,2,None,0
4610,41,31873,584,0.11,4,19,1,6,1,5,Stable,Rural,4,0,None,1
4611,64,83541,823,0.55,3,12,9,5,0,3,Unstable,Suburban,3,0,Home Purchase,0
4612,27,113694,739,0.24,1,7,4,4,0,1,Stable,Rural,2,0,None,1
4613,36,42570,746,0.11,4,2,5,4,1,4,Unstable,Rural,4,0,Child Birth,0
4614,63,26258,793,0.6,2,15,4,6,1,5,Stable,Rural,3,0,Marriage,1
4615,36,55502,746,0.26,3,13,9,1,1,2,Stable,Urban,0,0,Child Birth,1
4616,26,53368,714,0.54,4,7,1,1,0,3,Stable,Urban,3,1,Home Purchase,0
4617,46,76518,811,0.33,4,14,6,4,1,2,Unstable,Suburban,4,2,Child Birth,0
4618,47,65851,660,0.43,1,16,5,3,0,1,Unstable,Rural,4,1,Home Purchase,0
4619,54,52591,698,0.22,1,9,8,5,0,2,Stable,Urban,0,2,Marriage,0
4620,29,62265,782,0.35,1,19,2,5,1,2,Unstable,Suburban,1,2,None,0
4621,33,31946,623,0.23,4,5,4,1,1,4,Stable,Suburban,1,0,Home Purchase,1
4622,45,80730,842,0.58,4,10,5,5,0,2,Stable,Suburban,0,2,Child Birth,1
4623,35,100449,729,0.13,2,8,8,6,0,4,Unstable,Rural,4,2,Child Birth,1
4624,29,30060,585,0.24,5,14,1,4,0,3,Stable,Suburban,3,1,Marriage,0
4625,59,20518,680,0.55,1,11,7,2,0,1,Stable,Rural,2,2,Home Purchase,0
4626,51,49947,561,0.34,2,1,8,9,0,4,Stable,Suburban,0,2,Home Purchase,0
4627,26,29463,708,0.4,2,10,1,9,1,2,Stable,Suburban,0,0,Child Birth,1
4628,48,28094,662,0.43,3,2,5,9,0,3,Unstable,Rural,3,1,Child Birth,0
4629,55,24949,613,0.14,2,7,6,9,1,4,Stable,Rural,2,2,None,0
4630,57,55159,521,0.11,1,17,5,7,0,4,Stable,Urban,2,2,Child Birth,0
4631,63,49714,620,0.57,5,5,9,2,0,3,Stable,Suburban,4,2,Home Purchase,1
4632,54,69331,681,0.24,2,10,4,7,0,1,Stable,Rural,0,0,Home Purchase,0
4633,61,45924,662,0.29,4,5,2,1,0,3,Stable,Suburban,3,2,Marriage,0
4634,52,29583,557,0.44,4,5,9,6,0,1,Unstable,Suburban,1,2,Home Purchase,0
4635,55,59577,702,0.22,2,9,2,6,0,1,Unstable,Urban,1,0,Marriage,0
4636,35,33536,601,0.47,1,11,2,5,0,2,Unstable,Urban,1,2,Child Birth,0
4637,47,72804,792,0.33,5,15,6,7,0,4,Stable,Suburban,3,1,Marriage,1
4638,26,20000,806,0.53,5,5,9,3,1,3,Stable,Rural,1,2,Home Purchase,0
4639,64,20000,674,0.24,1,17,5,7,0,1,Unstable,Suburban,4,2,Home Purchase,0
4640,65,20000,850,0.2,4,19,2,6,1,3,Stable,Suburban,2,0,Marriage,0
4641,51,49542,685,0.52,4,14,6,3,0,4,Stable,Rural,1,0,Child Birth,1
4642,59,52821,569,0.26,3,2,1,6,0,3,Stable,Suburban,3,1,Child Birth,0
4643,26,63423,818,0.31,2,14,3,1,0,5,Stable,Rural,3,1,Home Purchase,1
4644,63,45882,850,0.5,2,4,3,2,0,3,Stable,Rural,1,2,None,0
4645,61,38837,799,0.42,4,3,6,4,0,1,Unstable,Rural,2,1,Home Purchase,0
4646,45,95831,623,0.32,2,15,4,5,0,2,Stable,Rural,2,1,Child Birth,1
4647,29,89222,576,0.22,1,16,8,3,0,5,Unstable,Urban,4,1,Marriage,0
4648,69,84655,664,0.48,5,10,7,4,1,2,Stable,Rural,4,1,Home Purchase,1
4649,45,67722,850,0.19,3,18,9,2,0,2,Stable,Rural,1,0,Marriage,1
4650,53,69712,582,0.56,1,19,5,8,0,4,Stable,Suburban,4,2,None,0
4651,44,39870,782,0.18,1,2,5,5,0,2,Unstable,Rural,1,1,Marriage,0
4652,62,63608,690,0.5,1,10,5,1,0,2,Unstable,Urban,4,0,Home Purchase,0
4653,44,36503,794,0.31,2,2,9,4,0,3,Unstable,Suburban,4,1,Marriage,1
4654,49,33668,574,0.19,5,16,2,2,1,5,Unstable,Urban,3,0,Marriage,0
4655,26,20000,675,0.3,3,5,7,9,0,5,Unstable,Suburban,0,2,None,0
4656,56,70151,610,0.21,4,4,3,5,0,3,Unstable,Urban,1,1,Child Birth,0
4657,50,64091,615,0.17,1,17,8,6,0,1,Stable,Suburban,1,0,None,0
4658,30,52427,773,0.22,1,13,9,9,0,5,Stable,Suburban,1,1,Marriage,1
4659,65,49154,588,0.53,1,12,9,9,0,5,Unstable,Rural,3,0,Home Purchase,1
4660,27,20000,728,0.15,4,17,5,3,0,5,Stable,Urban,4,1,Marriage,0
4661,57,66409,705,0.59,2,9,9,9,0,4,Unstable,Rural,1,2,Home Purchase,0
4662,25,52111,604,0.1,2,1,3,4,0,5,Unstable,Suburban,1,1,Home Purchase,0
4663,29,82399,626,0.43,5,1,8,1,1,1,Stable,Rural,4,0,None,1
4664,37,63655,733,0.53,2,2,7,8,0,5,Unstable,Rural,2,2,Home Purchase,0
4665,43,77644,697,0.57,2,14,4,2,0,1,Stable,Urban,1,0,Home Purchase,0
4666,36,59818,703,0.17,3,5,9,4,1,5,Stable,Rural,1,2,Home Purchase,0
4667,49,64541,676,0.45,3,1,7,3,0,1,Stable,Urban,0,0,Home Purchase,0
4668,59,83278,670,0.15,2,1,8,9,0,3,Stable,Rural,1,2,Home Purchase,0
4669,36,55190,697,0.28,3,15,8,5,1,5,Unstable,Suburban,3,1,None,1
4670,54,71796,843,0.47,5,1,3,2,1,1,Stable,Rural,2,2,Child Birth,0
4671,29,48911,752,0.27,2,16,7,4,0,4,Stable,Rural,2,0,Marriage,1
4672,58,56722,686,0.26,3,10,8,5,1,4,Unstable,Suburban,4,1,Marriage,0
4673,46,99838,591,0.16,4,5,3,6,0,3,Stable,Rural,1,1,Marriage,0
4674,63,76012,658,0.13,3,2,9,8,0,2,Unstable,Rural,2,1,Home Purchase,0
4675,37,46463,607,0.16,3,14,4,9,1,4,Unstable,Suburban,3,0,Home Purchase,1
4676,27,70572,620,0.54,4,11,7,9,1,5,Stable,Rural,0,1,Home Purchase,1
4677,44,28000,512,0.11,5,19,8,1,1,3,Unstable,Rural,0,2,Home Purchase,0
4678,55,54470,698,0.45,4,19,8,1,0,1,Unstable,Suburban,0,1,Child Birth,0
4679,29,36164,850,0.48,5,19,5,3,1,1,Stable,Suburban,2,2,Child Birth,0
4680,48,71297,719,0.38,4,3,7,8,0,1,Stable,Suburban,3,2,Marriage,1
4681,64,55276,772,0.47,5,11,8,5,1,1,Stable,Suburban,0,2,None,0
4682,57,67086,795,0.43,5,16,2,6,0,5,Unstable,Suburban,2,0,Home Purchase,0
4683,32,79354,671,0.33,1,17,4,8,0,4,Unstable,Rural,3,2,Child Birth,1
4684,48,48494,678,0.29,1,4,6,4,0,1,Unstable,Urban,4,1,Child Birth,0
4685,44,49387,560,0.57,3,15,9,9,0,5,Unstable,Suburban,2,0,Home Purchase,1
4686,40,59074,719,0.59,4,11,2,4,1,3,Unstable,Rural,2,2,Marriage,0
4687,36,38487,705,0.43,5,16,7,5,0,5,Unstable,Suburban,0,1,Home Purchase,0
4688,37,59719,614,0.2,1,4,2,6,1,3,Stable,Urban,4,1,Child Birth,0
4689,69,61039,814,0.32,3,5,2,6,1,4,Unstable,Suburban,0,2,Marriage,0
4690,66,65723,622,0.35,3,19,1,8,1,1,Stable,Suburban,1,1,None,0
4691,63,70488,850,0.48,3,16,9,9,0,2,Stable,Urban,4,2,None,1
4692,49,20000,740,0.43,1,19,6,1,1,3,Unstable,Rural,3,2,Child Birth,0
4693,56,27871,697,0.36,2,16,2,3,1,2,Unstable,Rural,3,2,Home Purchase,0
4694,48,30820,850,0.44,3,1,4,7,0,5,Stable,Rural,1,1,None,1
4695,68,62315,471,0.11,2,3,4,3,1,5,Unstable,Suburban,2,0,Marriage,0
4696,33,52890,671,0.49,2,2,7,5,0,2,Unstable,Rural,2,2,Child Birth,0
4697,64,20000,656,0.21,2,10,7,4,0,4,Unstable,Suburban,4,2,None,0
4698,47,108676,681,0.43,3,6,4,5,0,1,Unstable,Suburban,0,0,Marriage,0
4699,37,20000,722,0.16,5,8,5,3,1,5,Unstable,Urban,0,1,Marriage,0
4700,56,60760,678,0.16,2,6,9,3,0,2,Stable,Urban,0,0,Child Birth,1
4701,39,74084,840,0.12,1,19,6,8,0,2,Stable,Suburban,3,1,None,0
4702,60,42005,743,0.56,1,16,2,3,0,3,Unstable,Suburban,1,1,None,0
4703,29,75998,748,0.4,2,4,2,8,0,2,Unstable,Suburban,0,2,None,0
4704,46,34795,746,0.28,2,16,3,5,1,2,Unstable,Urban,4,1,Home Purchase,0
4705,40,64277,571,0.49,2,9,7,1,1,3,Stable,Suburban,1,2,Child Birth,0
4706,65,20000,720,0.41,1,9,2,2,1,3,Unstable,Rural,2,1,Home Purchase,1
4707,34,89330,723,0.41,4,8,1,7,0,5,Unstable,Rural,4,0,None,0
4708,48,60021,587,0.34,5,5,4,1,0,4,Unstable,Rural,0,1,Marriage,0
4709,42,20132,788,0.1,4,17,7,2,0,5,Stable,Suburban,1,0,Child Birth,0
4710,42,75718,496,0.23,1,16,5,1,1,4,Unstable,Suburban,1,1,Marriage,0
4711,31,100803,850,0.15,1,18,7,7,0,1,Unstable,Rural,2,0,Marriage,1
4712,28,36839,696,0.43,3,6,7,2,1,3,Stable,Urban,1,1,None,0
4713,50,54744,614,0.22,4,10,7,3,1,5,Stable,Rural,2,1,Marriage,0
4714,29,47129,761,0.33,2,16,1,7,0,3,Unstable,Urban,3,2,None,0
4715,40,40744,762,0.28,2,19,8,1,0,3,Stable,Suburban,0,0,Marriage,0
4716,59,38110,850,0.17,1,8,6,4,0,4,Stable,Rural,4,0,Child Birth,0
4717,50,43838,850,0.58,3,18,6,7,0,2,Unstable,Suburban,2,1,None,0
4718,42,45190,567,0.57,4,5,4,2,0,2,Unstable,Suburban,4,2,Home Purchase,0
4719,53,51088,672,0.14,3,13,9,4,1,3,Stable,Suburban,2,0,Home Purchase,0
4720,47,49273,609,0.51,5,15,9,9,1,5,Stable,Suburban,4,1,Marriage,1
4721,38,79029,774,0.34,3,6,6,7,0,5,Stable,Urban,2,0,None,0
4722,39,76796,841,0.49,5,2,9,3,0,4,Stable,Suburban,0,1,Marriage,0
4723,57,21662,568,0.18,4,15,1,3,0,1,Stable,Urban,1,2,Child Birth,0
4724,49,45160,693,0.17,2,11,7,4,0,5,Stable,Rural,1,0,Marriage,0
4725,45,91263,636,0.55,5,5,9,4,0,1,Unstable,Suburban,1,2,Child Birth,0
4726,41,67350,784,0.55,2,10,5,8,1,3,Stable,Suburban,2,0,Home Purchase,1
4727,47,68361,740,0.33,3,18,6,6,1,4,Stable,Rural,2,2,None,0
4728,67,65974,817,0.54,3,12,6,6,1,4,Unstable,Urban,2,2,Home Purchase,1
4729,41,53458,657,0.43,4,17,5,8,1,3,Unstable,Rural,3,2,Marriage,0
4730,38,58973,688,0.19,2,17,9,8,0,3,Stable,Rural,3,1,Marriage,0
4731,53,49902,739,0.26,4,4,5,8,1,1,Unstable,Rural,3,2,Home Purchase,0
4732,44,81393,672,0.17,5,19,3,1,0,5,Unstable,Rural,3,1,Marriage,0
4733,54,50130,729,0.49,3,18,6,8,1,5,Stable,Urban,4,1,Child Birth,0
4734,43,57176,827,0.59,3,10,6,5,1,2,Stable,Suburban,4,0,None,0
4735,63,78383,850,0.37,3,14,1,3,1,1,Stable,Suburban,0,2,Marriage,0
4736,37,51805,651,0.43,3,13,4,7,0,4,Unstable,Urban,3,1,Marriage,0
4737,42,58231,850,0.47,3,14,1,2,0,1,Unstable,Rural,4,0,Home Purchase,0
4738,47,51045,649,0.21,5,4,6,6,0,1,Unstable,Urban,2,2,None,0
4739,57,57766,786,0.27,5,4,2,4,0,3,Stable,Urban,2,1,Home Purchase,0
4740,63,51891,650,0.31,4,4,5,1,0,3,Unstable,Suburban,3,0,Child Birth,1
4741,64,46603,597,0.4,1,11,3,6,0,3,Stable,Suburban,1,0,Home Purchase,1
4742,42,42301,822,0.53,3,1,6,3,0,3,Stable,Rural,3,1,Marriage,0
4743,33,55688,695,0.23,3,6,9,4,0,3,Stable,Urban,3,1,None,0
4744,57,85455,828,0.34,1,5,3,4,0,1,Unstable,Suburban,1,2,Home Purchase,0
4745,56,75592,775,0.48,4,5,9,8,0,3,Unstable,Suburban,1,0,None,0
4746,41,20520,741,0.14,5,12,5,7,0,5,Stable,Rural,1,1,Marriage,0
4747,43,49271,755,0.36,3,15,2,9,0,5,Stable,Urban,0,1,None,0
4748,51,44041,808,0.17,4,6,9,7,0,2,Stable,Rural,1,1,None,0
4749,30,20941,792,0.37,1,12,3,9,0,5,Unstable,Urban,4,0,None,1
4750,59,66881,659,0.48,5,14,9,1,1,2,Stable,Urban,0,0,Marriage,0
4751,61,57597,742,0.22,5,11,6,4,0,5,Unstable,Rural,3,1,Marriage,0
4752,58,110573,850,0.52,4,8,1,1,1,4,Stable,Urban,1,0,Marriage,0
4753,44,51649,704,0.27,2,7,1,6,0,2,Unstable,Suburban,4,1,Marriage,1
4754,49,40595,650,0.2,2,6,3,2,0,1,Stable,Rural,1,1,Child Birth,0
4755,28,38176,637,0.33,2,13,5,9,1,3,Stable,Suburban,1,2,Child Birth,0
4756,34,48710,784,0.54,1,6,6,4,0,2,Unstable,Rural,0,2,Child Birth,1
4757,34,74758,675,0.13,2,2,5,4,0,5,Stable,Suburban,4,1,Marriage,0
4758,48,77621,736,0.26,4,11,8,6,0,1,Unstable,Suburban,4,1,Marriage,0
4759,45,133153,671,0.43,5,8,6,5,0,5,Stable,Urban,3,1,Home Purchase,0
4760,35,29835,817,0.28,4,4,2,6,0,1,Stable,Rural,3,1,Child Birth,1
4761,51,62155,715,0.14,4,7,5,9,0,5,Unstable,Urban,4,0,Marriage,1
4762,40,42892,842,0.27,3,15,7,6,1,3,Unstable,Urban,2,1,Home Purchase,1
4763,50,68762,839,0.51,1,19,2,6,1,4,Stable,Rural,0,0,Child Birth,0
4764,54,94578,691,0.58,5,10,5,4,0,5,Unstable,Rural,0,0,Home Purchase,1
4765,40,81552,833,0.12,3,3,5,7,1,5,Unstable,Rural,3,1,Marriage,1
4766,31,29809,666,0.38,1,10,8,4,0,2,Stable,Suburban,4,1,None,0
4767,40,77116,726,0.15,5,19,9,5,1,3,Stable,Suburban,1,0,None,0
4768,59,20000,622,0.44,3,3,3,4,1,1,Stable,Urban,2,1,None,0
4769,40,20000,759,0.1,2,18,4,9,0,2,Stable,Rural,2,0,None,1
4770,64,53773,730,0.11,4,5,9,6,0,3,Unstable,Urban,3,0,Child Birth,1
4771,36,75267,751,0.49,2,1,9,6,0,3,Unstable,Urban,1,2,Marriage,0
4772,59,68704,563,0.14,5,6,3,5,1,2,Unstable,Rural,1,1,Home Purchase,1
4773,45,107644,501,0.25,3,7,2,9,0,1,Stable,Urban,0,0,Home Purchase,0
4774,67,62733,586,0.58,3,2,7,5,1,4,Stable,Suburban,4,1,None,0
4775,60,57328,749,0.59,3,17,4,8,0,2,Unstable,Rural,1,2,Marriage,0
4776,41,88879,767,0.18,4,3,3,6,0,5,Unstable,Rural,4,1,None,0
4777,56,50646,812,0.38,3,2,2,6,0,4,Unstable,Suburban,4,0,Marriage,0
4778,65,69718,659,0.38,1,18,8,3,0,1,Unstable,Rural,3,1,None,0
4779,30,71224,720,0.33,1,14,7,9,0,1,Stable,Rural,4,2,Child Birth,0
4780,48,35705,629,0.56,1,16,5,3,1,2,Unstable,Suburban,2,0,Home Purchase,0
4781,51,69686,836,0.48,2,12,7,9,0,2,Unstable,Urban,2,1,Marriage,0
4782,44,114625,629,0.48,5,18,1,2,0,4,Unstable,Urban,1,2,Home Purchase,1
4783,49,88416,817,0.23,2,8,9,8,0,4,Stable,Suburban,4,2,None,1
4784,26,39017,674,0.32,2,1,8,7,1,5,Stable,Suburban,1,0,Child Birth,1
4785,33,118466,850,0.34,4,3,4,3,1,5,Stable,Urban,0,0,Home Purchase,0
4786,52,77231,718,0.25,2,7,1,7,0,5,Stable,Suburban,4,1,Marriage,0
4787,62,70606,716,0.15,4,2,4,8,0,4,Unstable,Rural,0,2,Home Purchase,0
4788,27,57569,624,0.16,1,16,1,4,1,3,Stable,Urban,2,1,Home Purchase,0
4789,44,77067,850,0.19,1,9,6,9,0,4,Stable,Suburban,1,2,Child Birth,0
4790,30,62794,799,0.2,2,3,8,8,0,5,Unstable,Rural,0,2,Home Purchase,1
4791,63,60491,751,0.22,2,19,5,2,0,3,Unstable,Suburban,4,1,Marriage,0
4792,57,56672,723,0.23,1,14,9,6,0,5,Stable,Suburban,3,2,Home Purchase,0
4793,25,84344,633,0.33,3,15,2,1,0,3,Unstable,Urban,1,2,Child Birth,0
4794,61,81573,767,0.35,1,16,2,1,1,1,Unstable,Suburban,1,0,Child Birth,0
4795,30,56265,693,0.25,3,19,4,1,1,4,Unstable,Rural,1,0,Home Purchase,1
4796,69,22025,705,0.55,1,15,6,7,1,1,Unstable,Suburban,0,2,None,1
4797,58,60901,789,0.38,5,14,6,7,0,2,Stable,Urban,1,2,None,0
4798,39,42053,728,0.49,4,5,6,1,1,1,Stable,Rural,3,2,Child Birth,0
4799,69,48160,701,0.56,4,7,6,5,1,1,Unstable,Urban,0,1,Marriage,0
4800,50,56878,843,0.18,5,3,1,5,0,2,Stable,Urban,2,2,None,0
4801,38,33492,618,0.31,3,2,1,6,0,4,Unstable,Urban,1,1,Home Purchase,0
4802,31,20000,534,0.32,2,16,3,4,1,5,Unstable,Suburban,2,0,None,0
4803,55,67299,620,0.28,2,2,2,2,0,4,Stable,Suburban,2,0,Child Birth,0
4804,48,60670,715,0.1,4,3,7,4,0,5,Unstable,Suburban,1,2,Child Birth,0
4805,55,59714,769,0.51,2,12,6,5,0,2,Stable,Rural,2,1,Child Birth,0
4806,53,72769,625,0.16,3,1,5,3,0,3,Stable,Urban,3,1,None,0
4807,66,43511,850,0.6,2,15,8,2,1,2,Unstable,Rural,3,1,Marriage,0
4808,56,68311,718,0.49,1,1,2,6,0,4,Unstable,Suburban,4,2,Marriage,0
4809,41,93435,715,0.39,5,1,7,4,0,3,Unstable,Rural,2,0,Child Birth,1
4810,38,53632,571,0.18,4,15,4,7,1,2,Unstable,Urban,3,0,None,1
4811,64,107484,555,0.36,2,3,3,6,1,4,Stable,Rural,4,2,Child Birth,0
4812,60,61249,521,0.23,3,14,1,8,0,3,Stable,Rural,0,1,Marriage,1
4813,48,38690,837,0.23,2,10,2,5,0,4,Stable,Rural,2,0,None,0
4814,69,81242,821,0.51,5,3,7,6,0,2,Stable,Suburban,2,2,Child Birth,1
4815,51,57185,699,0.29,1,18,3,9,1,1,Unstable,Suburban,1,1,Marriage,0
4816,49,86313,578,0.33,4,4,5,5,0,1,Stable,Urban,4,1,Marriage,1
4817,56,70333,672,0.52,4,17,3,9,0,2,Stable,Urban,0,2,Marriage,0
4818,42,51804,842,0.14,3,4,7,3,0,5,Unstable,Suburban,3,1,Child Birth,0
4819,42,98025,649,0.4,1,15,4,9,0,4,Stable,Suburban,4,2,Marriage,0
4820,61,47515,609,0.39,2,11,8,2,0,2,Unstable,Rural,1,1,Child Birth,0
4821,50,20000,661,0.31,2,3,8,8,0,1,Stable,Rural,4,2,Marriage,0
4822,33,82014,670,0.51,3,7,4,1,1,4,Stable,Suburban,2,2,Home Purchase,0
4823,59,68748,773,0.57,1,10,2,9,1,5,Unstable,Rural,2,0,Home Purchase,1
4824,32,92092,479,0.33,3,19,7,7,0,1,Unstable,Urban,3,0,None,1
4825,44,37958,716,0.33,5,8,1,1,0,3,Unstable,Suburban,2,0,Marriage,0
4826,66,53821,630,0.35,5,15,9,1,0,5,Stable,Rural,3,2,None,0
4827,46,50998,646,0.46,2,13,5,8,0,4,Unstable,Urban,2,0,Child Birth,1
4828,43,83344,775,0.43,5,3,4,9,1,1,Stable,Suburban,4,1,Home Purchase,1
4829,54,76271,569,0.21,3,15,4,2,0,4,Unstable,Suburban,3,0,None,1
4830,52,65370,717,0.13,4,10,9,3,0,1,Stable,Suburban,4,1,Home Purchase,1
4831,59,65531,748,0.57,5,15,1,2,0,1,Stable,Rural,0,1,None,0
4832,67,31225,757,0.23,3,14,4,1,0,3,Stable,Rural,4,2,Marriage,1
4833,35,79217,770,0.42,4,9,6,2,0,3,Stable,Suburban,0,0,Home Purchase,0
4834,55,79728,757,0.51,4,15,8,8,1,1,Stable,Suburban,1,2,Child Birth,1
4835,63,117277,771,0.25,5,14,2,2,0,3,Stable,Rural,4,2,Home Purchase,0
4836,60,71769,611,0.42,1,15,8,9,0,3,Unstable,Rural,2,0,Home Purchase,1
4837,54,75811,836,0.15,5,14,9,1,0,5,Unstable,Rural,2,1,None,0
4838,47,71940,581,0.58,5,10,8,6,1,3,Stable,Suburban,4,1,Home Purchase,1
4839,43,42582,737,0.13,1,12,5,6,1,5,Stable,Rural,4,1,None,1
4840,36,91235,631,0.32,5,14,1,6,0,2,Unstable,Suburban,0,0,None,0
4841,39,58606,528,0.37,3,15,6,7,0,5,Unstable,Suburban,2,1,Home Purchase,0
4842,55,55176,642,0.5,1,12,1,1,0,5,Unstable,Suburban,1,2,Home Purchase,0
4843,67,56629,688,0.16,3,2,4,9,0,1,Stable,Urban,1,1,Child Birth,0
4844,61,58351,838,0.32,4,19,9,5,0,2,Unstable,Suburban,4,1,Marriage,1
4845,61,47839,850,0.25,1,17,5,8,1,2,Stable,Suburban,0,1,Marriage,0
4846,39,65380,687,0.26,4,15,7,2,1,4,Unstable,Suburban,3,0,Home Purchase,0
4847,53,57584,561,0.49,2,10,9,5,0,2,Unstable,Rural,2,2,Home Purchase,1
4848,67,55457,569,0.1,2,11,4,7,0,4,Stable,Rural,2,2,Home Purchase,0
4849,50,72245,777,0.47,3,14,5,3,1,4,Unstable,Urban,1,0,Marriage,0
4850,68,61894,770,0.51,4,9,6,7,1,5,Unstable,Suburban,1,1,Home Purchase,0
4851,26,46146,639,0.55,4,3,1,7,1,5,Stable,Rural,1,0,None,1
4852,44,40911,582,0.41,1,1,5,2,1,1,Stable,Urban,4,1,None,1
4853,39,62460,799,0.27,2,6,4,8,0,1,Unstable,Urban,3,1,Marriage,0
4854,28,41334,577,0.31,3,6,1,9,0,3,Unstable,Suburban,3,0,Marriage,1
4855,46,39534,655,0.58,3,5,4,6,1,4,Unstable,Suburban,1,1,None,0
4856,62,39888,747,0.54,1,4,5,6,0,3,Unstable,Rural,4,1,Marriage,0
4857,47,66374,499,0.33,1,3,9,8,0,1,Unstable,Suburban,0,2,Marriage,0
4858,50,89838,795,0.57,3,13,1,5,1,2,Stable,Rural,4,0,Home Purchase,0
4859,35,68694,850,0.51,1,4,6,1,1,3,Unstable,Suburban,2,1,Home Purchase,0
4860,52,82170,711,0.55,4,7,8,9,0,1,Unstable,Rural,2,0,None,1
4861,26,58257,696,0.44,3,19,9,3,0,5,Stable,Urban,1,2,Home Purchase,0
4862,32,63555,704,0.53,5,11,5,7,0,4,Unstable,Urban,3,2,None,0
4863,53,101324,722,0.55,2,10,2,6,1,3,Stable,Urban,3,1,Home Purchase,1
4864,35,80717,627,0.15,2,19,1,4,0,1,Stable,Urban,2,1,Marriage,0
4865,61,83425,587,0.58,5,19,5,7,0,3,Stable,Suburban,2,0,Marriage,0
4866,42,53394,664,0.27,5,5,3,9,0,3,Stable,Urban,1,2,Marriage,0
4867,38,59868,715,0.32,4,1,6,4,0,1,Stable,Urban,3,1,Child Birth,1
4868,34,70141,600,0.5,3,11,9,6,0,1,Stable,Rural,2,1,Home Purchase,0
4869,59,44839,565,0.43,1,13,1,3,0,4,Unstable,Rural,1,2,Home Purchase,0
4870,33,20000,655,0.55,2,8,4,3,1,3,Stable,Suburban,0,1,None,0
4871,59,69911,566,0.3,5,16,4,7,0,2,Unstable,Suburban,4,2,None,0
4872,35,84034,767,0.29,3,9,7,9,0,3,Unstable,Rural,0,2,Home Purchase,0
4873,68,61380,355,0.12,1,4,2,5,0,5,Stable,Rural,0,0,Marriage,1
4874,36,45102,583,0.33,2,19,8,3,0,1,Stable,Suburban,2,1,Marriage,1
4875,27,51732,841,0.46,3,7,6,6,0,5,Unstable,Rural,3,1,Marriage,0
4876,63,20000,677,0.25,2,12,4,8,1,5,Unstable,Urban,2,1,Home Purchase,0
4877,38,51669,718,0.33,4,9,3,4,0,3,Unstable,Suburban,0,0,Home Purchase,0
4878,52,32122,687,0.21,2,13,7,7,1,3,Unstable,Rural,4,1,Child Birth,0
4879,35,42508,637,0.49,4,12,9,7,0,3,Stable,Suburban,0,1,Home Purchase,1
4880,63,30857,809,0.13,4,9,2,5,0,3,Stable,Rural,2,2,Marriage,0
4881,49,27975,642,0.45,4,12,8,2,1,4,Unstable,Suburban,1,2,Marriage,0
4882,45,34897,617,0.29,1,16,2,4,0,5,Stable,Urban,2,2,Child Birth,0
4883,34,75820,765,0.12,1,13,6,5,1,2,Unstable,Urban,2,0,Child Birth,1
4884,67,47255,506,0.53,4,3,8,3,0,4,Unstable,Rural,2,2,Home Purchase,0
4885,39,32301,671,0.34,3,6,1,4,1,5,Unstable,Urban,3,0,Marriage,0
4886,43,78850,648,0.4,4,14,7,5,0,1,Stable,Urban,1,2,Child Birth,0
4887,46,63224,669,0.47,3,2,9,1,0,3,Unstable,Rural,3,2,Home Purchase,0
4888,45,20000,651,0.43,2,3,6,3,0,3,Stable,Urban,4,0,None,0
4889,68,84890,737,0.47,1,16,6,9,0,3,Unstable,Rural,3,2,None,0
4890,56,61801,809,0.48,3,8,9,9,0,5,Unstable,Rural,0,0,Child Birth,0
4891,47,79259,745,0.39,3,6,2,9,0,1,Stable,Urban,0,0,None,0
4892,37,54369,666,0.28,3,3,4,9,1,1,Unstable,Suburban,4,1,None,0
4893,29,100117,763,0.22,5,5,8,9,1,4,Unstable,Suburban,0,0,Home Purchase,1
4894,28,50452,774,0.55,1,4,5,4,1,4,Unstable,Rural,0,2,Home Purchase,0
4895,52,20000,736,0.58,5,6,9,7,0,5,Unstable,Rural,4,0,Marriage,0
4896,38,37765,804,0.28,2,2,3,1,0,4,Stable,Rural,2,0,Child Birth,0
4897,32,72553,465,0.16,3,3,6,5,0,4,Stable,Suburban,4,0,None,0
4898,33,63977,702,0.21,1,8,6,2,0,3,Stable,Urban,4,0,None,0
4899,59,56937,730,0.44,1,15,3,4,0,4,Stable,Rural,1,1,Marriage,0
4900,61,35340,551,0.19,1,10,6,9,0,4,Stable,Urban,1,2,Home Purchase,0
4901,45,60460,722,0.49,3,15,1,5,0,4,Stable,Suburban,3,0,Home Purchase,0
4902,42,59640,791,0.56,4,6,5,2,0,5,Stable,Urban,4,0,Marriage,1
4903,57,59383,677,0.58,4,12,2,1,1,4,Unstable,Rural,1,1,Home Purchase,0
4904,32,73441,765,0.1,4,8,8,2,0,2,Unstable,Rural,0,1,Child Birth,0
4905,41,64544,802,0.58,5,6,7,1,0,2,Stable,Rural,3,0,None,0
4906,67,53692,834,0.47,3,16,7,3,1,4,Stable,Rural,4,2,Home Purchase,0
4907,55,34935,816,0.14,2,15,4,8,0,2,Stable,Urban,4,1,Home Purchase,0
4908,58,93999,836,0.31,5,15,2,7,0,3,Stable,Rural,3,0,None,0
4909,30,109540,650,0.45,1,8,3,1,0,5,Unstable,Suburban,0,1,Home Purchase,0
4910,46,103605,660,0.58,4,19,4,3,1,4,Stable,Suburban,4,0,None,0
4911,38,77477,452,0.18,1,14,3,7,1,2,Unstable,Urban,4,0,Marriage,0
4912,27,20000,593,0.16,5,16,3,5,0,3,Stable,Rural,0,0,Marriage,1
4913,36,20000,821,0.34,4,12,1,6,1,3,Unstable,Urban,3,0,Home Purchase,0
4914,60,46289,639,0.58,3,3,1,5,0,4,Unstable,Rural,0,2,None,0
4915,36,58631,739,0.59,4,5,8,8,0,3,Stable,Suburban,3,2,Home Purchase,0
4916,69,57604,724,0.21,4,13,8,1,1,3,Stable,Urban,0,0,None,1
4917,26,64843,824,0.26,4,15,1,7,0,4,Unstable,Suburban,1,0,Child Birth,0
4918,26,25188,497,0.55,5,8,4,9,0,2,Unstable,Urban,2,0,Home Purchase,0
4919,39,100185,735,0.47,4,14,2,9,0,1,Unstable,Suburban,4,0,Child Birth,1
4920,47,97630,733,0.59,5,15,1,3,0,5,Stable,Suburban,4,1,Child Birth,1
4921,53,27216,614,0.55,1,19,2,4,1,4,Unstable,Rural,4,0,Child Birth,0
4922,41,20000,796,0.21,3,8,1,4,0,2,Stable,Suburban,3,0,None,1
4923,56,57756,560,0.48,4,10,5,8,0,3,Unstable,Suburban,2,2,None,0
4924,31,91552,806,0.12,5,13,6,7,1,1,Unstable,Urban,1,0,Child Birth,0
4925,54,59195,484,0.51,4,4,8,8,0,3,Stable,Urban,2,0,Child Birth,0
4926,52,66498,609,0.4,4,11,8,5,1,1,Unstable,Rural,1,1,None,0
4927,38,49007,686,0.58,4,2,4,3,0,1,Unstable,Urban,4,1,Home Purchase,1
4928,68,63656,721,0.58,2,19,3,9,0,2,Stable,Urban,3,1,Home Purchase,0
4929,54,83611,513,0.13,3,18,5,9,0,4,Stable,Urban,2,1,Marriage,0
4930,41,70302,804,0.18,3,6,8,2,0,2,Unstable,Urban,0,2,None,0
4931,56,74387,775,0.34,5,14,5,8,0,4,Unstable,Urban,3,1,None,1
4932,30,20000,850,0.54,1,18,7,3,0,2,Stable,Rural,2,0,Child Birth,1
4933,48,113457,770,0.51,1,11,4,9,1,1,Stable,Rural,0,0,Child Birth,0
4934,30,20000,626,0.58,1,7,2,2,0,2,Unstable,Urban,4,2,None,0
4935,51,63910,592,0.41,4,15,9,9,0,5,Stable,Suburban,3,1,Home Purchase,0
4936,42,56238,657,0.23,5,1,2,2,0,4,Stable,Rural,2,2,Home Purchase,0
4937,48,57327,850,0.11,4,10,2,7,0,4,Unstable,Urban,4,1,Marriage,0
4938,61,81745,704,0.21,2,9,8,7,0,2,Stable,Suburban,1,0,Marriage,1
4939,48,42304,709,0.44,5,16,6,8,0,1,Unstable,Suburban,4,0,Child Birth,0
4940,62,49182,837,0.56,5,16,5,4,1,1,Unstable,Rural,2,0,Marriage,0
4941,58,31334,583,0.26,5,17,3,4,0,3,Stable,Suburban,4,0,Child Birth,0
4942,64,88053,753,0.54,2,12,7,8,0,2,Stable,Suburban,2,0,Home Purchase,0
4943,39,66652,751,0.3,5,7,8,6,0,3,Unstable,Urban,3,0,None,0
4944,35,75930,795,0.25,2,2,9,6,0,1,Stable,Urban,2,0,Child Birth,1
4945,46,80299,785,0.35,1,3,2,5,0,3,Unstable,Urban,3,2,None,1
4946,48,109785,694,0.32,5,6,8,3,0,4,Unstable,Urban,2,0,Home Purchase,1
4947,25,105423,561,0.56,4,19,5,2,0,4,Stable,Urban,4,1,Child Birth,0
4948,42,68076,643,0.33,3,8,1,8,0,5,Stable,Urban,0,1,Marriage,1
4949,68,63949,784,0.24,2,4,7,1,1,4,Stable,Suburban,2,2,Home Purchase,0
4950,36,46696,850,0.52,1,7,7,1,0,5,Stable,Urban,4,1,Home Purchase,0
4951,67,78603,577,0.6,1,4,3,5,0,1,Unstable,Suburban,1,2,Marriage,0
4952,52,77677,571,0.42,3,18,3,5,1,5,Unstable,Urban,3,1,Home Purchase,0
4953,64,41765,542,0.23,5,7,4,2,0,2,Stable,Rural,1,0,Marriage,1
4954,31,77994,623,0.22,4,1,5,7,1,2,Unstable,Suburban,4,0,Home Purchase,0
4955,47,85208,794,0.13,3,5,5,1,1,4,Stable,Urban,3,1,None,0
4956,45,31958,831,0.14,5,10,5,4,0,5,Unstable,Suburban,4,0,Child Birth,0
4957,58,64747,492,0.56,5,14,6,4,0,2,Unstable,Suburban,2,2,Marriage,0
4958,35,58356,579,0.15,2,1,1,2,0,5,Stable,Urban,3,2,Home Purchase,1
4959,46,59865,560,0.34,4,12,7,3,0,1,Stable,Urban,1,0,Child Birth,0
4960,66,36183,613,0.45,4,19,4,2,0,3,Unstable,Suburban,1,1,None,1
4961,59,20000,677,0.53,2,2,5,6,0,2,Unstable,Urban,1,0,None,0
4962,53,41114,660,0.19,5,14,8,2,0,5,Stable,Rural,2,2,Child Birth,1
4963,66,37613,751,0.32,5,3,8,7,1,2,Stable,Suburban,0,1,Child Birth,1
4964,52,68830,507,0.23,4,19,5,6,0,2,Stable,Rural,1,0,None,0
4965,42,69237,647,0.23,4,3,3,2,1,1,Unstable,Suburban,4,2,Marriage,0
4966,38,67814,836,0.25,4,13,8,3,0,2,Stable,Rural,4,1,None,0
4967,42,25081,840,0.39,4,17,2,8,0,3,Stable,Suburban,0,2,Marriage,0
4968,52,32011,850,0.11,5,3,9,1,1,2,Stable,Suburban,3,2,Child Birth,0
4969,48,44583,739,0.3,4,14,6,9,0,1,Unstable,Urban,1,1,Child Birth,1
4970,32,60578,634,0.19,5,2,4,2,1,4,Unstable,Suburban,3,1,None,0
4971,66,51622,717,0.58,2,13,4,8,1,1,Unstable,Rural,1,0,Marriage,1
4972,69,67765,850,0.39,1,9,3,8,0,1,Stable,Suburban,3,1,None,0
4973,32,84386,646,0.53,2,10,5,8,0,5,Unstable,Suburban,1,1,Marriage,0
4974,28,35017,850,0.2,2,8,6,4,0,5,Stable,Urban,0,0,Child Birth,0
4975,51,35968,456,0.51,3,7,3,2,1,4,Stable,Urban,2,1,Home Purchase,0
4976,60,63383,757,0.31,2,1,9,2,1,3,Stable,Rural,1,0,Marriage,1
4977,29,57949,764,0.19,3,8,8,7,0,2,Unstable,Rural,4,1,Marriage,0
4978,57,78584,737,0.48,3,8,6,1,0,1,Unstable,Urban,1,1,Home Purchase,0
4979,58,60189,743,0.48,3,6,5,2,0,4,Stable,Rural,4,2,None,0
4980,54,103513,752,0.6,2,18,3,3,0,3,Unstable,Suburban,1,1,Child Birth,1
4981,32,20303,756,0.49,1,4,3,7,0,2,Unstable,Rural,0,0,None,0
4982,63,81005,666,0.17,3,11,8,8,0,5,Stable,Rural,1,0,Child Birth,0
4983,50,64983,672,0.26,4,16,6,4,0,4,Unstable,Rural,2,0,Home Purchase,0
4984,61,24924,563,0.33,4,12,6,4,1,1,Stable,Rural,3,0,Marriage,0
4985,58,20000,773,0.16,5,4,4,1,0,4,Stable,Rural,4,2,Home Purchase,1
4986,31,31874,830,0.49,4,9,3,1,0,2,Unstable,Urban,3,0,None,0
4987,64,90227,850,0.36,4,1,6,7,0,1,Unstable,Rural,4,0,None,0
4988,52,87380,617,0.57,3,6,1,9,0,1,Unstable,Rural,2,2,Home Purchase,0
4989,63,56783,527,0.39,2,1,5,2,0,3,Stable,Rural,0,1,Home Purchase,1
4990,63,50943,737,0.36,4,8,7,9,0,1,Unstable,Suburban,0,1,Marriage,0
4991,52,38597,584,0.14,2,13,1,7,0,2,Unstable,Urban,4,2,Home Purchase,0
4992,38,55315,757,0.17,1,19,4,8,1,2,Stable,Rural,1,2,None,1
4993,62,48145,479,0.52,4,4,2,5,0,2,Stable,Urban,2,0,Marriage,1
4994,28,102748,808,0.6,1,7,1,1,0,1,Unstable,Urban,2,2,Marriage,0
4995,66,29086,715,0.31,1,18,1,8,1,5,Unstable,Rural,2,2,Marriage,1
4996,42,69810,507,0.51,5,10,7,3,0,4,Stable,Urban,3,2,None,0
4997,68,103926,730,0.41,2,15,6,5,1,2,Stable,Urban,3,1,None,1
4998,49,79364,709,0.58,2,13,7,7,1,3,Stable,Urban,2,2,Child Birth,1
4999,31,31893,752,0.22,5,18,1,7,1,3,Unstable,Suburban,2,0,None,1
5000,62,21441,780,0.37,3,12,3,7,0,1,Unstable,Urban,3,0,Child Birth,1
5001,52,66860,458,0.3,5,15,7,2,0,1,Stable,Rural,4,1,Marriage,0
5002,29,63763,652,0.37,5,8,9,2,1,3,Unstable,Urban,3,0,Home Purchase,1
5003,27,90810,691,0.23,5,11,6,3,0,1,Unstable,Suburban,1,0,None,0
5004,68,73711,670,0.35,1,3,8,6,0,3,Stable,Urban,2,0,Marriage,0
5005,55,47879,664,0.41,2,14,9,2,0,4,Stable,Suburban,4,0,Child Birth,0
5006,66,46182,805,0.14,3,8,7,7,0,5,Stable,Rural,4,2,Marriage,0
5007,44,27346,526,0.47,4,6,9,9,1,2,Stable,Suburban,3,1,Home Purchase,0
5008,43,63234,670,0.45,4,1,4,9,0,4,Unstable,Rural,4,0,None,0
5009,35,24888,678,0.54,4,10,9,2,0,1,Stable,Urban,0,2,None,0
5010,64,82749,689,0.31,3,2,9,8,1,4,Stable,Urban,3,0,None,1
5011,27,74728,602,0.13,4,8,2,8,1,5,Stable,Rural,3,0,Child Birth,1
5012,47,73936,850,0.33,3,14,9,8,1,3,Stable,Suburban,3,1,Home Purchase,0
5013,31,26954,797,0.17,4,1,3,2,0,3,Stable,Urban,1,2,None,0
5014,47,56250,850,0.42,4,7,7,3,1,3,Stable,Urban,0,2,Home Purchase,0
5015,31,50267,764,0.12,3,1,3,4,0,1,Unstable,Suburban,4,0,Home Purchase,0
5016,58,62570,776,0.29,2,5,5,6,0,5,Unstable,Urban,2,2,Marriage,0
5017,66,73212,699,0.14,3,18,2,2,0,5,Stable,Rural,0,1,None,0
5018,43,47160,850,0.1,3,17,3,5,0,1,Unstable,Rural,3,2,Marriage,0
5019,33,48100,756,0.58,5,17,4,9,0,2,Stable,Rural,2,0,Marriage,1
5020,42,76998,680,0.6,1,13,6,6,1,3,Stable,Urban,3,0,Home Purchase,1
5021,65,31762,850,0.38,1,4,6,8,0,4,Unstable,Rural,1,0,Child Birth,1
5022,69,41333,569,0.22,2,16,3,2,1,4,Unstable,Suburban,3,1,None,0
5023,66,60145,626,0.56,2,17,3,4,0,4,Stable,Rural,0,2,None,0
5024,49,82493,850,0.56,2,18,9,6,1,2,Unstable,Urban,1,1,Child Birth,0
5025,38,35780,767,0.53,1,2,2,4,1,1,Unstable,Suburban,3,0,Home Purchase,0
5026,68,104742,436,0.37,2,12,4,9,0,1,Unstable,Urban,0,0,Home Purchase,1
5027,49,26233,801,0.14,2,10,5,2,0,3,Unstable,Suburban,4,1,Child Birth,0
5028,43,98756,597,0.14,3,9,8,7,1,2,Stable,Rural,3,2,Home Purchase,0
5029,63,89989,642,0.55,3,4,8,9,0,4,Unstable,Rural,1,1,None,0
5030,39,24247,850,0.54,1,15,6,2,0,1,Stable,Suburban,4,1,Home Purchase,0
5031,40,20000,850,0.32,3,10,2,6,1,2,Stable,Suburban,3,0,None,0
5032,51,77996,850,0.26,2,9,1,2,0,5,Stable,Rural,4,0,None,0
5033,64,50564,639,0.42,3,7,7,5,0,2,Unstable,Urban,2,0,Marriage,1
5034,34,34826,670,0.5,5,11,1,8,1,3,Stable,Rural,2,2,None,0
5035,28,105292,721,0.47,3,2,3,3,0,4,Stable,Urban,1,0,None,1
5036,43,30152,786,0.41,1,16,9,5,0,1,Unstable,Rural,3,1,Child Birth,0
5037,52,41826,665,0.22,2,6,6,3,0,1,Stable,Suburban,0,2,Home Purchase,0
5038,45,44790,850,0.23,2,8,8,3,0,5,Unstable,Urban,4,1,None,0
5039,38,20000,749,0.46,1,18,9,1,0,5,Stable,Rural,0,2,Marriage,0
5040,57,62284,849,0.5,3,11,7,2,0,5,Stable,Rural,1,0,Child Birth,0
5041,34,37211,622,0.16,2,4,8,7,0,3,Stable,Urban,4,2,Home Purchase,0
5042,43,80263,658,0.19,2,4,4,4,1,4,Unstable,Suburban,3,0,Marriage,0
5043,54,83531,724,0.44,5,10,5,1,1,5,Unstable,Suburban,3,0,Home Purchase,1
5044,46,65793,654,0.29,1,16,7,4,0,4,Stable,Rural,0,2,Home Purchase,0
5045,27,66076,804,0.38,3,3,9,9,0,4,Unstable,Suburban,0,0,Home Purchase,0
5046,61,64089,806,0.41,3,12,8,8,1,5,Unstable,Rural,1,0,Home Purchase,1
5047,65,42489,676,0.49,2,17,7,6,0,4,Stable,Suburban,1,0,Marriage,1
5048,42,44629,765,0.5,4,5,4,6,0,1,Unstable,Urban,4,2,Marriage,1
5049,35,93080,850,0.24,5,3,1,2,0,4,Unstable,Rural,2,2,None,0
5050,26,78381,804,0.37,5,16,1,5,0,4,Stable,Suburban,3,1,Child Birth,0
5051,36,65152,765,0.16,5,19,5,9,1,1,Unstable,Rural,4,0,Child Birth,1
5052,30,75001,829,0.52,2,4,7,8,0,1,Stable,Suburban,2,0,None,1
5053,67,58472,850,0.52,1,9,8,4,0,2,Unstable,Urban,3,2,Child Birth,0
5054,64,64623,850,0.25,1,4,7,7,1,2,Unstable,Urban,0,2,Marriage,1
5055,68,74862,692,0.18,5,10,4,9,1,5,Unstable,Urban,4,2,Marriage,0
5056,53,20000,790,0.14,4,17,7,5,1,3,Unstable,Rural,1,0,Child Birth,0
5057,54,82653,670,0.39,4,16,6,2,0,4,Stable,Rural,1,2,None,1
5058,26,80858,694,0.15,3,7,8,2,0,4,Stable,Urban,4,0,Child Birth,0
5059,33,40482,747,0.44,4,15,9,8,0,3,Stable,Urban,3,2,Child Birth,1
5060,26,91102,555,0.44,5,18,1,8,0,5,Unstable,Rural,0,2,Child Birth,0
5061,53,20000,736,0.41,3,6,2,8,0,4,Unstable,Urban,4,2,Child Birth,0
5062,57,68823,630,0.54,5,15,8,5,0,2,Stable,Rural,2,2,Child Birth,0
5063,34,60998,581,0.29,1,11,7,2,1,4,Unstable,Urban,0,2,Child Birth,0
5064,58,52263,779,0.55,5,5,7,8,0,1,Unstable,Suburban,1,0,Child Birth,1
5065,68,60484,673,0.12,3,16,3,4,1,4,Stable,Rural,0,1,Home Purchase,0
5066,32,74568,721,0.16,5,12,7,9,0,4,Unstable,Urban,3,2,Marriage,0
5067,61,20000,676,0.31,2,4,4,6,0,1,Unstable,Rural,3,1,Child Birth,1
5068,57,85024,638,0.4,3,2,2,7,0,2,Stable,Urban,0,0,Marriage,0
5069,30,49743,711,0.12,4,16,1,3,0,1,Unstable,Rural,1,1,Child Birth,1
5070,68,85386,563,0.38,1,8,8,2,0,3,Unstable,Urban,0,2,Home Purchase,1
5071,64,76087,690,0.25,4,17,5,2,1,2,Stable,Rural,1,2,Child Birth,0
5072,69,49223,850,0.54,5,9,4,3,0,4,Unstable,Urban,4,2,None,0
5073,43,58016,580,0.37,4,6,9,7,0,1,Unstable,Suburban,3,0,Marriage,0
5074,56,59485,842,0.39,3,4,5,8,1,1,Stable,Rural,0,2,Marriage,1
5075,51,100156,850,0.57,2,13,2,4,0,2,Unstable,Urban,0,2,None,0
5076,25,31488,621,0.48,4,14,9,3,1,1,Unstable,Urban,1,2,Home Purchase,0
5077,67,49048,732,0.32,5,12,7,7,0,3,Unstable,Urban,2,1,Marriage,0
5078,57,20445,570,0.34,4,3,9,3,0,5,Unstable,Suburban,1,0,Child Birth,0
5079,64,63097,555,0.42,4,15,5,8,0,4,Stable,Suburban,2,0,Marriage,1
5080,56,44412,716,0.2,3,15,7,4,0,3,Unstable,Suburban,0,2,None,0
5081,29,47445,740,0.14,5,15,8,8,0,1,Stable,Suburban,3,0,Home Purchase,1
5082,41,97117,643,0.26,5,15,4,2,0,5,Unstable,Rural,4,1,Marriage,0
5083,32,39415,586,0.49,2,8,8,8,0,4,Stable,Urban,3,2,Marriage,0
5084,66,56011,621,0.23,3,17,7,8,0,3,Unstable,Rural,3,0,Child Birth,0
5085,58,48534,789,0.17,3,14,3,3,0,2,Stable,Suburban,4,2,None,0
5086,33,50104,789,0.21,1,6,8,2,0,4,Unstable,Urban,0,1,None,0
5087,47,129294,764,0.44,2,17,4,7,1,2,Unstable,Suburban,1,0,Home Purchase,1
5088,59,20000,661,0.41,2,2,2,9,0,4,Unstable,Rural,3,0,None,0
5089,31,76101,592,0.44,5,11,9,1,0,1,Stable,Urban,1,0,None,1
5090,39,120684,831,0.26,5,16,8,5,1,3,Unstable,Suburban,3,1,None,0
5091,44,86977,850,0.55,2,19,4,3,0,4,Unstable,Suburban,0,2,Home Purchase,1
5092,49,61173,647,0.33,3,17,3,9,1,2,Stable,Suburban,1,2,Marriage,1
5093,27,30680,684,0.36,1,6,3,8,0,4,Stable,Urban,4,1,Marriage,0
5094,48,92619,553,0.57,5,14,6,9,1,4,Unstable,Rural,0,1,Home Purchase,0
5095,58,83433,753,0.59,1,13,2,9,0,4,Unstable,Rural,4,0,Marriage,0
5096,46,21757,850,0.43,2,7,3,3,0,1,Unstable,Suburban,3,2,Home Purchase,0
5097,35,51992,794,0.57,3,13,1,7,0,3,Unstable,Rural,3,1,None,1
5098,32,29847,850,0.37,1,6,5,5,1,5,Stable,Rural,4,1,Child Birth,0
5099,63,20000,660,0.25,4,2,3,6,0,4,Stable,Suburban,3,1,Marriage,1
5100,67,29266,569,0.26,2,5,7,8,1,4,Stable,Suburban,3,2,None,1
5101,59,62635,850,0.38,3,12,9,8,0,1,Stable,Rural,4,0,Child Birth,1
5102,62,74507,717,0.4,2,15,5,7,0,2,Unstable,Rural,1,1,None,1
5103,32,51914,610,0.32,2,6,2,1,0,5,Unstable,Urban,1,0,None,1
5104,61,94353,850,0.54,1,1,2,1,0,5,Stable,Suburban,0,2,Home Purchase,1
5105,51,85735,639,0.31,1,11,4,6,0,5,Unstable,Urban,4,2,Marriage,0
5106,52,56868,588,0.24,4,12,9,9,0,1,Stable,Rural,0,1,None,0
5107,64,53684,760,0.1,5,3,2,8,0,5,Stable,Urban,2,0,None,1
5108,58,69568,569,0.59,4,19,5,1,0,2,Unstable,Suburban,3,1,Child Birth,0
5109,56,59553,802,0.51,3,13,7,8,0,3,Stable,Urban,4,0,Home Purchase,1
5110,39,24357,584,0.41,3,11,4,5,0,5,Unstable,Rural,2,0,Child Birth,0
5111,68,52615,725,0.52,2,7,7,2,0,4,Stable,Suburban,4,0,Child Birth,1
5112,41,76639,731,0.51,1,12,7,7,0,2,Stable,Rural,4,0,None,1
5113,57,92868,726,0.57,2,18,2,2,1,2,Stable,Rural,3,0,Home Purchase,1
5114,40,84004,571,0.29,5,16,2,4,0,5,Unstable,Urban,4,0,None,0
5115,53,68357,680,0.38,2,8,2,4,0,4,Stable,Suburban,2,0,None,0
5116,33,96434,837,0.15,3,13,9,5,0,2,Stable,Rural,2,1,Child Birth,0
5117,57,70598,679,0.58,3,17,1,6,1,1,Stable,Suburban,1,2,None,0
5118,53,57786,584,0.59,4,4,6,2,1,5,Unstable,Urban,3,1,Child Birth,0
5119,37,96967,655,0.49,2,9,7,8,0,4,Unstable,Urban,4,0,Marriage,0
5120,45,78006,574,0.33,1,9,9,9,0,3,Unstable,Suburban,0,0,None,0
5121,45,92550,481,0.35,5,10,3,3,0,2,Unstable,Rural,0,2,None,1
5122,29,30309,682,0.32,5,11,9,7,0,3,Unstable,Urban,3,1,Marriage,1
5123,34,38493,710,0.25,1,1,7,4,0,4,Unstable,Urban,4,0,None,1
5124,30,39564,769,0.36,5,17,5,4,0,1,Unstable,Urban,3,1,Child Birth,1
5125,37,64544,746,0.13,1,7,5,1,0,4,Stable,Suburban,3,0,Marriage,0
5126,25,105608,761,0.6,1,11,7,5,0,3,Unstable,Suburban,1,2,Home Purchase,0
5127,44,31526,695,0.31,4,13,6,6,0,4,Stable,Urban,1,0,Marriage,1
5128,32,82634,850,0.56,2,6,8,5,0,4,Stable,Rural,0,2,Marriage,0
5129,34,29935,615,0.46,3,8,9,6,1,2,Stable,Suburban,0,2,None,0
5130,33,112937,668,0.24,3,10,6,3,0,4,Stable,Rural,2,0,None,0
5131,65,20083,850,0.21,2,14,3,2,0,1,Stable,Suburban,2,1,Home Purchase,1
5132,27,78507,661,0.6,5,12,9,5,0,2,Unstable,Suburban,1,0,Marriage,0
5133,35,82009,688,0.49,1,11,2,6,0,1,Unstable,Suburban,2,2,Marriage,0
5134,36,75500,740,0.22,3,7,5,6,1,3,Stable,Rural,3,2,Marriage,0
5135,34,38068,816,0.13,4,13,4,5,1,4,Unstable,Rural,2,0,None,1
5136,49,33591,714,0.45,5,2,2,2,0,5,Unstable,Urban,2,0,Home Purchase,1
5137,49,91810,611,0.25,4,3,6,1,1,4,Unstable,Suburban,3,2,Child Birth,0
5138,35,86210,658,0.21,3,1,7,6,1,5,Stable,Suburban,1,2,None,0
5139,60,85869,754,0.47,2,6,2,1,0,2,Unstable,Suburban,0,2,Child Birth,0
5140,63,88899,670,0.44,2,1,3,1,1,3,Stable,Suburban,1,1,Home Purchase,0
5141,50,21597,653,0.34,4,2,5,6,1,5,Stable,Suburban,0,2,Marriage,0
5142,38,20850,606,0.57,5,10,9,1,0,4,Unstable,Rural,3,1,None,1
5143,63,43216,819,0.44,3,12,7,2,1,4,Unstable,Urban,1,1,None,0
5144,64,48008,687,0.55,1,5,3,1,1,4,Unstable,Rural,0,0,None,0
5145,25,45344,688,0.2,2,9,4,7,1,3,Stable,Rural,4,2,Marriage,0
5146,28,66937,767,0.25,4,12,7,4,0,5,Stable,Rural,1,1,Marriage,0
5147,54,87881,563,0.15,3,8,1,4,0,5,Unstable,Suburban,2,1,Marriage,0
5148,36,52650,704,0.25,5,10,4,4,1,3,Stable,Suburban,0,2,Child Birth,1
5149,59,39617,850,0.59,1,14,1,5,0,1,Stable,Rural,4,1,Child Birth,1
5150,37,80323,693,0.58,1,15,5,9,0,2,Unstable,Urban,0,1,Child Birth,0
5151,55,52950,721,0.48,2,8,2,5,1,3,Unstable,Rural,1,2,None,0
5152,62,62683,719,0.36,1,9,9,2,0,4,Stable,Rural,4,0,Home Purchase,0
5153,67,51688,806,0.49,3,5,3,8,0,1,Unstable,Rural,2,0,None,0
5154,47,68499,720,0.38,2,1,5,8,0,5,Unstable,Rural,4,2,Child Birth,0
5155,28,34652,850,0.1,2,11,8,9,0,2,Unstable,Rural,0,1,Marriage,1
5156,40,78156,723,0.35,2,4,8,4,0,4,Stable,Rural,4,2,Home Purchase,1
5157,31,59180,656,0.4,3,6,9,3,1,4,Stable,Rural,0,1,None,1
5158,46,40892,850,0.23,4,17,3,6,0,4,Unstable,Suburban,3,2,Child Birth,0
5159,53,73273,678,0.2,1,4,3,1,1,3,Unstable,Rural,0,0,None,0
5160,35,40868,640,0.24,1,5,4,6,1,5,Stable,Urban,2,0,None,0
5161,57,41973,581,0.41,4,14,6,5,1,1,Stable,Suburban,0,2,Home Purchase,0
5162,53,29968,747,0.17,2,18,7,1,0,2,Unstable,Suburban,1,0,Child Birth,0
5163,63,20000,654,0.46,5,3,1,6,1,4,Unstable,Suburban,1,0,Child Birth,0
5164,36,73357,622,0.31,3,11,2,3,1,3,Stable,Urban,2,2,Marriage,0
5165,31,89140,643,0.28,2,15,3,8,1,3,Unstable,Urban,2,2,Home Purchase,1
5166,63,48735,663,0.5,2,7,1,3,0,2,Stable,Suburban,3,0,Marriage,1
5167,66,40038,783,0.35,2,4,3,3,0,1,Unstable,Suburban,1,2,Home Purchase,1
5168,50,20000,748,0.29,1,6,4,7,0,3,Unstable,Suburban,1,1,Home Purchase,0
5169,64,20000,685,0.54,1,10,6,1,0,3,Unstable,Rural,4,1,None,0
5170,33,78168,756,0.28,5,7,5,8,0,5,Stable,Rural,1,2,Marriage,0
5171,65,20000,689,0.53,3,3,6,4,0,5,Unstable,Rural,1,0,Child Birth,0
5172,58,31401,720,0.35,2,15,9,5,0,1,Stable,Rural,4,1,Child Birth,0
5173,69,67085,633,0.2,1,16,1,5,1,2,Unstable,Suburban,3,1,None,0
5174,37,62242,634,0.41,4,3,3,4,0,4,Unstable,Urban,2,1,Marriage,0
5175,60,68117,715,0.24,1,12,8,1,1,3,Stable,Urban,3,1,Home Purchase,0
5176,49,60172,715,0.17,2,5,9,3,0,4,Unstable,Urban,2,2,Child Birth,0
5177,48,51076,801,0.14,2,5,2,8,0,4,Stable,Urban,2,0,Marriage,0
5178,68,31553,749,0.22,1,1,5,2,0,4,Unstable,Suburban,4,0,Home Purchase,0
5179,41,44146,650,0.47,4,6,3,8,0,1,Unstable,Rural,2,1,Home Purchase,0
5180,26,52773,571,0.52,4,15,2,4,1,2,Stable,Rural,0,0,None,0
5181,37,20000,788,0.53,2,13,9,9,0,2,Unstable,Rural,0,2,Home Purchase,0
5182,55,40341,733,0.24,1,7,5,8,0,5,Unstable,Suburban,0,0,None,0
5183,53,50694,796,0.43,3,18,9,8,1,4,Stable,Suburban,0,0,Home Purchase,0
5184,52,42775,745,0.22,3,19,1,4,0,4,Stable,Suburban,4,1,Home Purchase,0
5185,51,51436,850,0.41,2,6,4,2,0,3,Unstable,Suburban,4,1,Home Purchase,0
5186,39,76718,678,0.54,4,8,1,8,0,1,Stable,Suburban,0,2,Child Birth,0
5187,55,79787,704,0.12,3,3,5,7,0,4,Stable,Rural,1,1,None,0
5188,64,97783,779,0.59,1,17,5,2,0,1,Unstable,Rural,2,2,Marriage,0
5189,39,22302,786,0.51,5,14,7,7,1,5,Stable,Suburban,3,1,Marriage,0
5190,57,49481,732,0.48,5,14,7,1,0,1,Unstable,Urban,0,1,Marriage,0
5191,44,90689,540,0.45,4,2,8,6,0,2,Stable,Urban,0,2,Child Birth,0
5192,66,20000,523,0.49,5,4,6,7,1,1,Unstable,Urban,1,1,Marriage,1
5193,36,30594,661,0.6,1,9,3,2,0,4,Stable,Urban,4,2,Child Birth,1
5194,61,44606,702,0.49,2,16,9,2,0,4,Stable,Urban,1,2,Marriage,0
5195,33,111108,513,0.28,2,1,5,8,0,4,Stable,Suburban,0,1,None,1
5196,47,35636,697,0.41,1,2,9,2,0,4,Stable,Urban,1,0,Child Birth,0
5197,32,87095,765,0.27,2,12,5,2,0,1,Unstable,Urban,2,2,Child Birth,1
5198,56,59302,694,0.59,1,16,3,5,1,4,Stable,Rural,3,2,Child Birth,0
5199,38,31338,729,0.55,1,15,7,4,0,2,Unstable,Urban,1,2,Child Birth,0
5200,51,129995,758,0.38,5,19,9,1,1,3,Unstable,Rural,0,2,Home Purchase,1
5201,49,64866,539,0.49,5,6,1,8,0,4,Unstable,Urban,2,1,Marriage,0
5202,37,69405,765,0.55,4,19,3,4,1,5,Unstable,Rural,2,2,Home Purchase,0
5203,45,73362,626,0.22,5,15,7,9,0,3,Stable,Suburban,1,1,None,0
5204,69,71423,676,0.39,2,4,9,2,1,1,Stable,Suburban,0,0,Child Birth,0
5205,55,113801,633,0.34,5,16,4,2,1,2,Stable,Urban,3,1,None,1
5206,61,104648,807,0.49,1,11,5,6,0,2,Unstable,Suburban,1,0,Home Purchase,0
5207,67,36710,582,0.29,5,7,8,2,0,5,Stable,Suburban,4,2,Home Purchase,0
5208,29,110468,838,0.45,2,2,4,2,0,4,Stable,Suburban,2,0,None,0
5209,37,42496,850,0.3,4,7,2,6,0,5,Stable,Rural,4,0,Home Purchase,0
5210,52,68056,544,0.16,3,12,7,6,0,4,Stable,Urban,2,0,Home Purchase,0
5211,67,23712,641,0.15,1,14,2,8,1,4,Stable,Rural,1,1,Home Purchase,0
5212,49,85915,761,0.16,2,15,6,1,0,2,Unstable,Urban,2,0,Child Birth,1
5213,59,52315,600,0.12,2,7,7,1,0,2,Unstable,Urban,0,2,Child Birth,0
5214,63,31262,672,0.37,3,18,8,7,1,4,Unstable,Suburban,4,2,Child Birth,0
5215,31,89712,717,0.44,4,11,5,9,0,2,Unstable,Suburban,1,1,None,0
5216,62,95905,628,0.16,1,10,1,7,0,2,Stable,Rural,0,2,Child Birth,0
5217,56,96752,708,0.41,4,14,3,4,0,2,Stable,Suburban,0,1,Home Purchase,0
5218,27,21926,794,0.4,3,3,9,9,1,4,Unstable,Rural,0,1,None,0
5219,69,99338,692,0.17,1,18,6,6,0,4,Stable,Urban,2,0,Home Purchase,0
5220,63,52487,596,0.3,5,12,5,1,0,3,Unstable,Rural,0,0,Child Birth,1
5221,61,111287,816,0.48,4,1,1,6,0,2,Stable,Rural,0,0,Marriage,1
5222,46,75623,838,0.11,5,13,4,6,0,4,Unstable,Rural,2,2,None,0
5223,32,66283,736,0.17,1,2,5,1,0,2,Unstable,Rural,1,2,Home Purchase,0
5224,41,60213,601,0.6,3,15,2,8,0,3,Stable,Suburban,2,0,Home Purchase,1
5225,51,59658,612,0.47,5,11,5,5,0,3,Unstable,Urban,1,1,Home Purchase,0
5226,57,43012,463,0.33,5,6,3,4,0,1,Stable,Suburban,1,0,Home Purchase,0
5227,41,33298,640,0.41,2,6,8,1,0,4,Stable,Suburban,0,0,Child Birth,0
5228,66,50933,806,0.52,1,12,1,5,0,3,Unstable,Rural,3,2,Child Birth,0
5229,36,89772,631,0.52,3,16,4,1,0,4,Unstable,Rural,4,0,Marriage,0
5230,51,25084,604,0.26,2,16,9,3,0,4,Unstable,Suburban,3,1,Marriage,0
5231,32,93516,802,0.35,4,10,1,1,0,2,Stable,Urban,0,2,Child Birth,1
5232,47,63584,815,0.42,3,17,6,3,0,4,Unstable,Rural,1,0,Child Birth,0
5233,66,79536,646,0.14,2,2,6,2,0,2,Unstable,Rural,2,0,None,0
5234,53,80829,750,0.57,4,13,2,4,1,2,Unstable,Rural,0,1,None,1
5235,44,83208,613,0.32,3,17,1,7,0,2,Unstable,Urban,1,2,Marriage,0
5236,40,60560,665,0.29,2,9,1,1,1,5,Unstable,Suburban,2,2,Marriage,0
5237,41,61308,517,0.55,3,15,5,7,0,4,Stable,Urban,0,1,None,0
5238,40,82352,736,0.16,5,7,5,6,0,3,Stable,Rural,1,2,Child Birth,0
5239,43,33967,689,0.12,2,13,7,4,1,4,Stable,Rural,3,1,Home Purchase,0
5240,32,30138,632,0.44,5,10,9,9,1,1,Unstable,Suburban,3,1,Child Birth,0
5241,62,48382,690,0.29,2,18,4,7,0,4,Unstable,Rural,4,2,Home Purchase,1
5242,62,67202,678,0.48,5,10,4,5,1,5,Unstable,Rural,0,1,None,1
5243,53,108021,617,0.13,1,18,7,2,0,1,Unstable,Rural,1,0,Child Birth,0
5244,65,61199,739,0.29,5,14,9,1,1,1,Stable,Suburban,1,0,None,0
5245,60,110003,670,0.22,1,19,7,2,0,2,Stable,Suburban,3,0,Marriage,1
5246,50,72886,686,0.47,3,1,8,9,1,3,Stable,Suburban,2,2,None,0
5247,55,48663,553,0.21,4,4,7,2,0,1,Stable,Suburban,2,0,Home Purchase,0
5248,68,88676,687,0.33,4,14,9,5,0,5,Stable,Rural,2,0,Child Birth,0
5249,36,53928,682,0.51,4,5,6,8,1,3,Unstable,Suburban,2,2,Marriage,0
5250,41,66280,617,0.56,1,5,9,8,1,4,Stable,Rural,1,1,Child Birth,0
5251,39,26590,753,0.46,4,14,3,9,1,5,Unstable,Urban,3,1,Marriage,1
5252,33,22283,489,0.31,4,8,4,4,0,3,Stable,Rural,2,1,None,0
5253,63,73841,651,0.39,5,12,9,7,1,5,Unstable,Urban,2,1,Marriage,1
5254,66,87593,730,0.44,4,17,2,9,0,1,Unstable,Rural,4,0,None,0
5255,36,108641,850,0.54,1,3,2,7,1,2,Stable,Rural,0,1,Marriage,1
5256,56,39765,563,0.54,5,4,8,1,0,2,Stable,Urban,4,1,Home Purchase,0
5257,49,96593,708,0.57,1,5,6,6,1,3,Unstable,Urban,1,1,Child Birth,1
5258,63,92861,754,0.51,2,1,5,2,1,2,Stable,Rural,0,1,Child Birth,0
5259,42,47720,706,0.17,4,2,2,7,0,1,Stable,Urban,0,1,Home Purchase,0
5260,39,94702,576,0.47,1,5,1,9,1,5,Stable,Urban,2,1,None,0
5261,56,83605,651,0.51,1,19,3,7,0,2,Stable,Rural,0,1,Marriage,1
5262,30,88554,455,0.54,5,5,6,8,0,1,Unstable,Rural,1,0,None,1
5263,68,114184,700,0.56,2,13,5,2,0,5,Unstable,Urban,4,1,None,0
5264,67,87516,558,0.35,2,5,6,5,1,1,Stable,Suburban,2,2,Home Purchase,0
5265,59,20000,745,0.43,4,8,7,1,0,3,Stable,Rural,3,1,Home Purchase,1
5266,58,68064,634,0.1,3,9,7,3,0,5,Unstable,Suburban,4,0,Home Purchase,0
5267,62,20829,625,0.39,3,15,3,1,1,5,Stable,Suburban,2,1,None,0
5268,29,63786,716,0.34,5,3,8,2,0,1,Unstable,Rural,2,2,Home Purchase,0
5269,42,62340,726,0.58,4,1,8,4,0,2,Unstable,Suburban,0,0,Marriage,1
5270,40,45407,787,0.55,5,7,3,6,1,3,Unstable,Suburban,2,2,None,0
5271,32,34309,673,0.5,4,13,6,1,0,2,Unstable,Suburban,2,0,Marriage,1
5272,49,46741,689,0.13,2,3,9,9,0,4,Unstable,Urban,0,0,Home Purchase,1
5273,56,51570,561,0.3,3,10,1,1,1,3,Stable,Urban,4,2,Child Birth,1
5274,50,56707,844,0.45,1,18,2,8,0,3,Unstable,Urban,3,1,None,0
5275,46,62635,606,0.11,3,16,2,1,0,1,Stable,Urban,3,0,None,0
5276,55,74631,772,0.22,4,9,5,1,0,1,Unstable,Rural,3,2,Marriage,1
5277,67,52186,773,0.54,3,15,6,8,1,3,Stable,Urban,1,2,Marriage,1
5278,34,91991,739,0.16,1,14,3,2,0,3,Unstable,Suburban,4,1,None,1
5279,36,59044,676,0.13,2,19,4,1,1,5,Unstable,Suburban,0,0,Home Purchase,0
5280,52,83112,663,0.39,2,6,2,7,0,2,Unstable,Suburban,3,1,Marriage,0
5281,30,52387,693,0.57,4,7,3,1,1,1,Stable,Urban,2,2,Marriage,1
5282,44,128592,509,0.52,3,5,8,4,1,5,Stable,Rural,2,0,Child Birth,0
5283,29,71681,697,0.59,4,13,5,9,0,4,Stable,Rural,2,2,Marriage,0
5284,47,100882,848,0.48,3,5,2,3,1,3,Unstable,Rural,2,1,None,0
5285,33,42651,677,0.32,5,14,2,6,0,1,Unstable,Suburban,0,1,Home Purchase,0
5286,53,48821,696,0.57,4,1,4,9,0,3,Unstable,Suburban,3,2,Home Purchase,0
5287,40,53696,597,0.31,3,1,9,4,0,5,Unstable,Suburban,2,2,Marriage,0
5288,46,121824,718,0.28,5,9,6,3,1,3,Stable,Urban,4,0,Child Birth,1
5289,32,54681,622,0.32,4,9,1,5,0,3,Unstable,Urban,4,1,Home Purchase,0
5290,44,39414,784,0.51,2,15,4,7,0,5,Unstable,Urban,0,1,Marriage,0
5291,38,92522,814,0.56,5,5,3,5,0,2,Unstable,Rural,0,1,Child Birth,0
5292,63,61470,835,0.28,4,7,1,4,1,5,Unstable,Rural,4,2,Marriage,0
5293,61,54547,555,0.33,1,2,6,1,0,3,Unstable,Rural,1,2,None,0
5294,58,44742,772,0.55,2,11,1,6,0,2,Stable,Urban,1,1,Marriage,0
5295,35,72220,764,0.12,5,10,1,4,1,5,Unstable,Rural,3,2,None,0
5296,64,86566,658,0.49,3,19,7,6,1,5,Stable,Rural,3,2,Home Purchase,1
5297,57,79702,819,0.33,1,5,1,6,0,1,Stable,Rural,2,2,Child Birth,0
5298,55,48016,741,0.29,3,15,3,4,0,5,Stable,Rural,4,0,Marriage,0
5299,68,35307,837,0.32,1,2,5,8,0,3,Stable,Rural,1,0,Marriage,1
5300,58,20000,573,0.31,4,11,3,4,0,1,Unstable,Urban,0,0,Home Purchase,0
5301,31,36363,628,0.48,4,4,6,5,0,2,Stable,Rural,2,2,Marriage,0
5302,47,50696,709,0.56,3,17,9,5,1,1,Stable,Rural,3,0,Child Birth,0
5303,31,58524,817,0.35,3,2,2,2,0,4,Unstable,Urban,1,1,Home Purchase,0
5304,49,53229,745,0.52,3,10,7,8,0,2,Unstable,Suburban,1,2,None,0
5305,27,130021,605,0.47,5,11,4,8,1,4,Unstable,Rural,3,0,Marriage,1
5306,62,72284,850,0.27,2,1,6,8,0,3,Unstable,Suburban,3,0,Marriage,1
5307,44,29058,670,0.39,3,18,6,1,0,2,Unstable,Urban,2,0,Child Birth,0
5308,58,76389,608,0.43,4,5,8,7,0,2,Unstable,Rural,4,0,Child Birth,1
5309,68,69786,622,0.11,4,5,7,3,0,1,Stable,Suburban,3,2,Home Purchase,0
5310,68,33752,566,0.3,3,4,5,1,1,4,Stable,Suburban,4,0,Home Purchase,0
5311,54,67220,475,0.6,3,9,7,5,0,4,Stable,Urban,1,1,None,0
5312,41,73253,688,0.42,4,19,6,4,1,1,Unstable,Urban,1,0,Child Birth,0
5313,34,85612,544,0.27,5,3,5,7,0,1,Stable,Suburban,4,2,Home Purchase,0
5314,59,20000,731,0.23,1,15,9,1,0,1,Stable,Rural,2,2,Child Birth,0
5315,44,76201,798,0.2,4,14,4,1,0,1,Stable,Rural,0,1,Child Birth,1
5316,42,95247,737,0.3,1,1,7,8,1,5,Stable,Urban,4,1,Marriage,1
5317,69,107192,704,0.2,3,10,7,4,1,1,Unstable,Rural,3,2,Marriage,1
5318,68,29348,545,0.17,2,13,3,9,0,1,Stable,Urban,1,1,None,1
5319,51,56351,784,0.28,3,12,8,5,0,1,Unstable,Urban,2,2,Marriage,0
5320,60,58773,850,0.4,3,1,9,6,0,5,Unstable,Urban,1,1,Child Birth,0
5321,47,76887,840,0.17,3,2,5,2,0,3,Unstable,Rural,0,1,None,1
5322,56,55884,566,0.12,4,11,1,3,0,3,Stable,Urban,2,0,Marriage,0
5323,34,42115,692,0.12,4,12,1,7,1,1,Unstable,Suburban,1,2,None,0
5324,35,65429,671,0.23,2,1,5,7,0,2,Stable,Urban,4,0,None,0
5325,62,51562,660,0.2,1,10,2,6,0,5,Unstable,Suburban,1,0,Home Purchase,0
5326,30,74054,702,0.37,1,3,2,4,0,1,Stable,Rural,1,0,None,1
5327,65,39760,850,0.33,1,9,6,4,0,5,Unstable,Suburban,1,0,Marriage,0
5328,58,34442,710,0.26,3,17,5,8,0,5,Stable,Urban,3,0,Home Purchase,0
5329,60,92886,655,0.52,2,19,2,9,1,3,Unstable,Urban,3,2,Home Purchase,1
5330,61,116813,729,0.35,3,18,5,8,1,4,Unstable,Urban,1,1,Home Purchase,1
5331,41,105556,568,0.15,2,5,4,8,1,4,Unstable,Rural,4,2,Home Purchase,1
5332,64,58201,628,0.25,5,7,6,5,1,4,Unstable,Rural,0,1,Child Birth,1
5333,64,86378,798,0.59,4,15,1,2,0,1,Unstable,Urban,2,2,Home Purchase,1
5334,36,42842,718,0.59,3,6,3,2,0,4,Unstable,Rural,4,2,None,0
5335,45,72704,850,0.23,5,5,5,2,1,1,Unstable,Suburban,4,1,Child Birth,0
5336,64,45404,726,0.18,1,19,8,6,0,2,Unstable,Suburban,4,2,Home Purchase,0
5337,43,91412,575,0.35,5,13,2,5,0,3,Unstable,Rural,2,0,Home Purchase,1
5338,27,88086,541,0.34,4,7,8,4,0,2,Stable,Rural,3,2,Child Birth,0
5339,42,111898,800,0.31,4,2,8,4,0,1,Stable,Urban,0,1,None,0
5340,43,54267,595,0.36,4,6,6,8,1,2,Unstable,Urban,1,2,None,1
5341,30,99475,586,0.22,5,15,5,2,0,4,Unstable,Suburban,1,1,Home Purchase,0
5342,40,72661,648,0.16,1,5,7,5,1,2,Unstable,Urban,0,2,Home Purchase,0
5343,32,61884,799,0.39,3,5,6,7,0,5,Stable,Rural,4,1,None,1
5344,42,68424,663,0.57,1,4,9,7,0,5,Unstable,Suburban,2,1,Home Purchase,0
5345,67,102450,615,0.17,2,13,2,8,0,3,Stable,Urban,4,2,Child Birth,0
5346,63,56701,821,0.45,2,18,6,3,0,2,Unstable,Rural,1,1,None,1
5347,36,57973,804,0.32,3,1,7,2,0,1,Stable,Rural,2,2,None,0
5348,69,20000,850,0.25,4,3,1,8,0,3,Unstable,Urban,4,0,Child Birth,1
5349,34,56323,835,0.53,3,7,9,9,0,4,Unstable,Suburban,2,0,Home Purchase,0
5350,31,66609,805,0.33,5,1,8,1,0,4,Stable,Rural,4,2,Marriage,0
5351,25,40943,624,0.39,4,14,5,9,0,5,Unstable,Suburban,0,1,Home Purchase,1
5352,60,34803,765,0.32,3,15,5,8,1,3,Stable,Suburban,2,1,Marriage,1
5353,45,20000,821,0.14,3,16,9,7,0,4,Stable,Urban,0,2,Home Purchase,0
5354,61,45383,850,0.4,5,5,2,8,0,2,Stable,Rural,2,2,Home Purchase,1
5355,48,95529,717,0.31,5,3,6,3,0,3,Unstable,Urban,4,0,Marriage,1
5356,49,22953,650,0.14,1,17,4,2,0,2,Unstable,Suburban,1,0,Marriage,0
5357,31,79725,611,0.4,2,5,4,4,0,2,Stable,Urban,2,1,Home Purchase,0
5358,66,81983,797,0.1,3,1,8,7,0,2,Unstable,Rural,2,1,None,0
5359,41,121321,633,0.2,1,13,3,2,1,3,Stable,Rural,1,1,Child Birth,0
5360,53,85958,710,0.49,4,18,8,7,0,3,Unstable,Suburban,1,0,None,1
5361,54,83864,611,0.12,4,1,5,7,0,5,Stable,Suburban,1,2,Child Birth,0
5362,31,69192,684,0.42,2,19,2,9,0,3,Unstable,Suburban,1,1,Marriage,0
5363,57,60021,743,0.57,4,6,5,3,0,1,Stable,Suburban,3,2,Child Birth,1
5364,31,81304,726,0.19,2,9,4,9,1,3,Unstable,Rural,0,0,Marriage,1
5365,48,91217,773,0.31,4,14,9,7,0,5,Unstable,Suburban,4,1,Child Birth,0
5366,35,64262,562,0.39,4,11,6,8,0,3,Stable,Urban,1,1,Home Purchase,0
5367,33,92297,688,0.33,3,4,3,3,0,1,Stable,Suburban,3,1,None,1
5368,36,132080,652,0.41,5,7,2,5,0,3,Unstable,Suburban,1,1,Home Purchase,0
5369,59,61771,601,0.3,3,18,7,7,0,5,Unstable,Urban,4,2,None,0
5370,28,62475,625,0.17,1,18,1,8,0,1,Stable,Urban,3,1,Child Birth,0
5371,60,57697,610,0.14,5,6,5,6,1,5,Stable,Suburban,4,0,Marriage,0
5372,52,63343,734,0.47,3,5,5,6,1,4,Stable,Suburban,0,1,Marriage,0
5373,37,90577,740,0.22,5,6,4,5,0,2,Unstable,Rural,2,0,Child Birth,1
5374,47,62176,787,0.52,5,2,3,4,0,5,Unstable,Suburban,1,1,Child Birth,0
5375,43,64729,732,0.47,5,2,9,7,0,4,Stable,Rural,1,2,None,1
5376,66,53758,715,0.12,4,1,4,5,0,3,Stable,Urban,0,2,Home Purchase,0
5377,61,72226,707,0.2,5,18,9,8,1,1,Stable,Urban,3,2,Home Purchase,1
5378,63,47420,767,0.25,4,10,7,1,0,5,Stable,Urban,3,1,Marriage,0
5379,48,29346,489,0.4,5,7,9,8,1,1,Unstable,Suburban,3,1,None,1
5380,40,71191,694,0.5,4,2,2,5,1,4,Unstable,Suburban,3,0,Child Birth,0
5381,57,109484,731,0.13,5,19,2,4,1,5,Stable,Rural,4,0,Marriage,1
5382,36,52751,850,0.22,1,10,8,6,0,3,Stable,Suburban,0,0,None,1
5383,58,33969,588,0.29,3,12,9,7,0,3,Unstable,Suburban,3,0,None,0
5384,31,107891,585,0.19,5,12,2,3,0,3,Stable,Rural,2,1,None,1
5385,35,61139,472,0.37,1,15,6,4,0,2,Stable,Urban,0,2,None,0
5386,55,83613,560,0.34,3,18,6,7,0,3,Unstable,Urban,4,1,Marriage,0
5387,53,41775,684,0.26,2,1,7,7,0,2,Unstable,Rural,2,2,Home Purchase,0
5388,37,60244,627,0.36,5,6,5,3,1,5,Unstable,Rural,3,1,Marriage,0
5389,55,95013,625,0.28,2,9,3,9,0,5,Unstable,Rural,2,0,Home Purchase,1
5390,26,63269,702,0.27,3,6,3,3,0,4,Stable,Rural,1,2,Child Birth,0
5391,63,63580,758,0.23,3,6,6,8,0,4,Unstable,Suburban,2,2,Child Birth,0
5392,39,22785,701,0.37,5,6,1,8,0,1,Unstable,Rural,1,1,Child Birth,1
5393,35,79675,702,0.32,1,16,8,3,1,5,Unstable,Suburban,4,2,Home Purchase,1
5394,58,40352,740,0.2,5,15,7,7,0,1,Stable,Urban,4,0,None,0
5395,63,87992,516,0.11,1,8,7,3,0,4,Stable,Urban,0,2,Child Birth,0
5396,28,65059,712,0.18,5,2,6,2,1,1,Unstable,Urban,2,0,None,1
5397,35,67280,692,0.12,1,11,3,7,0,4,Stable,Suburban,3,0,Marriage,0
5398,53,79313,699,0.32,4,9,9,8,0,2,Unstable,Suburban,1,2,Marriage,1
5399,26,69381,641,0.21,1,16,6,9,0,4,Unstable,Rural,0,2,Marriage,0
5400,40,102961,679,0.31,1,2,6,1,0,5,Stable,Urban,1,1,Home Purchase,1
5401,63,99000,740,0.26,3,11,6,9,1,5,Stable,Suburban,1,1,Child Birth,0
5402,37,29568,850,0.37,2,17,6,2,0,2,Unstable,Urban,2,0,Marriage,1
5403,61,55732,530,0.46,5,6,6,3,0,2,Stable,Urban,1,1,Marriage,0
5404,41,80913,757,0.34,3,6,4,8,0,4,Unstable,Urban,1,2,Marriage,1
5405,45,36434,821,0.13,2,9,2,2,0,5,Unstable,Urban,3,0,Marriage,0
5406,68,20798,572,0.11,3,1,1,7,0,4,Unstable,Suburban,2,0,None,0
5407,43,40994,682,0.21,3,12,8,8,0,4,Stable,Urban,3,2,Home Purchase,0
5408,31,57120,727,0.31,5,11,5,5,0,2,Unstable,Urban,0,0,Home Purchase,1
5409,62,20000,850,0.12,4,17,3,3,0,4,Stable,Rural,4,1,Marriage,0
5410,32,32152,850,0.26,3,7,9,9,1,4,Unstable,Rural,1,0,Marriage,0
5411,37,20000,572,0.54,5,4,3,8,0,2,Stable,Urban,2,2,None,1
5412,61,88666,669,0.15,1,9,5,3,1,2,Unstable,Rural,4,0,Marriage,1
5413,26,83286,719,0.57,2,19,2,8,0,3,Unstable,Urban,1,1,Child Birth,1
5414,65,66964,755,0.53,5,15,6,3,1,4,Unstable,Suburban,1,0,Child Birth,1
5415,35,62500,720,0.52,4,6,9,6,0,3,Unstable,Urban,4,1,Child Birth,0
5416,48,73620,605,0.53,5,4,1,1,1,2,Stable,Rural,0,2,None,0
5417,30,35041,600,0.14,5,5,3,4,1,5,Stable,Suburban,3,0,Marriage,1
5418,50,91322,545,0.18,1,13,1,8,0,3,Stable,Urban,3,1,Marriage,0
5419,31,62325,497,0.17,2,5,5,6,0,1,Stable,Suburban,4,2,Child Birth,0
5420,63,82939,543,0.16,2,2,5,5,0,1,Unstable,Urban,2,0,None,1
5421,43,81910,816,0.26,4,11,4,6,1,3,Stable,Rural,0,0,Child Birth,1
5422,30,73352,771,0.52,2,18,5,7,0,1,Unstable,Suburban,0,0,None,0
5423,67,67822,755,0.23,1,15,8,1,0,5,Stable,Urban,4,2,Home Purchase,0
5424,53,65960,677,0.22,4,17,8,3,0,4,Unstable,Rural,4,2,Home Purchase,0
5425,67,58425,695,0.44,1,17,6,1,1,5,Unstable,Rural,3,0,Marriage,0
5426,63,72073,673,0.15,1,19,4,9,0,1,Unstable,Suburban,2,1,None,0
5427,26,65155,541,0.28,5,16,4,4,0,4,Unstable,Urban,3,1,Child Birth,0
5428,43,47824,764,0.25,5,11,5,2,0,1,Stable,Suburban,4,2,None,0
5429,28,75242,785,0.52,5,17,5,5,1,3,Unstable,Rural,4,0,Child Birth,0
5430,30,67012,584,0.36,3,8,2,2,0,5,Stable,Suburban,0,0,Child Birth,0
5431,61,90244,584,0.42,1,8,6,7,0,4,Unstable,Rural,2,1,Home Purchase,0
5432,52,20000,735,0.16,2,12,7,4,0,2,Unstable,Suburban,4,0,Marriage,0
5433,54,60905,734,0.56,4,15,3,5,0,5,Stable,Rural,0,2,Home Purchase,0
5434,31,41877,773,0.26,3,4,4,9,0,2,Stable,Rural,3,2,Marriage,0
5435,33,47059,841,0.45,5,8,9,2,1,3,Unstable,Rural,3,1,Home Purchase,1
5436,49,73993,594,0.58,3,15,4,5,0,1,Stable,Urban,0,0,Marriage,0
5437,57,24098,691,0.35,3,5,7,4,0,3,Unstable,Suburban,1,0,Child Birth,0
5438,25,63328,599,0.35,1,10,2,3,0,2,Unstable,Rural,3,2,Marriage,0
5439,30,60760,607,0.16,1,19,5,1,0,4,Unstable,Suburban,1,1,Marriage,1
5440,42,33751,657,0.3,2,15,6,6,0,3,Unstable,Urban,0,2,Child Birth,0
5441,34,63951,844,0.53,4,6,2,7,1,1,Unstable,Suburban,2,1,Child Birth,1
5442,52,40961,810,0.17,4,9,1,1,1,4,Stable,Suburban,4,1,Home Purchase,0
5443,35,114937,692,0.56,5,6,9,6,0,4,Unstable,Urban,3,1,Home Purchase,1
5444,57,90049,484,0.43,2,9,7,1,0,1,Stable,Suburban,4,2,Home Purchase,1
5445,25,61681,739,0.31,4,8,8,6,0,4,Unstable,Urban,1,1,Child Birth,0
5446,37,49206,736,0.37,3,16,5,4,1,5,Stable,Suburban,3,2,None,1
5447,61,72601,606,0.18,3,10,5,6,1,4,Stable,Urban,2,0,None,0
5448,44,79186,783,0.21,4,9,1,1,0,2,Stable,Urban,2,1,Marriage,0
5449,25,66363,604,0.24,3,8,3,1,1,5,Unstable,Suburban,2,2,Home Purchase,1
5450,27,34621,782,0.29,3,14,7,3,0,3,Stable,Urban,2,0,None,1
5451,42,54760,724,0.56,5,7,9,6,0,4,Unstable,Suburban,4,2,None,1
5452,65,61950,554,0.28,3,11,8,3,1,1,Stable,Rural,4,2,Child Birth,0
5453,38,67256,663,0.36,4,16,5,7,0,5,Stable,Suburban,1,2,Marriage,0
5454,55,67834,714,0.18,1,17,3,4,0,4,Unstable,Rural,4,2,Child Birth,0
5455,51,78270,730,0.47,3,8,9,9,0,2,Unstable,Urban,1,1,None,0
5456,41,93543,803,0.38,4,12,4,7,0,4,Stable,Rural,4,0,Home Purchase,1
5457,53,85314,815,0.32,3,17,9,4,0,4,Stable,Urban,1,1,None,1
5458,60,74757,676,0.57,2,15,3,9,1,5,Unstable,Suburban,0,1,Marriage,0
5459,61,28557,755,0.55,5,7,7,5,0,2,Stable,Suburban,2,1,Child Birth,1
5460,50,89658,850,0.43,1,19,1,4,1,4,Stable,Suburban,3,1,None,1
5461,41,80470,598,0.56,3,17,5,2,0,5,Stable,Rural,4,1,Marriage,0
5462,46,53605,639,0.38,4,13,9,9,0,1,Stable,Rural,2,0,None,1
5463,49,60743,534,0.51,1,8,9,8,1,4,Stable,Urban,4,1,None,0
5464,26,61639,636,0.3,3,14,6,6,0,3,Unstable,Rural,1,0,Child Birth,0
5465,46,49054,720,0.14,2,8,6,1,0,1,Stable,Urban,4,0,Child Birth,0
5466,29,20000,488,0.6,4,14,3,8,0,4,Unstable,Suburban,2,2,None,1
5467,28,32086,743,0.18,5,5,9,4,0,1,Unstable,Rural,2,1,Marriage,0
5468,60,37337,652,0.23,3,12,1,1,1,3,Stable,Urban,4,1,Home Purchase,1
5469,30,20000,693,0.18,4,11,7,3,0,1,Unstable,Rural,3,0,Child Birth,0
5470,45,32168,583,0.27,3,4,3,6,0,4,Stable,Rural,3,0,Child Birth,0
5471,37,88529,689,0.24,5,2,2,2,1,3,Unstable,Suburban,0,1,Home Purchase,0
5472,61,72147,850,0.4,2,10,5,8,1,2,Unstable,Urban,0,1,Marriage,1
5473,49,35725,660,0.6,5,10,5,5,0,5,Unstable,Suburban,0,0,Child Birth,0
5474,50,42794,478,0.13,5,7,2,5,1,5,Unstable,Urban,1,1,Child Birth,0
5475,63,90729,821,0.49,5,12,8,1,0,4,Stable,Suburban,3,0,Marriage,1
5476,44,90111,754,0.16,1,16,2,9,1,5,Unstable,Rural,0,1,Child Birth,1
5477,57,61747,709,0.11,4,10,8,2,1,5,Unstable,Urban,3,2,None,0
5478,38,89369,756,0.42,3,8,6,9,0,4,Unstable,Suburban,4,1,None,1
5479,60,40852,708,0.54,2,8,4,1,0,4,Unstable,Urban,4,1,Marriage,1
5480,41,65683,850,0.19,3,5,3,8,0,1,Stable,Urban,4,1,Home Purchase,1
5481,45,23141,775,0.27,1,4,9,3,0,5,Stable,Urban,2,0,Marriage,1
5482,40,50891,654,0.18,2,12,6,3,0,1,Unstable,Urban,3,2,Marriage,0
5483,40,60701,849,0.55,1,11,5,7,0,5,Unstable,Urban,4,0,Child Birth,1
5484,44,20000,850,0.24,3,15,3,7,1,5,Unstable,Suburban,0,1,Home Purchase,0
5485,53,74827,791,0.32,2,13,3,7,0,2,Stable,Suburban,4,1,None,0
5486,52,79005,740,0.55,3,1,6,7,0,5,Stable,Suburban,3,2,Marriage,1
5487,32,85277,614,0.38,4,5,4,3,0,4,Stable,Urban,1,1,Marriage,0
5488,48,118356,768,0.57,1,6,4,8,1,5,Stable,Suburban,4,0,Child Birth,0
5489,27,70417,738,0.56,4,13,8,1,0,3,Stable,Rural,2,1,Marriage,0
5490,49,58397,697,0.33,4,10,2,3,0,2,Unstable,Rural,2,2,Marriage,0
5491,43,20000,769,0.39,3,12,6,8,0,1,Unstable,Urban,3,1,None,0
5492,57,69798,708,0.22,3,3,9,2,1,5,Unstable,Suburban,3,2,None,0
5493,26,73985,754,0.6,5,11,3,7,1,5,Stable,Rural,0,2,Marriage,1
5494,39,26099,803,0.24,5,15,5,4,1,1,Stable,Urban,0,0,None,0
5495,46,53997,566,0.49,2,17,7,6,0,2,Unstable,Suburban,2,0,Child Birth,0
5496,34,60278,597,0.26,3,5,1,9,1,1,Unstable,Suburban,4,2,None,0
5497,42,73238,608,0.26,1,5,8,8,0,5,Stable,Suburban,0,0,None,0
5498,46,81406,850,0.15,3,11,6,4,0,1,Unstable,Suburban,0,0,Home Purchase,1
5499,51,46586,763,0.38,3,8,4,7,0,1,Unstable,Suburban,0,2,None,0
5500,37,65034,772,0.22,4,11,6,3,1,5,Stable,Rural,0,2,Child Birth,0
5501,57,74343,812,0.17,4,15,2,9,1,2,Unstable,Urban,0,1,Marriage,1
5502,29,55455,595,0.21,5,9,4,2,0,4,Stable,Suburban,4,0,Child Birth,0
5503,50,49463,496,0.23,2,18,8,6,0,2,Stable,Rural,1,1,Home Purchase,0
5504,37,77814,693,0.35,2,6,4,5,0,4,Stable,Rural,0,2,Child Birth,0
5505,51,55557,789,0.29,3,6,5,4,1,5,Unstable,Suburban,3,0,Child Birth,1
5506,38,30072,680,0.14,1,11,2,2,0,5,Stable,Urban,1,2,Home Purchase,0
5507,48,94326,563,0.37,4,3,3,9,1,4,Unstable,Suburban,2,1,Marriage,1
5508,27,32842,609,0.49,1,11,3,5,0,5,Stable,Suburban,4,1,Marriage,1
5509,54,57637,582,0.39,4,3,2,1,1,5,Stable,Urban,0,0,None,0
5510,59,68044,638,0.59,3,18,8,5,0,4,Unstable,Rural,2,1,Marriage,0
5511,38,71380,584,0.15,2,3,3,7,0,1,Stable,Suburban,1,0,Child Birth,1
5512,36,64240,714,0.51,3,10,1,3,0,2,Unstable,Suburban,1,1,None,0
5513,52,20000,645,0.35,4,4,2,7,1,2,Unstable,Suburban,4,1,None,0
5514,68,42437,763,0.36,2,4,8,6,0,3,Stable,Suburban,4,1,Marriage,1
5515,53,67407,602,0.36,1,1,1,7,0,5,Unstable,Rural,0,0,Marriage,1
5516,67,57272,725,0.26,1,17,1,9,0,1,Unstable,Rural,3,2,Home Purchase,0
5517,41,72791,696,0.26,5,6,1,2,0,1,Unstable,Urban,4,0,Child Birth,0
5518,64,85537,739,0.42,1,4,8,2,0,5,Stable,Rural,1,2,Marriage,0
5519,45,72667,753,0.12,5,9,6,1,1,2,Unstable,Suburban,2,0,Marriage,1
5520,47,41774,764,0.39,2,10,7,2,1,3,Stable,Rural,2,0,Home Purchase,0
5521,44,46537,783,0.46,3,5,4,3,0,3,Stable,Urban,2,2,None,0
5522,35,100786,754,0.28,3,8,8,7,0,3,Stable,Suburban,4,1,Marriage,0
5523,58,55522,729,0.21,2,18,2,3,0,4,Stable,Rural,0,1,Child Birth,0
5524,34,57614,633,0.21,2,8,9,8,0,4,Stable,Urban,1,2,Marriage,0
5525,34,72746,785,0.14,4,18,4,3,0,5,Stable,Rural,4,1,None,0
5526,67,90930,630,0.14,1,7,1,2,1,3,Unstable,Suburban,4,1,Marriage,0
5527,30,37468,670,0.18,1,8,2,4,0,1,Stable,Urban,3,1,Child Birth,0
5528,60,47597,613,0.11,1,7,8,4,0,4,Stable,Rural,2,1,None,1
5529,48,20000,611,0.23,5,19,9,5,1,4,Stable,Suburban,1,1,None,1
5530,36,52590,668,0.25,1,11,5,5,1,5,Stable,Urban,2,1,Home Purchase,0
5531,67,74189,676,0.6,4,11,4,3,1,4,Stable,Suburban,0,2,Marriage,0
5532,47,50893,618,0.6,3,3,7,1,1,5,Stable,Suburban,0,1,Child Birth,0
5533,51,103995,702,0.19,3,13,2,8,0,1,Stable,Suburban,4,0,Marriage,0
5534,69,62905,715,0.21,5,10,7,2,1,5,Stable,Suburban,0,1,Child Birth,0
5535,61,57443,645,0.35,4,6,9,5,1,3,Unstable,Urban,1,0,Marriage,0
5536,30,51196,850,0.17,2,3,2,2,0,4,Unstable,Suburban,4,0,Marriage,0
5537,25,26003,733,0.35,3,10,8,6,1,2,Stable,Rural,1,0,Marriage,0
5538,30,57741,711,0.3,4,2,6,7,0,5,Unstable,Suburban,2,0,Child Birth,0
5539,46,68959,632,0.26,2,1,6,7,1,1,Stable,Rural,0,1,Child Birth,0
5540,65,57048,713,0.51,5,12,4,1,0,3,Unstable,Rural,0,0,Child Birth,0
5541,48,65777,724,0.51,1,4,9,9,0,5,Unstable,Rural,4,0,Home Purchase,1
5542,49,43233,699,0.59,4,11,8,1,0,3,Stable,Suburban,2,2,Marriage,0
5543,39,28881,841,0.21,3,1,7,8,1,1,Unstable,Suburban,0,2,None,1
5544,50,57344,529,0.54,5,16,5,1,0,3,Stable,Rural,0,0,Home Purchase,0
5545,32,65515,661,0.37,4,6,5,3,1,1,Stable,Suburban,1,1,Child Birth,0
5546,48,55782,771,0.4,5,15,2,4,0,4,Unstable,Rural,0,1,Marriage,0
5547,62,65087,610,0.55,2,10,5,9,1,3,Unstable,Suburban,4,1,Child Birth,0
5548,30,79416,545,0.57,4,8,3,8,0,2,Stable,Suburban,1,2,Home Purchase,0
5549,59,79320,648,0.46,1,17,7,5,1,2,Unstable,Urban,1,1,Child Birth,0
5550,66,81434,804,0.27,2,13,9,4,0,2,Stable,Rural,4,1,Marriage,1
5551,25,85133,612,0.34,1,9,6,9,1,5,Stable,Urban,4,2,Child Birth,0
5552,60,72427,664,0.41,5,6,7,1,0,4,Stable,Suburban,2,2,Child Birth,0
5553,36,68908,742,0.51,1,17,7,6,1,4,Stable,Urban,4,2,Home Purchase,0
5554,62,108574,642,0.43,2,2,7,8,0,1,Stable,Urban,2,2,Marriage,1
5555,35,79590,656,0.28,2,18,4,7,1,1,Unstable,Suburban,3,1,Home Purchase,0
5556,36,38870,634,0.31,2,16,6,8,1,5,Unstable,Urban,3,1,Marriage,0
5557,66,20000,643,0.13,5,6,7,3,0,3,Stable,Rural,0,0,Marriage,0
5558,63,53971,583,0.56,3,3,4,5,0,5,Unstable,Rural,3,1,Marriage,0
5559,31,75618,674,0.14,5,3,9,1,0,2,Unstable,Suburban,1,0,None,0
5560,35,83973,806,0.39,2,14,9,8,0,4,Unstable,Suburban,1,2,None,1
5561,60,28738,850,0.54,5,10,4,2,0,1,Stable,Suburban,0,0,Child Birth,0
5562,55,78235,824,0.31,4,10,8,3,1,1,Stable,Urban,3,0,None,0
5563,57,88367,713,0.5,4,2,8,2,0,4,Stable,Rural,3,0,None,1
5564,37,75218,850,0.5,3,7,2,1,1,2,Unstable,Urban,1,2,Home Purchase,0
5565,42,70393,850,0.13,5,14,6,2,0,2,Unstable,Suburban,2,1,Home Purchase,0
5566,65,56679,718,0.31,5,17,9,2,0,2,Unstable,Rural,0,0,None,0
5567,48,48499,600,0.45,4,17,8,6,0,4,Stable,Suburban,0,1,Marriage,0
5568,33,79638,831,0.31,2,10,1,4,1,5,Unstable,Urban,4,2,Child Birth,0
5569,55,74583,579,0.37,1,3,5,4,0,2,Unstable,Suburban,4,1,Child Birth,0
5570,65,51821,611,0.4,2,17,5,1,0,5,Stable,Urban,3,0,Child Birth,1
5571,34,123552,491,0.18,3,13,9,2,1,3,Unstable,Rural,0,1,Home Purchase,0
5572,26,22255,772,0.31,1,16,2,3,0,1,Unstable,Urban,4,2,Home Purchase,0
5573,62,54196,468,0.11,2,3,5,9,0,5,Stable,Rural,4,2,Child Birth,0
5574,39,40715,799,0.17,5,15,1,5,0,3,Stable,Rural,0,1,Child Birth,0
5575,27,69604,850,0.36,5,7,8,4,0,4,Stable,Rural,0,0,Marriage,1
5576,67,20000,850,0.39,4,13,8,3,1,3,Stable,Urban,2,0,Child Birth,1
5577,55,91731,573,0.17,5,7,2,1,0,3,Stable,Urban,2,1,Child Birth,0
5578,30,85136,513,0.48,5,11,1,1,0,1,Unstable,Urban,1,0,Child Birth,0
5579,27,66683,635,0.29,3,14,3,8,0,3,Unstable,Rural,1,2,Child Birth,0
5580,35,52241,787,0.56,1,11,9,9,1,3,Stable,Urban,2,2,Child Birth,0
5581,39,77907,820,0.29,2,19,7,3,0,1,Stable,Suburban,3,2,Child Birth,0
5582,69,68217,766,0.17,2,7,7,9,0,4,Unstable,Rural,2,0,Child Birth,1
5583,52,83800,752,0.48,3,2,4,8,0,2,Unstable,Suburban,2,0,Marriage,1
5584,34,56938,850,0.38,1,3,5,1,0,5,Stable,Urban,2,0,Home Purchase,1
5585,62,55463,652,0.29,5,2,7,6,0,5,Unstable,Urban,3,0,Child Birth,1
5586,31,86943,622,0.28,3,5,2,9,1,3,Unstable,Urban,3,0,Marriage,1
5587,39,75841,581,0.18,5,18,3,4,0,2,Unstable,Suburban,1,2,Home Purchase,0
5588,42,55649,743,0.27,2,16,3,9,0,2,Stable,Urban,4,2,Marriage,1
5589,42,69195,682,0.11,3,3,7,2,1,3,Stable,Suburban,3,0,Marriage,1
5590,65,64620,782,0.35,3,15,7,9,0,5,Unstable,Urban,0,0,Marriage,0
5591,48,71680,654,0.55,3,13,6,1,0,5,Unstable,Urban,2,1,Marriage,0
5592,26,91736,762,0.5,2,6,1,4,0,2,Stable,Rural,2,2,Home Purchase,0
5593,64,51253,661,0.11,2,16,8,5,0,2,Stable,Rural,0,2,Marriage,0
5594,44,43886,683,0.54,4,11,4,2,0,3,Unstable,Urban,2,1,Child Birth,0
5595,58,66844,693,0.33,2,14,8,6,1,5,Unstable,Suburban,1,1,Home Purchase,1
5596,67,46586,529,0.2,2,15,7,8,1,5,Stable,Suburban,4,1,Marriage,1
5597,50,37227,686,0.48,5,5,1,2,0,3,Unstable,Urban,0,2,Home Purchase,0
5598,31,84838,756,0.26,2,6,7,9,1,3,Stable,Rural,1,2,None,0
5599,62,52819,601,0.23,1,15,4,2,0,4,Unstable,Urban,1,2,Home Purchase,0
5600,54,20000,850,0.18,5,19,5,1,0,2,Unstable,Rural,1,0,None,0
5601,66,81185,700,0.34,4,11,6,6,0,2,Unstable,Rural,4,2,Child Birth,0
5602,29,49046,637,0.15,1,6,5,5,0,2,Stable,Rural,1,2,None,0
5603,35,74445,634,0.49,4,11,2,3,0,1,Unstable,Suburban,3,0,None,0
5604,25,87086,837,0.34,3,8,8,3,1,1,Stable,Rural,4,0,Home Purchase,1
5605,58,64741,617,0.32,3,12,8,8,0,3,Stable,Suburban,3,1,Child Birth,0
5606,25,20000,729,0.1,3,17,5,4,0,4,Unstable,Urban,1,0,Marriage,1
5607,43,20000,788,0.51,2,1,5,1,1,1,Stable,Urban,4,2,Child Birth,0
5608,26,43189,755,0.35,2,10,7,4,0,2,Stable,Rural,3,2,None,0
5609,45,58578,643,0.32,5,14,2,6,0,4,Unstable,Suburban,3,1,Child Birth,1
5610,44,90003,783,0.48,1,7,5,2,1,5,Unstable,Suburban,2,0,Home Purchase,1
5611,47,67283,715,0.13,1,18,1,7,0,3,Stable,Suburban,2,2,Child Birth,0
5612,45,125431,528,0.28,3,9,4,1,0,1,Stable,Suburban,2,2,Child Birth,0
5613,48,22714,822,0.39,3,16,8,9,0,4,Unstable,Rural,4,2,None,0
5614,28,63032,638,0.33,2,10,1,2,0,1,Stable,Rural,3,2,Marriage,0
5615,36,48863,682,0.19,4,12,1,9,0,1,Unstable,Rural,0,0,None,1
5616,46,65865,730,0.25,1,9,4,1,0,3,Unstable,Suburban,4,1,Child Birth,0
5617,44,103791,646,0.25,1,14,5,4,0,1,Unstable,Rural,1,0,Home Purchase,0
5618,42,105372,775,0.6,4,2,9,5,1,3,Stable,Suburban,0,1,Marriage,1
5619,25,61361,589,0.26,1,10,5,8,1,3,Unstable,Rural,1,1,None,1
5620,54,81537,642,0.2,1,10,1,5,0,5,Stable,Urban,4,0,None,0
5621,57,65388,822,0.51,2,2,3,1,0,2,Unstable,Urban,2,2,Marriage,0
5622,48,33117,702,0.31,1,6,4,1,0,5,Unstable,Urban,4,2,Home Purchase,0
5623,38,60358,594,0.32,3,11,7,2,0,1,Unstable,Rural,1,1,None,0
5624,60,47372,707,0.37,3,9,2,9,1,5,Unstable,Urban,2,1,Home Purchase,0
5625,29,58430,740,0.4,5,3,4,1,0,4,Stable,Rural,4,0,Child Birth,1
5626,35,38697,541,0.4,2,19,8,3,0,5,Unstable,Urban,2,1,Home Purchase,0
5627,48,63878,850,0.12,2,11,5,8,0,5,Unstable,Urban,4,2,Home Purchase,0
5628,55,67641,850,0.51,3,4,6,1,1,5,Stable,Urban,3,1,None,0
5629,37,77606,712,0.2,2,15,3,4,0,3,Unstable,Urban,1,0,Child Birth,0
5630,40,67746,679,0.25,2,12,4,8,0,2,Unstable,Suburban,3,2,Child Birth,0
5631,48,100865,702,0.19,5,4,9,6,0,5,Stable,Rural,1,1,None,1
5632,37,114805,789,0.48,4,15,2,6,0,5,Unstable,Suburban,3,1,Home Purchase,0
5633,48,49886,745,0.39,1,17,3,1,0,2,Unstable,Urban,4,2,Marriage,0
5634,50,84251,723,0.48,5,18,2,7,1,5,Stable,Suburban,4,0,Child Birth,1
5635,26,112865,838,0.43,4,5,2,1,0,2,Stable,Rural,1,0,Marriage,0
5636,40,84903,813,0.15,1,10,9,3,0,5,Stable,Rural,1,1,None,1
5637,62,77933,604,0.25,3,9,8,1,0,5,Stable,Urban,4,2,Marriage,0
5638,25,20000,788,0.35,4,18,7,8,0,4,Stable,Urban,3,1,Child Birth,1
5639,35,46048,815,0.25,1,12,9,4,1,4,Unstable,Urban,4,0,Marriage,1
5640,59,49697,727,0.2,5,8,8,5,0,4,Stable,Rural,2,1,None,0
5641,67,94679,759,0.53,1,11,9,1,1,3,Stable,Urban,1,2,Home Purchase,0
5642,53,41734,669,0.47,2,4,2,1,0,1,Stable,Suburban,2,2,None,0
5643,61,57865,579,0.27,1,9,7,1,0,4,Stable,Suburban,1,2,Child Birth,0
5644,41,81006,850,0.48,3,4,9,3,0,1,Unstable,Rural,0,0,Home Purchase,1
5645,63,40607,566,0.41,5,18,9,6,0,2,Stable,Rural,4,2,Child Birth,0
5646,66,66977,850,0.1,4,14,8,5,1,1,Unstable,Suburban,1,0,Home Purchase,1
5647,52,63719,693,0.29,1,14,1,7,0,2,Unstable,Rural,2,1,Home Purchase,0
5648,53,81927,824,0.25,5,1,3,1,0,1,Unstable,Urban,1,1,Home Purchase,1
5649,67,76471,702,0.21,3,9,8,8,1,2,Unstable,Urban,4,0,Child Birth,1
5650,27,75682,793,0.23,4,6,3,5,0,4,Stable,Rural,3,0,Home Purchase,1
5651,34,65019,744,0.57,1,18,4,6,0,4,Unstable,Urban,3,0,Marriage,0
5652,66,20000,633,0.34,3,11,2,2,0,4,Stable,Rural,4,1,Home Purchase,0
5653,38,63491,713,0.52,2,7,3,9,0,2,Stable,Urban,1,1,Home Purchase,1
5654,36,61382,685,0.21,5,8,5,3,0,3,Stable,Suburban,2,1,Home Purchase,0
5655,66,79163,764,0.19,5,3,6,5,0,1,Unstable,Suburban,1,1,None,0
5656,54,49426,714,0.54,1,11,6,8,1,2,Stable,Urban,3,0,None,1
5657,56,61044,728,0.35,3,11,7,1,0,4,Unstable,Rural,2,0,None,0
5658,56,61834,597,0.55,4,2,8,4,1,1,Stable,Urban,2,2,Marriage,1
5659,66,42186,572,0.13,4,15,6,5,1,4,Stable,Rural,2,1,Child Birth,0
5660,56,31168,707,0.56,4,15,6,6,0,3,Unstable,Urban,4,1,Home Purchase,0
5661,50,69563,718,0.31,4,5,2,3,1,5,Stable,Suburban,0,0,Marriage,0
5662,25,85194,594,0.18,1,8,3,4,1,4,Stable,Suburban,3,1,Home Purchase,1
5663,66,44377,757,0.44,1,16,6,3,1,5,Stable,Suburban,2,2,None,0
5664,26,54555,761,0.5,5,12,6,4,0,3,Unstable,Urban,2,0,Child Birth,1
5665,41,80738,715,0.12,3,14,6,7,1,5,Unstable,Urban,4,2,Child Birth,1
5666,54,83167,701,0.59,2,13,4,9,1,4,Unstable,Rural,4,2,Child Birth,1
5667,63,65785,573,0.45,1,9,2,9,0,3,Unstable,Urban,1,1,Marriage,0
5668,31,70355,571,0.26,4,7,8,5,0,1,Stable,Suburban,0,1,Home Purchase,1
5669,51,73301,739,0.18,2,17,2,6,1,5,Stable,Urban,2,1,Marriage,0
5670,33,77775,617,0.3,5,2,3,9,0,5,Stable,Urban,0,1,Marriage,1
5671,46,33214,624,0.21,4,8,1,4,1,2,Unstable,Rural,4,0,Home Purchase,0
5672,58,107930,727,0.35,3,13,9,7,1,4,Stable,Suburban,1,0,Marriage,1
5673,25,66850,850,0.49,2,8,3,3,0,4,Stable,Suburban,0,2,Home Purchase,0
5674,33,78245,660,0.43,5,18,2,9,1,5,Unstable,Suburban,2,1,Marriage,0
5675,44,40954,850,0.32,1,13,6,9,0,5,Stable,Suburban,1,0,None,0
5676,43,55352,692,0.16,3,8,8,5,0,5,Unstable,Urban,2,0,None,1
5677,60,69424,756,0.58,4,16,4,4,1,4,Stable,Suburban,2,0,None,0
5678,64,20000,795,0.24,2,3,1,9,0,2,Unstable,Suburban,0,0,Child Birth,0
5679,69,37471,803,0.24,5,15,7,5,0,5,Stable,Urban,3,2,None,0
5680,28,41867,733,0.42,2,10,3,1,1,4,Stable,Suburban,3,0,Marriage,1
5681,33,28034,677,0.49,3,18,5,2,0,4,Unstable,Suburban,2,1,Child Birth,0
5682,65,62652,782,0.59,1,19,2,7,0,2,Unstable,Suburban,0,2,None,0
5683,46,58147,742,0.58,1,2,8,3,1,2,Unstable,Urban,2,0,Child Birth,0
5684,42,95592,656,0.56,3,10,3,1,0,2,Unstable,Rural,1,0,None,0
5685,36,31983,840,0.32,4,16,9,9,0,1,Stable,Urban,4,1,None,1
5686,66,65868,745,0.18,2,8,1,4,0,1,Stable,Suburban,4,2,Child Birth,0
5687,67,37997,625,0.39,4,7,6,3,1,5,Unstable,Urban,3,0,None,1
5688,63,20000,613,0.11,5,4,3,5,0,4,Unstable,Rural,4,2,Child Birth,0
5689,33,74695,850,0.2,4,9,4,1,0,2,Unstable,Rural,3,2,Home Purchase,0
5690,30,76764,650,0.1,3,2,4,1,0,1,Stable,Urban,3,1,Child Birth,0
5691,43,73802,775,0.19,1,16,8,1,1,5,Stable,Suburban,1,2,Marriage,1
5692,31,27087,737,0.34,3,7,9,7,0,4,Unstable,Rural,1,0,Home Purchase,1
5693,40,62089,771,0.3,3,15,5,7,0,2,Stable,Urban,3,1,Child Birth,1
5694,29,74934,850,0.28,2,5,3,9,0,1,Unstable,Suburban,4,1,Home Purchase,0
5695,40,83804,799,0.52,3,1,9,5,1,1,Unstable,Suburban,4,0,Child Birth,1
5696,25,75707,783,0.44,5,5,1,2,0,4,Stable,Urban,3,2,Marriage,1
5697,61,84128,680,0.57,2,13,1,9,1,1,Stable,Suburban,2,1,None,0
5698,63,86684,633,0.32,2,13,3,4,0,4,Stable,Urban,2,2,Child Birth,0
5699,43,62621,850,0.24,4,18,2,5,0,2,Unstable,Rural,1,0,Marriage,0
5700,61,72463,695,0.16,3,2,8,1,0,4,Unstable,Suburban,1,1,Child Birth,0
5701,41,84991,689,0.44,4,18,5,2,0,2,Stable,Rural,4,0,Marriage,0
5702,50,69753,728,0.52,4,10,1,8,0,3,Stable,Suburban,4,0,Home Purchase,1
5703,46,89974,719,0.19,2,3,3,2,0,1,Stable,Rural,4,1,Home Purchase,0
5704,32,81862,850,0.54,4,10,3,8,0,3,Stable,Rural,3,1,None,1
5705,57,44188,753,0.36,4,9,2,1,1,4,Unstable,Urban,1,0,Marriage,1
5706,26,27350,569,0.17,2,3,9,9,1,2,Stable,Rural,1,1,None,0
5707,54,60482,634,0.42,2,6,1,9,0,1,Stable,Suburban,2,0,Home Purchase,0
5708,44,30471,701,0.36,1,11,5,9,0,5,Stable,Rural,0,1,Marriage,0
5709,42,62078,802,0.11,3,6,9,6,0,1,Stable,Suburban,1,1,Child Birth,1
5710,67,59814,547,0.3,1,5,3,2,1,5,Stable,Urban,1,0,Marriage,1
5711,34,92522,749,0.49,2,14,3,1,0,1,Stable,Suburban,0,2,None,1
5712,48,72626,773,0.38,5,2,7,6,0,2,Stable,Urban,0,1,Child Birth,0
5713,28,84448,788,0.24,4,1,1,4,0,4,Unstable,Suburban,0,2,Home Purchase,0
5714,61,47760,691,0.56,4,5,9,8,1,2,Unstable,Suburban,1,1,Child Birth,0
5715,28,98241,804,0.22,2,8,7,8,0,1,Stable,Suburban,4,2,None,1
5716,37,82341,618,0.23,4,10,8,2,0,5,Unstable,Rural,1,2,Marriage,1
5717,49,70685,794,0.28,1,19,2,2,0,2,Unstable,Urban,3,0,Child Birth,0
5718,37,20000,693,0.55,4,3,3,4,1,2,Unstable,Suburban,2,1,Home Purchase,0
5719,42,89468,704,0.35,5,18,9,9,0,5,Unstable,Rural,3,2,Marriage,0
5720,48,104333,703,0.44,3,7,4,6,0,3,Stable,Rural,0,2,Child Birth,0
5721,26,60282,765,0.59,1,13,5,7,0,1,Unstable,Urban,1,2,None,0
5722,57,60793,589,0.49,3,14,9,3,0,2,Unstable,Urban,1,0,Child Birth,0
5723,43,47083,788,0.19,3,18,8,7,0,2,Stable,Suburban,2,2,None,0
5724,33,20000,787,0.49,5,12,5,3,0,1,Stable,Rural,2,1,Home Purchase,0
5725,52,45947,669,0.47,5,8,2,2,0,5,Stable,Urban,2,0,Marriage,1
5726,59,101485,700,0.22,5,18,3,2,0,1,Unstable,Rural,2,0,Child Birth,0
5727,63,86975,614,0.26,5,6,3,9,0,4,Unstable,Rural,3,0,Home Purchase,0
5728,34,40682,583,0.46,1,12,7,7,1,4,Unstable,Suburban,3,1,Home Purchase,0
5729,25,45540,719,0.22,5,3,6,5,0,2,Stable,Rural,2,0,Child Birth,1
5730,66,113377,720,0.2,1,3,7,3,0,4,Stable,Rural,2,1,None,0
5731,45,34496,666,0.45,4,16,8,8,0,1,Unstable,Rural,3,2,Marriage,0
5732,33,42114,575,0.54,3,17,5,2,0,2,Unstable,Urban,1,0,Child Birth,0
5733,39,49260,745,0.14,4,16,6,3,0,4,Stable,Urban,1,0,Child Birth,0
5734,59,26049,663,0.32,4,13,1,5,0,5,Stable,Suburban,4,1,None,0
5735,29,46562,625,0.4,2,13,4,1,0,4,Stable,Rural,1,2,Child Birth,0
5736,65,46942,827,0.44,4,12,6,6,0,5,Unstable,Suburban,1,1,Marriage,0
5737,46,37443,602,0.6,4,2,4,2,0,4,Unstable,Urban,4,0,Home Purchase,0
5738,65,93199,756,0.44,2,14,1,7,0,5,Unstable,Suburban,4,0,Child Birth,0
5739,47,30829,550,0.41,4,10,3,7,0,1,Stable,Suburban,3,2,None,0
5740,31,56451,556,0.59,2,19,3,1,1,1,Unstable,Rural,2,0,Marriage,0
5741,47,38074,748,0.13,1,5,3,4,0,3,Stable,Rural,3,0,None,0
5742,68,54750,666,0.14,3,16,4,1,0,1,Unstable,Rural,2,0,Child Birth,0
5743,49,36913,583,0.38,5,5,9,7,0,4,Stable,Urban,1,2,Marriage,0
5744,51,61897,794,0.28,4,2,9,5,0,2,Unstable,Rural,2,2,Child Birth,1
5745,65,68036,737,0.15,1,6,8,8,0,5,Unstable,Urban,4,0,Home Purchase,1
5746,30,95054,487,0.25,3,12,3,1,0,1,Stable,Urban,4,0,Child Birth,0
5747,58,45285,795,0.44,1,13,2,4,1,2,Stable,Urban,2,2,Marriage,0
5748,33,100445,593,0.54,2,13,3,9,1,5,Unstable,Rural,2,0,Marriage,1
5749,57,39825,529,0.15,1,14,5,1,1,5,Stable,Rural,2,0,None,1
5750,30,54049,617,0.37,4,19,7,3,1,5,Unstable,Suburban,1,0,Home Purchase,0
5751,61,104118,695,0.25,4,15,2,2,1,1,Unstable,Urban,1,1,None,1
5752,55,132573,707,0.43,5,3,6,9,1,5,Unstable,Urban,1,1,None,1
5753,58,102148,536,0.37,5,9,2,5,0,3,Unstable,Rural,1,1,Marriage,1
5754,65,54410,558,0.56,4,10,1,6,0,1,Stable,Urban,0,2,Marriage,0
5755,53,72871,623,0.12,1,7,3,8,1,2,Unstable,Urban,0,1,None,0
5756,38,77065,630,0.34,4,14,4,9,0,3,Unstable,Rural,3,1,Marriage,0
5757,60,68635,776,0.2,1,17,2,8,0,3,Unstable,Suburban,2,2,None,1
5758,60,34803,658,0.37,4,14,3,8,1,1,Unstable,Rural,1,0,Child Birth,0
5759,39,65864,774,0.53,3,10,6,1,0,5,Unstable,Rural,1,1,Home Purchase,1
5760,32,47353,809,0.56,1,5,9,1,0,3,Unstable,Rural,4,2,Child Birth,1
5761,50,35789,755,0.3,2,18,2,8,0,4,Unstable,Urban,0,1,Child Birth,0
5762,60,52215,392,0.51,2,17,7,1,1,2,Stable,Suburban,1,1,Home Purchase,0
5763,45,67883,669,0.24,5,18,1,5,1,4,Stable,Rural,2,1,Marriage,0
5764,52,85034,683,0.1,3,4,4,4,0,1,Unstable,Suburban,4,0,None,1
5765,28,53651,694,0.53,2,1,2,5,0,3,Stable,Rural,3,1,Child Birth,0
5766,40,58034,491,0.16,4,13,4,8,0,5,Unstable,Suburban,3,1,Home Purchase,0
5767,46,80098,623,0.11,2,10,2,8,0,5,Stable,Urban,0,0,Child Birth,0
5768,36,61771,563,0.28,4,15,3,4,0,3,Stable,Urban,2,1,Home Purchase,0
5769,40,69538,607,0.29,3,5,8,8,0,3,Stable,Suburban,2,1,Child Birth,1
5770,64,61949,674,0.14,5,18,4,5,0,5,Stable,Suburban,3,2,Marriage,0
5771,62,65068,625,0.51,2,4,6,4,1,2,Stable,Suburban,1,1,Marriage,0
5772,66,33024,614,0.3,5,1,9,7,1,1,Stable,Rural,1,2,Child Birth,0
5773,61,63058,680,0.34,3,10,8,3,1,2,Stable,Suburban,4,1,Home Purchase,1
5774,53,95696,650,0.23,1,17,2,5,0,5,Stable,Rural,4,2,Home Purchase,1
5775,42,64224,719,0.36,3,3,2,5,1,1,Stable,Suburban,2,2,Child Birth,0
5776,34,39156,658,0.48,3,4,3,5,1,1,Unstable,Rural,0,0,Home Purchase,1
5777,66,96913,543,0.55,3,12,2,2,1,5,Stable,Urban,1,0,Home Purchase,1
5778,63,78034,596,0.59,1,11,3,7,0,5,Stable,Urban,1,1,None,1
5779,42,79190,667,0.31,1,3,2,7,0,3,Unstable,Suburban,0,0,Home Purchase,0
5780,25,78513,655,0.6,3,11,6,8,0,3,Stable,Suburban,1,2,Marriage,0
5781,63,31840,558,0.25,1,3,9,7,1,3,Unstable,Urban,1,1,None,0
5782,45,76195,767,0.1,4,4,8,1,0,5,Stable,Suburban,0,2,Home Purchase,1
5783,25,94615,731,0.48,3,3,6,9,0,2,Unstable,Rural,0,0,Home Purchase,1
5784,39,47994,639,0.19,2,12,4,4,0,1,Stable,Suburban,4,0,Child Birth,0
5785,28,20000,683,0.13,4,12,5,1,1,2,Unstable,Urban,4,2,Marriage,0
5786,44,69139,592,0.56,3,17,4,2,1,4,Stable,Rural,0,0,None,1
5787,34,60818,785,0.5,2,8,5,8,0,2,Stable,Rural,0,0,Home Purchase,0
5788,47,21309,850,0.15,2,10,2,8,0,4,Stable,Rural,2,2,None,0
5789,65,75134,635,0.49,5,16,8,9,0,4,Unstable,Suburban,3,0,Marriage,1
5790,58,73257,822,0.52,5,19,1,9,1,1,Unstable,Suburban,3,1,Child Birth,1
5791,57,23346,613,0.55,2,15,9,8,0,1,Unstable,Rural,0,0,Marriage,1
5792,58,107232,646,0.37,3,11,1,4,0,4,Stable,Rural,4,1,Marriage,0
5793,63,78778,843,0.45,3,7,5,7,0,5,Stable,Suburban,1,0,Home Purchase,0
5794,34,20000,688,0.48,3,7,9,9,1,4,Unstable,Urban,2,0,Marriage,0
5795,44,80471,768,0.44,3,18,1,6,0,3,Unstable,Rural,4,2,Home Purchase,1
5796,25,79745,673,0.42,2,19,1,6,1,1,Unstable,Rural,2,0,Marriage,0
5797,37,95375,519,0.37,1,16,3,1,0,2,Unstable,Urban,4,1,Marriage,1
5798,25,44403,850,0.34,1,3,8,9,0,1,Stable,Urban,1,0,None,0
5799,29,80832,678,0.6,3,6,3,2,0,5,Stable,Urban,0,1,None,0
5800,40,54083,715,0.27,5,1,2,3,0,3,Unstable,Rural,3,1,Home Purchase,0
5801,39,46087,626,0.14,2,1,6,5,0,5,Unstable,Urban,0,0,Child Birth,0
5802,52,38374,778,0.48,1,15,5,5,1,2,Stable,Urban,4,0,Marriage,1
5803,55,20000,770,0.21,2,11,9,5,0,1,Unstable,Rural,4,2,Home Purchase,1
5804,47,73510,544,0.37,5,10,3,4,1,2,Unstable,Urban,2,1,Home Purchase,0
5805,69,53173,717,0.15,2,3,4,5,0,3,Stable,Urban,1,1,Child Birth,0
5806,67,20000,787,0.41,5,4,8,3,1,2,Stable,Rural,3,1,Marriage,1
5807,41,61883,820,0.57,5,12,2,1,1,4,Stable,Urban,2,2,None,0
5808,58,88946,764,0.46,4,6,5,7,0,3,Stable,Urban,1,1,None,1
5809,37,27325,773,0.21,5,19,9,2,1,5,Unstable,Suburban,1,1,Child Birth,0
5810,38,42185,645,0.59,4,16,9,8,0,5,Stable,Urban,0,1,Home Purchase,0
5811,35,71023,577,0.25,5,10,9,1,0,2,Stable,Urban,0,1,None,0
5812,52,20000,668,0.32,5,6,1,6,0,3,Stable,Urban,1,2,Home Purchase,0
5813,66,46657,574,0.35,2,5,1,1,1,2,Stable,Rural,3,1,Child Birth,0
5814,56,68665,626,0.6,4,10,1,8,0,4,Stable,Suburban,3,1,Home Purchase,1
5815,59,45972,624,0.13,1,12,8,2,0,3,Unstable,Suburban,4,0,None,1
5816,55,27549,605,0.45,1,18,4,8,0,1,Unstable,Rural,4,0,None,0
5817,41,28747,753,0.28,2,3,9,4,0,5,Unstable,Rural,2,2,Home Purchase,0
5818,33,20000,598,0.14,1,5,6,3,0,2,Stable,Rural,1,1,Child Birth,0
5819,34,44174,850,0.57,1,3,3,2,0,4,Stable,Rural,3,1,Child Birth,0
5820,32,86416,798,0.39,5,3,8,4,0,5,Unstable,Urban,4,2,Home Purchase,1
5821,45,119047,818,0.48,3,9,1,2,0,3,Unstable,Rural,4,1,None,0
5822,37,60904,631,0.22,3,4,2,3,0,5,Unstable,Rural,4,0,Home Purchase,0
5823,29,79206,720,0.48,1,17,8,2,0,5,Stable,Suburban,4,1,Marriage,1
5824,30,36479,595,0.51,2,7,1,2,0,1,Stable,Suburban,3,2,Home Purchase,0
5825,54,20000,721,0.32,2,13,5,9,1,1,Stable,Rural,1,0,Home Purchase,0
5826,55,106290,523,0.39,4,12,3,1,0,4,Stable,Suburban,2,2,Marriage,1
5827,41,45122,806,0.59,2,18,2,3,0,4,Unstable,Rural,2,2,None,0
5828,35,77967,635,0.52,2,15,4,1,1,2,Unstable,Rural,4,2,Child Birth,0
5829,44,63961,730,0.32,5,5,2,3,0,1,Unstable,Rural,2,2,None,0
5830,33,84864,748,0.43,5,1,5,1,0,3,Unstable,Suburban,4,0,Home Purchase,1
5831,26,83852,644,0.49,1,9,8,9,0,2,Unstable,Rural,3,1,Marriage,0
5832,61,66943,620,0.11,2,9,4,5,1,3,Stable,Suburban,1,1,None,0
5833,25,69694,687,0.39,3,13,7,4,0,1,Unstable,Suburban,0,2,Home Purchase,0
5834,28,90314,780,0.59,2,11,5,8,0,3,Unstable,Urban,3,0,Home Purchase,0
5835,60,49757,685,0.57,2,9,9,1,0,3,Stable,Urban,2,0,Marriage,0
5836,49,98890,760,0.52,1,5,2,9,0,1,Stable,Urban,0,1,Child Birth,0
5837,27,42303,779,0.15,3,14,2,2,0,1,Stable,Suburban,2,2,Child Birth,0
5838,33,61914,680,0.6,1,16,1,8,0,5,Unstable,Rural,3,2,Home Purchase,1
5839,46,75729,688,0.4,2,2,4,7,0,3,Unstable,Suburban,2,2,Home Purchase,0
5840,47,20000,713,0.21,3,15,8,2,0,2,Stable,Urban,2,0,Child Birth,0
5841,36,94546,814,0.44,2,17,5,6,1,4,Unstable,Suburban,1,1,Marriage,0
5842,34,71897,665,0.53,1,5,5,5,0,5,Unstable,Urban,2,2,Child Birth,0
5843,58,142524,813,0.16,1,10,4,7,0,4,Unstable,Urban,3,1,Child Birth,1
5844,67,112017,725,0.56,5,15,7,2,0,2,Stable,Suburban,2,0,Marriage,0
5845,34,59727,626,0.56,3,4,8,9,0,2,Stable,Urban,1,2,Home Purchase,0
5846,54,104639,695,0.11,5,4,9,3,0,1,Stable,Urban,1,1,Marriage,0
5847,46,81183,587,0.55,3,7,6,1,0,3,Unstable,Suburban,2,2,None,0
5848,30,65777,565,0.57,4,1,9,8,0,1,Stable,Suburban,3,2,None,0
5849,26,20000,760,0.12,3,2,1,7,1,3,Unstable,Suburban,1,0,Home Purchase,0
5850,54,24411,779,0.25,2,19,3,7,1,5,Unstable,Urban,1,2,Marriage,0
5851,26,60109,696,0.29,3,4,1,4,0,1,Unstable,Rural,1,0,Home Purchase,0
5852,56,47615,704,0.27,5,1,5,3,0,1,Stable,Suburban,2,0,Home Purchase,1
5853,66,65629,642,0.48,1,1,8,9,0,2,Unstable,Urban,1,2,Child Birth,1
5854,40,94309,716,0.28,1,3,6,3,0,3,Unstable,Urban,2,1,Marriage,1
5855,36,81623,850,0.58,3,18,5,7,0,2,Stable,Urban,2,0,Child Birth,1
5856,25,42592,800,0.6,4,3,1,7,0,1,Unstable,Urban,2,0,Home Purchase,0
5857,32,83123,692,0.26,1,3,1,7,0,3,Unstable,Suburban,2,0,Child Birth,0
5858,37,37148,683,0.35,1,13,5,1,0,3,Stable,Urban,3,2,Child Birth,0
5859,39,31443,662,0.38,1,1,5,2,0,5,Stable,Urban,4,1,None,0
5860,68,69540,558,0.39,4,13,8,2,1,2,Unstable,Urban,3,1,Marriage,0
5861,32,39637,651,0.29,5,5,2,3,0,5,Unstable,Rural,2,1,Home Purchase,0
5862,34,43953,767,0.18,3,17,7,4,0,2,Stable,Urban,0,2,Home Purchase,0
5863,29,84849,606,0.13,4,11,5,1,0,2,Unstable,Urban,2,0,Home Purchase,0
5864,43,76440,671,0.15,3,10,2,5,0,3,Unstable,Rural,0,2,Child Birth,0
5865,62,50704,588,0.55,2,15,5,1,0,3,Unstable,Urban,0,1,Marriage,0
5866,35,20000,778,0.24,3,13,9,7,1,4,Unstable,Rural,2,2,Home Purchase,1
5867,67,41620,572,0.14,1,10,5,7,0,1,Unstable,Suburban,4,1,None,0
5868,44,108551,759,0.41,4,9,5,2,1,5,Unstable,Rural,2,2,Marriage,1
5869,44,84163,802,0.14,4,7,2,4,0,4,Unstable,Rural,2,2,Marriage,1
5870,45,95589,667,0.14,5,10,9,9,0,5,Unstable,Suburban,2,1,Home Purchase,1
5871,42,66400,631,0.41,2,9,2,1,1,5,Stable,Urban,0,0,Child Birth,1
5872,34,51223,747,0.4,5,13,5,6,0,1,Stable,Suburban,4,0,None,0
5873,58,82629,850,0.12,5,16,2,1,1,5,Stable,Suburban,4,0,None,1
5874,50,92045,834,0.33,2,2,2,6,1,5,Unstable,Rural,1,0,Home Purchase,1
5875,54,48006,692,0.32,1,8,6,1,0,3,Unstable,Urban,2,1,Home Purchase,1
5876,33,42169,611,0.37,4,7,3,3,1,3,Unstable,Urban,2,0,None,0
5877,55,21968,676,0.47,3,2,9,4,0,3,Unstable,Rural,2,2,Home Purchase,0
5878,66,41539,531,0.24,2,1,6,5,0,1,Unstable,Urban,3,0,Home Purchase,0
5879,28,76722,644,0.32,5,4,2,7,0,3,Stable,Suburban,2,2,Home Purchase,0
5880,30,45093,745,0.5,3,6,1,2,0,4,Stable,Urban,4,2,Home Purchase,0
5881,38,83293,663,0.56,2,2,2,6,1,4,Unstable,Urban,0,0,Marriage,0
5882,28,109179,639,0.55,2,7,6,4,0,4,Unstable,Urban,2,2,Home Purchase,0
5883,50,60620,694,0.34,1,10,2,6,0,1,Stable,Suburban,2,0,Home Purchase,0
5884,63,59593,673,0.36,1,9,7,7,0,2,Stable,Suburban,2,2,None,0
5885,41,73715,775,0.36,4,2,7,7,0,2,Stable,Suburban,1,1,Child Birth,0
5886,43,45639,567,0.53,4,15,1,5,1,4,Unstable,Rural,1,0,None,0
5887,30,43816,752,0.52,3,15,6,7,1,2,Unstable,Urban,3,0,None,0
5888,53,44562,695,0.26,4,16,5,3,1,5,Unstable,Suburban,0,2,Child Birth,0
5889,35,31360,743,0.18,2,2,8,5,0,1,Unstable,Rural,2,1,Home Purchase,0
5890,40,82494,561,0.29,2,17,8,5,0,4,Unstable,Urban,0,1,Home Purchase,0
5891,54,47585,788,0.24,2,11,9,2,0,4,Unstable,Rural,2,2,None,1
5892,49,87784,754,0.58,2,18,2,4,0,4,Unstable,Suburban,0,2,Home Purchase,1
5893,64,73232,850,0.23,1,1,1,2,0,5,Unstable,Rural,0,0,None,1
5894,35,59430,616,0.19,2,12,6,9,1,3,Stable,Urban,1,0,Marriage,0
5895,31,80240,641,0.55,2,6,2,9,0,4,Unstable,Rural,1,0,None,0
5896,50,36413,521,0.14,2,18,5,1,0,2,Unstable,Urban,2,0,Child Birth,0
5897,46,40489,617,0.23,5,17,1,2,1,3,Unstable,Urban,0,1,Home Purchase,1
5898,49,77839,843,0.32,3,17,1,8,1,5,Stable,Urban,0,1,Child Birth,0
5899,43,20000,729,0.4,3,2,5,3,1,4,Stable,Rural,4,2,Child Birth,1
5900,55,60365,627,0.26,2,18,6,3,0,3,Unstable,Suburban,0,0,Marriage,1
5901,50,74762,713,0.35,2,15,7,6,0,4,Stable,Urban,4,2,Marriage,1
5902,66,92772,693,0.2,3,1,4,5,1,4,Stable,Urban,0,0,None,0
5903,65,97886,509,0.39,4,14,4,4,0,5,Stable,Suburban,3,0,Marriage,0
5904,60,56742,527,0.3,5,13,5,7,1,2,Unstable,Rural,2,2,Child Birth,0
5905,47,79256,810,0.52,5,12,6,1,0,5,Unstable,Suburban,1,0,Home Purchase,0
5906,37,39891,773,0.31,4,8,8,1,1,5,Stable,Rural,3,1,Home Purchase,1
5907,49,48912,551,0.32,2,7,9,1,0,2,Stable,Rural,4,1,None,1
5908,26,94191,687,0.4,3,8,7,8,0,3,Stable,Suburban,0,2,None,0
5909,26,59002,628,0.16,5,18,3,9,0,5,Stable,Rural,2,1,Child Birth,0
5910,40,63991,808,0.18,4,15,6,3,1,4,Unstable,Urban,0,1,Child Birth,1
5911,33,34171,744,0.5,4,7,9,1,0,5,Stable,Suburban,2,0,Child Birth,0
5912,52,70564,589,0.24,1,1,6,9,0,2,Unstable,Suburban,1,0,Home Purchase,1
5913,37,78851,712,0.44,4,6,8,3,0,3,Unstable,Suburban,1,1,Home Purchase,1
5914,59,78075,695,0.15,1,16,8,9,0,2,Unstable,Suburban,2,0,Child Birth,0
5915,65,29715,696,0.51,1,14,4,4,0,4,Unstable,Urban,0,0,Home Purchase,0
5916,37,84998,648,0.59,5,8,7,1,1,3,Stable,Rural,4,1,Child Birth,1
5917,55,35047,702,0.29,2,10,7,5,0,5,Unstable,Urban,3,0,Home Purchase,1
5918,45,59339,614,0.35,2,17,7,7,0,3,Unstable,Suburban,4,1,Home Purchase,0
5919,56,20000,581,0.32,4,15,8,6,0,5,Stable,Urban,1,1,Home Purchase,0
5920,58,55513,575,0.55,3,14,2,4,0,5,Stable,Rural,1,2,Child Birth,0
5921,32,34910,595,0.1,3,11,2,8,1,1,Stable,Suburban,0,2,Child Birth,0
5922,65,48778,742,0.43,1,6,6,1,1,5,Stable,Urban,3,2,None,0
5923,26,61497,744,0.43,4,4,6,4,0,5,Unstable,Urban,2,2,Marriage,1
5924,62,80680,846,0.29,4,5,5,7,1,5,Unstable,Rural,1,0,Home Purchase,1
5925,56,79822,677,0.21,2,11,2,6,1,1,Unstable,Rural,0,1,Child Birth,0
5926,64,20000,770,0.22,3,12,8,1,0,3,Stable,Suburban,4,1,Marriage,0
5927,52,76957,704,0.5,5,11,3,5,0,1,Stable,Urban,2,1,None,0
5928,61,65156,729,0.13,4,18,1,6,1,2,Stable,Suburban,3,2,Child Birth,0
5929,65,45994,780,0.38,4,7,1,9,0,5,Stable,Urban,1,1,Child Birth,1
5930,25,37989,758,0.25,2,1,7,5,0,1,Unstable,Urban,3,1,Child Birth,1
5931,65,58439,710,0.23,5,16,7,5,0,1,Unstable,Suburban,2,1,None,0
5932,34,65764,638,0.35,5,18,6,8,0,3,Stable,Urban,1,0,Child Birth,0
5933,28,69447,727,0.55,5,12,6,6,0,3,Unstable,Rural,2,0,Child Birth,1
5934,59,55067,836,0.41,5,11,5,8,0,3,Unstable,Urban,1,2,Child Birth,0
5935,34,20000,717,0.49,3,8,6,6,0,4,Stable,Urban,2,2,None,0
5936,35,47617,660,0.4,1,1,2,9,0,3,Unstable,Suburban,0,2,None,0
5937,38,30407,782,0.45,5,16,5,8,0,5,Stable,Rural,0,0,None,0
5938,62,111380,561,0.32,1,2,2,8,0,1,Unstable,Suburban,4,0,Home Purchase,1
5939,36,61482,664,0.56,1,6,3,1,0,2,Stable,Suburban,2,2,None,0
5940,69,78528,601,0.35,2,17,5,4,0,2,Unstable,Rural,4,1,Home Purchase,0
5941,41,75878,687,0.38,5,17,1,2,0,2,Unstable,Suburban,0,0,Marriage,0
5942,40,67758,824,0.36,3,2,3,7,0,5,Unstable,Suburban,1,2,Child Birth,0
5943,59,49594,764,0.26,2,19,6,6,1,1,Unstable,Urban,2,2,Home Purchase,1
5944,26,46404,513,0.22,2,9,2,7,0,4,Unstable,Urban,1,1,Home Purchase,1
5945,35,20000,638,0.14,1,3,3,5,1,4,Unstable,Rural,1,1,None,0
5946,65,63554,550,0.46,4,10,9,3,0,3,Stable,Rural,4,0,Marriage,0
5947,27,67509,805,0.24,3,5,8,4,1,4,Stable,Suburban,4,0,Marriage,1
5948,53,58804,641,0.29,5,9,3,1,1,1,Unstable,Rural,0,0,Marriage,0
5949,42,63585,707,0.56,5,14,7,5,1,3,Stable,Urban,1,1,Home Purchase,1
5950,44,29839,712,0.38,3,11,4,6,0,5,Unstable,Suburban,3,2,Marriage,0
5951,38,52648,720,0.15,5,19,7,7,0,2,Stable,Rural,1,0,Home Purchase,1
5952,58,43753,410,0.5,4,16,5,8,0,2,Stable,Suburban,0,2,Child Birth,0
5953,55,76625,736,0.23,4,14,2,5,0,3,Unstable,Rural,3,1,None,0
5954,64,61024,645,0.38,5,14,6,1,0,3,Unstable,Suburban,1,0,Home Purchase,1
5955,66,44004,784,0.35,2,4,1,5,0,3,Stable,Urban,2,0,Child Birth,0
5956,42,56001,720,0.22,5,8,6,1,0,1,Unstable,Urban,1,1,Marriage,0
5957,54,34011,763,0.16,5,7,1,8,0,3,Stable,Rural,4,1,Home Purchase,1
5958,49,51795,627,0.21,3,3,3,2,0,1,Stable,Rural,2,1,Marriage,0
5959,43,74567,587,0.15,4,14,7,2,1,3,Stable,Suburban,4,0,Home Purchase,0
5960,32,26692,789,0.24,2,11,2,6,1,1,Unstable,Urban,1,0,Child Birth,1
5961,52,58471,756,0.6,3,19,9,9,1,1,Unstable,Urban,3,0,Marriage,1
5962,32,41251,722,0.3,3,4,3,5,0,4,Stable,Suburban,4,2,Child Birth,0
5963,55,26710,722,0.53,2,4,3,6,0,4,Unstable,Suburban,4,1,Marriage,0
5964,27,106632,742,0.37,2,8,7,3,0,3,Stable,Rural,3,1,None,0
5965,27,91344,570,0.43,3,15,1,9,0,3,Stable,Suburban,3,0,Home Purchase,0
5966,68,45048,807,0.18,5,16,5,4,1,1,Stable,Rural,3,2,None,1
5967,46,52755,684,0.24,2,4,3,6,0,1,Unstable,Rural,3,2,Marriage,0
5968,41,20000,687,0.36,1,10,1,4,1,4,Unstable,Rural,4,0,None,0
5969,60,20187,658,0.54,2,5,7,6,0,5,Unstable,Rural,0,0,Marriage,0
5970,41,31799,453,0.12,3,4,7,1,0,2,Unstable,Rural,1,0,None,0
5971,38,59160,757,0.35,1,2,9,1,1,2,Stable,Urban,2,2,Child Birth,1
5972,33,57131,600,0.13,3,18,7,1,0,5,Stable,Suburban,3,1,Marriage,0
5973,54,68293,710,0.33,4,8,4,2,1,5,Stable,Suburban,1,0,Home Purchase,0
5974,45,76965,617,0.41,4,15,3,7,1,2,Stable,Rural,1,2,Marriage,0
5975,36,66950,665,0.47,5,4,6,3,0,4,Unstable,Urban,0,0,None,1
5976,61,32964,660,0.17,2,13,6,1,1,2,Stable,Rural,0,1,Home Purchase,0
5977,56,68100,615,0.18,3,14,2,8,0,5,Stable,Rural,4,1,Home Purchase,0
5978,35,75883,677,0.34,1,9,7,8,0,2,Unstable,Rural,1,0,Marriage,1
5979,44,49318,651,0.6,2,6,1,4,0,2,Unstable,Suburban,4,2,Marriage,0
5980,59,20000,595,0.28,5,12,9,7,0,5,Unstable,Urban,4,1,Marriage,1
5981,35,89601,817,0.31,3,13,2,2,0,4,Unstable,Urban,1,1,Child Birth,0
5982,32,62207,619,0.32,3,6,3,6,0,2,Stable,Urban,0,1,Home Purchase,0
5983,28,20000,756,0.14,4,19,6,9,0,3,Stable,Rural,4,0,Child Birth,0
5984,51,111756,766,0.49,5,8,7,7,0,3,Unstable,Urban,3,0,Child Birth,1
5985,68,48030,792,0.23,3,5,1,6,0,2,Stable,Urban,0,0,Marriage,0
5986,64,120975,645,0.45,4,8,3,2,1,5,Stable,Urban,2,2,Marriage,1
5987,62,69434,680,0.34,4,13,6,4,0,3,Unstable,Urban,4,2,Child Birth,0
5988,54,54933,683,0.41,1,13,4,6,0,2,Unstable,Suburban,1,1,Home Purchase,0
5989,68,64589,752,0.13,5,5,5,5,1,5,Stable,Suburban,3,2,Child Birth,1
5990,51,42268,675,0.54,5,14,3,5,0,3,Unstable,Urban,4,1,Home Purchase,1
5991,45,61532,745,0.22,3,18,8,4,0,4,Unstable,Suburban,0,1,Marriage,0
5992,44,110265,674,0.44,1,15,1,8,1,5,Unstable,Rural,0,1,None,0
5993,28,37534,811,0.5,2,1,7,8,1,3,Unstable,Urban,1,1,None,0
5994,35,73334,698,0.37,3,7,2,5,0,1,Unstable,Rural,1,0,Child Birth,1
5995,37,42006,686,0.27,4,10,8,7,1,1,Unstable,Rural,3,2,Marriage,0
5996,33,55797,733,0.59,2,2,3,2,0,5,Unstable,Urban,2,2,Marriage,0
5997,28,109415,850,0.24,2,13,4,3,0,3,Unstable,Urban,2,0,Home Purchase,1
5998,36,73161,639,0.57,3,3,2,9,0,4,Stable,Suburban,0,2,Child Birth,0
5999,33,78641,803,0.18,1,8,5,7,1,5,Unstable,Suburban,0,2,None,1
6000,37,61771,618,0.29,5,12,9,6,0,5,Unstable,Urban,0,0,Home Purchase,1
6001,50,127387,704,0.17,1,4,4,7,0,4,Unstable,Urban,0,0,Marriage,0
6002,62,36259,620,0.1,3,8,7,6,0,2,Stable,Rural,3,1,Home Purchase,0
6003,66,20515,662,0.23,5,1,8,2,1,2,Stable,Rural,3,2,Home Purchase,1
6004,37,102150,632,0.14,2,3,1,3,0,4,Stable,Suburban,1,1,Child Birth,1
6005,63,50460,769,0.59,4,15,6,5,0,4,Unstable,Urban,4,2,Child Birth,0
6006,52,70256,650,0.48,1,15,5,2,1,3,Unstable,Suburban,0,2,Marriage,0
6007,43,102908,753,0.1,5,12,1,3,1,4,Unstable,Suburban,4,0,None,1
6008,48,70588,647,0.21,1,1,9,7,0,1,Unstable,Rural,2,2,Marriage,0
6009,43,115770,699,0.44,5,11,7,2,0,1,Stable,Rural,1,0,None,0
6010,37,63404,845,0.3,4,19,1,6,0,2,Unstable,Suburban,3,1,Home Purchase,0
6011,37,42296,625,0.52,3,5,2,5,1,1,Stable,Suburban,1,0,Child Birth,1
6012,52,20000,627,0.35,3,17,4,3,0,1,Unstable,Suburban,1,2,None,0
6013,26,67513,675,0.43,5,2,9,8,0,3,Stable,Rural,1,1,None,0
6014,34,20000,698,0.4,5,13,2,6,1,2,Unstable,Suburban,2,2,Child Birth,1
6015,46,68115,762,0.42,3,3,1,9,1,3,Stable,Rural,3,1,Child Birth,0
6016,37,96488,704,0.22,2,13,1,1,0,5,Stable,Urban,2,0,Home Purchase,0
6017,33,59573,724,0.29,2,8,9,3,1,1,Unstable,Urban,4,0,Child Birth,1
6018,57,64752,584,0.13,2,13,1,8,0,1,Unstable,Suburban,1,0,Marriage,0
6019,38,82891,730,0.39,4,3,4,1,0,3,Unstable,Suburban,4,0,None,1
6020,44,76738,732,0.33,5,9,5,8,0,5,Unstable,Rural,4,2,Marriage,0
6021,39,89012,767,0.48,1,2,6,5,1,1,Unstable,Urban,2,2,Child Birth,1
6022,56,59520,667,0.2,1,8,6,8,1,4,Unstable,Urban,4,0,Home Purchase,0
6023,57,20000,699,0.32,5,1,3,7,1,3,Unstable,Suburban,0,0,None,0
6024,41,89400,770,0.19,3,15,7,9,0,2,Stable,Rural,3,0,Marriage,1
6025,48,54029,594,0.41,5,8,8,7,0,5,Unstable,Rural,1,1,Home Purchase,0
6026,54,38033,520,0.52,2,8,1,4,1,1,Stable,Suburban,0,2,Marriage,0
6027,37,68398,589,0.48,2,7,9,1,1,1,Unstable,Rural,4,0,None,1
6028,40,64663,636,0.57,1,13,6,2,0,2,Stable,Rural,3,1,Marriage,0
6029,26,41263,807,0.59,5,7,1,2,0,1,Unstable,Suburban,0,2,Child Birth,0
6030,41,27860,850,0.49,1,7,9,1,1,4,Unstable,Suburban,2,2,None,0
6031,56,71710,609,0.24,3,11,4,7,0,4,Stable,Suburban,4,1,None,0
6032,67,38753,691,0.21,4,2,9,4,0,5,Stable,Urban,0,1,Home Purchase,0
6033,32,62859,647,0.32,4,11,5,7,1,4,Stable,Suburban,1,2,Home Purchase,0
6034,27,69336,748,0.6,3,19,6,8,1,5,Unstable,Urban,4,1,Home Purchase,0
6035,36,84204,727,0.31,2,1,9,6,0,5,Unstable,Urban,3,2,None,0
6036,44,112977,612,0.2,2,17,6,8,0,3,Unstable,Suburban,3,2,Marriage,0
6037,40,65930,637,0.57,2,1,1,2,1,1,Stable,Rural,0,0,Home Purchase,0
6038,38,49365,685,0.29,1,13,1,1,0,1,Stable,Rural,4,2,Marriage,0
6039,40,101460,823,0.45,1,6,2,9,1,4,Unstable,Urban,3,0,Home Purchase,1
6040,67,86202,634,0.49,4,5,2,9,0,1,Stable,Rural,3,1,Child Birth,1
6041,57,64209,544,0.52,2,2,6,9,0,5,Stable,Urban,2,2,None,0
6042,54,65912,830,0.51,2,10,5,4,1,5,Stable,Suburban,2,2,Home Purchase,1
6043,36,60672,749,0.52,3,19,7,9,0,2,Stable,Urban,4,1,Marriage,0
6044,39,64055,583,0.43,4,7,8,9,0,1,Unstable,Urban,3,2,Marriage,0
6045,42,57453,730,0.3,1,15,3,5,1,1,Stable,Rural,1,0,None,1
6046,52,35629,781,0.43,4,11,9,1,0,4,Unstable,Urban,3,2,Marriage,0
6047,47,60221,709,0.52,2,6,1,8,0,4,Unstable,Rural,1,2,None,0
6048,38,103931,836,0.28,2,5,3,1,1,3,Stable,Urban,3,1,None,0
6049,54,39598,755,0.25,1,4,2,3,1,4,Unstable,Suburban,0,2,Child Birth,0
6050,57,53218,730,0.27,1,6,6,3,1,5,Unstable,Suburban,0,1,None,0
6051,69,37702,720,0.38,4,7,1,5,0,5,Stable,Rural,4,2,Child Birth,0
6052,39,88933,713,0.13,5,12,8,5,0,1,Stable,Rural,3,1,Marriage,1
6053,31,80742,787,0.49,2,14,3,5,0,2,Stable,Urban,4,1,None,1
6054,39,28042,685,0.17,2,2,6,4,0,1,Stable,Rural,2,1,Marriage,0
6055,66,20000,794,0.17,5,3,2,1,0,2,Stable,Rural,4,2,Home Purchase,0
6056,62,81642,731,0.2,4,5,5,4,0,4,Stable,Urban,3,2,None,0
6057,68,26518,710,0.39,3,10,2,8,0,3,Unstable,Urban,3,0,Marriage,0
6058,35,80706,669,0.24,3,7,7,5,0,3,Unstable,Suburban,4,0,Child Birth,0
6059,53,44048,670,0.28,2,9,5,7,0,3,Unstable,Suburban,2,2,Marriage,0
6060,55,77374,731,0.57,3,18,8,1,0,4,Unstable,Suburban,0,1,Home Purchase,1
6061,49,71102,801,0.52,4,6,6,5,1,2,Unstable,Urban,1,0,Child Birth,0
6062,48,46588,750,0.53,3,10,8,8,0,1,Stable,Rural,0,2,None,1
6063,43,38025,628,0.39,1,12,9,5,1,3,Stable,Suburban,3,0,Home Purchase,0
6064,26,74394,540,0.53,4,2,7,1,0,1,Unstable,Suburban,1,1,Home Purchase,0
6065,46,42685,773,0.49,5,1,1,2,0,3,Unstable,Rural,2,1,None,0
6066,44,87724,850,0.58,2,4,9,6,0,2,Stable,Urban,3,1,None,1
6067,57,39191,672,0.13,4,15,9,2,0,4,Unstable,Urban,0,0,Marriage,0
6068,32,68758,653,0.11,3,2,2,9,1,2,Unstable,Suburban,1,2,None,1
6069,49,50244,782,0.19,4,3,2,9,1,2,Stable,Urban,1,0,Home Purchase,0
6070,33,60142,613,0.56,5,17,7,2,0,5,Unstable,Suburban,2,2,Home Purchase,0
6071,58,42486,849,0.4,4,2,5,1,0,3,Unstable,Suburban,0,1,Marriage,0
6072,47,55534,741,0.31,5,13,5,7,0,2,Stable,Rural,1,0,Home Purchase,1
6073,29,20000,697,0.36,5,8,1,7,1,5,Unstable,Suburban,1,1,Marriage,1
6074,49,39676,622,0.51,4,19,6,3,0,1,Unstable,Rural,2,1,Home Purchase,0
6075,32,45309,788,0.56,2,10,8,2,1,2,Stable,Urban,3,0,Child Birth,0
6076,40,58203,655,0.46,2,7,4,9,1,4,Unstable,Suburban,3,0,Child Birth,0
6077,69,92329,770,0.48,3,4,3,9,1,5,Stable,Rural,2,1,Home Purchase,0
6078,39,42556,739,0.26,4,18,1,6,0,4,Stable,Urban,4,0,Marriage,0
6079,25,95349,829,0.33,4,3,4,7,0,5,Stable,Rural,3,2,Child Birth,0
6080,46,38464,715,0.54,1,15,2,2,1,3,Unstable,Rural,1,2,Home Purchase,0
6081,27,32296,850,0.49,2,17,5,6,1,1,Stable,Rural,4,2,Marriage,0
6082,62,20000,755,0.44,5,8,1,6,0,4,Stable,Urban,3,1,Marriage,1
6083,38,75169,714,0.13,1,15,9,8,1,2,Unstable,Suburban,2,0,Child Birth,0
6084,60,62150,661,0.12,4,13,9,9,0,1,Stable,Urban,0,1,Marriage,0
6085,42,73688,787,0.17,1,14,5,2,0,1,Unstable,Suburban,4,1,Marriage,0
6086,65,63290,663,0.39,2,4,1,7,0,2,Stable,Suburban,3,2,Child Birth,0
6087,42,59770,622,0.37,4,11,3,9,1,4,Stable,Rural,3,2,Marriage,1
6088,27,67110,653,0.57,2,3,7,6,0,4,Unstable,Urban,4,0,Marriage,0
6089,34,113812,680,0.45,1,19,5,7,1,3,Stable,Suburban,2,1,None,0
6090,63,48151,850,0.25,3,13,9,9,0,5,Unstable,Suburban,2,2,Home Purchase,0
6091,25,111358,729,0.18,5,4,4,4,1,1,Unstable,Rural,1,2,None,1
6092,51,81309,633,0.52,5,13,5,2,0,1,Stable,Urban,2,0,Marriage,0
6093,51,69129,808,0.33,3,15,3,2,0,3,Unstable,Rural,0,1,Child Birth,0
6094,35,73863,718,0.43,3,6,8,1,0,5,Unstable,Suburban,0,2,None,0
6095,29,20000,829,0.38,3,18,3,9,1,5,Stable,Suburban,3,2,Marriage,0
6096,31,53458,850,0.15,2,8,6,4,0,5,Stable,Urban,3,0,Home Purchase,1
6097,43,43244,550,0.13,4,9,7,5,1,2,Stable,Suburban,2,1,Marriage,1
6098,53,112809,462,0.29,3,2,2,4,1,3,Stable,Urban,2,0,Marriage,1
6099,39,51465,850,0.28,2,10,7,4,0,2,Stable,Rural,3,2,Home Purchase,0
6100,59,59255,631,0.44,1,2,3,6,0,5,Stable,Rural,3,0,Marriage,0
6101,61,58848,530,0.42,1,9,3,6,0,2,Stable,Suburban,1,1,Home Purchase,0
6102,36,27336,647,0.58,3,9,5,1,0,1,Stable,Rural,3,1,Marriage,0
6103,54,45994,603,0.53,1,13,4,1,0,2,Unstable,Urban,4,2,Marriage,0
6104,44,80422,622,0.35,3,10,7,7,0,2,Stable,Suburban,3,1,None,0
6105,61,20000,785,0.35,1,7,3,1,0,4,Stable,Rural,3,1,Marriage,0
6106,27,67783,664,0.44,1,13,9,1,0,3,Unstable,Urban,2,2,Home Purchase,0
6107,33,37463,538,0.16,4,5,1,6,0,5,Unstable,Suburban,3,0,Child Birth,0
6108,65,92497,703,0.6,4,12,2,8,0,3,Stable,Suburban,2,2,Marriage,1
6109,63,69873,614,0.36,1,9,9,7,0,1,Stable,Suburban,4,1,None,0
6110,50,22005,675,0.55,4,9,8,6,0,5,Stable,Suburban,4,0,Child Birth,0
6111,26,49596,680,0.58,3,18,7,7,0,1,Unstable,Rural,0,1,None,0
6112,47,71339,784,0.39,5,8,9,2,0,2,Unstable,Rural,0,0,None,0
6113,47,52401,649,0.15,3,18,5,6,0,4,Stable,Suburban,1,2,Child Birth,0
6114,45,63628,769,0.39,4,10,3,9,1,5,Stable,Urban,2,1,Child Birth,0
6115,40,59519,540,0.4,2,1,2,4,1,1,Unstable,Urban,0,0,Child Birth,1
6116,33,81670,789,0.49,1,10,6,2,0,2,Stable,Suburban,4,1,None,1
6117,37,70989,829,0.12,4,5,2,9,0,5,Unstable,Rural,4,0,Home Purchase,1
6118,52,58794,676,0.33,4,18,8,8,0,5,Unstable,Suburban,2,0,None,1
6119,51,60447,618,0.56,4,19,5,8,0,3,Stable,Urban,0,1,Marriage,1
6120,41,32929,592,0.6,3,13,2,7,0,5,Unstable,Rural,4,0,Marriage,0
6121,62,96684,697,0.2,1,6,6,8,1,1,Unstable,Urban,3,1,None,0
6122,60,134055,821,0.54,5,17,6,3,0,4,Stable,Rural,2,0,Home Purchase,1
6123,25,51741,657,0.17,4,14,8,6,0,5,Stable,Rural,1,0,Child Birth,0
6124,42,61192,811,0.52,2,6,6,7,0,1,Stable,Rural,4,0,None,0
6125,33,85376,584,0.24,1,16,3,5,0,2,Unstable,Rural,2,1,Marriage,1
6126,37,85236,664,0.58,5,9,8,2,0,2,Stable,Rural,2,2,Marriage,1
6127,64,64457,695,0.45,2,4,2,7,0,5,Stable,Rural,3,2,Marriage,1
6128,69,35595,721,0.3,5,18,9,2,1,4,Stable,Suburban,4,2,Child Birth,1
6129,39,105453,666,0.24,5,5,6,9,1,5,Stable,Urban,1,0,Home Purchase,1
6130,67,77030,824,0.22,1,1,1,9,0,3,Stable,Suburban,1,0,Marriage,0
6131,68,65513,826,0.44,3,15,4,6,0,5,Unstable,Suburban,2,0,Marriage,0
6132,28,41929,682,0.55,2,12,1,4,1,3,Unstable,Suburban,0,2,Marriage,1
6133,57,61448,647,0.48,4,14,3,4,1,3,Unstable,Suburban,4,2,Marriage,1
6134,48,20000,639,0.52,5,12,6,5,1,3,Stable,Urban,1,1,Home Purchase,0
6135,60,78522,803,0.49,2,13,3,7,0,3,Stable,Suburban,1,1,Home Purchase,0
6136,65,84618,633,0.59,1,3,5,8,0,3,Unstable,Rural,4,2,Home Purchase,0
6137,34,65743,553,0.48,2,14,8,8,0,2,Stable,Urban,0,2,Child Birth,0
6138,60,35993,568,0.21,4,7,8,7,1,5,Stable,Rural,3,0,None,0
6139,44,71297,766,0.5,4,3,9,6,0,5,Unstable,Suburban,3,1,None,0
6140,65,79683,563,0.26,1,9,4,2,1,3,Unstable,Suburban,4,1,None,0
6141,69,41419,660,0.6,2,4,5,8,0,3,Unstable,Rural,1,1,None,0
6142,68,83349,710,0.29,3,2,4,4,0,3,Unstable,Suburban,0,1,None,1
6143,35,73112,531,0.25,3,3,7,8,0,5,Stable,Suburban,1,2,Home Purchase,0
6144,36,53149,718,0.22,5,1,9,5,0,3,Stable,Suburban,2,2,Home Purchase,1
6145,42,46058,667,0.43,5,5,6,3,0,3,Stable,Suburban,4,2,Marriage,0
6146,54,55528,509,0.15,2,9,2,6,0,4,Stable,Urban,4,0,Home Purchase,0
6147,68,35733,719,0.58,5,18,7,2,0,5,Unstable,Rural,1,2,Home Purchase,1
6148,61,66506,739,0.25,4,13,3,6,1,4,Stable,Urban,2,0,Home Purchase,1
6149,44,73962,718,0.25,1,19,8,6,0,1,Unstable,Suburban,0,0,Child Birth,0
6150,49,89214,750,0.12,5,19,3,1,1,4,Unstable,Urban,0,0,None,0
6151,36,67436,725,0.22,3,7,9,5,0,4,Stable,Rural,3,2,None,0
6152,45,69782,773,0.31,4,7,1,5,0,1,Unstable,Suburban,4,0,Child Birth,0
6153,49,53299,605,0.28,3,15,6,8,0,4,Stable,Rural,2,1,None,0
6154,35,38147,560,0.24,5,17,7,7,1,4,Unstable,Rural,3,1,Marriage,0
6155,33,49251,583,0.12,5,3,3,9,0,3,Stable,Suburban,2,0,Home Purchase,1
6156,49,95701,618,0.25,4,17,6,3,0,1,Stable,Urban,4,1,Home Purchase,1
6157,59,75852,850,0.49,3,14,3,1,0,3,Stable,Rural,2,1,Child Birth,0
6158,56,70184,619,0.32,1,5,9,7,0,2,Stable,Rural,3,1,Marriage,0
6159,38,20000,647,0.25,1,7,6,9,0,5,Unstable,Suburban,1,0,Home Purchase,0
6160,25,67820,676,0.25,4,19,8,7,0,4,Stable,Suburban,1,2,Home Purchase,0
6161,41,26757,664,0.38,5,19,4,7,0,2,Stable,Suburban,1,1,Home Purchase,0
6162,49,28540,850,0.25,4,1,8,6,0,1,Stable,Urban,3,1,Marriage,1
6163,32,31341,527,0.42,3,19,5,5,0,2,Stable,Urban,4,0,Child Birth,0
6164,29,40679,850,0.59,1,17,8,5,0,1,Stable,Urban,4,2,Home Purchase,1
6165,29,80834,714,0.12,5,15,2,8,1,1,Unstable,Rural,1,0,Marriage,1
6166,65,65664,796,0.18,3,8,3,9,0,1,Unstable,Suburban,0,2,Home Purchase,0
6167,59,36421,702,0.19,1,8,4,4,0,4,Stable,Suburban,4,2,Child Birth,0
6168,43,45481,781,0.32,1,1,1,1,0,1,Unstable,Rural,3,2,Home Purchase,0
6169,47,72457,605,0.12,2,9,5,5,0,4,Unstable,Suburban,4,0,Marriage,0
6170,33,77445,564,0.34,5,2,3,4,0,2,Stable,Urban,3,0,Marriage,0
6171,54,63340,850,0.56,4,1,7,4,0,2,Unstable,Suburban,1,1,Child Birth,0
6172,40,31312,850,0.11,2,16,2,1,0,4,Unstable,Suburban,3,1,Child Birth,0
6173,57,49686,594,0.28,1,13,1,3,1,2,Stable,Suburban,2,2,Marriage,0
6174,26,119524,771,0.48,5,11,2,3,0,3,Stable,Urban,3,1,Marriage,1
6175,38,29728,815,0.18,5,1,3,8,0,2,Stable,Urban,2,2,None,0
6176,25,69373,766,0.14,2,6,5,6,0,3,Unstable,Urban,4,2,Home Purchase,0
6177,50,113020,679,0.42,3,1,6,6,1,2,Unstable,Suburban,1,0,None,1
6178,49,53162,850,0.1,3,6,8,6,1,2,Stable,Rural,0,2,Marriage,0
6179,40,105845,768,0.5,4,9,4,8,0,1,Stable,Suburban,2,0,None,1
6180,39,42807,607,0.13,5,13,4,5,1,3,Stable,Urban,2,2,None,1
6181,50,20000,661,0.36,2,16,2,3,0,4,Stable,Rural,0,2,None,0
6182,68,45518,593,0.47,1,4,3,1,1,1,Unstable,Rural,4,2,None,0
6183,40,41057,689,0.22,3,11,3,8,0,3,Stable,Urban,1,1,Home Purchase,0
6184,38,20000,686,0.15,2,13,2,4,0,1,Stable,Rural,0,2,Marriage,0
6185,53,49563,775,0.19,4,1,1,3,0,5,Unstable,Urban,2,1,Home Purchase,0
6186,48,84774,774,0.53,4,3,2,8,0,1,Unstable,Suburban,1,2,Home Purchase,0
6187,39,45146,738,0.45,5,11,5,7,1,4,Unstable,Urban,1,0,Marriage,1
6188,43,50599,736,0.2,4,8,8,8,0,5,Stable,Urban,0,1,Marriage,0
6189,32,94262,804,0.46,4,1,5,2,0,4,Unstable,Urban,1,1,Home Purchase,0
6190,58,41293,677,0.45,3,19,3,8,0,4,Unstable,Urban,3,2,Child Birth,1
6191,26,75473,460,0.6,3,14,7,4,0,3,Stable,Rural,1,1,Home Purchase,0
6192,51,20000,850,0.3,4,18,4,2,0,2,Stable,Suburban,2,1,Home Purchase,0
6193,34,35846,608,0.53,5,6,7,4,0,1,Stable,Urban,0,2,Child Birth,0
6194,59,54664,769,0.32,3,9,8,8,1,4,Unstable,Urban,3,0,Home Purchase,1
6195,47,90227,665,0.55,3,9,3,6,0,5,Stable,Rural,1,0,Marriage,0
6196,32,37186,839,0.15,4,15,1,3,1,3,Stable,Rural,3,1,Home Purchase,0
6197,52,36886,603,0.19,5,5,8,7,0,1,Stable,Urban,0,1,None,0
6198,47,66808,628,0.52,4,19,6,6,0,1,Unstable,Urban,2,0,None,1
6199,28,70822,650,0.51,1,9,3,5,0,3,Unstable,Urban,3,0,Marriage,0
6200,38,34110,755,0.25,1,9,9,6,1,1,Stable,Rural,0,1,None,1
6201,66,46952,722,0.4,5,17,1,3,0,2,Stable,Suburban,4,2,Child Birth,0
6202,53,87166,756,0.29,1,15,8,5,0,2,Unstable,Urban,2,2,Marriage,1
6203,25,30499,712,0.11,5,10,9,3,0,1,Unstable,Urban,4,0,Marriage,1
6204,28,68536,793,0.11,1,9,1,2,1,1,Stable,Urban,3,2,Marriage,0
6205,56,47061,794,0.13,2,19,9,2,0,3,Stable,Urban,0,0,Home Purchase,0
6206,57,95064,850,0.4,3,7,5,2,0,5,Stable,Rural,3,1,Home Purchase,0
6207,50,74510,734,0.24,4,13,5,4,0,4,Stable,Urban,3,1,None,0
6208,41,82014,733,0.17,5,2,5,2,0,4,Stable,Suburban,4,0,Marriage,1
6209,63,46560,850,0.57,1,18,1,4,0,5,Stable,Suburban,3,1,None,0
6210,47,80612,819,0.16,2,8,5,9,0,1,Stable,Suburban,2,0,Marriage,1
6211,56,79961,751,0.44,1,8,6,3,0,4,Stable,Suburban,2,2,Child Birth,0
6212,39,72987,560,0.55,2,9,5,5,1,2,Stable,Urban,3,0,Marriage,0
6213,37,52934,531,0.18,4,13,6,2,0,3,Stable,Urban,3,2,None,0
6214,26,64065,761,0.21,3,12,9,7,0,5,Stable,Rural,2,1,Home Purchase,0
6215,43,20000,765,0.39,3,7,7,5,0,4,Stable,Rural,2,2,Marriage,0
6216,48,103975,627,0.35,2,13,5,7,0,5,Stable,Suburban,3,0,Child Birth,0
6217,69,44901,735,0.36,1,13,9,3,0,1,Stable,Urban,1,0,Child Birth,1
6218,48,51628,608,0.38,3,4,5,6,1,4,Stable,Urban,2,0,None,0
6219,35,27055,757,0.57,1,2,5,3,1,5,Unstable,Urban,1,2,Child Birth,0
6220,46,76822,759,0.13,5,2,6,1,0,4,Unstable,Rural,1,2,Marriage,0
6221,39,73230,759,0.48,1,5,8,8,0,4,Stable,Rural,4,0,Marriage,0
6222,34,52612,733,0.22,5,2,1,9,0,4,Stable,Rural,2,2,Marriage,0
6223,65,20000,670,0.29,5,15,9,5,0,5,Stable,Urban,2,1,Marriage,0
6224,51,42211,678,0.14,3,2,8,1,0,3,Stable,Urban,2,1,Home Purchase,0
6225,33,71500,815,0.32,5,2,7,2,0,3,Stable,Rural,2,1,Child Birth,1
6226,52,66285,741,0.5,1,8,5,8,0,5,Stable,Suburban,4,1,Marriage,1
6227,25,58844,748,0.15,4,5,1,7,0,2,Unstable,Rural,4,2,Child Birth,0
6228,41,49401,708,0.24,1,16,7,4,0,1,Unstable,Urban,0,1,None,0
6229,55,20534,765,0.29,2,14,9,3,1,5,Stable,Urban,4,0,None,0
6230,68,84096,795,0.15,2,8,3,4,1,2,Unstable,Urban,2,0,Child Birth,1
6231,34,23996,637,0.48,1,11,8,5,1,5,Unstable,Rural,1,1,Child Birth,1
6232,61,54893,759,0.49,2,11,3,4,0,1,Stable,Urban,2,1,Marriage,1
6233,53,34127,677,0.52,4,8,3,9,0,5,Unstable,Rural,2,0,Child Birth,1
6234,42,84842,731,0.39,2,16,7,1,1,4,Stable,Urban,1,2,Marriage,0
6235,62,74550,783,0.35,3,8,6,1,0,5,Stable,Suburban,1,0,None,0
6236,63,51069,554,0.23,4,12,5,7,0,2,Stable,Rural,3,0,Marriage,0
6237,30,77279,591,0.43,3,5,7,3,0,5,Stable,Suburban,4,1,Child Birth,0
6238,64,22706,634,0.32,3,3,9,4,1,3,Unstable,Urban,0,1,None,0
6239,36,58012,626,0.59,4,18,1,1,0,5,Stable,Urban,4,1,Home Purchase,1
6240,38,33628,683,0.58,3,1,1,2,1,2,Stable,Urban,4,0,Home Purchase,0
6241,68,85626,850,0.55,2,19,5,5,0,5,Unstable,Rural,0,1,None,1
6242,34,69357,817,0.28,1,13,8,4,0,3,Unstable,Rural,1,2,Child Birth,1
6243,44,76248,641,0.28,4,11,7,3,1,5,Unstable,Suburban,1,1,Marriage,1
6244,39,46168,786,0.53,1,1,7,2,0,1,Unstable,Urban,2,1,Home Purchase,0
6245,55,78620,695,0.46,4,18,3,1,0,3,Unstable,Suburban,0,1,None,0
6246,31,32075,734,0.45,4,19,9,1,0,1,Stable,Urban,2,0,None,1
6247,65,35661,601,0.24,3,13,5,1,0,3,Stable,Urban,3,1,Home Purchase,0
6248,34,55621,567,0.52,1,8,3,7,0,2,Unstable,Rural,1,1,Child Birth,0
6249,34,36631,773,0.39,2,18,6,1,0,5,Unstable,Rural,3,2,Home Purchase,1
6250,63,77740,703,0.32,1,2,8,2,1,5,Unstable,Urban,4,0,Child Birth,1
6251,52,48163,752,0.53,4,19,8,2,0,1,Unstable,Urban,4,0,Marriage,0
6252,54,32983,850,0.3,2,19,4,8,1,3,Stable,Urban,0,2,Marriage,1
6253,61,29745,676,0.43,3,5,4,5,1,2,Stable,Suburban,0,1,Marriage,0
6254,27,77434,677,0.33,2,8,9,4,1,3,Stable,Suburban,1,2,Home Purchase,1
6255,67,20000,850,0.4,2,3,2,3,1,4,Unstable,Suburban,0,0,None,0
6256,39,34724,701,0.12,1,2,9,8,0,1,Stable,Rural,1,1,Home Purchase,0
6257,45,95072,619,0.33,4,6,8,6,0,3,Stable,Urban,3,1,None,0
6258,61,51390,773,0.38,4,16,3,7,0,1,Unstable,Suburban,0,1,Child Birth,0
6259,36,77911,676,0.35,4,15,2,5,0,4,Unstable,Suburban,4,2,Home Purchase,0
6260,28,70687,617,0.52,5,4,2,5,0,3,Unstable,Suburban,1,2,Child Birth,0
6261,33,55228,708,0.26,3,2,1,8,1,3,Unstable,Rural,3,0,Home Purchase,0
6262,63,20000,782,0.54,1,14,9,1,0,1,Stable,Rural,2,1,Child Birth,0
6263,66,26853,584,0.3,4,6,1,3,1,4,Stable,Rural,1,1,Marriage,0
6264,52,26432,581,0.45,2,4,2,7,0,2,Stable,Suburban,4,2,Home Purchase,0
6265,47,72051,691,0.14,5,1,7,3,0,5,Stable,Rural,0,1,None,0
6266,69,76739,589,0.2,3,14,5,9,1,1,Unstable,Rural,3,0,None,0
6267,64,38029,572,0.48,4,3,1,2,0,1,Unstable,Urban,2,0,Child Birth,0
6268,68,58030,700,0.11,5,4,4,1,1,5,Stable,Suburban,0,2,Marriage,0
6269,46,60202,810,0.58,3,14,6,7,0,3,Unstable,Urban,1,0,None,1
6270,48,61954,778,0.2,2,19,8,9,1,1,Stable,Rural,4,0,Home Purchase,1
6271,50,40950,689,0.55,5,9,2,4,0,2,Unstable,Rural,2,1,Marriage,0
6272,54,100951,828,0.36,1,14,3,9,1,4,Stable,Urban,2,1,Marriage,0
6273,57,76946,850,0.38,3,4,7,3,0,3,Unstable,Rural,0,2,Marriage,0
6274,40,61827,749,0.14,5,4,1,8,1,1,Stable,Suburban,3,2,Marriage,0
6275,46,47029,663,0.28,5,12,7,9,1,2,Stable,Suburban,4,0,None,1
6276,67,39160,850,0.18,3,8,1,5,0,5,Stable,Rural,3,2,Marriage,0
6277,42,69947,850,0.36,5,16,8,5,0,3,Unstable,Suburban,3,2,Home Purchase,0
6278,31,48155,725,0.38,5,11,6,5,1,2,Stable,Suburban,3,2,Home Purchase,0
6279,50,63343,822,0.45,3,7,7,9,1,1,Stable,Rural,0,0,Child Birth,1
6280,32,20000,621,0.54,2,14,2,9,0,5,Unstable,Rural,3,0,Child Birth,1
6281,30,46755,493,0.33,1,10,6,3,0,1,Unstable,Suburban,2,0,None,0
6282,54,57272,602,0.22,3,2,5,4,0,4,Stable,Rural,4,0,Home Purchase,0
6283,63,84195,720,0.27,4,13,3,6,0,1,Unstable,Urban,2,2,Marriage,1
6284,47,36941,692,0.52,5,9,9,8,1,5,Stable,Rural,1,1,None,0
6285,56,22854,796,0.17,1,18,5,2,1,4,Unstable,Rural,3,0,Marriage,1
6286,46,71118,551,0.41,1,10,8,4,0,4,Stable,Urban,3,2,Child Birth,0
6287,66,58398,553,0.11,3,14,4,5,0,3,Unstable,Rural,0,1,Home Purchase,0
6288,67,20000,776,0.22,4,3,6,6,0,1,Unstable,Suburban,0,2,None,0
6289,69,20000,556,0.4,4,7,4,1,0,3,Stable,Suburban,1,1,Home Purchase,0
6290,33,43828,672,0.33,2,11,4,6,0,5,Unstable,Suburban,4,2,None,1
6291,55,57906,702,0.35,4,6,9,7,0,3,Stable,Rural,2,1,Home Purchase,1
6292,31,94732,634,0.43,3,15,5,9,0,3,Unstable,Suburban,4,1,Child Birth,0
6293,33,32971,757,0.22,1,15,1,8,0,5,Stable,Rural,1,2,None,0
6294,37,73469,493,0.24,1,8,7,3,1,4,Stable,Suburban,4,0,Child Birth,0
6295,27,20000,850,0.44,4,13,3,5,1,1,Unstable,Suburban,0,0,Marriage,0
6296,59,69024,666,0.37,5,12,3,1,0,3,Stable,Suburban,2,0,Marriage,0
6297,57,97664,682,0.11,2,12,6,9,1,2,Unstable,Urban,2,1,Marriage,1
6298,45,63542,850,0.44,4,9,3,7,0,4,Unstable,Rural,3,2,Marriage,1
6299,55,43295,564,0.41,3,17,1,3,1,3,Unstable,Rural,3,0,Home Purchase,0
6300,58,90813,595,0.14,2,15,6,6,0,2,Unstable,Rural,0,0,Child Birth,0
6301,56,68722,840,0.47,4,13,7,1,0,5,Stable,Suburban,3,2,Child Birth,0
6302,59,63839,544,0.36,2,14,5,3,0,3,Stable,Suburban,3,0,None,0
6303,39,34556,749,0.2,5,8,1,1,1,1,Unstable,Urban,0,2,Marriage,1
6304,56,69094,639,0.38,3,13,2,7,1,4,Unstable,Suburban,4,0,None,0
6305,30,42882,538,0.4,4,3,2,3,0,3,Stable,Suburban,4,2,Marriage,0
6306,69,67786,752,0.56,1,8,8,5,0,1,Unstable,Suburban,1,2,Home Purchase,0
6307,45,61213,755,0.47,3,6,8,5,1,3,Unstable,Rural,2,2,Marriage,0
6308,57,87102,700,0.25,5,11,8,9,1,2,Unstable,Suburban,4,1,Marriage,1
6309,56,45599,850,0.16,5,10,2,1,1,4,Stable,Suburban,0,2,Marriage,1
6310,43,56266,622,0.53,1,8,5,3,1,1,Stable,Rural,2,2,Home Purchase,0
6311,57,79957,786,0.52,3,8,5,4,0,1,Stable,Suburban,1,0,Child Birth,1
6312,52,54099,732,0.19,4,7,4,4,1,5,Stable,Suburban,2,0,Home Purchase,1
6313,55,59461,797,0.13,1,19,8,8,0,4,Stable,Urban,3,0,Marriage,1
6314,45,49831,649,0.46,4,12,8,8,1,3,Unstable,Suburban,0,2,Marriage,1
6315,58,55908,561,0.46,2,3,9,4,0,2,Stable,Rural,1,0,Home Purchase,1
6316,39,76773,631,0.19,4,11,4,9,0,3,Stable,Suburban,1,1,Home Purchase,0
6317,38,105897,693,0.43,2,13,1,9,0,2,Stable,Urban,1,1,Marriage,0
6318,43,20000,768,0.24,4,16,9,3,1,5,Stable,Suburban,0,2,Child Birth,0
6319,67,28374,701,0.23,2,9,1,9,0,1,Stable,Rural,1,0,Home Purchase,1
6320,39,56463,721,0.26,3,16,4,8,1,2,Stable,Rural,3,2,None,0
6321,30,61241,850,0.36,5,5,1,4,0,1,Unstable,Suburban,3,2,Marriage,0
6322,33,54558,697,0.5,3,8,3,5,0,1,Unstable,Rural,4,0,Marriage,1
6323,61,46168,646,0.35,1,12,3,2,1,3,Stable,Rural,1,1,None,0
6324,44,29191,744,0.25,3,3,7,7,0,2,Stable,Suburban,2,0,None,0
6325,58,44730,528,0.54,3,3,3,2,1,2,Stable,Suburban,1,2,None,0
6326,62,80430,528,0.13,5,13,6,1,0,1,Unstable,Urban,2,2,None,0
6327,50,62326,686,0.5,3,3,4,5,0,2,Stable,Rural,3,1,Marriage,0
6328,42,76889,606,0.49,1,9,6,8,1,4,Stable,Urban,3,1,Home Purchase,0
6329,52,29914,639,0.23,3,1,9,4,1,5,Stable,Rural,3,1,Marriage,0
6330,33,96103,793,0.2,3,6,7,1,0,4,Unstable,Rural,0,2,Marriage,0
6331,56,45952,752,0.54,3,19,1,4,0,3,Stable,Suburban,2,0,Marriage,0
6332,30,71880,692,0.38,3,16,8,9,0,3,Unstable,Rural,4,2,None,1
6333,38,56872,708,0.12,5,1,4,8,1,4,Stable,Suburban,1,2,Marriage,1
6334,52,46499,657,0.55,5,10,8,9,0,5,Unstable,Rural,2,0,Marriage,0
6335,48,70820,784,0.27,1,2,3,7,1,2,Stable,Suburban,2,2,Home Purchase,0
6336,37,75012,779,0.27,1,3,5,6,0,5,Unstable,Rural,3,1,Child Birth,0
6337,67,127200,799,0.42,1,7,3,6,0,5,Unstable,Urban,0,1,Home Purchase,1
6338,36,75981,794,0.43,3,6,3,1,0,2,Stable,Rural,2,2,Home Purchase,0
6339,43,75606,705,0.28,4,15,3,3,0,2,Stable,Urban,0,2,Home Purchase,0
6340,45,88622,630,0.17,3,2,4,2,0,2,Unstable,Urban,0,0,Marriage,0
6341,51,73296,683,0.38,4,17,3,7,0,2,Stable,Suburban,0,0,Home Purchase,0
6342,43,59032,711,0.41,1,19,2,6,1,1,Unstable,Suburban,1,1,Home Purchase,0
6343,48,68143,632,0.53,3,14,6,3,0,4,Stable,Suburban,2,0,None,0
6344,50,81370,850,0.34,1,17,1,4,0,1,Unstable,Rural,3,1,Home Purchase,0
6345,69,94769,850,0.42,5,19,5,1,0,4,Stable,Rural,2,1,Home Purchase,1
6346,52,22232,687,0.13,1,2,6,4,1,4,Stable,Urban,0,1,None,0
6347,42,20000,803,0.55,3,16,1,2,0,4,Stable,Rural,2,2,Child Birth,1
6348,68,93709,756,0.26,5,16,1,5,0,5,Unstable,Rural,3,2,Home Purchase,1
6349,60,40063,650,0.42,5,3,7,9,0,4,Unstable,Rural,3,1,Marriage,0
6350,66,20000,741,0.56,4,14,6,9,0,2,Unstable,Urban,0,1,None,0
6351,53,20000,622,0.51,2,7,9,1,0,5,Stable,Suburban,3,0,Marriage,0
6352,41,105046,611,0.42,5,10,4,6,0,5,Unstable,Urban,0,0,Marriage,0
6353,28,81940,747,0.45,2,9,3,2,0,1,Unstable,Rural,2,0,None,0
6354,68,40122,748,0.56,1,8,6,1,0,3,Stable,Urban,4,1,Marriage,0
6355,69,41156,850,0.51,1,15,8,9,0,5,Unstable,Urban,2,1,None,1
6356,53,61371,684,0.4,5,12,5,2,0,2,Stable,Suburban,4,2,Home Purchase,0
6357,28,81484,647,0.43,4,6,3,6,0,5,Stable,Suburban,2,2,Child Birth,0
6358,34,52649,792,0.17,1,15,3,6,1,1,Unstable,Suburban,3,2,Marriage,0
6359,49,40349,697,0.34,2,15,1,3,0,5,Stable,Rural,2,0,Home Purchase,0
6360,55,88376,635,0.25,5,8,6,6,0,3,Stable,Urban,2,1,Child Birth,0
6361,27,59354,641,0.32,5,12,7,4,0,4,Stable,Rural,2,2,Child Birth,0
6362,26,55209,682,0.43,4,2,9,8,0,5,Stable,Suburban,1,0,Child Birth,1
6363,49,74803,805,0.17,5,9,6,4,1,1,Unstable,Rural,1,0,Home Purchase,1
6364,30,20000,743,0.11,3,8,8,7,0,3,Unstable,Urban,4,1,Child Birth,0
6365,50,71853,616,0.3,2,8,6,2,0,4,Unstable,Rural,1,2,None,0
6366,32,70272,850,0.26,3,4,2,6,0,5,Stable,Urban,1,1,Child Birth,0
6367,59,25527,609,0.31,3,5,3,5,0,2,Unstable,Rural,3,1,Home Purchase,0
6368,51,20000,626,0.57,2,17,1,1,0,5,Stable,Rural,3,1,Child Birth,0
6369,49,45890,816,0.45,5,7,5,5,0,2,Stable,Suburban,4,0,Marriage,0
6370,42,64574,849,0.26,5,1,6,6,0,1,Unstable,Rural,3,0,None,1
6371,25,67121,735,0.19,3,10,6,2,1,4,Stable,Urban,4,0,None,0
6372,63,102601,570,0.41,2,14,2,7,1,5,Unstable,Rural,3,1,None,0
6373,27,64585,709,0.43,1,19,1,1,1,4,Unstable,Urban,4,0,Home Purchase,1
6374,28,25029,563,0.34,2,9,7,1,0,2,Unstable,Urban,4,0,Home Purchase,1
6375,65,53725,850,0.21,3,11,4,1,0,3,Unstable,Rural,2,2,None,0
6376,61,27533,728,0.11,2,12,9,2,0,1,Stable,Urban,4,2,Home Purchase,1
6377,39,55522,780,0.23,2,1,8,1,0,5,Stable,Rural,4,2,Marriage,1
6378,32,95222,662,0.33,1,17,6,7,1,3,Unstable,Rural,4,0,None,1
6379,62,71481,850,0.49,4,1,3,5,0,1,Unstable,Urban,0,2,Home Purchase,1
6380,43,41980,649,0.53,4,1,8,7,0,2,Stable,Rural,4,1,Child Birth,0
6381,50,74808,614,0.31,1,18,1,5,0,1,Unstable,Suburban,2,0,Marriage,0
6382,63,40555,730,0.5,2,9,9,8,0,4,Unstable,Suburban,0,1,Home Purchase,0
6383,34,20000,788,0.6,3,17,9,8,0,2,Stable,Urban,2,1,None,0
6384,62,29162,850,0.46,1,13,8,9,0,1,Unstable,Suburban,2,1,None,0
6385,38,71461,850,0.46,4,17,4,3,1,4,Unstable,Urban,2,1,None,1
6386,65,79308,819,0.55,4,11,9,2,0,4,Stable,Suburban,3,2,Home Purchase,0
6387,43,102941,631,0.27,1,17,9,7,0,5,Stable,Urban,4,0,Marriage,1
6388,54,68529,629,0.11,2,9,5,7,0,5,Stable,Rural,3,0,Child Birth,0
6389,29,93678,612,0.59,5,14,6,3,0,1,Unstable,Suburban,2,2,Marriage,0
6390,55,75752,684,0.35,3,1,7,2,1,4,Unstable,Rural,4,1,None,0
6391,31,83435,508,0.49,5,8,9,2,1,3,Stable,Urban,2,0,Home Purchase,0
6392,43,87543,836,0.51,3,2,7,3,1,4,Unstable,Suburban,3,1,Child Birth,0
6393,55,72175,597,0.3,5,4,1,8,1,2,Unstable,Rural,1,1,None,0
6394,63,86871,585,0.37,5,18,9,8,0,1,Stable,Urban,0,0,Child Birth,0
6395,48,42536,659,0.37,3,13,6,1,1,1,Unstable,Suburban,2,1,Marriage,0
6396,58,20000,565,0.21,3,14,2,9,0,5,Unstable,Rural,3,2,Child Birth,0
6397,47,76268,764,0.16,4,11,9,5,0,4,Unstable,Rural,3,2,Marriage,1
6398,69,69369,603,0.37,2,11,1,5,0,5,Stable,Urban,4,0,None,1
6399,64,38118,750,0.16,2,8,5,2,0,4,Stable,Urban,3,2,None,0
6400,30,28438,792,0.27,4,12,9,5,0,1,Stable,Rural,1,2,Child Birth,0
6401,62,63266,645,0.19,5,1,1,6,0,2,Unstable,Rural,2,0,None,0
6402,65,77923,628,0.45,3,16,2,7,0,2,Unstable,Rural,4,0,Marriage,1
6403,60,72997,619,0.54,1,18,7,1,1,2,Stable,Urban,2,2,None,0
6404,51,34508,591,0.39,5,1,2,3,0,1,Stable,Rural,1,2,Home Purchase,0
6405,35,40115,657,0.31,2,18,9,4,0,5,Stable,Rural,4,2,Child Birth,0
6406,29,76737,706,0.6,3,10,9,7,1,4,Stable,Urban,1,0,Child Birth,0
6407,41,61817,561,0.11,4,11,8,8,1,5,Unstable,Rural,3,2,Child Birth,0
6408,31,86503,635,0.25,5,16,2,5,0,1,Stable,Urban,1,0,Marriage,0
6409,51,51918,715,0.24,1,5,3,7,1,5,Unstable,Urban,3,2,Marriage,0
6410,39,78488,703,0.28,5,1,3,2,0,3,Unstable,Urban,0,0,None,0
6411,37,59008,433,0.22,4,18,8,8,0,4,Unstable,Rural,4,2,Child Birth,1
6412,35,41929,763,0.23,1,7,8,2,1,1,Unstable,Rural,4,1,Home Purchase,0
6413,69,83204,823,0.23,5,1,6,3,0,3,Stable,Rural,0,1,Marriage,1
6414,50,35185,642,0.35,4,2,7,3,0,5,Stable,Rural,2,0,Marriage,0
6415,46,61853,526,0.3,5,2,1,6,0,2,Unstable,Suburban,2,1,Marriage,0
6416,52,64437,623,0.42,3,16,8,6,1,5,Stable,Suburban,3,2,Child Birth,0
6417,48,56992,620,0.36,5,8,7,1,1,1,Stable,Suburban,4,1,Child Birth,1
6418,53,84769,819,0.19,4,10,5,2,0,2,Unstable,Rural,0,2,Home Purchase,0
6419,33,74315,590,0.51,2,16,5,5,0,5,Stable,Suburban,3,2,Child Birth,0
6420,66,71335,664,0.34,4,5,2,9,1,1,Unstable,Suburban,3,0,Child Birth,1
6421,28,61711,850,0.18,5,4,1,6,1,3,Stable,Suburban,0,0,None,1
6422,42,106408,716,0.18,3,13,9,6,1,3,Stable,Suburban,4,2,Home Purchase,1
6423,67,96616,719,0.5,2,8,3,1,1,2,Stable,Rural,1,2,Child Birth,0
6424,40,82985,689,0.45,4,13,5,8,0,5,Stable,Rural,1,0,None,0
6425,57,78877,797,0.35,2,5,8,9,1,3,Unstable,Suburban,1,2,Child Birth,1
6426,53,44943,740,0.25,3,17,7,5,1,5,Stable,Rural,3,2,Home Purchase,1
6427,63,58773,850,0.33,1,15,7,3,0,3,Stable,Urban,3,0,None,0
6428,34,75895,850,0.42,2,7,4,5,1,1,Unstable,Rural,2,2,Home Purchase,0
6429,33,86289,731,0.54,4,10,4,5,1,2,Unstable,Suburban,3,2,Home Purchase,0
6430,55,82301,696,0.38,3,3,6,1,0,2,Unstable,Rural,2,1,None,0
6431,52,74524,716,0.24,4,16,4,9,1,4,Unstable,Suburban,0,1,Home Purchase,1
6432,27,110015,643,0.12,3,15,7,2,0,3,Unstable,Rural,0,1,Marriage,0
6433,38,56610,713,0.19,4,6,2,5,1,3,Unstable,Rural,4,0,None,1
6434,49,85329,555,0.43,3,10,7,1,1,4,Stable,Urban,4,1,None,0
6435,39,82286,628,0.18,5,7,3,7,1,5,Unstable,Suburban,3,2,Marriage,1
6436,26,71101,778,0.34,4,19,8,7,0,2,Unstable,Suburban,4,2,Child Birth,0
6437,48,72012,753,0.45,3,5,5,5,1,2,Stable,Rural,2,2,Child Birth,0
6438,38,71508,687,0.25,1,7,9,2,0,2,Stable,Urban,0,1,Home Purchase,1
6439,31,42294,741,0.43,3,3,4,8,1,1,Stable,Suburban,2,2,Marriage,0
6440,60,70021,850,0.39,1,2,5,3,0,5,Stable,Suburban,2,0,Home Purchase,1
6441,48,78707,661,0.32,2,19,1,5,0,4,Unstable,Rural,1,2,Marriage,0
6442,51,68048,556,0.55,3,2,3,6,0,2,Unstable,Suburban,4,2,None,0
6443,61,20000,762,0.45,2,19,4,6,0,3,Unstable,Urban,2,2,Child Birth,0
6444,62,20345,753,0.28,2,18,9,8,0,3,Unstable,Rural,1,0,Child Birth,1
6445,54,39544,775,0.5,5,1,8,1,0,5,Stable,Rural,3,2,Marriage,0
6446,51,57201,580,0.47,3,9,2,5,1,1,Stable,Rural,1,2,Home Purchase,0
6447,63,40886,549,0.5,5,16,6,7,1,4,Unstable,Suburban,0,2,Marriage,0
6448,39,76147,726,0.42,5,8,4,5,0,2,Stable,Suburban,1,2,Child Birth,0
6449,50,89799,719,0.29,2,11,5,8,1,4,Stable,Suburban,3,0,None,0
6450,25,93341,664,0.27,4,16,9,2,0,4,Stable,Rural,0,1,Home Purchase,1
6451,28,68420,844,0.43,2,10,4,5,0,3,Stable,Urban,1,0,Child Birth,1
6452,53,87104,699,0.17,2,16,5,4,1,1,Unstable,Urban,1,1,Home Purchase,1
6453,25,45936,823,0.51,1,13,7,3,0,2,Unstable,Urban,2,0,Home Purchase,0
6454,67,56208,787,0.29,4,7,7,2,0,3,Stable,Rural,2,1,Marriage,0
6455,46,30825,591,0.42,2,1,6,8,0,3,Unstable,Suburban,2,0,Child Birth,0
6456,35,90172,611,0.35,4,14,3,4,1,3,Stable,Suburban,4,2,Home Purchase,0
6457,34,109148,571,0.36,1,9,1,4,0,3,Stable,Suburban,2,0,Child Birth,0
6458,41,51285,743,0.47,4,14,9,4,0,4,Unstable,Urban,2,0,Child Birth,0
6459,60,20000,709,0.41,3,4,6,9,0,1,Stable,Suburban,3,1,Home Purchase,0
6460,50,36114,835,0.23,1,9,3,7,0,4,Unstable,Rural,2,2,None,1
6461,45,43745,759,0.14,4,2,1,3,1,1,Unstable,Urban,1,2,None,0
6462,37,26844,570,0.52,5,11,6,5,1,1,Stable,Rural,2,2,Child Birth,0
6463,33,34242,653,0.54,4,14,3,4,0,2,Unstable,Rural,0,0,Child Birth,1
6464,35,65115,488,0.18,1,4,1,1,0,4,Stable,Urban,0,1,Home Purchase,0
6465,35,76493,729,0.25,5,3,5,4,0,5,Stable,Suburban,2,2,Marriage,1
6466,30,20000,850,0.24,4,10,1,7,0,1,Unstable,Urban,1,0,Marriage,0
6467,25,46695,713,0.57,4,1,3,5,0,5,Unstable,Urban,4,2,Marriage,0
6468,30,60941,720,0.2,1,9,3,6,1,3,Stable,Urban,2,1,Marriage,1
6469,37,33330,698,0.18,5,13,6,6,1,1,Stable,Urban,0,1,Marriage,0
6470,46,65904,735,0.19,5,11,4,7,0,1,Stable,Urban,1,2,Marriage,1
6471,55,57054,684,0.46,4,10,8,1,0,4,Stable,Urban,4,1,Marriage,1
6472,46,48785,761,0.54,3,1,3,6,0,1,Stable,Rural,2,1,Marriage,1
6473,61,38387,622,0.3,1,13,8,9,1,5,Stable,Suburban,4,1,None,0
6474,51,66835,626,0.17,1,9,7,5,0,1,Unstable,Suburban,3,1,Marriage,0
6475,38,40912,570,0.39,2,8,2,7,1,2,Stable,Rural,3,1,None,0
6476,29,20000,696,0.2,5,13,8,3,1,2,Stable,Urban,1,2,Home Purchase,0
6477,60,60552,589,0.13,5,8,1,4,1,4,Unstable,Suburban,4,1,Child Birth,0
6478,56,29024,845,0.54,2,17,9,4,1,2,Unstable,Suburban,3,0,None,1
6479,58,20000,656,0.54,4,1,7,6,0,1,Unstable,Rural,2,0,Child Birth,0
6480,31,63238,503,0.59,4,12,6,3,1,2,Unstable,Urban,2,0,Home Purchase,1
6481,66,55927,586,0.34,1,12,8,3,0,3,Stable,Suburban,4,1,None,0
6482,34,38341,713,0.25,4,11,9,5,1,4,Stable,Suburban,3,2,Home Purchase,0
6483,41,65723,765,0.48,3,11,8,2,1,1,Unstable,Suburban,1,1,Marriage,0
6484,54,70598,735,0.19,3,16,6,1,0,2,Stable,Suburban,2,1,None,0
6485,45,65995,617,0.22,3,5,4,2,1,3,Unstable,Urban,4,0,Home Purchase,1
6486,37,65088,642,0.23,2,9,9,9,0,2,Unstable,Urban,3,1,Home Purchase,1
6487,25,20000,631,0.58,3,10,8,3,0,2,Stable,Suburban,1,2,Marriage,0
6488,25,92330,756,0.46,2,11,8,3,0,2,Unstable,Rural,2,0,Marriage,1
6489,57,73936,711,0.17,1,3,3,1,0,1,Stable,Urban,4,0,None,0
6490,62,36230,655,0.15,1,11,9,2,1,4,Stable,Suburban,0,2,Home Purchase,1
6491,49,59706,634,0.52,3,8,7,6,0,3,Stable,Urban,4,1,Child Birth,0
6492,50,64457,647,0.5,2,1,1,2,1,4,Unstable,Suburban,4,0,Child Birth,1
6493,37,59016,700,0.44,3,17,2,8,1,4,Stable,Suburban,4,2,Home Purchase,0
6494,52,104826,834,0.2,4,16,2,6,0,5,Unstable,Urban,2,0,Marriage,1
6495,57,20000,718,0.34,2,16,1,2,1,3,Stable,Rural,2,1,Home Purchase,0
6496,61,23095,666,0.4,2,3,1,6,0,1,Unstable,Suburban,2,0,Home Purchase,0
6497,65,20000,658,0.57,2,15,4,2,0,1,Stable,Suburban,4,1,None,0
6498,54,61996,850,0.18,2,2,7,1,1,5,Stable,Urban,4,2,None,0
6499,32,73600,782,0.36,4,11,6,5,0,5,Stable,Rural,3,2,Home Purchase,1
6500,25,69039,797,0.18,3,9,7,5,0,5,Stable,Urban,3,2,Child Birth,1
6501,36,52771,774,0.32,1,5,8,8,1,5,Unstable,Suburban,1,0,Marriage,0
6502,29,70163,695,0.2,5,3,8,4,0,1,Stable,Urban,0,1,Child Birth,0
6503,48,52588,819,0.52,5,8,3,2,0,1,Stable,Suburban,2,1,None,0
6504,30,78518,553,0.23,2,6,7,7,1,2,Unstable,Rural,0,1,Child Birth,0
6505,49,87682,850,0.31,2,7,6,3,0,4,Unstable,Suburban,2,2,Home Purchase,0
6506,25,36720,774,0.3,1,12,8,3,0,4,Unstable,Rural,3,1,Child Birth,1
6507,49,52809,748,0.53,5,7,3,8,0,4,Stable,Suburban,1,1,Marriage,0
6508,25,56858,624,0.48,2,9,9,3,1,4,Stable,Urban,0,0,Child Birth,0
6509,56,95635,793,0.13,4,9,5,2,0,1,Unstable,Rural,4,2,Child Birth,0
6510,66,39663,814,0.13,5,1,2,9,0,1,Unstable,Suburban,3,1,Marriage,1
6511,66,87441,629,0.38,4,3,4,8,0,5,Stable,Urban,1,1,Child Birth,1
6512,27,23348,632,0.31,1,5,7,2,0,1,Stable,Suburban,2,2,None,1
6513,43,91088,596,0.24,1,11,1,8,0,1,Unstable,Urban,2,2,Home Purchase,0
6514,67,81297,754,0.5,5,4,1,5,0,2,Unstable,Urban,1,0,None,0
6515,53,56108,690,0.16,3,12,9,4,0,3,Unstable,Rural,2,1,Marriage,0
6516,26,82916,850,0.59,5,1,3,5,1,5,Unstable,Urban,2,2,Marriage,0
6517,33,47476,546,0.11,4,1,1,5,0,5,Unstable,Suburban,4,0,Home Purchase,0
6518,41,36929,612,0.16,3,13,7,1,0,2,Unstable,Rural,2,1,Home Purchase,0
6519,60,102661,701,0.26,4,5,7,5,1,3,Stable,Urban,0,2,None,1
6520,41,46470,766,0.35,4,2,2,7,1,1,Stable,Rural,1,2,None,1
6521,36,76925,761,0.21,4,19,8,8,0,5,Unstable,Rural,1,1,Marriage,0
6522,44,87721,708,0.47,2,7,3,8,1,3,Stable,Suburban,4,0,Home Purchase,1
6523,27,80158,735,0.28,3,16,3,2,0,4,Stable,Suburban,3,0,None,0
6524,67,74981,711,0.12,2,4,5,1,0,5,Unstable,Suburban,3,2,Child Birth,1
6525,28,77004,804,0.54,2,18,2,4,0,3,Unstable,Urban,2,2,Child Birth,0
6526,41,86436,644,0.57,4,11,4,3,0,4,Unstable,Urban,1,0,Marriage,1
6527,61,67943,655,0.41,1,16,2,8,0,4,Unstable,Suburban,0,2,Marriage,0
6528,66,59008,768,0.5,5,10,9,6,1,1,Stable,Urban,0,2,Marriage,1
6529,39,25776,850,0.16,1,2,6,5,0,3,Stable,Suburban,2,1,Marriage,0
6530,57,67953,636,0.23,4,10,1,9,0,5,Stable,Urban,3,0,Marriage,1
6531,40,85708,724,0.26,5,3,9,6,0,5,Unstable,Rural,2,2,None,1
6532,35,32481,662,0.58,5,12,8,6,0,3,Unstable,Rural,3,0,Marriage,1
6533,44,54273,755,0.36,4,2,2,1,0,2,Stable,Suburban,4,1,Marriage,0
6534,62,70634,535,0.1,2,8,3,9,1,2,Stable,Suburban,4,0,None,0
6535,48,97809,665,0.29,5,18,7,2,1,1,Unstable,Suburban,4,0,Child Birth,0
6536,40,31035,642,0.1,5,9,4,1,0,1,Stable,Suburban,1,2,Home Purchase,0
6537,54,79836,665,0.22,5,11,8,7,0,2,Unstable,Urban,3,0,Marriage,0
6538,58,51055,446,0.33,5,3,1,5,0,4,Unstable,Urban,3,1,None,0
6539,25,43159,850,0.26,3,8,4,6,0,4,Stable,Urban,1,1,Home Purchase,0
6540,48,37049,450,0.12,2,5,1,4,0,2,Stable,Suburban,4,0,None,0
6541,48,43611,747,0.16,3,15,7,8,0,5,Stable,Urban,1,1,Marriage,0
6542,33,72477,570,0.38,3,10,9,7,0,2,Stable,Rural,2,0,Home Purchase,0
6543,46,54305,575,0.45,4,14,1,1,0,5,Stable,Rural,4,1,Home Purchase,1
6544,36,77855,713,0.3,2,5,8,6,0,5,Unstable,Suburban,3,2,Marriage,1
6545,41,31953,769,0.47,1,18,6,3,0,4,Unstable,Urban,2,1,Home Purchase,0
6546,49,77424,592,0.18,2,12,6,8,0,4,Stable,Urban,2,0,Home Purchase,0
6547,52,70844,589,0.16,1,3,8,6,0,4,Unstable,Urban,4,2,Child Birth,0
6548,39,22305,570,0.52,5,8,1,6,0,5,Stable,Rural,1,2,Home Purchase,0
6549,54,97655,721,0.27,1,14,9,5,1,5,Unstable,Rural,3,2,Child Birth,0
6550,51,68497,595,0.32,1,1,6,8,0,1,Unstable,Rural,4,1,Marriage,0
6551,46,79135,828,0.57,1,4,3,6,0,2,Stable,Suburban,2,2,None,0
6552,34,88903,584,0.31,5,8,1,7,0,4,Stable,Urban,2,0,Child Birth,0
6553,55,84209,754,0.1,5,13,4,9,0,3,Unstable,Suburban,2,1,Child Birth,1
6554,51,56847,850,0.57,3,16,5,6,1,3,Unstable,Suburban,2,2,Child Birth,0
6555,36,78129,706,0.11,1,16,4,6,1,5,Unstable,Urban,1,2,Child Birth,1
6556,55,20000,520,0.43,2,9,7,9,0,1,Unstable,Urban,3,1,Marriage,1
6557,56,69844,740,0.26,4,19,6,6,1,2,Unstable,Suburban,1,2,None,1
6558,56,103312,675,0.34,3,8,5,7,0,5,Stable,Suburban,4,0,Home Purchase,0
6559,65,42615,695,0.37,1,19,3,4,1,2,Stable,Urban,1,1,Child Birth,0
6560,69,82886,850,0.3,3,1,9,5,1,5,Stable,Suburban,4,0,None,1
6561,59,104324,705,0.49,1,13,3,8,0,4,Unstable,Suburban,0,2,Marriage,1
6562,45,77230,751,0.57,1,13,3,5,0,1,Stable,Rural,0,2,Marriage,0
6563,34,85635,633,0.14,3,4,3,4,0,4,Unstable,Suburban,4,1,Child Birth,1
6564,40,20763,671,0.5,1,10,8,8,0,4,Stable,Rural,1,2,None,1
6565,31,36626,812,0.16,1,11,2,5,0,3,Unstable,Rural,4,2,None,0
6566,28,95743,713,0.14,4,14,4,2,0,3,Stable,Suburban,2,0,Home Purchase,0
6567,51,84008,728,0.58,2,5,8,8,0,3,Stable,Rural,1,2,Marriage,1
6568,49,72400,800,0.34,5,13,1,8,0,3,Unstable,Rural,0,1,Home Purchase,1
6569,55,53384,850,0.18,4,15,3,7,0,5,Unstable,Rural,3,1,Child Birth,0
6570,35,67115,584,0.38,5,17,4,9,1,5,Stable,Rural,0,1,Marriage,0
6571,44,103453,650,0.23,5,16,6,9,0,1,Stable,Suburban,3,2,Marriage,0
6572,60,57452,845,0.33,2,1,2,4,1,3,Unstable,Suburban,4,0,Home Purchase,1
6573,41,77481,850,0.41,4,12,7,7,0,3,Unstable,Rural,4,0,None,0
6574,69,76824,673,0.53,1,19,3,1,0,5,Stable,Suburban,2,1,Child Birth,1
6575,35,43353,727,0.1,2,7,8,1,0,2,Stable,Suburban,0,1,None,0
6576,54,45282,735,0.21,1,5,2,3,0,4,Stable,Urban,0,1,None,0
6577,59,98175,723,0.15,1,8,9,6,0,1,Stable,Urban,4,2,None,0
6578,65,74253,724,0.15,1,4,4,8,1,5,Stable,Rural,4,2,Home Purchase,0
6579,62,42991,836,0.57,1,14,8,5,1,5,Stable,Urban,2,0,Child Birth,0
6580,46,52218,519,0.57,4,6,4,3,0,4,Unstable,Urban,1,0,None,0
6581,67,35360,634,0.47,5,19,6,2,0,1,Stable,Urban,4,1,Home Purchase,1
6582,51,86662,763,0.42,5,4,8,8,0,5,Stable,Rural,2,2,Marriage,0
6583,61,53705,650,0.52,4,10,5,9,1,3,Unstable,Suburban,4,1,Home Purchase,1
6584,59,54038,728,0.13,5,19,6,7,0,3,Unstable,Rural,1,2,Marriage,0
6585,28,81022,808,0.16,2,10,2,6,0,5,Unstable,Suburban,3,1,Home Purchase,1
6586,40,20000,850,0.26,1,13,4,2,0,2,Unstable,Urban,3,0,None,1
6587,40,59077,727,0.52,1,3,5,2,1,2,Stable,Rural,4,0,None,0
6588,45,59727,848,0.34,1,8,1,6,0,2,Unstable,Rural,1,0,Home Purchase,0
6589,50,52859,714,0.35,3,10,7,9,0,3,Unstable,Rural,2,2,Marriage,0
6590,60,46261,669,0.21,2,2,6,9,0,3,Unstable,Suburban,0,2,None,0
6591,43,42248,545,0.42,3,1,4,9,0,4,Unstable,Urban,4,2,Home Purchase,1
6592,41,67061,599,0.54,4,10,4,3,0,2,Stable,Suburban,0,0,Child Birth,1
6593,69,34747,700,0.26,3,13,3,3,1,4,Stable,Suburban,3,0,Child Birth,1
6594,50,64029,702,0.41,5,1,1,9,0,5,Unstable,Rural,4,0,None,1
6595,46,46177,722,0.27,5,2,6,5,0,5,Stable,Suburban,1,1,Marriage,0
6596,52,47839,850,0.5,2,10,5,3,1,1,Unstable,Rural,4,2,Child Birth,0
6597,25,64924,775,0.34,3,4,6,7,0,1,Unstable,Rural,3,1,Marriage,0
6598,68,47560,780,0.27,3,7,1,6,1,1,Stable,Suburban,1,0,Child Birth,1
6599,60,91676,850,0.31,1,5,2,3,0,1,Unstable,Rural,4,1,None,1
6600,67,56498,664,0.15,2,16,7,6,0,3,Stable,Suburban,1,2,None,0
6601,61,86166,649,0.53,1,7,9,9,0,4,Stable,Rural,2,0,Home Purchase,1
6602,26,40951,822,0.58,2,9,6,2,1,3,Unstable,Suburban,1,0,Child Birth,0
6603,41,40397,748,0.34,2,9,6,5,0,5,Unstable,Rural,0,2,Child Birth,1
6604,64,20000,695,0.21,3,11,5,5,0,2,Stable,Suburban,1,2,Child Birth,0
6605,62,47696,693,0.43,1,17,5,6,1,2,Stable,Suburban,0,1,Home Purchase,0
6606,45,54184,682,0.33,4,11,6,2,0,4,Unstable,Suburban,1,1,None,0
6607,33,61925,689,0.23,1,9,2,6,0,4,Unstable,Rural,2,0,Marriage,0
6608,37,77433,699,0.12,4,19,6,1,1,5,Unstable,Urban,2,2,None,0
6609,35,75619,670,0.54,5,8,4,7,0,3,Stable,Suburban,0,0,Marriage,1
6610,40,88391,755,0.5,2,5,3,1,0,2,Unstable,Rural,1,2,Marriage,1
6611,40,37817,774,0.51,1,6,7,2,0,3,Stable,Urban,2,1,None,0
6612,26,60770,643,0.32,2,19,5,4,0,5,Stable,Suburban,3,1,Child Birth,0
6613,66,34995,790,0.48,1,11,3,5,1,3,Unstable,Rural,2,0,None,0
6614,68,70355,572,0.39,5,2,8,1,1,2,Unstable,Urban,4,0,Child Birth,1
6615,32,105106,750,0.29,1,3,5,1,0,5,Unstable,Rural,2,2,Marriage,1
6616,67,30089,755,0.52,5,2,3,5,1,3,Stable,Suburban,3,0,Home Purchase,1
6617,66,77188,691,0.6,2,13,9,6,1,3,Unstable,Rural,2,2,None,0
6618,37,86216,705,0.55,3,11,2,3,0,3,Unstable,Suburban,4,2,Child Birth,1
6619,41,37681,676,0.49,4,11,3,5,1,3,Unstable,Rural,1,2,Child Birth,0
6620,63,70908,649,0.47,2,13,3,2,0,4,Stable,Suburban,4,0,Home Purchase,1
6621,48,51001,700,0.43,3,19,1,8,0,5,Stable,Suburban,0,0,None,0
6622,27,56970,645,0.53,2,13,7,3,0,5,Stable,Suburban,2,0,Home Purchase,1
6623,54,50173,813,0.35,2,1,6,3,0,3,Stable,Suburban,4,0,Child Birth,0
6624,37,54378,489,0.19,1,13,6,9,1,3,Unstable,Urban,0,2,Marriage,0
6625,43,88888,686,0.48,5,6,6,4,1,4,Stable,Suburban,4,0,Child Birth,0
6626,31,58021,509,0.56,5,8,7,3,0,2,Unstable,Urban,4,1,Marriage,0
6627,33,44958,593,0.27,1,19,6,5,0,4,Unstable,Suburban,0,2,Child Birth,0
6628,43,61724,642,0.49,1,14,9,6,1,3,Unstable,Urban,3,2,None,0
6629,69,20000,833,0.24,2,6,5,1,1,3,Unstable,Rural,3,0,Marriage,0
6630,64,39577,815,0.57,5,17,1,7,0,3,Stable,Rural,4,1,None,0
6631,46,91214,707,0.44,2,2,1,4,0,3,Unstable,Suburban,0,1,Home Purchase,0
6632,42,56366,706,0.38,3,16,1,9,0,4,Unstable,Rural,4,0,Child Birth,0
6633,47,48049,803,0.49,3,5,2,2,0,3,Unstable,Rural,2,2,Child Birth,0
6634,26,64324,813,0.51,1,6,4,2,1,2,Unstable,Suburban,2,1,Home Purchase,0
6635,35,78415,642,0.55,5,2,6,2,0,1,Stable,Rural,2,0,Marriage,0
6636,55,93218,767,0.55,3,5,7,8,0,2,Unstable,Rural,3,2,Child Birth,1
6637,57,48724,604,0.13,5,10,5,2,0,3,Unstable,Suburban,1,2,Home Purchase,0
6638,38,49299,661,0.16,5,19,7,4,0,4,Unstable,Urban,4,2,Marriage,1
6639,40,54420,759,0.51,4,1,2,1,1,3,Unstable,Rural,1,2,Marriage,0
6640,35,85729,634,0.57,3,6,6,4,1,4,Stable,Rural,2,0,Home Purchase,1
6641,57,61426,664,0.25,3,16,3,6,0,1,Unstable,Suburban,2,1,None,0
6642,31,114146,534,0.1,2,10,9,6,1,5,Stable,Suburban,4,2,Home Purchase,0
6643,55,55974,745,0.26,2,8,4,3,0,2,Unstable,Rural,2,1,Marriage,0
6644,38,104087,611,0.29,5,19,5,9,0,1,Stable,Rural,1,1,None,0
6645,52,37674,617,0.48,1,7,5,5,0,3,Unstable,Suburban,2,1,Marriage,0
6646,67,25253,835,0.12,2,15,2,9,0,4,Unstable,Urban,1,0,None,1
6647,40,57464,631,0.21,2,5,4,2,1,4,Stable,Suburban,2,0,Child Birth,1
6648,43,88484,775,0.55,5,4,7,3,1,5,Stable,Urban,2,2,Child Birth,0
6649,41,48075,809,0.18,3,19,2,7,0,1,Unstable,Suburban,1,0,Child Birth,0
6650,50,44586,791,0.48,2,19,5,5,0,2,Unstable,Rural,1,1,Home Purchase,1
6651,30,85625,675,0.28,1,10,5,9,0,4,Unstable,Rural,1,0,Marriage,1
6652,67,77627,657,0.43,5,8,5,2,0,2,Unstable,Suburban,1,1,Child Birth,0
6653,33,40189,608,0.14,3,1,7,9,0,3,Unstable,Urban,3,2,None,0
6654,41,38727,523,0.24,4,13,7,8,0,4,Stable,Suburban,3,2,None,0
6655,55,80732,777,0.31,1,7,8,5,1,4,Stable,Rural,3,2,Child Birth,0
6656,36,20000,767,0.53,3,2,1,1,1,1,Unstable,Suburban,2,0,Marriage,1
6657,47,86988,747,0.38,5,9,3,1,0,5,Stable,Suburban,4,1,Home Purchase,0
6658,29,77295,416,0.12,4,19,1,7,0,3,Unstable,Suburban,3,1,Child Birth,0
6659,67,20000,682,0.5,1,9,7,2,0,5,Stable,Rural,2,0,Home Purchase,0
6660,60,60389,762,0.13,2,17,5,1,1,1,Stable,Rural,4,0,None,0
6661,60,20000,828,0.57,2,18,2,3,0,2,Stable,Urban,0,1,Home Purchase,1
6662,27,29872,729,0.21,1,10,2,2,0,1,Stable,Suburban,4,0,Child Birth,0
6663,48,47425,719,0.34,2,1,7,3,1,1,Stable,Urban,0,0,Child Birth,0
6664,41,28305,632,0.14,5,11,5,9,0,1,Unstable,Suburban,4,0,Home Purchase,1
6665,63,115454,737,0.38,1,19,4,9,0,4,Unstable,Suburban,2,2,None,1
6666,50,81601,676,0.35,1,19,8,9,1,3,Unstable,Suburban,2,1,None,0
6667,28,94185,627,0.31,2,2,3,6,1,2,Unstable,Rural,0,1,Home Purchase,0
6668,69,56492,584,0.12,1,5,3,3,0,5,Unstable,Urban,3,2,Marriage,1
6669,36,60761,605,0.54,4,3,8,6,0,2,Stable,Suburban,1,2,None,0
6670,25,99518,732,0.5,1,13,2,3,1,4,Stable,Suburban,3,2,None,1
6671,45,70843,561,0.42,2,7,3,8,0,4,Unstable,Rural,2,2,Marriage,0
6672,43,75306,670,0.39,2,11,4,5,0,5,Stable,Rural,4,2,Home Purchase,0
6673,45,37220,830,0.45,2,17,3,2,0,4,Unstable,Rural,4,2,Home Purchase,1
6674,42,37104,556,0.17,2,1,8,5,1,5,Stable,Rural,3,0,None,0
6675,67,66525,744,0.57,5,4,6,3,1,4,Unstable,Urban,4,2,None,1
6676,27,69324,754,0.24,2,1,3,2,0,1,Stable,Rural,2,1,Home Purchase,0
6677,68,35072,670,0.43,4,9,7,8,1,4,Unstable,Urban,2,1,Marriage,1
6678,56,68961,762,0.4,1,18,4,9,0,5,Stable,Rural,3,1,Marriage,0
6679,34,29458,681,0.42,3,17,3,3,0,5,Unstable,Rural,4,1,Marriage,0
6680,64,60345,779,0.54,3,19,2,4,0,5,Unstable,Suburban,1,0,None,1
6681,39,24062,593,0.25,5,15,8,7,0,3,Stable,Suburban,2,1,Marriage,0
6682,29,93199,850,0.47,3,10,8,7,1,2,Unstable,Urban,1,0,Marriage,0
6683,28,52219,843,0.4,2,12,2,2,0,2,Stable,Urban,1,0,Marriage,0
6684,52,42660,477,0.14,3,16,9,1,0,1,Unstable,Suburban,3,0,Child Birth,1
6685,28,31356,817,0.31,4,12,7,3,0,5,Stable,Rural,3,1,None,0
6686,39,28950,642,0.52,2,1,6,2,0,3,Unstable,Suburban,3,0,Home Purchase,0
6687,41,70910,843,0.26,3,13,3,8,0,3,Unstable,Rural,0,1,Home Purchase,1
6688,68,85095,800,0.34,2,4,3,5,0,3,Stable,Rural,3,0,None,1
6689,27,82593,591,0.34,5,12,4,9,0,5,Unstable,Rural,0,1,Marriage,0
6690,34,94914,757,0.41,4,19,9,7,1,3,Unstable,Rural,0,0,Marriage,1
6691,66,103704,629,0.54,1,15,8,1,1,3,Stable,Suburban,0,0,Marriage,1
6692,47,83948,753,0.19,2,9,2,6,0,2,Unstable,Urban,0,1,Home Purchase,1
6693,42,47427,704,0.35,4,7,5,4,0,4,Unstable,Urban,1,2,Child Birth,1
6694,25,64237,627,0.31,5,6,6,1,0,4,Stable,Urban,3,0,Marriage,0
6695,59,20000,566,0.25,5,9,5,2,0,4,Stable,Urban,1,1,None,1
6696,55,75939,723,0.56,4,18,1,1,0,5,Stable,Rural,2,0,Child Birth,0
6697,68,63731,746,0.1,3,8,9,5,0,1,Stable,Rural,0,0,Marriage,0
6698,25,99880,684,0.16,4,18,6,5,0,1,Unstable,Urban,0,2,Home Purchase,1
6699,27,41416,622,0.47,3,13,5,4,0,2,Unstable,Urban,1,0,None,0
6700,27,72887,651,0.23,3,7,6,1,0,1,Unstable,Suburban,3,1,Home Purchase,0
6701,61,34916,590,0.46,4,12,3,1,0,1,Stable,Rural,0,0,Home Purchase,0
6702,43,57249,773,0.52,5,5,9,7,0,4,Unstable,Rural,2,1,Marriage,0
6703,53,20000,484,0.23,1,16,4,9,1,4,Stable,Suburban,3,2,Marriage,0
6704,49,93901,795,0.2,1,8,6,7,0,5,Stable,Rural,1,1,Home Purchase,0
6705,57,86316,692,0.17,4,7,6,4,0,1,Stable,Urban,3,1,Marriage,1
6706,60,48182,752,0.2,2,1,2,4,0,5,Stable,Urban,0,0,Child Birth,0
6707,53,66545,761,0.23,4,2,9,9,1,3,Stable,Rural,3,1,Home Purchase,0
6708,50,60962,711,0.53,1,9,2,6,0,2,Stable,Rural,0,0,Child Birth,1
6709,28,44690,660,0.49,4,15,5,2,0,2,Stable,Rural,3,1,Home Purchase,0
6710,38,63079,810,0.1,5,7,2,1,0,3,Stable,Suburban,3,2,Child Birth,1
6711,51,48930,528,0.54,1,7,9,6,1,2,Unstable,Urban,1,1,Child Birth,0
6712,57,84508,830,0.14,1,13,2,1,0,1,Unstable,Suburban,1,1,None,0
6713,46,54729,587,0.43,1,4,8,3,0,5,Stable,Suburban,4,2,Child Birth,1
6714,27,119763,667,0.18,5,19,1,6,0,1,Unstable,Suburban,3,0,Home Purchase,1
6715,47,58053,843,0.13,1,10,3,5,1,2,Unstable,Rural,1,2,Home Purchase,0
6716,45,62819,850,0.48,2,4,7,9,0,1,Stable,Suburban,1,0,None,1
6717,65,73203,718,0.33,1,12,6,6,0,2,Stable,Suburban,2,1,Child Birth,0
6718,47,80926,564,0.4,4,3,2,3,0,5,Stable,Suburban,2,1,Marriage,0
6719,28,61949,785,0.31,2,8,9,4,0,2,Stable,Urban,0,0,Child Birth,0
6720,45,72659,696,0.13,3,17,2,5,0,3,Stable,Rural,0,0,None,0
6721,61,64570,593,0.47,1,6,6,4,1,2,Stable,Urban,3,2,Child Birth,0
6722,67,40535,721,0.51,3,13,1,3,0,3,Unstable,Suburban,1,1,Child Birth,0
6723,55,33796,569,0.12,3,18,3,9,1,5,Stable,Rural,2,1,Home Purchase,0
6724,45,77481,719,0.29,5,16,5,9,1,2,Unstable,Rural,4,0,Marriage,1
6725,50,97930,607,0.38,4,11,7,5,1,5,Stable,Urban,0,2,Child Birth,0
6726,65,20000,503,0.4,4,14,3,1,0,4,Unstable,Suburban,4,0,Marriage,0
6727,59,24135,533,0.39,3,1,9,1,0,4,Unstable,Rural,4,0,Child Birth,0
6728,62,23894,639,0.45,5,12,4,7,0,2,Stable,Suburban,4,1,Child Birth,0
6729,48,79378,750,0.58,2,6,9,3,0,4,Stable,Suburban,4,0,Child Birth,1
6730,35,81465,825,0.3,1,7,3,8,0,1,Unstable,Suburban,0,1,Home Purchase,0
6731,65,35591,842,0.38,2,11,3,6,0,1,Stable,Rural,4,0,Marriage,0
6732,53,115144,548,0.45,1,1,4,6,0,3,Stable,Suburban,4,0,None,0
6733,27,50375,677,0.4,3,3,2,6,0,4,Stable,Suburban,0,0,Marriage,0
6734,25,95891,638,0.29,5,13,5,6,1,3,Unstable,Urban,0,0,None,1
6735,43,80213,689,0.41,5,6,9,3,0,4,Stable,Suburban,0,1,None,0
6736,46,36047,841,0.43,4,10,8,6,0,1,Unstable,Rural,4,2,None,1
6737,38,49549,716,0.39,4,7,8,3,1,4,Unstable,Urban,3,2,None,1
6738,38,38189,786,0.2,2,11,8,5,0,1,Unstable,Urban,2,0,Home Purchase,1
6739,68,26392,850,0.35,4,15,8,1,0,1,Unstable,Urban,2,0,None,1
6740,40,53669,543,0.54,1,11,6,2,0,5,Unstable,Urban,4,1,Child Birth,0
6741,57,30034,652,0.53,5,18,7,2,1,1,Unstable,Suburban,4,1,Marriage,0
6742,37,55626,757,0.48,5,1,5,9,0,1,Unstable,Urban,1,1,None,0
6743,62,108323,726,0.45,3,14,6,5,0,3,Unstable,Suburban,4,1,Child Birth,1
6744,36,77417,804,0.18,3,12,3,1,0,4,Stable,Rural,1,2,Home Purchase,0
6745,62,46071,661,0.33,2,1,5,2,1,2,Unstable,Suburban,2,0,Child Birth,0
6746,63,44031,720,0.16,3,18,3,6,0,2,Unstable,Urban,2,0,None,0
6747,57,49971,624,0.51,1,17,5,6,0,1,Unstable,Suburban,3,0,Child Birth,0
6748,57,111778,806,0.25,4,14,1,2,0,4,Stable,Rural,3,0,Marriage,0
6749,53,32791,704,0.48,4,12,1,3,0,5,Stable,Rural,2,2,Home Purchase,0
6750,29,59955,840,0.51,2,1,6,4,0,2,Stable,Urban,2,2,Child Birth,0
6751,30,71634,841,0.55,4,19,8,1,0,3,Unstable,Urban,2,0,Child Birth,0
6752,55,90387,571,0.48,5,4,4,2,1,3,Stable,Suburban,0,0,None,1
6753,40,51683,850,0.38,4,5,7,7,1,3,Stable,Suburban,0,1,Home Purchase,0
6754,55,35933,793,0.4,3,5,5,6,1,5,Unstable,Rural,3,1,Home Purchase,1
6755,49,67237,684,0.26,5,2,2,5,0,5,Unstable,Urban,0,0,Child Birth,1
6756,57,92866,784,0.19,3,11,5,8,0,5,Unstable,Suburban,2,2,Child Birth,1
6757,37,53177,649,0.17,3,3,2,3,0,4,Stable,Rural,1,0,Home Purchase,0
6758,34,39014,836,0.19,2,8,9,8,0,4,Stable,Rural,4,2,None,1
6759,48,62755,709,0.57,2,2,1,5,1,4,Unstable,Suburban,0,1,None,1
6760,34,20000,788,0.18,5,4,3,9,1,5,Unstable,Rural,0,1,Home Purchase,1
6761,65,54533,636,0.46,4,7,1,9,1,2,Unstable,Rural,2,2,Marriage,0
6762,55,89450,728,0.19,1,19,5,7,0,2,Stable,Suburban,2,2,Home Purchase,1
6763,37,81871,788,0.59,4,19,4,3,0,2,Stable,Urban,2,2,None,1
6764,27,56403,730,0.28,5,7,6,4,1,4,Unstable,Suburban,2,0,Marriage,0
6765,58,101483,756,0.31,1,8,5,6,0,4,Unstable,Urban,4,1,Marriage,0
6766,52,107746,624,0.3,3,14,7,1,1,2,Stable,Urban,4,2,Home Purchase,0
6767,43,76602,730,0.51,3,4,7,2,0,5,Stable,Urban,0,0,None,0
6768,47,23305,624,0.21,1,14,5,6,1,2,Unstable,Urban,4,2,Child Birth,0
6769,69,20000,698,0.52,3,1,1,9,1,2,Unstable,Suburban,0,1,Child Birth,0
6770,56,94587,650,0.43,4,5,9,4,0,1,Stable,Suburban,3,0,None,0
6771,37,66118,679,0.21,2,11,2,3,0,4,Stable,Suburban,1,2,None,0
6772,57,100888,524,0.13,4,15,7,8,1,1,Unstable,Rural,2,2,Child Birth,0
6773,58,26532,702,0.49,3,14,3,7,1,1,Unstable,Rural,1,2,Marriage,0
6774,57,55970,689,0.21,2,13,6,2,1,3,Unstable,Suburban,4,0,Marriage,1
6775,29,85729,548,0.54,4,7,5,4,1,1,Stable,Urban,0,0,Marriage,1
6776,27,41755,734,0.16,3,18,6,6,1,5,Stable,Urban,4,2,None,0
6777,31,85369,782,0.41,4,6,5,2,1,2,Stable,Suburban,0,0,Home Purchase,1
6778,48,56930,731,0.45,3,7,9,6,0,3,Stable,Suburban,0,1,Home Purchase,1
6779,46,60701,778,0.43,5,9,8,9,0,5,Stable,Rural,2,1,Child Birth,1
6780,69,30409,647,0.26,1,2,1,4,0,3,Stable,Rural,0,1,Marriage,0
6781,47,66284,678,0.54,3,8,9,7,0,3,Unstable,Suburban,2,0,Marriage,0
6782,54,114819,707,0.48,4,6,2,9,0,3,Unstable,Rural,2,2,None,0
6783,42,69700,714,0.36,3,9,5,8,0,1,Unstable,Rural,4,0,Child Birth,0
6784,56,40206,465,0.4,3,7,6,2,1,5,Unstable,Urban,3,1,Home Purchase,0
6785,31,94888,607,0.38,4,5,1,9,0,3,Unstable,Suburban,1,0,Marriage,1
6786,57,40960,800,0.57,4,17,7,8,0,3,Unstable,Urban,2,1,Child Birth,0
6787,29,103027,621,0.55,2,7,8,5,1,2,Unstable,Urban,2,1,Child Birth,0
6788,52,28126,675,0.22,3,16,1,9,0,1,Unstable,Suburban,4,0,None,1
6789,32,66817,694,0.23,5,11,4,6,0,4,Unstable,Suburban,2,0,Home Purchase,1
6790,39,98157,565,0.59,1,14,2,9,1,5,Stable,Urban,1,1,Marriage,1
6791,28,38329,850,0.22,3,3,5,9,0,2,Unstable,Suburban,4,1,Child Birth,1
6792,58,62079,696,0.58,4,8,2,3,0,4,Unstable,Urban,1,2,Marriage,0
6793,29,88932,614,0.42,2,15,9,7,0,4,Stable,Suburban,0,0,Child Birth,0
6794,57,20000,764,0.13,3,9,9,4,0,5,Stable,Urban,4,2,None,1
6795,29,83172,670,0.27,5,16,5,4,0,5,Unstable,Suburban,1,1,None,1
6796,62,57801,705,0.34,4,18,5,7,1,4,Stable,Urban,3,0,Child Birth,1
6797,58,96048,840,0.52,5,8,4,6,0,1,Stable,Rural,1,1,Marriage,1
6798,50,39312,645,0.26,5,7,1,4,1,5,Stable,Rural,4,0,Home Purchase,0
6799,25,25330,814,0.26,1,10,3,5,0,3,Unstable,Urban,3,1,Child Birth,1
6800,28,46424,665,0.56,1,12,4,6,0,1,Stable,Urban,3,1,None,0
6801,63,45902,706,0.14,3,12,7,4,0,5,Stable,Urban,4,2,None,1
6802,50,54837,730,0.38,1,10,7,8,0,3,Unstable,Suburban,1,2,Home Purchase,1
6803,57,48285,665,0.35,3,2,7,4,0,5,Unstable,Rural,2,1,Child Birth,0
6804,57,20000,598,0.13,3,12,7,4,1,5,Unstable,Suburban,2,2,Marriage,1
6805,32,57626,745,0.14,4,6,4,1,1,1,Unstable,Urban,1,0,Marriage,1
6806,44,65794,812,0.29,4,1,9,6,0,3,Unstable,Urban,4,0,Home Purchase,1
6807,40,55168,762,0.17,2,9,4,1,0,4,Stable,Urban,3,2,Marriage,1
6808,45,67170,759,0.34,1,16,6,9,0,2,Unstable,Suburban,0,1,Marriage,0
6809,69,62123,654,0.4,2,17,1,5,1,4,Stable,Urban,3,1,Child Birth,0
6810,50,25450,768,0.45,5,6,1,2,0,3,Stable,Urban,0,1,None,1
6811,47,52478,735,0.37,3,4,6,9,0,2,Stable,Rural,1,0,Child Birth,1
6812,42,62847,786,0.29,3,9,1,8,0,1,Unstable,Suburban,0,1,Home Purchase,1
6813,55,54070,709,0.16,4,8,1,4,0,2,Stable,Rural,4,1,Child Birth,0
6814,66,22680,759,0.22,5,18,6,3,0,1,Unstable,Rural,4,1,Child Birth,1
6815,36,90577,651,0.31,3,12,8,4,0,1,Stable,Rural,3,1,None,0
6816,25,35696,769,0.56,3,7,9,4,0,4,Stable,Rural,4,2,Child Birth,0
6817,66,28945,574,0.2,5,8,6,9,1,2,Unstable,Rural,2,2,None,0
6818,33,61020,666,0.31,5,10,1,6,0,1,Unstable,Rural,3,0,None,0
6819,27,52106,630,0.47,3,3,7,4,0,2,Unstable,Urban,3,0,None,0
6820,50,75036,850,0.45,5,18,2,2,0,3,Stable,Rural,2,0,Child Birth,0
6821,33,81816,765,0.58,1,9,7,9,1,4,Stable,Rural,2,0,Child Birth,0
6822,66,78014,591,0.2,5,5,4,7,0,3,Stable,Rural,1,0,Marriage,0
6823,40,59955,563,0.11,2,13,1,5,1,2,Stable,Urban,1,0,Child Birth,0
6824,48,73832,525,0.26,2,5,9,2,0,5,Unstable,Urban,1,1,Marriage,0
6825,38,20999,586,0.17,3,2,1,1,0,2,Stable,Urban,0,2,Marriage,0
6826,27,87359,615,0.37,3,7,7,7,0,1,Stable,Rural,3,1,Home Purchase,0
6827,58,49879,602,0.55,4,3,6,3,0,4,Stable,Suburban,4,0,Marriage,0
6828,57,109248,653,0.44,5,9,7,8,1,5,Stable,Suburban,3,0,None,0
6829,48,88119,783,0.17,2,3,1,4,0,2,Stable,Urban,2,0,Home Purchase,0
6830,33,55067,680,0.16,4,6,1,5,0,4,Stable,Suburban,4,2,None,1
6831,37,60535,771,0.56,3,10,6,3,0,1,Stable,Urban,0,1,Marriage,1
6832,26,89601,593,0.34,1,3,8,7,0,2,Unstable,Suburban,4,2,Home Purchase,1
6833,31,20000,661,0.56,5,9,3,4,0,3,Unstable,Urban,4,2,Marriage,0
6834,45,55994,606,0.47,4,12,2,1,0,5,Unstable,Suburban,4,0,None,0
6835,43,102535,744,0.6,1,12,4,5,0,4,Unstable,Urban,3,0,Marriage,1
6836,49,81121,681,0.54,3,16,8,2,0,2,Unstable,Suburban,3,0,Child Birth,0
6837,46,39057,850,0.31,2,11,9,7,1,4,Stable,Rural,1,2,Marriage,1
6838,35,67861,632,0.48,4,12,6,2,0,5,Stable,Suburban,4,1,Marriage,0
6839,57,35582,596,0.34,4,17,7,4,0,3,Unstable,Suburban,3,0,Home Purchase,0
6840,56,51463,729,0.22,3,4,1,2,0,2,Stable,Urban,0,2,Home Purchase,0
6841,45,68345,682,0.22,3,10,5,7,0,5,Unstable,Rural,3,0,Home Purchase,0
6842,63,72745,750,0.3,2,17,6,3,0,1,Stable,Rural,2,1,Home Purchase,1
6843,44,78235,693,0.16,2,8,6,2,1,2,Unstable,Urban,4,1,Marriage,0
6844,32,90844,685,0.19,2,7,6,2,0,1,Stable,Suburban,1,1,None,0
6845,66,30156,633,0.35,1,18,7,2,0,3,Unstable,Rural,4,2,Home Purchase,1
6846,61,60600,673,0.58,1,8,4,6,1,3,Stable,Urban,2,1,Home Purchase,0
6847,33,38741,547,0.39,3,2,5,8,0,2,Stable,Rural,2,0,Home Purchase,1
6848,49,50028,819,0.3,4,14,6,7,0,4,Unstable,Urban,3,0,None,1
6849,49,41139,826,0.22,1,16,9,1,1,4,Stable,Suburban,2,2,Marriage,0
6850,57,72485,793,0.2,3,10,4,3,0,4,Unstable,Urban,4,1,Marriage,0
6851,26,86325,654,0.43,1,18,4,8,0,4,Stable,Rural,0,1,Marriage,1
6852,43,87675,637,0.52,2,5,7,8,0,5,Stable,Suburban,1,0,None,0
6853,44,32370,749,0.3,3,16,1,9,1,2,Stable,Rural,0,0,Marriage,0
6854,66,56917,604,0.38,2,11,7,7,0,4,Stable,Suburban,0,1,Marriage,0
6855,65,31677,813,0.45,5,19,8,5,0,3,Unstable,Urban,2,2,Home Purchase,1
6856,66,30844,461,0.13,4,6,2,3,1,2,Stable,Urban,3,2,Home Purchase,0
6857,53,43456,654,0.28,2,7,4,8,0,4,Unstable,Urban,0,2,None,0
6858,30,68582,593,0.46,4,11,4,5,0,1,Stable,Urban,2,1,Child Birth,0
6859,41,72972,824,0.44,3,18,6,5,0,2,Stable,Rural,0,1,Marriage,0
6860,49,76355,807,0.13,5,18,7,8,0,4,Unstable,Urban,0,1,Home Purchase,1
6861,62,74808,756,0.22,4,8,7,8,0,5,Unstable,Urban,4,2,Marriage,1
6862,28,38803,850,0.44,1,10,4,8,0,1,Stable,Urban,4,1,Child Birth,0
6863,54,89568,701,0.24,3,17,3,4,0,1,Unstable,Urban,4,1,Child Birth,0
6864,44,80082,763,0.51,5,9,4,3,1,3,Stable,Suburban,0,1,Marriage,0
6865,27,49682,540,0.11,1,13,9,6,0,4,Stable,Suburban,3,1,Marriage,0
6866,47,50627,667,0.2,1,8,7,5,0,4,Stable,Rural,1,0,Marriage,0
6867,42,43561,711,0.24,5,17,3,5,1,2,Stable,Suburban,2,2,None,0
6868,50,27703,608,0.56,2,16,3,5,0,3,Stable,Rural,3,0,Home Purchase,0
6869,60,76650,725,0.5,5,16,5,3,0,1,Stable,Rural,1,2,Home Purchase,0
6870,32,80551,503,0.54,5,8,8,7,1,5,Unstable,Suburban,3,2,Child Birth,0
6871,41,36848,750,0.32,5,10,5,5,0,4,Stable,Rural,1,1,Child Birth,1
6872,55,29203,656,0.51,4,12,6,4,1,1,Unstable,Rural,4,0,Child Birth,0
6873,61,36586,621,0.53,2,18,9,4,1,4,Stable,Urban,2,1,Home Purchase,0
6874,69,62756,774,0.3,3,9,9,7,0,4,Stable,Urban,3,0,Child Birth,0
6875,57,25450,846,0.6,1,4,6,1,1,5,Stable,Suburban,3,2,Marriage,0
6876,51,88195,789,0.53,4,5,5,8,0,5,Stable,Urban,1,2,Marriage,0
6877,69,86698,618,0.59,2,16,8,1,1,5,Unstable,Rural,2,0,Child Birth,1
6878,28,70608,766,0.53,5,1,1,6,1,2,Unstable,Rural,0,2,Marriage,0
6879,46,80243,674,0.49,4,18,3,4,0,5,Stable,Suburban,1,0,None,0
6880,50,61468,812,0.57,4,18,6,7,0,5,Stable,Urban,1,2,Marriage,1
6881,56,71628,722,0.31,1,19,8,6,1,5,Stable,Rural,3,2,Home Purchase,0
6882,48,27495,552,0.49,3,9,6,5,1,5,Stable,Suburban,1,1,Home Purchase,0
6883,59,94761,675,0.21,2,1,6,5,1,3,Unstable,Urban,4,0,Marriage,1
6884,61,47816,617,0.47,2,3,4,6,0,2,Stable,Urban,2,0,Child Birth,0
6885,56,56779,622,0.49,2,2,7,7,0,4,Stable,Suburban,1,0,Home Purchase,0
6886,31,122180,667,0.46,5,2,7,3,0,2,Unstable,Rural,1,2,Marriage,0
6887,57,54499,727,0.52,5,17,1,3,1,2,Stable,Rural,4,2,Child Birth,1
6888,55,78485,790,0.31,4,6,3,7,0,2,Unstable,Rural,1,1,Child Birth,0
6889,36,72863,647,0.37,3,5,9,3,1,5,Unstable,Urban,4,2,Marriage,0
6890,35,26679,821,0.11,1,11,6,7,1,2,Unstable,Rural,1,1,Child Birth,0
6891,48,35006,529,0.17,1,9,4,2,1,3,Unstable,Rural,3,2,Child Birth,1
6892,32,110897,616,0.42,3,4,8,8,0,4,Stable,Suburban,1,2,Home Purchase,1
6893,56,74479,850,0.38,2,7,7,9,1,2,Unstable,Urban,3,2,Child Birth,1
6894,62,59578,585,0.2,3,13,6,6,0,4,Stable,Urban,4,1,None,0
6895,46,46608,825,0.22,1,16,4,2,0,1,Stable,Rural,1,2,Home Purchase,0
6896,58,68001,697,0.27,5,17,4,9,1,1,Unstable,Urban,2,1,Home Purchase,1
6897,43,70378,692,0.46,3,2,8,5,1,2,Unstable,Suburban,1,0,Child Birth,0
6898,44,65663,793,0.4,4,5,3,4,0,3,Stable,Rural,3,1,Marriage,0
6899,38,86724,779,0.13,5,18,9,7,1,1,Stable,Rural,1,0,None,0
6900,57,38328,833,0.48,4,13,8,6,0,1,Unstable,Rural,1,2,None,1
6901,34,34982,675,0.23,4,18,4,4,0,3,Unstable,Rural,3,0,Home Purchase,0
6902,40,86076,714,0.44,3,11,3,2,1,5,Stable,Suburban,0,1,None,1
6903,28,112817,674,0.16,4,14,4,4,0,2,Stable,Suburban,1,0,Home Purchase,0
6904,51,81064,588,0.6,2,12,2,1,0,1,Unstable,Urban,2,2,Child Birth,0
6905,52,92443,717,0.14,3,4,6,8,0,3,Stable,Rural,1,0,Home Purchase,1
6906,67,58128,683,0.47,1,7,3,4,0,1,Stable,Suburban,4,1,Child Birth,0
6907,40,66652,512,0.37,2,13,3,2,0,4,Unstable,Suburban,0,0,Home Purchase,0
6908,57,66316,810,0.14,5,19,1,5,0,1,Unstable,Suburban,2,2,Home Purchase,1
6909,43,58614,714,0.11,3,11,8,1,0,4,Unstable,Suburban,4,1,None,0
6910,45,95282,629,0.28,1,7,8,2,1,5,Stable,Suburban,2,1,Home Purchase,0
6911,46,87896,733,0.5,1,15,9,8,0,3,Stable,Rural,0,1,Child Birth,0
6912,33,50019,647,0.12,3,19,5,4,1,5,Unstable,Urban,0,2,Child Birth,0
6913,33,20000,720,0.45,2,17,4,9,0,4,Stable,Urban,2,2,Marriage,0
6914,33,58410,838,0.43,1,1,9,4,0,1,Unstable,Urban,2,0,Home Purchase,1
6915,51,31133,739,0.23,3,12,3,2,0,5,Stable,Suburban,3,1,None,0
6916,41,60591,651,0.14,3,19,4,8,0,4,Stable,Rural,4,1,None,0
6917,68,33103,596,0.56,4,5,8,4,1,5,Unstable,Rural,2,1,Home Purchase,0
6918,69,91412,628,0.25,3,10,2,8,0,4,Unstable,Rural,4,2,Child Birth,1
6919,32,77110,781,0.16,1,11,3,2,0,1,Stable,Rural,0,1,Marriage,0
6920,40,76503,694,0.44,4,16,3,4,1,5,Unstable,Suburban,0,0,Child Birth,0
6921,42,86804,755,0.21,1,18,8,1,1,3,Unstable,Rural,2,2,None,0
6922,57,69777,672,0.34,2,9,2,8,0,5,Stable,Urban,4,1,Marriage,1
6923,25,73670,606,0.13,2,9,8,6,0,4,Stable,Urban,0,0,Child Birth,0
6924,36,95867,759,0.6,1,14,7,2,0,2,Stable,Rural,3,0,Child Birth,1
6925,30,56637,619,0.32,5,6,1,3,0,1,Unstable,Urban,4,1,None,0
6926,65,75127,659,0.6,5,12,8,6,0,5,Unstable,Rural,4,2,Child Birth,1
6927,29,33671,577,0.29,5,11,1,9,0,4,Stable,Urban,4,2,Marriage,0
6928,40,61981,606,0.27,1,4,9,7,0,3,Stable,Urban,4,2,Marriage,0
6929,42,116482,789,0.56,3,6,1,9,0,1,Unstable,Suburban,4,2,None,1
6930,42,80370,804,0.26,4,18,5,4,1,1,Unstable,Rural,3,1,Home Purchase,0
6931,25,57850,809,0.32,3,6,8,8,0,3,Stable,Suburban,0,2,None,0
6932,43,66613,809,0.14,1,1,4,2,0,3,Unstable,Rural,4,1,None,0
6933,32,59475,664,0.58,3,10,6,2,1,4,Stable,Rural,4,2,Child Birth,0
6934,27,65792,766,0.14,2,12,1,4,1,5,Stable,Urban,4,2,None,0
6935,49,50024,805,0.49,4,7,3,3,0,1,Stable,Suburban,0,2,Child Birth,1
6936,29,72371,612,0.37,1,11,5,8,0,2,Unstable,Rural,2,2,Child Birth,0
6937,64,73257,719,0.13,4,1,2,2,1,3,Unstable,Rural,0,2,Marriage,1
6938,43,60165,687,0.1,5,16,1,4,0,3,Stable,Urban,4,1,Home Purchase,0
6939,42,63501,512,0.57,5,4,9,9,0,1,Unstable,Rural,0,2,None,0
6940,55,68519,732,0.47,2,6,8,9,0,3,Stable,Rural,1,0,Home Purchase,0
6941,57,46818,628,0.44,1,10,3,4,0,3,Stable,Suburban,2,2,Home Purchase,0
6942,42,72131,805,0.32,5,7,6,3,1,5,Unstable,Suburban,3,0,Marriage,0
6943,63,79503,623,0.22,4,12,8,1,0,4,Stable,Rural,1,0,Home Purchase,0
6944,40,96621,732,0.44,4,19,6,1,1,4,Unstable,Suburban,4,0,None,0
6945,40,67959,711,0.4,2,10,8,8,0,3,Stable,Suburban,3,0,Child Birth,0
6946,62,46109,527,0.46,5,2,3,9,0,2,Stable,Rural,3,1,Marriage,0
6947,65,57426,667,0.28,3,9,4,9,1,3,Unstable,Rural,2,0,None,1
6948,31,31425,735,0.59,5,1,8,5,0,2,Unstable,Urban,0,1,None,0
6949,38,78183,802,0.13,2,10,8,2,0,2,Unstable,Suburban,0,0,Marriage,0
6950,67,20000,701,0.14,5,1,6,7,0,2,Stable,Suburban,0,0,Child Birth,0
6951,49,85616,790,0.56,1,2,6,4,0,2,Unstable,Urban,0,1,Marriage,0
6952,56,88633,753,0.42,2,5,9,4,0,1,Stable,Rural,1,0,Marriage,1
6953,62,20000,757,0.26,3,17,8,4,0,3,Unstable,Suburban,4,2,None,0
6954,46,91882,761,0.48,4,13,3,3,0,1,Stable,Rural,3,1,Home Purchase,0
6955,40,85682,672,0.33,5,6,7,4,1,2,Stable,Urban,4,2,Marriage,0
6956,53,52748,601,0.11,4,10,9,2,1,5,Stable,Urban,4,0,Marriage,0
6957,40,30204,850,0.43,2,2,3,9,1,4,Unstable,Rural,2,2,Home Purchase,1
6958,36,39056,776,0.22,4,5,9,7,0,3,Stable,Urban,2,2,Marriage,1
6959,41,41037,693,0.16,1,19,5,1,1,3,Unstable,Suburban,2,2,Marriage,1
6960,61,92901,761,0.21,2,2,9,5,1,1,Stable,Urban,2,2,Marriage,0
6961,51,48773,739,0.34,2,1,1,2,1,2,Stable,Suburban,0,2,Child Birth,0
6962,49,82633,614,0.12,5,8,4,3,0,2,Stable,Suburban,3,1,Marriage,0
6963,37,56898,666,0.54,2,15,9,3,1,1,Stable,Rural,0,1,Marriage,0
6964,32,61376,832,0.38,1,6,9,7,0,3,Stable,Rural,4,2,Child Birth,0
6965,29,20715,699,0.25,5,4,6,3,0,1,Stable,Suburban,0,2,None,0
6966,36,31323,737,0.44,1,12,6,7,0,4,Stable,Suburban,3,2,Child Birth,1
6967,65,92327,825,0.5,3,16,3,8,1,3,Unstable,Urban,3,1,Marriage,1
6968,27,56106,699,0.41,5,2,5,2,0,2,Unstable,Suburban,4,2,Marriage,0
6969,59,67516,606,0.2,2,8,8,1,0,5,Stable,Suburban,1,2,Child Birth,0
6970,57,105158,711,0.16,2,6,2,6,0,5,Stable,Suburban,4,1,None,0
6971,46,56809,644,0.53,2,3,2,9,0,3,Unstable,Suburban,4,2,Home Purchase,1
6972,68,55393,560,0.22,3,1,4,6,0,3,Unstable,Suburban,0,0,Home Purchase,1
6973,33,90152,780,0.11,1,8,9,8,1,2,Unstable,Urban,2,2,None,1
6974,65,60308,674,0.42,2,12,5,5,1,5,Unstable,Urban,1,2,Home Purchase,1
6975,42,68000,401,0.18,4,7,3,8,0,1,Unstable,Urban,2,2,Child Birth,0
6976,53,84920,725,0.6,2,17,8,4,0,1,Stable,Rural,4,1,Marriage,0
6977,63,60002,726,0.53,5,13,7,6,1,1,Stable,Rural,1,2,Marriage,0
6978,51,79689,850,0.4,5,18,9,8,1,1,Unstable,Rural,0,2,Marriage,0
6979,60,57103,699,0.52,4,16,6,1,0,5,Stable,Rural,4,2,Home Purchase,0
6980,69,84528,806,0.34,3,8,2,6,0,5,Stable,Urban,4,0,None,1
6981,41,70533,764,0.49,5,12,1,8,1,2,Unstable,Urban,3,1,Child Birth,1
6982,58,54364,641,0.42,3,6,5,5,0,3,Unstable,Urban,0,2,Marriage,0
6983,27,61856,734,0.11,3,2,7,3,0,5,Unstable,Suburban,0,0,Child Birth,1
6984,29,20000,683,0.57,4,7,7,5,1,5,Unstable,Urban,4,1,Home Purchase,0
6985,38,89844,631,0.53,5,4,2,3,0,3,Unstable,Rural,1,1,Child Birth,0
6986,27,28634,648,0.58,2,16,6,6,1,4,Stable,Urban,1,1,Child Birth,0
6987,47,33272,634,0.47,3,17,1,6,1,1,Stable,Rural,2,1,Marriage,0
6988,63,49049,699,0.31,3,3,1,5,0,5,Stable,Rural,3,0,Marriage,0
6989,54,20000,699,0.2,5,3,2,7,1,5,Stable,Rural,3,1,None,0
6990,69,71690,645,0.19,5,14,5,7,1,1,Unstable,Suburban,2,0,Home Purchase,0
6991,47,69025,679,0.17,4,14,2,6,1,5,Stable,Suburban,2,1,Home Purchase,1
6992,51,47836,512,0.21,1,7,3,6,1,3,Stable,Rural,2,2,Child Birth,1
6993,34,43049,599,0.38,1,1,9,4,0,5,Unstable,Rural,0,2,Home Purchase,0
6994,49,42665,670,0.44,1,15,5,4,0,2,Unstable,Suburban,2,0,Home Purchase,0
6995,37,75369,850,0.26,3,14,3,3,0,5,Unstable,Rural,0,0,Home Purchase,0
6996,40,20156,763,0.37,4,4,5,7,0,1,Unstable,Urban,0,2,Home Purchase,1
6997,65,49775,602,0.27,1,4,3,3,0,3,Unstable,Urban,4,2,None,0
6998,58,21764,850,0.45,5,11,5,9,0,5,Unstable,Urban,3,1,Marriage,0
6999,61,79218,699,0.59,3,1,6,9,0,4,Unstable,Urban,1,0,Marriage,0
7000,46,51594,586,0.44,3,11,9,6,0,3,Unstable,Rural,0,0,Home Purchase,1
7001,41,73668,692,0.13,5,12,2,7,0,3,Unstable,Urban,3,2,None,0
7002,47,91238,798,0.34,4,15,3,3,0,4,Unstable,Urban,3,0,Home Purchase,0
7003,60,91660,586,0.49,4,15,6,3,0,5,Unstable,Urban,3,2,Home Purchase,0
7004,33,34447,596,0.37,1,4,2,1,1,2,Unstable,Suburban,2,2,None,0
7005,26,67736,850,0.58,5,6,8,6,1,1,Unstable,Urban,0,2,Home Purchase,1
7006,56,88034,729,0.13,2,2,7,3,0,3,Unstable,Rural,2,1,Marriage,0
7007,46,77411,652,0.25,4,9,1,1,0,2,Unstable,Rural,2,2,Marriage,0
7008,67,79883,689,0.21,1,8,5,8,1,1,Unstable,Suburban,4,0,None,0
7009,37,20000,728,0.48,3,19,5,8,0,1,Stable,Rural,2,2,Marriage,0
7010,32,77028,680,0.36,4,8,1,8,1,5,Unstable,Rural,3,1,Marriage,1
7011,25,40176,834,0.17,2,10,6,8,1,2,Stable,Suburban,1,1,Home Purchase,0
7012,41,76617,709,0.24,3,17,2,5,0,3,Stable,Urban,2,0,Marriage,0
7013,36,76070,766,0.36,3,19,3,7,0,3,Stable,Suburban,3,1,Child Birth,1
7014,28,74747,708,0.6,5,1,5,3,0,5,Stable,Rural,2,1,None,0
7015,37,57233,696,0.28,5,15,6,2,0,3,Stable,Suburban,2,1,Child Birth,0
7016,55,92902,789,0.18,4,11,2,6,0,1,Unstable,Rural,2,0,Home Purchase,1
7017,65,72757,791,0.35,2,7,4,1,1,5,Stable,Suburban,2,0,Home Purchase,0
7018,31,68037,536,0.26,5,16,3,2,1,1,Stable,Urban,1,0,None,0
7019,47,36639,698,0.38,1,3,1,7,0,1,Stable,Rural,1,1,None,1
7020,48,69902,850,0.33,3,12,4,9,1,4,Unstable,Rural,4,2,None,0
7021,29,109467,655,0.44,1,16,6,7,1,4,Stable,Suburban,2,0,None,1
7022,29,25245,745,0.56,3,19,7,8,0,5,Stable,Urban,3,1,Home Purchase,0
7023,41,78252,824,0.2,1,2,6,8,0,1,Stable,Urban,0,2,Home Purchase,1
7024,54,81405,589,0.51,3,8,1,3,1,5,Stable,Urban,4,2,Home Purchase,1
7025,33,103137,662,0.57,5,19,5,6,0,4,Stable,Urban,3,0,Child Birth,0
7026,30,78143,542,0.29,1,11,5,2,0,5,Unstable,Suburban,4,2,None,0
7027,49,60266,710,0.16,4,11,6,9,0,2,Unstable,Suburban,0,2,None,0
7028,43,70565,738,0.51,4,2,5,7,1,5,Stable,Suburban,0,1,Marriage,0
7029,40,53298,764,0.45,2,5,9,3,0,2,Stable,Suburban,0,1,None,1
7030,45,90481,850,0.21,2,5,6,6,0,5,Stable,Rural,3,1,Child Birth,0
7031,26,21275,706,0.32,2,10,9,1,1,2,Stable,Rural,4,1,Home Purchase,0
7032,34,47803,584,0.39,1,2,4,7,0,2,Stable,Suburban,0,2,Marriage,0
7033,40,71153,611,0.18,3,15,3,9,0,2,Stable,Suburban,3,2,Marriage,0
7034,61,89273,623,0.46,2,18,6,5,0,2,Stable,Urban,2,2,Child Birth,1
7035,39,59655,720,0.44,5,12,1,9,0,3,Stable,Urban,2,2,None,1
7036,37,40441,850,0.54,4,10,5,8,0,3,Stable,Urban,3,2,Child Birth,0
7037,37,54728,692,0.38,4,7,2,8,0,5,Stable,Suburban,2,0,Marriage,0
7038,56,50825,837,0.39,5,15,6,6,1,4,Stable,Urban,2,2,Child Birth,1
7039,69,51975,688,0.41,4,15,3,3,0,1,Stable,Rural,0,2,Home Purchase,0
7040,32,49120,583,0.24,1,12,9,4,1,3,Unstable,Rural,4,2,Home Purchase,0
7041,67,49131,618,0.48,5,15,2,1,1,2,Stable,Urban,3,1,Child Birth,0
7042,42,20000,627,0.43,1,3,1,6,1,3,Unstable,Urban,0,0,Home Purchase,0
7043,60,67503,687,0.52,4,16,7,7,0,2,Unstable,Rural,1,2,Home Purchase,1
7044,50,76868,740,0.48,5,19,5,9,0,4,Stable,Urban,4,1,None,0
7045,34,97459,634,0.42,5,7,1,5,1,3,Stable,Suburban,1,2,None,0
7046,55,81510,779,0.18,5,17,5,2,0,1,Unstable,Rural,0,2,Home Purchase,0
7047,57,80234,804,0.56,4,4,4,7,0,1,Unstable,Rural,4,2,Home Purchase,1
7048,53,67400,673,0.28,4,15,1,7,0,3,Unstable,Suburban,4,0,Marriage,0
7049,29,20000,791,0.58,4,9,8,5,0,3,Unstable,Rural,0,0,Home Purchase,0
7050,37,67003,505,0.3,2,17,4,2,1,1,Stable,Urban,4,1,Home Purchase,1
7051,25,62809,464,0.17,2,1,7,7,0,4,Stable,Rural,3,1,Marriage,1
7052,47,85746,783,0.54,3,2,6,1,0,5,Unstable,Suburban,3,2,None,1
7053,64,74186,657,0.5,5,7,9,6,0,3,Unstable,Urban,0,1,Marriage,0
7054,27,56753,850,0.49,4,14,1,6,0,3,Unstable,Urban,4,2,None,1
7055,27,108953,690,0.14,5,5,9,6,0,1,Unstable,Suburban,0,1,None,0
7056,31,81211,599,0.54,1,4,8,3,1,1,Stable,Rural,4,0,Child Birth,1
7057,60,68496,850,0.4,1,13,5,3,0,1,Unstable,Urban,4,2,Child Birth,0
7058,59,71382,765,0.34,4,10,3,1,1,1,Stable,Urban,4,1,Child Birth,0
7059,39,61529,850,0.56,2,13,2,4,1,3,Unstable,Urban,4,0,None,1
7060,64,60412,641,0.43,3,12,9,7,0,2,Unstable,Rural,3,2,Child Birth,0
7061,27,20000,736,0.17,2,18,3,1,0,1,Unstable,Urban,4,0,None,0
7062,53,37122,612,0.36,5,11,4,2,1,4,Unstable,Suburban,4,2,Child Birth,0
7063,54,46476,525,0.42,2,18,6,2,1,4,Unstable,Suburban,4,1,Marriage,1
7064,63,71265,774,0.55,4,12,5,5,0,3,Unstable,Suburban,2,1,Child Birth,1
7065,42,20000,654,0.24,2,1,6,8,1,1,Stable,Urban,3,1,None,0
7066,35,46970,600,0.5,1,16,2,5,1,5,Stable,Suburban,3,0,Child Birth,1
7067,67,43767,561,0.5,4,14,5,1,0,1,Unstable,Rural,0,0,None,0
7068,62,62918,718,0.16,4,1,4,1,1,3,Unstable,Rural,3,1,Child Birth,1
7069,64,71328,706,0.11,4,7,1,5,0,5,Stable,Rural,2,0,Child Birth,0
7070,25,43854,651,0.39,2,19,4,2,0,3,Unstable,Suburban,3,2,Home Purchase,0
7071,53,45651,632,0.49,1,5,2,3,0,2,Stable,Suburban,2,1,Marriage,0
7072,34,42992,776,0.38,2,17,7,2,1,4,Stable,Rural,3,2,Marriage,0
7073,52,50246,451,0.51,5,10,7,9,0,3,Stable,Suburban,2,2,Child Birth,1
7074,55,58721,763,0.41,3,4,5,5,0,1,Stable,Suburban,3,1,Marriage,0
7075,43,92878,746,0.43,3,14,1,1,1,1,Unstable,Suburban,0,1,Home Purchase,1
7076,27,34687,576,0.11,3,6,1,3,0,3,Unstable,Rural,0,2,None,0
7077,60,103771,506,0.14,5,12,7,8,0,4,Stable,Suburban,2,0,Home Purchase,1
7078,67,29154,758,0.46,5,12,1,4,0,3,Unstable,Suburban,4,2,Child Birth,0
7079,39,83866,582,0.48,5,1,2,8,0,3,Unstable,Urban,3,0,Child Birth,0
7080,57,48105,850,0.37,1,12,4,1,0,1,Unstable,Suburban,3,2,None,0
7081,65,37226,850,0.4,4,6,5,8,0,1,Unstable,Rural,0,0,Home Purchase,1
7082,67,92921,742,0.41,5,4,1,9,1,1,Stable,Rural,0,0,None,0
7083,69,62043,689,0.15,3,17,1,7,0,4,Stable,Urban,2,2,None,0
7084,50,61087,678,0.43,3,10,3,3,0,1,Stable,Rural,1,0,Home Purchase,0
7085,40,53073,529,0.34,2,19,1,2,0,5,Stable,Suburban,4,2,Home Purchase,0
7086,60,45463,671,0.4,4,11,3,1,0,5,Unstable,Urban,2,2,Marriage,0
7087,57,55578,654,0.38,5,1,5,7,0,3,Stable,Rural,4,2,Home Purchase,1
7088,44,20000,636,0.48,4,5,3,1,1,3,Stable,Urban,2,2,Marriage,1
7089,37,20000,739,0.26,5,14,8,6,0,2,Unstable,Rural,3,1,Home Purchase,0
7090,57,69807,713,0.29,3,13,5,1,0,5,Unstable,Urban,2,2,Child Birth,1
7091,29,89569,778,0.3,4,2,5,4,0,4,Unstable,Rural,4,0,Child Birth,1
7092,61,94088,655,0.48,4,14,6,5,1,3,Stable,Rural,1,2,Home Purchase,1
7093,38,36075,760,0.32,5,6,4,1,1,3,Unstable,Rural,3,0,Home Purchase,0
7094,51,64820,700,0.19,5,6,5,8,1,4,Stable,Suburban,4,0,None,0
7095,47,20000,759,0.59,4,1,6,7,0,5,Unstable,Urban,1,0,Marriage,1
7096,38,51215,692,0.35,5,11,6,1,1,2,Stable,Rural,3,1,Marriage,0
7097,64,80592,850,0.15,4,4,5,5,0,4,Stable,Rural,0,1,Home Purchase,0
7098,28,59562,455,0.44,2,6,6,4,0,2,Stable,Suburban,4,2,Home Purchase,0
7099,63,51706,762,0.47,4,2,9,1,1,2,Unstable,Suburban,3,0,Marriage,1
7100,43,59667,785,0.35,1,5,8,4,0,3,Unstable,Suburban,1,1,Home Purchase,1
7101,28,92071,573,0.42,4,15,4,4,1,5,Stable,Suburban,3,2,Home Purchase,0
7102,54,53882,850,0.19,2,8,2,6,0,2,Stable,Urban,0,1,None,0
7103,43,61816,702,0.28,2,17,4,4,0,4,Unstable,Suburban,3,0,Home Purchase,0
7104,55,97984,687,0.18,3,10,6,5,1,5,Stable,Rural,0,2,Child Birth,1
7105,55,54291,737,0.29,3,9,7,3,0,1,Unstable,Urban,4,2,Marriage,0
7106,33,20000,788,0.38,1,2,4,7,0,1,Stable,Urban,3,1,Child Birth,0
7107,37,94210,713,0.32,5,11,3,3,0,4,Unstable,Suburban,2,0,Marriage,1
7108,38,85389,710,0.4,5,2,1,5,1,1,Stable,Suburban,1,0,None,0
7109,34,20000,783,0.35,2,16,7,2,1,5,Unstable,Suburban,2,0,Child Birth,0
7110,55,56745,796,0.26,2,4,1,8,0,5,Unstable,Urban,2,1,Marriage,1
7111,61,59445,733,0.17,3,17,8,4,0,3,Stable,Urban,3,2,Marriage,1
7112,47,94216,545,0.23,2,9,5,1,0,5,Unstable,Suburban,1,1,Home Purchase,0
7113,51,59640,598,0.2,4,12,8,2,1,2,Unstable,Urban,4,1,Home Purchase,0
7114,30,64147,808,0.45,4,5,2,7,1,3,Stable,Suburban,1,1,None,1
7115,50,64924,672,0.51,1,3,3,7,0,2,Stable,Suburban,0,1,Child Birth,0
7116,26,48347,640,0.46,4,6,4,2,0,5,Unstable,Urban,3,1,Home Purchase,0
7117,69,92430,743,0.42,1,7,2,8,0,3,Stable,Rural,2,2,Child Birth,1
7118,37,40193,731,0.25,3,4,4,1,0,4,Stable,Urban,4,2,Child Birth,0
7119,43,47863,678,0.46,4,14,6,4,0,4,Unstable,Rural,3,2,Home Purchase,1
7120,25,59851,774,0.4,1,14,7,8,1,4,Unstable,Urban,4,0,Child Birth,1
7121,64,26548,573,0.12,5,2,6,5,0,3,Unstable,Rural,4,1,Home Purchase,0
7122,56,104135,526,0.55,1,15,7,8,1,5,Stable,Rural,0,0,Child Birth,0
7123,46,59978,850,0.14,4,12,2,8,1,5,Stable,Urban,1,1,Marriage,1
7124,53,80615,587,0.35,1,14,1,9,1,3,Stable,Suburban,3,2,Marriage,0
7125,26,36062,552,0.36,3,10,9,1,0,3,Stable,Rural,4,0,None,1
7126,64,77793,667,0.52,2,3,7,1,0,1,Stable,Rural,1,1,None,0
7127,62,79914,697,0.56,5,2,2,9,0,1,Stable,Suburban,2,0,Marriage,1
7128,35,83521,652,0.57,3,2,7,7,1,3,Stable,Urban,0,2,Home Purchase,0
7129,41,107624,677,0.38,5,11,4,9,0,4,Unstable,Urban,0,0,Home Purchase,1
7130,67,46044,557,0.44,5,12,3,2,1,5,Unstable,Suburban,1,2,Home Purchase,0
7131,32,55333,771,0.14,1,15,4,8,0,4,Unstable,Suburban,2,2,None,0
7132,46,38868,547,0.34,2,12,5,1,0,2,Unstable,Rural,1,2,Marriage,0
7133,28,57594,702,0.55,1,11,9,4,1,2,Unstable,Suburban,0,2,Marriage,0
7134,35,76602,723,0.33,1,14,4,8,1,2,Stable,Suburban,4,1,Home Purchase,1
7135,32,75255,764,0.13,4,5,9,4,0,4,Unstable,Urban,2,2,Home Purchase,1
7136,33,101018,722,0.2,1,19,4,3,0,1,Stable,Rural,4,1,Home Purchase,0
7137,50,72254,591,0.31,2,17,1,7,1,2,Unstable,Rural,4,2,None,0
7138,26,60014,658,0.22,3,15,1,5,1,3,Unstable,Urban,3,2,None,0
7139,40,32706,629,0.3,1,17,4,1,1,5,Stable,Urban,4,1,Home Purchase,0
7140,55,81658,542,0.27,2,12,4,4,0,1,Unstable,Rural,0,0,Home Purchase,0
7141,30,56087,743,0.26,1,8,7,4,0,2,Unstable,Urban,0,0,Home Purchase,0
7142,45,82226,624,0.15,5,15,1,1,0,5,Stable,Urban,2,1,Home Purchase,0
7143,50,49380,714,0.54,1,2,5,5,0,5,Stable,Suburban,3,1,Marriage,1
7144,43,90017,688,0.45,4,17,8,2,0,1,Stable,Suburban,1,1,Child Birth,0
7145,52,69657,586,0.41,5,10,8,8,1,4,Stable,Rural,4,1,Home Purchase,0
7146,32,84806,579,0.4,2,18,7,9,0,5,Unstable,Suburban,4,0,None,1
7147,38,69645,666,0.3,1,12,4,2,1,1,Stable,Rural,3,1,None,0
7148,48,36866,568,0.51,5,1,7,4,1,2,Unstable,Urban,2,0,Marriage,1
7149,68,50865,798,0.57,5,4,1,2,0,1,Unstable,Rural,2,1,Child Birth,0
7150,61,27989,834,0.1,3,5,6,5,0,4,Stable,Suburban,3,0,Marriage,0
7151,50,64616,778,0.14,5,3,7,7,0,2,Stable,Suburban,0,1,Home Purchase,0
7152,55,23434,734,0.44,2,1,3,5,0,4,Stable,Rural,2,2,Child Birth,0
7153,56,67346,706,0.22,1,7,8,5,0,5,Stable,Rural,2,1,Child Birth,0
7154,65,20000,595,0.56,5,12,8,2,0,1,Stable,Rural,4,2,None,1
7155,26,80248,782,0.43,2,6,8,3,0,3,Unstable,Rural,0,0,None,1
7156,49,32408,837,0.28,3,17,5,6,0,4,Unstable,Suburban,0,0,Marriage,0
7157,68,36152,666,0.31,1,11,7,6,1,1,Unstable,Rural,3,1,Home Purchase,1
7158,26,94296,696,0.45,4,8,5,1,0,3,Unstable,Suburban,2,1,Marriage,0
7159,66,67994,619,0.17,5,11,8,1,0,3,Stable,Rural,3,1,Marriage,0
7160,25,81158,666,0.54,5,13,9,9,0,1,Stable,Suburban,4,1,Marriage,1
7161,60,34866,574,0.1,3,9,4,2,0,2,Stable,Urban,1,2,Marriage,0
7162,36,84047,671,0.59,2,19,4,2,0,3,Stable,Rural,3,1,Marriage,0
7163,33,56563,743,0.18,3,5,7,9,0,1,Stable,Suburban,0,2,Home Purchase,0
7164,60,62940,732,0.47,2,10,7,5,1,1,Stable,Rural,3,2,Home Purchase,1
7165,65,97257,725,0.12,1,13,8,6,0,2,Unstable,Rural,3,2,Child Birth,1
7166,52,30927,455,0.32,5,5,7,3,0,1,Stable,Suburban,0,2,None,0
7167,62,82825,704,0.42,4,3,7,7,1,4,Stable,Rural,2,0,Home Purchase,1
7168,57,69635,761,0.14,3,17,6,2,0,4,Stable,Urban,4,2,Marriage,1
7169,66,54672,699,0.32,4,10,6,5,0,2,Unstable,Suburban,2,1,Marriage,1
7170,46,32646,813,0.25,4,17,3,4,1,5,Stable,Suburban,0,2,Child Birth,0
7171,49,54392,690,0.35,5,6,4,8,0,1,Stable,Urban,0,0,Home Purchase,0
7172,42,39541,739,0.35,5,14,4,2,1,4,Unstable,Urban,0,1,None,0
7173,30,89671,599,0.49,4,9,9,1,1,4,Unstable,Suburban,4,2,Home Purchase,0
7174,42,62293,758,0.16,1,5,6,2,0,1,Unstable,Urban,2,1,Home Purchase,0
7175,40,43075,778,0.14,4,8,3,2,0,1,Stable,Urban,2,1,Child Birth,0
7176,39,24059,628,0.3,2,16,4,8,0,3,Unstable,Urban,2,0,Home Purchase,0
7177,32,48423,557,0.54,2,7,6,1,0,2,Unstable,Rural,0,2,None,1
7178,37,90905,654,0.53,2,2,6,1,1,3,Unstable,Rural,1,1,Child Birth,1
7179,67,62785,600,0.38,2,9,5,1,0,2,Stable,Urban,3,2,Marriage,0
7180,31,55495,759,0.54,3,10,1,3,0,3,Stable,Suburban,3,2,Marriage,0
7181,41,102467,651,0.5,1,19,6,5,1,2,Stable,Rural,0,2,None,0
7182,56,49636,771,0.24,3,4,4,8,0,1,Stable,Rural,0,0,Marriage,0
7183,46,39792,543,0.19,3,13,8,8,0,2,Stable,Suburban,0,1,Home Purchase,0
7184,37,70102,617,0.25,2,2,1,5,1,4,Unstable,Suburban,1,1,Home Purchase,0
7185,47,70489,623,0.21,1,19,5,5,0,5,Unstable,Rural,4,2,Child Birth,0
7186,53,45330,727,0.41,1,6,4,7,1,4,Unstable,Urban,4,0,None,0
7187,46,40058,492,0.39,4,16,5,1,0,2,Stable,Suburban,0,1,Child Birth,0
7188,25,96176,672,0.4,3,15,9,1,0,2,Unstable,Suburban,0,1,Child Birth,1
7189,53,49175,663,0.19,1,14,7,1,0,2,Unstable,Urban,1,0,Home Purchase,0
7190,29,23703,736,0.5,5,13,3,8,1,5,Unstable,Suburban,1,1,Child Birth,1
7191,59,64821,705,0.32,3,17,3,8,1,5,Unstable,Suburban,3,2,Child Birth,0
7192,34,82364,604,0.34,1,18,7,4,0,3,Stable,Rural,1,2,None,1
7193,43,55234,474,0.6,5,1,1,5,0,2,Unstable,Urban,0,2,None,0
7194,61,73428,622,0.24,5,4,8,7,0,3,Unstable,Urban,4,1,Home Purchase,1
7195,31,33816,573,0.3,5,16,3,6,0,4,Unstable,Rural,2,2,Home Purchase,0
7196,59,75706,579,0.44,2,18,8,2,0,5,Unstable,Suburban,1,2,Child Birth,1
7197,69,36119,626,0.54,4,10,8,7,0,1,Stable,Suburban,2,1,Child Birth,0
7198,37,67629,781,0.16,4,8,2,2,0,5,Unstable,Urban,0,0,Home Purchase,0
7199,34,79191,573,0.47,1,6,3,4,1,3,Stable,Rural,3,1,None,0
7200,26,62467,514,0.56,1,17,1,4,0,1,Unstable,Rural,0,2,Home Purchase,0
7201,30,29113,642,0.31,4,5,6,5,0,1,Unstable,Suburban,1,0,Home Purchase,1
7202,32,30198,672,0.24,5,4,3,1,1,1,Unstable,Suburban,3,1,None,0
7203,60,99828,665,0.44,1,4,9,3,0,5,Unstable,Rural,3,1,Child Birth,0
7204,49,40796,634,0.22,2,19,1,8,0,2,Stable,Rural,4,0,Marriage,0
7205,68,79128,675,0.29,2,9,8,6,0,1,Unstable,Suburban,0,1,Home Purchase,0
7206,64,62959,721,0.55,4,13,7,3,0,4,Unstable,Rural,0,0,Marriage,1
7207,31,34898,612,0.4,1,7,7,2,1,4,Unstable,Suburban,2,1,None,0
7208,47,46681,800,0.15,1,18,8,6,1,1,Unstable,Rural,4,2,Marriage,0
7209,43,102495,681,0.26,5,18,9,3,0,4,Unstable,Urban,2,1,None,0
7210,46,147241,797,0.41,1,17,8,7,0,4,Unstable,Urban,1,1,Home Purchase,0
7211,37,52067,726,0.34,4,8,6,7,0,4,Stable,Urban,2,1,Child Birth,1
7212,45,50340,573,0.43,1,11,1,2,1,3,Stable,Urban,2,0,Marriage,0
7213,25,20000,504,0.48,1,6,1,4,1,3,Unstable,Urban,3,0,None,1
7214,43,20000,806,0.34,2,8,7,3,0,4,Unstable,Urban,2,2,Home Purchase,0
7215,57,38568,608,0.59,4,8,3,8,0,2,Unstable,Rural,3,0,None,1
7216,28,48874,690,0.56,3,19,3,8,1,4,Unstable,Urban,1,1,Home Purchase,0
7217,66,59363,639,0.13,4,15,9,4,1,3,Stable,Urban,2,1,Child Birth,0
7218,27,77253,834,0.23,4,19,4,4,0,1,Unstable,Suburban,4,1,Child Birth,0
7219,51,65521,692,0.25,3,6,3,6,0,4,Stable,Suburban,1,1,Home Purchase,0
7220,65,77667,561,0.19,3,4,2,6,0,5,Stable,Suburban,3,1,Child Birth,0
7221,59,44651,673,0.26,2,7,5,6,1,3,Stable,Urban,4,0,Home Purchase,0
7222,52,58230,812,0.31,5,2,9,2,0,3,Unstable,Rural,1,2,Marriage,0
7223,30,50897,612,0.13,4,2,8,8,0,3,Unstable,Rural,0,2,Marriage,0
7224,30,28331,543,0.16,4,14,8,7,0,1,Unstable,Suburban,0,1,Child Birth,0
7225,68,20000,773,0.15,4,9,1,2,1,5,Unstable,Urban,1,2,None,1
7226,47,43271,602,0.12,4,7,9,8,0,5,Unstable,Suburban,1,0,Marriage,0
7227,57,20000,530,0.34,2,5,8,1,0,5,Unstable,Suburban,2,0,None,0
7228,40,31678,605,0.27,4,12,3,7,1,3,Stable,Suburban,2,0,Home Purchase,1
7229,48,73629,722,0.57,3,18,8,6,1,4,Unstable,Suburban,1,1,Child Birth,0
7230,29,64504,738,0.15,3,19,9,9,1,4,Unstable,Suburban,4,2,Home Purchase,0
7231,65,60535,734,0.56,1,16,2,3,0,5,Unstable,Rural,3,1,Marriage,0
7232,66,89513,592,0.14,2,12,1,9,0,3,Unstable,Urban,1,2,Home Purchase,0
7233,37,41788,784,0.41,1,6,1,5,0,4,Stable,Urban,0,1,Child Birth,0
7234,36,77048,768,0.22,4,1,1,5,0,2,Stable,Urban,2,0,Home Purchase,1
7235,29,39822,743,0.51,2,12,5,6,0,4,Unstable,Suburban,2,2,Child Birth,1
7236,61,66936,589,0.13,2,11,2,3,0,4,Stable,Rural,0,2,Marriage,0
7237,55,63838,634,0.58,5,11,4,4,0,2,Unstable,Rural,4,1,Home Purchase,0
7238,52,65187,728,0.12,5,9,1,6,0,4,Stable,Rural,1,1,Home Purchase,1
7239,52,50332,754,0.22,1,2,2,5,0,1,Stable,Urban,4,2,Child Birth,1
7240,54,67983,595,0.33,1,8,7,8,0,3,Stable,Urban,4,0,Home Purchase,0
7241,42,69937,850,0.48,3,1,9,7,0,1,Unstable,Urban,1,1,Home Purchase,1
7242,68,24233,683,0.58,3,1,6,1,0,1,Stable,Suburban,4,2,None,0
7243,51,81212,791,0.31,3,12,5,6,0,3,Stable,Urban,0,2,Home Purchase,0
7244,59,29102,572,0.48,2,4,7,5,0,1,Stable,Rural,1,2,Home Purchase,0
7245,50,38066,717,0.46,4,1,9,9,0,4,Stable,Urban,2,0,Marriage,0
7246,63,66049,570,0.39,1,12,2,3,1,5,Unstable,Suburban,1,0,None,1
7247,42,74947,712,0.45,3,14,6,4,0,5,Stable,Rural,2,2,Child Birth,0
7248,57,65500,743,0.12,2,1,3,4,0,1,Unstable,Rural,3,2,None,0
7249,49,68139,748,0.32,5,12,4,4,0,5,Unstable,Rural,1,1,Home Purchase,0
7250,55,31582,623,0.49,4,5,5,9,0,1,Unstable,Rural,2,0,Marriage,1
7251,61,46908,515,0.34,5,2,5,8,0,3,Stable,Rural,4,1,Child Birth,0
7252,26,20000,729,0.54,5,4,8,9,0,2,Stable,Rural,3,0,None,0
7253,57,37030,657,0.52,4,11,5,4,1,1,Unstable,Rural,1,2,None,0
7254,63,26459,657,0.53,2,18,2,3,0,2,Unstable,Suburban,2,1,None,0
7255,67,60333,604,0.16,5,19,2,5,0,4,Stable,Rural,4,2,None,0
7256,67,118903,691,0.22,2,18,1,2,0,3,Unstable,Urban,2,1,Home Purchase,0
7257,56,79003,696,0.11,5,15,2,5,0,5,Unstable,Suburban,1,0,None,0
7258,42,20000,802,0.59,3,15,1,2,0,1,Stable,Suburban,0,2,Home Purchase,1
7259,41,22059,495,0.22,4,9,3,2,0,1,Unstable,Rural,0,0,Home Purchase,0
7260,58,27529,564,0.28,1,8,5,7,0,4,Stable,Suburban,1,1,Child Birth,0
7261,63,20000,742,0.24,4,10,3,4,1,3,Unstable,Suburban,4,0,Child Birth,1
7262,31,52938,476,0.12,5,8,7,6,0,2,Stable,Rural,3,0,Child Birth,1
7263,66,65718,624,0.23,5,11,2,9,0,3,Unstable,Suburban,2,0,Child Birth,1
7264,59,27675,850,0.15,3,19,5,3,1,4,Stable,Suburban,4,1,Marriage,1
7265,54,54423,669,0.3,3,12,3,1,0,2,Unstable,Urban,2,2,Marriage,0
7266,36,65505,766,0.58,4,7,2,3,0,2,Unstable,Urban,0,1,Child Birth,1
7267,59,77474,528,0.45,1,1,4,3,1,1,Unstable,Rural,3,1,Child Birth,0
7268,35,63902,767,0.45,4,3,9,3,1,1,Unstable,Suburban,1,2,Marriage,1
7269,68,68260,659,0.33,1,13,9,4,0,3,Unstable,Rural,1,0,Marriage,1
7270,28,59064,725,0.51,2,4,6,3,0,2,Stable,Suburban,0,0,Child Birth,1
7271,49,34645,752,0.55,5,10,7,5,0,1,Unstable,Suburban,1,0,Marriage,0
7272,56,40112,645,0.58,2,6,1,8,0,2,Unstable,Suburban,3,0,Child Birth,0
7273,44,26930,745,0.15,4,4,3,3,0,2,Unstable,Suburban,3,0,Home Purchase,1
7274,55,97467,584,0.54,1,8,2,6,0,5,Stable,Rural,1,2,None,0
7275,28,23268,702,0.21,1,14,9,1,1,1,Unstable,Suburban,4,1,Marriage,1
7276,62,83802,749,0.3,2,18,8,4,1,1,Unstable,Suburban,1,1,Marriage,0
7277,25,23512,643,0.27,3,8,3,1,0,1,Stable,Suburban,3,0,Child Birth,0
7278,27,79185,600,0.44,3,5,8,2,0,5,Unstable,Suburban,0,0,Marriage,0
7279,61,84303,651,0.4,2,14,8,3,1,4,Unstable,Urban,1,2,Home Purchase,0
7280,46,88799,806,0.15,3,15,8,5,0,5,Unstable,Rural,4,2,Home Purchase,0
7281,41,33963,790,0.49,1,17,4,9,0,4,Unstable,Suburban,1,0,Marriage,0
7282,38,64106,773,0.32,4,4,7,9,0,3,Unstable,Suburban,2,1,Marriage,0
7283,65,44983,850,0.1,3,13,8,3,0,1,Stable,Suburban,1,2,Home Purchase,0
7284,59,37834,700,0.31,1,15,5,8,0,4,Unstable,Rural,3,0,Child Birth,0
7285,37,61096,717,0.36,4,9,9,2,0,2,Stable,Rural,1,0,None,0
7286,59,80347,500,0.13,1,17,9,9,0,4,Unstable,Urban,1,0,Child Birth,1
7287,67,45121,608,0.18,5,3,3,4,0,4,Stable,Urban,0,0,Child Birth,0
7288,26,68229,751,0.6,4,9,3,2,0,2,Unstable,Suburban,2,0,Marriage,0
7289,37,37306,786,0.54,5,11,8,5,1,3,Unstable,Suburban,0,1,None,0
7290,40,33918,570,0.17,3,5,7,7,0,1,Unstable,Suburban,3,0,Marriage,0
7291,42,51889,690,0.39,3,18,9,6,0,5,Unstable,Suburban,4,1,Marriage,0
7292,31,53388,850,0.29,1,12,2,9,0,3,Stable,Suburban,0,0,Child Birth,1
7293,69,76694,691,0.37,2,19,2,7,0,5,Stable,Suburban,3,1,Home Purchase,0
7294,60,28711,844,0.34,1,5,7,6,0,5,Stable,Suburban,2,2,Child Birth,0
7295,65,113965,734,0.12,5,12,8,8,1,3,Stable,Urban,1,0,Child Birth,1
7296,54,20000,756,0.26,4,6,3,7,1,4,Unstable,Suburban,0,2,Child Birth,1
7297,66,65701,609,0.16,2,17,1,7,1,3,Stable,Urban,1,2,Home Purchase,0
7298,65,52873,539,0.34,1,14,7,8,0,5,Stable,Rural,2,2,None,0
7299,31,43791,772,0.55,5,3,6,6,1,3,Stable,Suburban,4,1,Marriage,0
7300,39,55621,730,0.6,5,1,1,5,1,2,Stable,Suburban,1,0,Home Purchase,1
7301,64,76804,706,0.57,3,13,9,4,0,4,Unstable,Rural,4,2,Child Birth,1
7302,43,80687,567,0.59,1,18,6,8,1,4,Stable,Rural,2,1,None,0
7303,67,54560,664,0.11,1,10,5,9,0,5,Unstable,Rural,2,0,Marriage,0
7304,61,68294,638,0.46,5,19,3,9,1,4,Stable,Rural,4,2,None,1
7305,26,26742,648,0.24,1,19,9,4,1,5,Unstable,Rural,0,0,None,0
7306,66,55393,722,0.53,3,17,7,9,0,2,Stable,Urban,2,0,Marriage,1
7307,37,69859,770,0.51,2,7,4,2,1,5,Stable,Rural,2,0,Home Purchase,1
7308,64,20000,728,0.31,5,8,1,7,1,2,Unstable,Rural,4,2,None,0
7309,65,62022,719,0.34,3,16,4,4,0,2,Stable,Suburban,1,2,None,0
7310,67,55794,711,0.23,3,16,3,4,0,4,Unstable,Urban,4,1,Marriage,0
7311,67,91745,682,0.24,4,16,6,8,0,4,Unstable,Urban,3,2,Marriage,0
7312,55,64177,616,0.59,2,9,1,3,0,5,Stable,Rural,1,1,Child Birth,0
7313,40,71995,704,0.54,3,13,4,5,1,5,Unstable,Urban,1,1,None,0
7314,66,53212,774,0.2,4,4,1,5,0,4,Unstable,Suburban,2,0,Home Purchase,1
7315,68,75801,688,0.24,4,10,1,3,0,5,Stable,Rural,1,1,None,0
7316,30,74057,607,0.15,1,9,6,4,0,3,Stable,Suburban,0,0,Child Birth,0
7317,52,27334,580,0.59,3,18,6,9,0,5,Unstable,Rural,0,2,Marriage,1
7318,56,67774,604,0.55,5,12,9,3,0,3,Stable,Rural,0,0,Child Birth,0
7319,68,89556,585,0.38,1,10,7,9,0,5,Unstable,Urban,3,1,Home Purchase,0
7320,34,84594,850,0.45,2,17,6,1,0,3,Stable,Suburban,2,1,Child Birth,0
7321,42,60684,612,0.47,5,12,3,5,1,2,Stable,Urban,4,2,Marriage,0
7322,28,68042,696,0.2,5,2,3,5,0,1,Stable,Urban,3,0,Home Purchase,0
7323,33,82872,691,0.57,4,14,5,9,0,5,Stable,Rural,3,1,Home Purchase,0
7324,31,31528,841,0.36,3,6,6,8,0,5,Stable,Suburban,0,1,Home Purchase,0
7325,32,71859,742,0.15,4,11,6,7,0,2,Stable,Suburban,1,2,Child Birth,0
7326,67,20000,742,0.3,4,14,8,1,0,4,Unstable,Suburban,4,2,Marriage,0
7327,31,81558,717,0.4,3,14,8,7,0,4,Unstable,Urban,2,0,Home Purchase,0
7328,65,50381,727,0.28,3,6,1,2,0,4,Stable,Suburban,1,2,Marriage,0
7329,64,57838,732,0.45,3,1,3,9,1,2,Stable,Suburban,1,1,Marriage,0
7330,27,46115,637,0.54,4,17,5,3,0,1,Stable,Rural,3,2,Home Purchase,0
7331,41,58973,608,0.49,3,17,9,9,0,4,Stable,Suburban,3,0,None,0
7332,26,66384,705,0.42,3,17,4,5,1,4,Unstable,Suburban,0,2,Home Purchase,0
7333,39,78857,646,0.36,5,10,5,4,1,5,Unstable,Rural,2,1,Marriage,0
7334,53,92487,718,0.23,4,10,1,5,0,2,Unstable,Rural,2,0,Marriage,1
7335,46,61213,592,0.33,3,14,7,2,1,2,Unstable,Suburban,3,2,Child Birth,1
7336,28,20000,552,0.25,4,1,2,8,0,3,Unstable,Rural,3,0,None,0
7337,30,92641,572,0.57,2,2,1,8,1,5,Stable,Suburban,0,1,Marriage,1
7338,62,23200,692,0.55,1,18,2,8,1,3,Stable,Urban,1,2,Home Purchase,0
7339,50,49443,538,0.18,5,3,8,8,0,3,Stable,Urban,4,0,None,0
7340,35,47741,850,0.51,5,4,1,7,0,1,Stable,Rural,0,0,Home Purchase,1
7341,50,60288,850,0.45,4,5,1,2,1,4,Unstable,Rural,2,0,None,1
7342,41,28412,788,0.59,3,3,1,8,0,2,Stable,Rural,2,2,Marriage,1
7343,48,27198,663,0.33,4,3,2,6,0,3,Stable,Rural,1,1,None,0
7344,52,59461,651,0.46,1,4,1,5,0,5,Stable,Suburban,1,2,Home Purchase,0
7345,59,40055,729,0.36,5,6,2,2,0,2,Unstable,Suburban,4,2,Home Purchase,0
7346,55,93652,759,0.13,5,7,7,3,1,4,Stable,Suburban,2,2,Child Birth,0
7347,37,46227,729,0.12,1,4,1,4,1,2,Unstable,Rural,3,0,None,0
7348,59,34291,568,0.16,4,15,2,4,0,1,Stable,Urban,3,1,Home Purchase,0
7349,40,101795,681,0.25,5,6,3,5,0,4,Unstable,Suburban,0,1,Child Birth,0
7350,39,71748,753,0.23,3,5,2,2,0,4,Stable,Urban,3,1,Home Purchase,0
7351,67,127923,463,0.46,4,8,3,9,0,2,Stable,Suburban,4,1,None,1
7352,42,20000,589,0.46,3,6,7,9,1,5,Unstable,Suburban,4,2,Home Purchase,0
7353,61,65194,752,0.59,2,17,2,9,0,3,Stable,Rural,2,0,Home Purchase,1
7354,65,72140,668,0.26,1,16,3,5,0,3,Unstable,Rural,3,2,None,0
7355,51,60695,668,0.57,5,11,6,4,0,3,Stable,Urban,1,1,None,0
7356,59,50949,810,0.41,1,1,4,9,0,2,Unstable,Urban,2,0,Child Birth,0
7357,69,91140,694,0.35,1,14,1,8,0,5,Stable,Rural,0,0,None,0
7358,59,71659,652,0.43,3,13,8,7,0,2,Stable,Rural,1,1,None,0
7359,52,20000,669,0.45,5,10,7,5,0,3,Stable,Urban,3,0,Home Purchase,0
7360,63,38265,672,0.19,2,10,8,8,0,3,Unstable,Rural,4,2,Home Purchase,0
7361,62,30899,616,0.48,1,8,9,5,1,3,Stable,Suburban,3,2,None,1
7362,33,56971,677,0.46,3,9,9,2,1,5,Unstable,Suburban,4,2,Marriage,0
7363,36,83721,586,0.6,3,4,3,6,1,1,Stable,Rural,0,0,None,0
7364,39,50518,666,0.56,5,11,9,2,0,3,Stable,Rural,2,1,None,0
7365,45,53671,648,0.44,4,9,6,9,1,3,Unstable,Urban,3,1,None,0
7366,59,35524,723,0.46,4,12,2,7,1,5,Unstable,Rural,1,0,None,1
7367,66,79033,850,0.57,2,13,1,3,0,2,Stable,Rural,3,2,Child Birth,0
7368,57,90816,725,0.58,3,8,4,8,0,4,Stable,Suburban,3,1,None,1
7369,43,59188,710,0.51,4,13,9,1,1,4,Stable,Rural,0,1,Home Purchase,0
7370,47,99500,723,0.48,1,1,2,9,0,5,Stable,Rural,4,1,Marriage,1
7371,37,46397,613,0.16,2,11,1,7,1,1,Unstable,Suburban,2,1,Marriage,0
7372,68,25075,770,0.52,1,2,2,2,0,2,Stable,Rural,2,0,None,0
7373,25,80109,740,0.23,4,5,7,8,0,3,Stable,Urban,4,1,Child Birth,0
7374,53,57603,695,0.38,3,11,5,6,0,2,Stable,Rural,1,0,Marriage,0
7375,48,45469,735,0.3,4,4,5,6,0,1,Stable,Urban,3,2,None,0
7376,40,61916,732,0.27,2,8,4,4,0,3,Unstable,Suburban,0,1,Home Purchase,0
7377,49,20390,732,0.26,2,12,1,5,0,5,Stable,Suburban,1,2,None,0
7378,47,20000,799,0.53,1,3,8,9,0,5,Stable,Suburban,0,2,Child Birth,0
7379,52,62314,624,0.48,1,17,1,7,0,3,Unstable,Rural,0,0,Child Birth,1
7380,40,70859,831,0.36,2,8,3,1,1,3,Stable,Suburban,3,0,Child Birth,1
7381,67,94846,539,0.43,1,6,2,2,0,5,Unstable,Rural,3,2,Marriage,0
7382,62,82165,766,0.59,5,4,2,1,0,1,Stable,Urban,2,0,None,0
7383,35,75884,716,0.3,2,4,9,9,0,1,Stable,Rural,2,2,None,0
7384,27,91760,603,0.38,1,7,9,1,0,5,Unstable,Rural,3,0,Child Birth,0
7385,39,72247,802,0.37,4,10,5,3,0,2,Stable,Rural,0,0,Home Purchase,0
7386,25,51394,518,0.57,3,6,2,6,1,1,Stable,Suburban,0,1,Child Birth,0
7387,31,82809,850,0.28,5,4,7,6,0,1,Stable,Rural,2,2,Marriage,1
7388,25,81890,850,0.59,5,10,8,9,0,1,Unstable,Rural,4,2,None,1
7389,56,59804,683,0.25,3,17,9,9,0,4,Unstable,Suburban,3,0,Child Birth,0
7390,33,30004,597,0.15,3,6,4,4,0,4,Stable,Urban,3,1,Child Birth,0
7391,53,20000,642,0.2,4,11,1,1,1,3,Stable,Urban,3,0,Home Purchase,1
7392,50,81059,797,0.31,3,18,7,9,1,1,Unstable,Rural,2,1,Child Birth,1
7393,47,71966,667,0.42,5,9,7,2,1,4,Stable,Urban,3,1,Home Purchase,0
7394,69,75477,406,0.36,4,12,1,4,1,1,Stable,Urban,1,2,Home Purchase,0
7395,67,81993,738,0.29,3,11,4,7,0,1,Stable,Rural,2,2,Marriage,1
7396,53,37524,789,0.38,4,18,4,2,0,3,Unstable,Urban,2,1,Child Birth,0
7397,62,20000,751,0.52,4,2,1,9,0,5,Stable,Urban,3,2,Child Birth,0
7398,57,72896,767,0.52,1,16,7,5,1,5,Stable,Suburban,2,0,Home Purchase,1
7399,31,89943,850,0.46,3,9,3,9,0,1,Stable,Suburban,4,0,Child Birth,1
7400,36,68796,678,0.58,1,16,1,9,1,3,Unstable,Rural,0,0,None,0
7401,55,22841,850,0.4,5,12,7,8,0,4,Unstable,Suburban,1,0,Child Birth,0
7402,56,66017,684,0.1,4,17,3,3,0,2,Unstable,Rural,4,1,Home Purchase,1
7403,44,31881,812,0.25,5,13,3,9,0,3,Unstable,Urban,1,1,Home Purchase,0
7404,41,21439,685,0.26,4,4,3,3,0,1,Stable,Urban,1,0,Marriage,0
7405,60,59808,850,0.37,3,13,4,9,0,5,Unstable,Suburban,3,0,Home Purchase,1
7406,27,64062,764,0.55,2,12,5,2,0,4,Unstable,Suburban,2,2,None,1
7407,25,57534,690,0.52,3,2,1,7,0,3,Unstable,Urban,1,1,None,0
7408,51,70953,580,0.22,4,17,3,2,1,5,Stable,Urban,4,1,None,0
7409,64,40235,720,0.36,2,15,1,5,0,3,Stable,Urban,1,1,Home Purchase,0
7410,57,62142,618,0.43,2,13,3,2,1,2,Unstable,Urban,2,0,Home Purchase,1
7411,44,47866,744,0.59,3,2,3,8,1,3,Stable,Urban,1,1,Child Birth,0
7412,38,53707,765,0.12,5,6,4,2,0,2,Unstable,Rural,0,2,None,0
7413,60,66710,804,0.33,3,12,1,9,1,4,Unstable,Urban,1,1,Marriage,1
7414,29,86490,753,0.59,4,1,5,2,0,1,Stable,Suburban,0,1,Home Purchase,0
7415,47,67307,708,0.59,5,15,4,4,1,1,Unstable,Urban,1,2,Child Birth,0
7416,69,75600,832,0.27,4,3,5,7,0,2,Unstable,Suburban,4,0,Home Purchase,0
7417,39,60255,844,0.1,5,10,6,9,0,4,Stable,Rural,1,0,Child Birth,1
7418,30,72190,594,0.39,1,6,3,3,1,3,Unstable,Suburban,0,2,Home Purchase,1
7419,57,85844,850,0.53,5,5,3,2,0,3,Unstable,Rural,0,2,Home Purchase,0
7420,43,106979,822,0.26,1,8,5,6,0,4,Stable,Rural,3,0,Marriage,0
7421,37,90269,614,0.57,4,6,5,1,0,2,Stable,Rural,4,2,None,0
7422,53,58622,512,0.27,3,11,9,5,0,2,Stable,Urban,2,0,Home Purchase,0
7423,30,88616,820,0.41,4,14,7,8,0,1,Stable,Urban,0,2,Marriage,1
7424,39,73726,720,0.46,3,5,6,3,0,1,Stable,Urban,4,0,Home Purchase,0
7425,40,44819,654,0.27,1,13,2,5,0,4,Stable,Urban,3,2,None,0
7426,48,74070,731,0.28,3,9,9,9,1,3,Unstable,Rural,0,0,None,1
7427,47,31782,818,0.33,4,10,3,1,0,5,Unstable,Urban,4,0,Marriage,1
7428,34,74107,496,0.52,4,11,7,9,0,2,Stable,Rural,4,0,None,1
7429,65,103794,712,0.15,4,6,8,1,0,4,Unstable,Suburban,1,2,Child Birth,1
7430,65,80565,705,0.42,5,5,9,4,0,5,Unstable,Urban,3,1,Child Birth,0
7431,41,89915,849,0.44,4,5,5,1,0,4,Stable,Suburban,3,2,Child Birth,1
7432,68,50545,782,0.38,5,16,6,8,1,3,Stable,Rural,1,2,Home Purchase,1
7433,69,72022,781,0.57,2,8,6,7,0,5,Stable,Urban,4,2,None,1
7434,54,77454,655,0.4,1,15,5,3,0,2,Unstable,Urban,1,1,None,1
7435,68,52370,766,0.42,2,15,7,5,0,4,Unstable,Suburban,1,2,Marriage,0
7436,34,77092,651,0.4,2,9,1,2,0,4,Stable,Rural,4,2,Child Birth,0
7437,43,71367,689,0.46,5,15,5,5,0,1,Unstable,Rural,2,1,Marriage,0
7438,53,77370,757,0.17,5,8,6,5,0,3,Unstable,Rural,0,1,Marriage,0
7439,26,34248,708,0.55,1,14,3,9,0,4,Unstable,Suburban,4,1,Home Purchase,1
7440,60,91902,731,0.12,1,7,2,5,0,2,Unstable,Suburban,1,2,Child Birth,0
7441,43,71266,831,0.42,1,12,4,2,0,5,Unstable,Rural,3,2,None,0
7442,31,57046,663,0.41,4,1,3,3,0,1,Unstable,Urban,4,1,Child Birth,0
7443,50,57649,596,0.2,4,15,6,6,0,5,Stable,Urban,3,2,Home Purchase,0
7444,39,59029,609,0.12,1,7,6,1,1,5,Unstable,Rural,2,2,Marriage,0
7445,62,39276,587,0.17,5,15,4,6,1,1,Unstable,Suburban,2,2,Child Birth,0
7446,27,89729,850,0.24,2,10,4,5,1,4,Stable,Rural,2,0,Child Birth,1
7447,62,84077,765,0.54,1,6,2,2,0,3,Unstable,Suburban,0,2,Marriage,0
7448,40,85758,807,0.53,1,16,7,2,1,3,Stable,Rural,2,2,Marriage,1
7449,26,97829,789,0.13,2,14,9,2,0,5,Unstable,Rural,1,0,Child Birth,1
7450,55,64744,680,0.24,3,12,9,3,0,5,Unstable,Rural,2,2,Marriage,0
7451,52,20000,850,0.54,1,17,2,2,0,3,Unstable,Urban,0,2,None,0
7452,31,75721,630,0.22,1,10,9,3,1,2,Unstable,Urban,2,0,Child Birth,1
7453,54,74790,850,0.6,4,10,5,9,1,2,Unstable,Suburban,4,2,Marriage,1
7454,67,98845,712,0.23,2,8,6,3,0,5,Stable,Suburban,3,2,Marriage,0
7455,31,87052,850,0.47,1,11,1,7,0,3,Unstable,Suburban,1,1,None,1
7456,60,63349,595,0.31,1,18,7,3,0,1,Stable,Urban,1,2,Child Birth,0
7457,53,56392,656,0.17,3,13,8,6,0,4,Stable,Urban,2,2,None,0
7458,48,85090,539,0.23,2,16,5,9,0,1,Unstable,Urban,0,1,Home Purchase,0
7459,63,20000,804,0.44,1,14,6,6,0,2,Unstable,Suburban,3,1,Marriage,0
7460,28,66034,725,0.27,3,12,4,4,1,2,Unstable,Urban,0,1,Child Birth,0
7461,53,83641,850,0.4,1,13,3,5,0,2,Unstable,Suburban,2,2,Marriage,1
7462,68,56974,651,0.2,5,13,3,8,0,5,Unstable,Urban,0,2,Marriage,0
7463,29,50446,833,0.32,3,16,2,8,0,5,Stable,Rural,3,2,Home Purchase,1
7464,53,67371,707,0.36,5,1,6,7,1,1,Unstable,Rural,3,1,Home Purchase,0
7465,54,93736,690,0.31,1,12,9,5,0,1,Unstable,Rural,0,0,Marriage,0
7466,53,71276,671,0.2,3,9,3,9,0,1,Stable,Rural,2,1,Child Birth,1
7467,50,43074,615,0.33,2,13,1,1,0,2,Unstable,Suburban,3,0,Child Birth,1
7468,43,90424,737,0.45,4,13,1,4,0,4,Stable,Suburban,0,2,Child Birth,0
7469,50,95291,721,0.58,1,8,4,7,0,4,Unstable,Urban,0,0,Home Purchase,0
7470,61,39816,542,0.49,3,18,1,5,0,3,Unstable,Urban,1,1,None,0
7471,51,129964,448,0.18,5,18,2,4,1,3,Unstable,Suburban,3,2,Home Purchase,0
7472,54,59983,668,0.24,3,9,4,5,1,2,Stable,Rural,1,0,Child Birth,0
7473,54,83710,816,0.14,2,1,4,1,0,3,Unstable,Rural,3,0,Home Purchase,1
7474,27,78186,722,0.17,3,7,8,4,0,4,Stable,Suburban,2,2,None,0
7475,67,42549,569,0.23,5,13,4,1,0,5,Unstable,Suburban,1,2,Home Purchase,1
7476,31,48711,522,0.2,1,15,3,2,1,2,Unstable,Rural,1,0,Home Purchase,1
7477,33,61692,815,0.21,5,2,4,9,0,5,Unstable,Rural,2,2,Child Birth,0
7478,65,20000,534,0.22,5,8,5,5,0,3,Unstable,Suburban,4,1,Home Purchase,0
7479,66,80524,775,0.25,5,5,5,9,0,5,Unstable,Rural,1,2,None,1
7480,37,20000,756,0.16,4,9,4,9,0,1,Stable,Suburban,2,2,Home Purchase,0
7481,39,60366,850,0.24,1,17,2,5,1,2,Stable,Rural,2,1,Marriage,0
7482,29,43207,637,0.44,4,14,3,3,0,2,Unstable,Suburban,2,0,Child Birth,0
7483,53,74470,793,0.22,3,9,3,4,0,3,Unstable,Urban,3,1,None,0
7484,59,20000,839,0.19,1,15,5,5,1,4,Stable,Urban,2,1,Marriage,0
7485,51,20000,566,0.13,1,1,2,6,1,5,Stable,Rural,2,2,Child Birth,0
7486,51,45081,713,0.35,3,13,2,6,0,5,Stable,Urban,0,0,Child Birth,0
7487,32,72971,695,0.52,3,10,2,8,0,5,Stable,Rural,4,0,Marriage,0
7488,56,65539,593,0.13,5,12,6,8,0,5,Stable,Rural,1,2,Home Purchase,0
7489,44,86257,726,0.37,1,14,8,8,0,3,Stable,Suburban,2,0,Home Purchase,0
7490,34,62697,583,0.43,2,6,6,3,1,5,Stable,Rural,0,0,None,0
7491,37,59556,738,0.4,5,11,4,4,0,1,Stable,Urban,2,1,Child Birth,0
7492,53,33210,850,0.54,1,7,8,4,0,5,Stable,Urban,4,1,Child Birth,0
7493,59,54415,679,0.53,3,4,4,7,0,1,Stable,Suburban,4,1,Home Purchase,1
7494,32,59512,690,0.13,3,12,9,5,1,5,Stable,Suburban,1,2,Marriage,0
7495,53,20000,841,0.28,2,2,8,4,1,4,Stable,Suburban,2,2,Child Birth,1
7496,55,37744,825,0.44,1,14,4,5,0,5,Stable,Urban,1,0,Child Birth,0
7497,65,71583,638,0.58,4,9,7,1,0,2,Unstable,Rural,1,1,Child Birth,0
7498,54,64487,768,0.5,5,14,9,4,1,5,Unstable,Urban,0,0,Home Purchase,1
7499,46,53674,404,0.19,1,6,6,7,0,4,Stable,Urban,2,1,Child Birth,0
7500,45,44813,599,0.24,4,5,1,3,0,5,Unstable,Suburban,3,0,Marriage,1
7501,36,20000,806,0.48,3,19,6,7,0,4,Stable,Rural,3,0,Home Purchase,0
7502,35,20000,648,0.34,3,18,8,5,0,1,Unstable,Suburban,4,2,None,0
7503,26,52332,679,0.37,4,7,9,1,0,3,Unstable,Urban,3,1,Home Purchase,0
7504,65,97223,607,0.4,4,1,1,4,0,3,Unstable,Urban,1,0,Home Purchase,0
7505,26,60922,591,0.15,2,9,5,3,1,1,Stable,Rural,1,0,Home Purchase,0
7506,58,85534,450,0.53,1,8,5,4,0,5,Unstable,Rural,0,1,Child Birth,0
7507,27,30582,663,0.53,3,11,8,6,0,2,Unstable,Rural,4,2,Home Purchase,0
7508,40,67078,746,0.33,5,7,7,4,1,2,Unstable,Urban,4,0,None,0
7509,28,42407,724,0.41,3,17,5,7,0,4,Unstable,Urban,4,0,Child Birth,0
7510,47,41443,616,0.43,1,15,6,8,1,5,Stable,Suburban,3,0,Child Birth,1
7511,44,78614,557,0.19,4,8,8,3,1,4,Stable,Rural,0,1,Marriage,1
7512,49,56988,662,0.16,2,12,6,3,0,5,Unstable,Urban,0,2,None,0
7513,54,25361,567,0.11,3,5,5,2,1,5,Stable,Rural,0,0,None,0
7514,42,62450,623,0.56,2,8,1,6,0,5,Stable,Rural,0,0,Child Birth,0
7515,66,42095,712,0.27,4,5,8,6,0,2,Unstable,Suburban,0,2,None,1
7516,35,23891,612,0.14,1,14,8,1,0,4,Stable,Suburban,2,0,Home Purchase,0
7517,53,35116,828,0.33,3,4,6,9,0,1,Unstable,Rural,1,0,Marriage,1
7518,41,111147,595,0.14,1,15,7,2,0,1,Unstable,Suburban,2,2,None,0
7519,50,90309,639,0.14,5,10,7,4,0,3,Unstable,Urban,1,0,Home Purchase,0
7520,47,20000,784,0.34,1,17,2,9,0,2,Unstable,Rural,1,2,Marriage,1
7521,44,55290,769,0.35,4,4,6,7,1,1,Stable,Urban,2,2,None,0
7522,69,57112,751,0.39,4,1,7,3,0,1,Stable,Urban,1,1,Child Birth,0
7523,26,53349,636,0.43,5,6,8,2,1,4,Unstable,Urban,2,0,Marriage,0
7524,48,43402,758,0.43,1,8,2,9,1,3,Unstable,Urban,0,2,None,0
7525,55,78676,779,0.32,4,4,8,2,0,4,Unstable,Suburban,0,1,Child Birth,1
7526,51,83567,744,0.42,4,14,2,4,1,2,Stable,Rural,2,2,Marriage,1
7527,26,86225,696,0.25,4,2,9,2,0,4,Unstable,Rural,4,2,Child Birth,1
7528,38,68252,757,0.32,4,5,2,7,1,5,Stable,Rural,0,2,Marriage,1
7529,28,75216,692,0.3,2,15,3,6,0,4,Stable,Suburban,1,2,Marriage,0
7530,37,51387,740,0.26,3,19,8,8,1,2,Stable,Suburban,0,2,Marriage,0
7531,60,20589,707,0.22,2,14,6,3,1,3,Unstable,Urban,2,2,Marriage,0
7532,59,20000,548,0.14,4,7,9,7,0,4,Unstable,Urban,1,1,Home Purchase,0
7533,68,38707,641,0.35,1,9,8,8,0,1,Unstable,Rural,3,2,Marriage,0
7534,32,54985,850,0.37,2,1,6,1,0,2,Unstable,Suburban,3,0,Marriage,1
7535,26,27921,506,0.27,5,10,3,8,0,1,Stable,Urban,3,0,None,0
7536,30,31753,850,0.59,3,11,3,1,1,4,Stable,Suburban,1,0,Child Birth,0
7537,55,50540,762,0.38,1,12,2,6,1,3,Stable,Suburban,1,1,Child Birth,0
7538,34,81602,703,0.54,2,1,8,2,1,3,Unstable,Urban,2,0,Marriage,1
7539,68,68358,531,0.39,3,8,5,9,1,4,Unstable,Urban,0,1,None,0
7540,45,38411,699,0.19,2,6,9,3,0,2,Unstable,Rural,0,0,Marriage,1
7541,66,61159,625,0.59,5,12,5,4,1,5,Stable,Urban,0,0,Child Birth,0
7542,34,26783,818,0.54,4,9,5,5,0,4,Stable,Rural,1,2,None,0
7543,47,38411,633,0.34,5,4,8,3,0,4,Stable,Urban,1,2,Home Purchase,0
7544,27,20000,672,0.22,4,6,8,7,0,3,Stable,Urban,4,0,None,0
7545,56,70720,724,0.21,3,3,2,2,0,4,Stable,Rural,0,0,Child Birth,0
7546,44,52929,635,0.5,2,2,8,7,0,4,Unstable,Urban,3,2,Marriage,0
7547,34,56056,795,0.13,2,18,7,5,0,3,Unstable,Urban,0,0,Home Purchase,0
7548,53,80148,670,0.42,5,5,6,9,0,3,Stable,Rural,4,2,Home Purchase,0
7549,65,35068,511,0.42,1,12,3,2,0,2,Unstable,Urban,1,2,Child Birth,0
7550,58,71668,715,0.19,3,2,5,9,1,1,Stable,Rural,3,1,Marriage,0
7551,61,109623,780,0.45,4,5,2,9,0,4,Stable,Urban,4,1,None,0
7552,44,35447,843,0.45,3,18,9,8,0,5,Unstable,Rural,4,1,None,1
7553,32,20924,755,0.28,5,6,5,5,0,5,Stable,Rural,0,0,None,0
7554,31,28553,815,0.34,2,11,8,3,0,4,Unstable,Suburban,4,2,Child Birth,0
7555,30,69714,749,0.52,4,7,5,1,0,4,Unstable,Rural,4,2,Child Birth,1
7556,35,103657,604,0.36,4,16,9,3,0,3,Stable,Suburban,4,2,Marriage,1
7557,68,102633,621,0.41,4,8,1,6,0,2,Unstable,Suburban,0,0,None,1
7558,42,81122,470,0.31,4,3,6,4,0,2,Unstable,Urban,0,2,Home Purchase,0
7559,66,81982,678,0.17,3,11,8,6,1,3,Unstable,Suburban,3,1,None,0
7560,53,71613,765,0.6,3,19,7,4,0,5,Stable,Rural,2,1,Marriage,0
7561,49,78127,542,0.37,5,11,2,9,0,1,Unstable,Rural,0,1,Marriage,1
7562,45,67593,829,0.27,2,9,2,8,1,5,Stable,Urban,0,2,Marriage,1
7563,27,40005,689,0.46,2,12,1,6,0,5,Stable,Urban,2,0,Child Birth,0
7564,42,102835,610,0.41,3,16,1,8,0,1,Stable,Suburban,3,1,Child Birth,0
7565,48,93385,541,0.22,5,5,3,7,0,1,Stable,Rural,4,0,Home Purchase,1
7566,62,40575,850,0.54,1,2,3,5,0,2,Unstable,Urban,1,1,None,0
7567,34,76211,818,0.14,4,10,8,9,0,1,Unstable,Suburban,4,1,Marriage,1
7568,51,96531,659,0.4,2,2,9,4,0,3,Unstable,Urban,2,0,Home Purchase,0
7569,36,70467,792,0.34,4,4,5,4,1,1,Unstable,Suburban,2,1,Child Birth,0
7570,31,54866,679,0.26,2,16,1,9,1,5,Unstable,Urban,3,1,Home Purchase,0
7571,41,95743,639,0.51,1,6,2,4,1,3,Stable,Urban,0,2,Home Purchase,0
7572,25,66383,634,0.43,2,10,4,4,1,1,Unstable,Rural,2,0,None,1
7573,50,44303,676,0.48,1,7,9,8,0,2,Unstable,Urban,1,0,None,0
7574,39,31245,660,0.31,2,5,5,6,0,2,Stable,Suburban,0,0,Home Purchase,0
7575,57,20000,706,0.57,3,13,9,7,1,5,Stable,Urban,3,2,Home Purchase,1
7576,61,109328,850,0.27,4,9,1,4,1,4,Unstable,Suburban,3,2,Marriage,0
7577,55,39078,850,0.37,5,9,9,1,0,5,Stable,Rural,2,0,Child Birth,1
7578,59,84098,579,0.57,5,15,8,4,0,1,Stable,Urban,1,0,None,1
7579,25,36990,745,0.14,2,4,1,4,0,5,Unstable,Urban,2,1,Home Purchase,0
7580,32,64173,720,0.15,5,1,7,2,0,3,Unstable,Urban,0,2,None,1
7581,36,71243,753,0.6,4,14,5,8,0,5,Unstable,Suburban,0,1,Marriage,1
7582,43,29021,654,0.59,3,19,8,5,0,2,Unstable,Suburban,1,2,Home Purchase,0
7583,49,83925,754,0.49,3,1,4,9,0,3,Unstable,Suburban,3,0,None,0
7584,56,55044,562,0.34,1,10,2,5,1,2,Stable,Rural,3,0,None,0
7585,36,73816,850,0.35,5,4,1,4,0,5,Unstable,Rural,2,0,Child Birth,1
7586,37,96362,729,0.23,4,18,7,3,0,1,Unstable,Rural,0,0,Home Purchase,0
7587,52,78490,773,0.32,5,12,1,1,1,5,Stable,Rural,3,1,Child Birth,0
7588,25,57629,588,0.32,4,7,9,7,1,3,Stable,Urban,2,0,Home Purchase,1
7589,30,108601,630,0.12,1,6,1,9,1,2,Stable,Urban,0,2,Home Purchase,0
7590,32,58883,553,0.33,5,9,6,2,0,5,Stable,Suburban,2,1,Child Birth,0
7591,28,62328,845,0.34,3,2,2,4,1,1,Stable,Suburban,2,1,None,1
7592,29,55909,589,0.43,1,15,6,8,1,1,Stable,Rural,1,0,Child Birth,1
7593,49,29359,681,0.36,5,13,6,9,1,4,Unstable,Rural,0,1,Child Birth,0
7594,46,26605,685,0.53,3,11,5,9,0,1,Stable,Rural,4,2,Child Birth,0
7595,52,46144,747,0.28,3,19,5,6,0,5,Unstable,Urban,4,0,Child Birth,1
7596,63,34656,570,0.3,4,6,8,2,0,1,Unstable,Rural,0,0,None,0
7597,47,53058,785,0.39,3,9,7,1,1,1,Unstable,Suburban,2,0,None,0
7598,28,80654,824,0.2,2,12,5,4,0,3,Stable,Rural,3,2,Marriage,1
7599,28,49773,633,0.3,5,11,4,6,1,1,Unstable,Rural,4,0,Home Purchase,0
7600,45,65499,696,0.44,5,3,1,2,0,5,Stable,Suburban,0,1,Marriage,0
7601,61,47352,762,0.31,4,18,2,6,1,1,Stable,Rural,4,0,None,1
7602,65,123625,725,0.55,3,13,7,1,0,2,Stable,Rural,0,0,Home Purchase,0
7603,26,97705,600,0.41,4,13,1,6,0,4,Stable,Suburban,4,0,None,1
7604,31,53809,770,0.18,2,15,9,5,0,4,Stable,Suburban,4,2,Home Purchase,0
7605,40,66804,850,0.34,4,19,6,2,0,3,Unstable,Rural,0,2,None,0
7606,41,26490,850,0.48,5,15,5,4,0,5,Unstable,Suburban,4,2,Child Birth,0
7607,44,54639,757,0.42,4,15,6,9,0,5,Unstable,Urban,4,1,Home Purchase,0
7608,47,44990,776,0.54,5,5,1,2,1,3,Stable,Suburban,1,0,None,0
7609,58,78572,661,0.47,1,5,2,5,0,4,Stable,Rural,1,2,Home Purchase,0
7610,35,36742,608,0.13,2,2,7,3,1,2,Stable,Suburban,0,2,None,0
7611,58,101443,693,0.16,2,18,6,2,1,4,Stable,Urban,4,0,Child Birth,0
7612,57,58364,850,0.42,5,6,7,8,0,4,Unstable,Suburban,2,2,Marriage,1
7613,50,38264,646,0.22,1,18,6,9,0,2,Stable,Rural,2,1,None,0
7614,26,60803,743,0.39,3,7,7,6,0,4,Unstable,Urban,0,0,None,1
7615,47,78419,737,0.5,4,3,7,5,0,1,Unstable,Urban,2,0,Home Purchase,1
7616,65,73010,662,0.39,3,17,6,7,0,5,Unstable,Urban,0,0,Marriage,0
7617,46,63914,848,0.31,1,19,8,3,0,4,Stable,Rural,2,1,Child Birth,0
7618,58,81940,850,0.42,2,8,7,6,1,2,Unstable,Suburban,0,0,None,1
7619,39,80412,850,0.17,3,19,9,7,0,5,Unstable,Urban,0,2,None,0
7620,34,80537,620,0.46,1,19,5,1,0,5,Stable,Suburban,3,0,Home Purchase,1
7621,39,53108,740,0.45,2,6,8,4,1,4,Unstable,Suburban,2,1,None,0
7622,66,52934,708,0.36,3,8,8,7,0,4,Stable,Suburban,1,2,Home Purchase,0
7623,53,54816,631,0.24,2,3,8,6,1,4,Stable,Rural,3,2,Home Purchase,0
7624,47,47648,633,0.5,5,5,4,2,1,3,Unstable,Rural,1,0,Home Purchase,0
7625,41,62641,716,0.36,2,1,9,8,0,5,Unstable,Rural,0,1,None,0
7626,33,59859,653,0.13,2,1,4,7,0,3,Unstable,Suburban,1,2,Home Purchase,0
7627,60,101376,602,0.56,1,1,6,2,0,4,Unstable,Suburban,1,0,Home Purchase,0
7628,33,47379,712,0.48,1,6,6,9,0,2,Stable,Rural,3,1,None,0
7629,40,35332,589,0.39,4,2,2,6,0,4,Unstable,Rural,2,2,Child Birth,0
7630,60,76143,653,0.32,1,12,7,2,1,4,Stable,Rural,2,2,None,0
7631,57,61788,736,0.58,5,17,7,5,1,1,Unstable,Suburban,3,0,None,0
7632,55,42841,686,0.49,5,10,1,1,0,1,Unstable,Urban,1,2,Marriage,0
7633,30,79552,674,0.37,2,5,5,2,0,5,Stable,Suburban,1,2,Marriage,0
7634,34,53025,850,0.43,1,5,9,9,1,5,Stable,Rural,1,2,Child Birth,0
7635,40,98107,840,0.24,4,2,5,1,0,5,Stable,Urban,1,2,Home Purchase,0
7636,28,36246,708,0.2,1,12,7,4,0,3,Stable,Suburban,1,1,None,0
7637,46,45479,598,0.24,4,5,9,9,1,5,Unstable,Suburban,2,1,Marriage,0
7638,37,63191,781,0.25,2,15,1,4,1,1,Stable,Rural,0,1,Home Purchase,0
7639,40,93944,850,0.47,5,18,9,1,0,5,Stable,Urban,2,1,None,1
7640,53,42162,836,0.17,1,6,4,5,0,4,Unstable,Suburban,2,2,None,1
7641,30,69412,569,0.49,1,14,1,6,1,1,Unstable,Suburban,2,1,None,0
7642,50,30900,680,0.36,5,11,8,1,0,3,Unstable,Urban,0,0,Marriage,0
7643,35,82918,626,0.29,5,8,3,8,1,3,Stable,Suburban,2,1,Child Birth,1
7644,48,43704,607,0.25,3,9,8,1,0,5,Unstable,Rural,0,1,Home Purchase,0
7645,53,75469,813,0.36,3,6,6,6,0,3,Stable,Rural,1,2,Child Birth,0
7646,27,76760,811,0.26,3,3,6,9,0,3,Unstable,Urban,1,1,None,0
7647,34,20000,850,0.31,5,8,8,3,0,1,Stable,Suburban,2,0,None,1
7648,25,65233,767,0.47,3,16,9,5,0,5,Unstable,Urban,1,0,Marriage,0
7649,67,47357,695,0.41,1,19,8,1,0,5,Stable,Rural,3,2,Home Purchase,0
7650,50,72462,718,0.47,5,1,7,1,0,4,Unstable,Suburban,2,1,None,0
7651,36,38148,609,0.46,1,13,3,2,0,5,Stable,Urban,0,2,None,0
7652,38,45464,837,0.51,5,12,4,6,0,5,Stable,Urban,3,0,Home Purchase,1
7653,49,89961,625,0.2,2,8,9,7,0,1,Unstable,Rural,1,1,None,1
7654,32,88026,659,0.6,1,14,4,5,1,4,Stable,Urban,3,0,None,0
7655,67,35147,669,0.34,5,6,8,1,0,4,Stable,Rural,4,2,None,0
7656,28,104909,392,0.46,4,3,6,1,0,5,Stable,Suburban,0,2,Home Purchase,0
7657,52,20000,786,0.44,5,3,5,1,0,2,Unstable,Rural,3,1,Home Purchase,0
7658,31,65364,605,0.38,2,14,7,3,0,4,Stable,Suburban,1,2,Marriage,0
7659,34,27888,768,0.6,5,3,1,4,0,5,Stable,Rural,3,1,Child Birth,0
7660,60,69284,655,0.21,2,12,3,8,0,5,Stable,Suburban,0,2,Marriage,0
7661,26,53458,654,0.31,3,12,5,9,0,1,Unstable,Suburban,1,1,None,0
7662,50,34559,588,0.16,1,17,4,5,1,4,Unstable,Urban,0,1,Marriage,0
7663,38,41564,838,0.19,2,11,3,4,0,4,Unstable,Suburban,0,0,Child Birth,1
7664,40,40334,850,0.46,4,9,3,9,0,2,Stable,Rural,0,0,Home Purchase,1
7665,67,61909,799,0.1,1,5,9,6,0,5,Unstable,Rural,2,0,None,0
7666,66,84368,726,0.54,5,11,5,3,1,4,Unstable,Urban,4,0,None,0
7667,41,108970,713,0.42,5,7,3,7,0,3,Stable,Urban,1,1,Marriage,1
7668,46,55727,808,0.32,2,10,5,9,0,4,Stable,Urban,1,1,None,1
7669,28,67470,687,0.27,4,9,9,2,0,5,Stable,Urban,4,0,Marriage,0
7670,43,89655,831,0.16,2,15,3,9,0,3,Stable,Suburban,3,2,Child Birth,0
7671,26,48776,603,0.56,4,11,5,2,0,2,Unstable,Urban,1,0,Home Purchase,0
7672,63,40422,798,0.46,2,3,2,5,1,3,Unstable,Urban,2,1,None,0
7673,33,108710,828,0.27,3,15,8,1,1,1,Stable,Suburban,1,2,Child Birth,0
7674,43,55505,590,0.14,3,17,6,2,0,3,Stable,Rural,0,1,Home Purchase,0
7675,40,65433,616,0.26,3,3,8,7,0,3,Unstable,Rural,3,2,None,0
7676,49,20000,695,0.19,2,4,1,4,0,3,Stable,Rural,0,1,Home Purchase,0
7677,42,46904,742,0.49,1,11,2,7,0,5,Stable,Urban,4,0,Marriage,1
7678,47,107178,638,0.46,5,7,7,4,0,2,Stable,Suburban,0,0,Home Purchase,1
7679,45,71570,709,0.35,1,14,7,1,1,3,Stable,Rural,3,1,None,0
7680,35,59282,493,0.54,5,4,9,6,0,1,Stable,Suburban,1,2,Home Purchase,0
7681,63,94842,776,0.19,4,13,6,9,1,4,Stable,Urban,0,2,Marriage,0
7682,65,20000,781,0.33,3,1,7,6,1,3,Stable,Rural,4,1,Marriage,0
7683,28,49631,850,0.46,3,18,4,7,0,4,Stable,Urban,3,1,Marriage,1
7684,49,116874,757,0.13,5,13,2,7,1,4,Stable,Urban,2,0,Marriage,1
7685,56,58750,662,0.29,3,3,9,1,0,4,Stable,Urban,2,1,Child Birth,0
7686,54,58577,598,0.39,1,8,1,2,0,3,Stable,Urban,1,0,Marriage,0
7687,69,89478,618,0.28,2,18,6,1,1,5,Stable,Rural,1,1,Child Birth,1
7688,50,91216,691,0.34,3,2,9,1,0,3,Unstable,Suburban,0,0,Home Purchase,0
7689,60,27461,615,0.4,3,6,2,8,0,3,Stable,Rural,4,0,Child Birth,1
7690,58,70699,623,0.28,4,18,2,4,0,5,Stable,Rural,2,0,None,0
7691,33,103894,696,0.15,2,18,9,8,1,2,Unstable,Rural,1,0,Marriage,1
7692,36,43922,538,0.17,5,9,9,5,1,5,Unstable,Suburban,3,2,None,0
7693,26,50689,600,0.36,2,15,4,1,0,3,Stable,Urban,3,2,Home Purchase,0
7694,62,60720,721,0.19,2,3,8,9,1,3,Stable,Urban,3,1,Child Birth,0
7695,29,77358,726,0.54,5,9,8,3,1,5,Stable,Urban,3,2,None,1
7696,29,24308,786,0.52,2,18,2,7,0,1,Stable,Rural,2,0,Marriage,0
7697,46,20000,715,0.27,4,7,4,7,0,5,Stable,Rural,1,2,Marriage,1
7698,29,65387,703,0.52,1,17,6,4,0,4,Stable,Rural,4,0,None,0
7699,28,89146,763,0.37,2,3,4,8,0,5,Stable,Suburban,1,0,Home Purchase,1
7700,33,52201,719,0.18,1,7,7,8,0,1,Unstable,Rural,1,1,Child Birth,0
7701,53,44740,602,0.41,4,13,5,2,1,4,Unstable,Rural,1,0,Home Purchase,1
7702,46,55825,620,0.44,4,9,4,8,0,3,Stable,Suburban,0,2,Child Birth,0
7703,51,99938,850,0.14,2,9,6,5,1,2,Unstable,Rural,1,0,None,0
7704,34,43385,850,0.26,3,5,6,2,0,5,Unstable,Rural,3,0,None,0
7705,40,74257,773,0.1,2,4,5,6,0,5,Stable,Urban,0,1,None,0
7706,66,31160,599,0.26,1,9,6,8,0,5,Stable,Urban,1,2,None,0
7707,66,32357,850,0.27,4,6,5,4,0,5,Stable,Suburban,2,1,Marriage,1
7708,34,81126,656,0.42,1,10,7,9,0,1,Stable,Suburban,2,1,Home Purchase,1
7709,30,100859,742,0.2,1,18,5,8,0,4,Unstable,Urban,2,1,Marriage,1
7710,29,82225,697,0.12,5,3,4,7,0,1,Stable,Suburban,3,2,Child Birth,0
7711,30,20000,718,0.26,4,7,9,7,0,2,Unstable,Urban,2,2,Home Purchase,0
7712,49,49501,655,0.51,4,12,5,8,1,1,Unstable,Suburban,3,0,Home Purchase,0
7713,28,65972,829,0.3,1,5,6,7,0,5,Stable,Urban,0,0,Marriage,1
7714,64,61489,681,0.31,4,17,2,1,1,2,Stable,Rural,3,2,Home Purchase,0
7715,56,20000,761,0.33,2,19,1,5,0,2,Stable,Suburban,4,1,None,0
7716,59,27570,759,0.48,5,4,3,2,0,2,Unstable,Rural,4,2,Child Birth,0
7717,34,39955,688,0.34,2,12,7,5,0,3,Unstable,Rural,0,0,Marriage,0
7718,58,58309,549,0.15,3,15,1,5,1,1,Stable,Urban,4,0,None,0
7719,60,20000,617,0.2,3,2,1,6,0,2,Unstable,Suburban,1,1,Marriage,0
7720,30,75005,771,0.19,1,15,8,6,0,4,Unstable,Suburban,2,2,Child Birth,1
7721,67,57675,730,0.35,3,11,3,6,0,2,Unstable,Rural,3,0,None,0
7722,40,33919,618,0.11,2,1,2,7,1,4,Stable,Suburban,1,2,Marriage,0
7723,43,64839,704,0.24,3,14,8,2,0,1,Unstable,Rural,2,1,Marriage,0
7724,58,23999,720,0.4,1,4,2,4,0,4,Unstable,Urban,4,0,None,0
7725,49,58697,758,0.28,4,6,7,5,0,1,Unstable,Rural,0,1,None,1
7726,55,20000,850,0.45,5,8,7,7,1,1,Unstable,Urban,3,1,Marriage,0
7727,65,20000,471,0.3,1,2,6,2,1,5,Unstable,Rural,2,0,Home Purchase,0
7728,41,48648,821,0.59,1,4,1,8,0,5,Unstable,Urban,1,2,Home Purchase,0
7729,54,42093,721,0.58,1,17,1,2,0,3,Unstable,Rural,4,0,None,0
7730,63,69607,596,0.5,2,9,3,5,0,5,Unstable,Suburban,2,0,None,0
7731,55,59533,716,0.58,4,19,4,9,1,4,Stable,Suburban,0,0,None,0
7732,43,112509,844,0.2,1,8,9,2,0,2,Stable,Rural,1,2,None,0
7733,59,53370,850,0.48,4,9,7,2,1,1,Stable,Urban,3,2,Home Purchase,0
7734,53,20000,597,0.26,1,13,1,2,1,5,Stable,Suburban,0,1,Home Purchase,0
7735,25,20000,615,0.46,2,8,4,7,0,1,Unstable,Urban,0,1,Marriage,0
7736,28,30096,570,0.29,1,14,6,5,0,4,Unstable,Rural,3,1,Marriage,0
7737,52,144613,723,0.24,3,18,6,9,0,5,Unstable,Urban,4,1,Child Birth,0
7738,42,59081,728,0.58,2,18,7,4,0,5,Unstable,Suburban,0,2,Child Birth,0
7739,50,87713,798,0.2,1,10,9,1,1,2,Stable,Urban,2,2,Home Purchase,0
7740,64,85180,744,0.48,1,1,6,8,0,2,Stable,Rural,0,0,None,1
7741,43,28327,789,0.44,1,12,1,6,0,5,Unstable,Urban,1,0,None,0
7742,30,20000,561,0.25,3,3,3,9,0,1,Unstable,Suburban,4,1,Child Birth,0
7743,25,76057,850,0.33,3,12,1,3,0,4,Stable,Urban,3,2,Marriage,1
7744,32,20000,829,0.17,1,18,6,7,0,4,Unstable,Urban,0,1,Marriage,0
7745,57,84441,647,0.56,3,12,7,1,0,2,Stable,Urban,4,2,Home Purchase,0
7746,67,57073,621,0.58,1,7,3,2,0,1,Stable,Urban,4,1,None,0
7747,45,75401,774,0.47,3,3,9,5,0,1,Stable,Rural,0,2,Marriage,0
7748,48,67586,543,0.52,4,7,1,2,0,3,Stable,Suburban,2,2,Home Purchase,0
7749,49,68920,626,0.14,1,13,1,8,0,3,Unstable,Urban,4,2,Marriage,0
7750,67,62612,597,0.29,1,11,7,5,0,3,Stable,Urban,1,0,None,0
7751,43,67040,690,0.27,5,17,5,9,1,4,Unstable,Suburban,2,1,Child Birth,0
7752,53,61152,655,0.38,5,15,5,3,1,4,Stable,Rural,1,2,Home Purchase,0
7753,34,25588,621,0.19,2,6,5,6,1,5,Stable,Suburban,2,2,Marriage,0
7754,36,50153,611,0.38,4,6,5,4,1,5,Stable,Urban,4,0,Home Purchase,0
7755,57,114244,636,0.43,4,7,2,7,0,4,Unstable,Rural,4,0,Child Birth,1
7756,31,67852,580,0.17,2,9,1,7,0,1,Stable,Rural,1,2,None,0
7757,41,88561,754,0.17,5,9,5,5,0,1,Unstable,Suburban,0,2,Marriage,1
7758,34,35421,812,0.12,2,18,9,5,1,2,Unstable,Suburban,2,0,Marriage,0
7759,55,34986,740,0.48,5,1,8,4,0,3,Unstable,Urban,3,2,Home Purchase,0
7760,30,29913,838,0.27,1,18,9,9,0,2,Stable,Urban,4,2,Child Birth,0
7761,41,26705,615,0.21,2,18,3,7,1,4,Unstable,Rural,0,1,Home Purchase,1
7762,61,20000,625,0.49,3,12,2,6,1,1,Stable,Rural,2,2,Child Birth,1
7763,42,65830,744,0.17,5,1,5,3,0,1,Unstable,Rural,3,1,None,0
7764,50,51104,757,0.31,1,19,7,5,0,5,Unstable,Suburban,3,0,Child Birth,1
7765,40,81887,701,0.47,3,14,4,4,1,1,Stable,Suburban,4,0,None,1
7766,32,52240,697,0.39,3,14,2,5,0,4,Stable,Urban,2,2,Marriage,0
7767,48,20000,593,0.38,4,16,9,2,1,3,Unstable,Rural,0,1,None,1
7768,37,71090,433,0.18,5,6,6,5,1,2,Stable,Rural,0,2,Marriage,0
7769,53,20000,755,0.19,1,17,3,7,0,1,Unstable,Urban,4,2,Home Purchase,0
7770,56,65359,798,0.39,5,13,1,3,0,1,Stable,Rural,1,1,Child Birth,0
7771,48,40716,656,0.11,1,19,1,4,0,4,Stable,Suburban,3,1,Home Purchase,0
7772,40,65812,644,0.53,5,2,8,1,0,4,Unstable,Rural,1,0,Marriage,0
7773,35,23909,634,0.28,3,10,4,9,0,4,Stable,Suburban,1,0,None,1
7774,56,79458,662,0.31,4,9,9,3,1,5,Stable,Suburban,1,2,Child Birth,0
7775,30,60940,800,0.23,2,12,5,6,0,1,Unstable,Urban,3,1,Home Purchase,1
7776,59,51394,606,0.54,5,8,5,1,0,2,Unstable,Suburban,0,0,None,0
7777,57,20000,764,0.42,3,9,8,5,0,2,Stable,Suburban,2,2,None,0
7778,42,105263,650,0.32,2,11,7,5,0,2,Stable,Rural,2,2,None,0
7779,61,37330,500,0.39,2,1,8,5,0,5,Unstable,Suburban,0,2,None,0
7780,37,66573,665,0.29,2,11,4,1,1,3,Unstable,Suburban,1,1,Marriage,0
7781,34,36278,850,0.33,3,19,2,7,0,5,Stable,Urban,1,0,Home Purchase,0
7782,61,150000,631,0.28,1,2,6,5,1,1,Stable,Urban,1,0,None,1
7783,50,63735,676,0.31,2,14,7,1,0,5,Unstable,Rural,1,1,Home Purchase,0
7784,41,44632,700,0.26,4,4,6,8,1,4,Unstable,Rural,4,0,None,0
7785,25,75143,719,0.14,1,15,3,6,0,2,Stable,Urban,4,0,Marriage,1
7786,49,78751,850,0.12,3,2,3,7,1,1,Stable,Rural,2,0,Home Purchase,0
7787,58,69864,620,0.19,2,16,5,4,1,1,Unstable,Rural,0,1,None,0
7788,63,51912,701,0.23,3,4,7,1,1,1,Unstable,Suburban,0,0,Home Purchase,0
7789,34,71012,775,0.55,3,2,2,8,0,1,Unstable,Rural,4,1,Child Birth,0
7790,44,56116,628,0.41,2,15,4,1,0,3,Unstable,Rural,1,1,Child Birth,0
7791,31,59367,707,0.58,3,19,8,9,0,5,Unstable,Urban,2,2,None,0
7792,40,40364,798,0.27,4,19,3,6,0,1,Stable,Suburban,0,0,Marriage,1
7793,61,23414,648,0.3,4,16,7,5,1,3,Stable,Rural,2,1,Marriage,0
7794,53,74081,682,0.46,5,12,3,2,1,5,Unstable,Urban,0,1,Home Purchase,0
7795,36,75157,584,0.39,2,3,8,8,0,5,Stable,Rural,4,2,None,1
7796,41,92415,794,0.36,2,15,7,9,0,3,Unstable,Urban,0,0,Home Purchase,1
7797,44,61212,715,0.39,2,7,1,3,0,4,Stable,Suburban,1,0,Home Purchase,0
7798,50,54606,657,0.39,5,9,4,8,0,4,Unstable,Rural,1,1,Marriage,0
7799,43,24754,669,0.48,4,15,7,5,0,1,Stable,Urban,1,0,Child Birth,1
7800,36,59011,699,0.43,4,13,5,4,0,3,Unstable,Suburban,3,0,None,0
7801,45,69004,733,0.58,2,7,3,9,0,3,Stable,Rural,4,0,Marriage,0
7802,66,20000,634,0.57,3,16,2,7,0,4,Stable,Urban,1,1,Child Birth,0
7803,58,86725,642,0.31,1,10,9,4,1,3,Unstable,Rural,0,1,None,1
7804,31,42199,673,0.12,1,2,6,5,1,3,Stable,Suburban,1,0,Child Birth,0
7805,69,55097,715,0.11,2,19,1,5,0,1,Stable,Suburban,4,0,None,0
7806,59,74944,850,0.16,2,6,5,2,1,1,Unstable,Rural,0,0,Home Purchase,0
7807,39,59817,619,0.14,4,18,7,5,1,3,Unstable,Urban,4,1,None,0
7808,25,95084,534,0.29,4,2,8,3,0,2,Stable,Suburban,4,2,None,1
7809,50,75720,839,0.13,3,1,5,5,0,2,Unstable,Suburban,3,0,Marriage,1
7810,59,56291,612,0.41,4,15,1,1,1,3,Unstable,Urban,1,2,Marriage,0
7811,49,20000,846,0.2,1,10,2,8,1,4,Unstable,Urban,0,0,Child Birth,0
7812,66,84904,824,0.36,1,3,4,9,0,1,Stable,Rural,2,0,None,0
7813,39,30511,754,0.15,4,10,1,9,1,2,Unstable,Suburban,3,0,None,1
7814,46,81296,821,0.51,1,3,4,8,0,1,Stable,Urban,1,2,Child Birth,1
7815,30,72254,516,0.49,1,6,6,2,0,3,Unstable,Suburban,3,1,Marriage,0
7816,39,55030,564,0.29,1,2,6,2,0,1,Unstable,Urban,2,1,None,1
7817,48,83832,728,0.56,1,9,2,5,0,2,Stable,Suburban,0,1,Home Purchase,1
7818,45,73025,661,0.19,5,8,1,6,0,3,Unstable,Rural,3,2,None,0
7819,31,68209,621,0.51,2,1,8,5,0,3,Stable,Urban,4,1,Child Birth,0
7820,53,20000,780,0.37,3,17,9,1,0,3,Stable,Suburban,1,0,Child Birth,0
7821,56,60996,725,0.26,5,13,9,1,0,1,Stable,Rural,1,0,None,1
7822,56,28929,804,0.14,3,5,7,8,1,4,Stable,Rural,0,2,None,0
7823,29,32601,662,0.19,5,7,4,5,0,2,Unstable,Suburban,0,1,Marriage,0
7824,28,50971,698,0.53,5,9,2,8,0,5,Stable,Rural,1,1,Child Birth,1
7825,46,96585,850,0.4,3,14,7,3,0,2,Stable,Rural,2,2,Marriage,0
7826,42,69134,571,0.22,2,19,6,5,1,2,Stable,Suburban,3,0,Marriage,0
7827,59,70781,691,0.35,4,1,7,2,0,5,Unstable,Urban,1,2,Child Birth,0
7828,41,79260,612,0.15,5,3,1,8,0,2,Unstable,Urban,0,0,Marriage,1
7829,48,38132,850,0.15,2,16,4,1,1,3,Stable,Urban,1,0,Marriage,1
7830,26,20589,850,0.55,4,8,1,5,0,3,Stable,Rural,4,0,None,0
7831,37,20000,720,0.33,3,7,7,7,0,1,Unstable,Rural,4,0,Child Birth,1
7832,39,65776,749,0.28,5,11,6,5,1,5,Unstable,Rural,1,1,Home Purchase,0
7833,29,84667,689,0.57,4,15,8,3,1,3,Unstable,Suburban,3,1,Home Purchase,1
7834,27,82818,685,0.3,2,13,2,4,1,5,Stable,Urban,4,2,Home Purchase,1
7835,61,39223,708,0.27,4,6,8,9,0,3,Stable,Urban,2,2,None,0
7836,61,93887,565,0.24,3,5,8,5,1,2,Unstable,Suburban,2,1,Home Purchase,0
7837,61,111076,766,0.38,4,4,2,3,1,5,Unstable,Urban,0,0,None,0
7838,27,75190,601,0.38,1,19,7,7,0,3,Stable,Suburban,0,1,Home Purchase,0
7839,59,97181,664,0.11,5,15,3,6,0,4,Stable,Suburban,1,2,Home Purchase,0
7840,47,81828,703,0.43,2,5,5,3,0,5,Unstable,Urban,4,0,Home Purchase,0
7841,52,54257,623,0.49,2,11,8,3,0,5,Stable,Urban,2,1,None,0
7842,54,43385,759,0.41,5,18,1,4,1,4,Stable,Urban,4,1,Marriage,0
7843,42,20000,652,0.53,5,10,1,3,1,5,Stable,Rural,1,0,Child Birth,0
7844,60,48880,806,0.24,1,16,8,6,0,1,Stable,Rural,4,0,Child Birth,1
7845,57,54079,612,0.2,1,4,6,1,1,2,Stable,Urban,3,2,Child Birth,0
7846,50,54631,683,0.45,2,19,3,1,0,2,Unstable,Urban,4,2,None,0
7847,64,57185,592,0.19,4,5,8,7,0,3,Stable,Rural,0,2,Marriage,0
7848,41,20000,798,0.15,5,15,8,8,0,1,Stable,Suburban,1,0,Child Birth,0
7849,64,79475,668,0.15,1,6,9,4,1,4,Unstable,Urban,2,2,None,0
7850,31,82377,644,0.48,1,2,6,7,1,4,Stable,Urban,3,1,None,0
7851,32,69275,681,0.11,1,10,7,2,1,2,Unstable,Urban,2,2,None,0
7852,55,30766,689,0.24,4,6,6,9,0,4,Stable,Urban,0,1,Marriage,0
7853,36,69174,740,0.16,2,19,3,9,0,2,Unstable,Suburban,3,1,Home Purchase,0
7854,55,60565,753,0.48,2,6,9,7,0,1,Unstable,Urban,0,0,Home Purchase,0
7855,68,71862,684,0.35,1,15,1,5,1,1,Unstable,Urban,0,1,None,0
7856,43,98778,696,0.2,4,1,5,7,0,1,Stable,Rural,4,0,Marriage,0
7857,34,55538,389,0.48,4,8,6,7,0,3,Stable,Rural,3,0,None,1
7858,63,64538,654,0.48,2,11,6,3,0,4,Stable,Suburban,3,1,Home Purchase,0
7859,36,38390,843,0.36,5,14,1,7,1,3,Stable,Rural,2,0,Marriage,0
7860,44,83041,744,0.24,1,1,8,3,0,5,Stable,Urban,0,1,None,1
7861,61,77568,592,0.39,4,14,1,3,1,4,Stable,Rural,1,1,Marriage,0
7862,65,65414,661,0.57,5,10,3,7,0,5,Unstable,Urban,3,2,Child Birth,0
7863,31,33671,640,0.13,3,17,8,7,0,1,Stable,Urban,1,1,Home Purchase,0
7864,38,42917,807,0.23,1,11,8,6,0,3,Unstable,Urban,3,1,Child Birth,0
7865,35,20000,796,0.24,3,10,1,7,0,3,Stable,Urban,2,0,Home Purchase,0
7866,31,42622,621,0.42,2,15,1,5,0,2,Stable,Suburban,1,0,Child Birth,0
7867,53,77734,700,0.43,2,12,8,9,0,1,Stable,Urban,3,0,Marriage,1
7868,34,69894,586,0.2,2,3,2,1,0,2,Stable,Urban,0,0,None,0
7869,53,63992,637,0.21,4,18,5,5,0,1,Unstable,Rural,2,0,Marriage,0
7870,33,97107,641,0.56,4,7,8,3,0,2,Unstable,Suburban,0,1,Home Purchase,0
7871,60,67613,629,0.48,5,11,5,8,1,3,Unstable,Suburban,1,2,None,0
7872,34,45571,736,0.57,3,18,7,7,0,3,Stable,Suburban,2,2,Child Birth,1
7873,43,42501,834,0.51,2,17,6,1,0,2,Unstable,Suburban,0,2,Marriage,0
7874,55,54207,693,0.3,2,16,5,9,0,2,Unstable,Urban,4,0,None,1
7875,41,48745,594,0.16,4,3,3,5,0,4,Stable,Rural,1,2,Child Birth,0
7876,33,83824,720,0.41,4,13,6,1,0,3,Stable,Urban,0,1,Child Birth,1
7877,69,70536,720,0.28,4,8,9,1,0,5,Unstable,Rural,4,0,None,0
7878,57,52008,681,0.31,1,5,7,8,1,5,Unstable,Suburban,3,1,None,0
7879,58,52959,850,0.31,3,7,1,3,0,1,Stable,Urban,4,2,None,0
7880,69,77581,724,0.57,3,19,5,9,0,4,Unstable,Rural,4,1,Marriage,0
7881,48,85273,757,0.13,1,19,7,8,0,2,Stable,Urban,4,1,Child Birth,1
7882,33,20000,475,0.2,2,12,7,6,1,5,Unstable,Suburban,1,0,Home Purchase,0
7883,31,55719,603,0.4,5,9,7,6,1,1,Unstable,Suburban,2,0,None,0
7884,40,62287,751,0.54,5,17,6,5,0,3,Stable,Suburban,4,2,Child Birth,1
7885,43,73703,728,0.56,2,10,2,2,0,3,Unstable,Rural,1,2,Home Purchase,0
7886,63,62824,662,0.38,5,18,2,6,0,5,Stable,Rural,3,1,Marriage,0
7887,30,70179,745,0.12,4,1,6,8,0,1,Stable,Urban,1,1,Child Birth,0
7888,35,54076,792,0.28,3,15,1,6,0,3,Stable,Rural,2,1,Home Purchase,0
7889,36,39853,652,0.56,4,11,6,7,0,1,Unstable,Suburban,4,0,Home Purchase,0
7890,66,79604,637,0.35,5,4,5,2,0,3,Unstable,Suburban,4,2,Marriage,0
7891,37,80397,674,0.46,5,6,1,2,0,3,Unstable,Rural,0,0,Child Birth,1
7892,36,76295,749,0.23,3,13,5,3,1,3,Unstable,Rural,0,1,Marriage,0
7893,45,80744,642,0.11,4,8,4,7,1,2,Stable,Urban,1,2,Child Birth,1
7894,34,35706,785,0.39,3,7,9,8,0,2,Unstable,Rural,4,0,Marriage,0
7895,44,47314,651,0.52,5,5,1,4,0,1,Stable,Rural,3,2,None,0
7896,60,87996,644,0.6,3,5,3,6,0,3,Stable,Rural,3,0,Home Purchase,0
7897,52,68905,850,0.52,3,16,2,9,0,1,Stable,Suburban,1,2,None,0
7898,48,61404,576,0.38,5,6,1,7,0,5,Stable,Urban,4,0,Marriage,0
7899,29,53702,778,0.4,3,16,2,4,0,3,Unstable,Urban,2,2,Child Birth,0
7900,61,91697,519,0.51,4,15,7,8,0,3,Unstable,Urban,0,2,Marriage,1
7901,36,20000,765,0.11,5,6,5,8,0,1,Unstable,Suburban,2,2,Home Purchase,0
7902,59,67351,850,0.58,3,8,2,7,0,1,Unstable,Suburban,3,2,None,0
7903,64,58334,805,0.37,2,3,4,5,1,5,Stable,Suburban,2,1,Home Purchase,1
7904,26,28687,833,0.58,4,9,6,6,1,5,Unstable,Urban,0,1,Home Purchase,0
7905,65,100416,690,0.48,4,9,8,3,0,1,Stable,Suburban,1,1,Home Purchase,0
7906,69,20000,794,0.18,4,5,6,3,0,2,Stable,Suburban,0,0,Child Birth,0
7907,63,63031,724,0.18,1,19,6,4,0,4,Unstable,Urban,2,0,Marriage,0
7908,66,73211,850,0.28,5,16,6,2,1,5,Stable,Suburban,4,2,Marriage,0
7909,33,35623,589,0.23,1,16,5,6,0,4,Unstable,Suburban,3,2,Home Purchase,1
7910,46,66931,818,0.32,3,18,5,3,0,5,Stable,Suburban,4,1,Marriage,0
7911,29,54387,742,0.4,5,12,6,2,0,5,Unstable,Rural,2,1,Marriage,0
7912,36,84701,608,0.32,4,16,6,9,0,5,Unstable,Suburban,0,2,Marriage,0
7913,25,147841,672,0.13,4,5,1,1,1,5,Unstable,Suburban,4,0,Marriage,0
7914,68,68464,539,0.59,4,3,7,4,0,2,Unstable,Urban,1,0,None,1
7915,46,75101,373,0.31,4,7,6,9,0,2,Unstable,Suburban,2,2,Home Purchase,0
7916,62,35621,580,0.53,3,14,6,5,1,4,Stable,Urban,3,2,None,0
7917,43,65369,661,0.14,2,16,1,6,0,1,Stable,Rural,2,2,Home Purchase,0
7918,40,50674,708,0.51,5,1,7,4,1,4,Stable,Urban,2,1,Home Purchase,0
7919,55,79470,569,0.19,2,5,6,6,1,2,Stable,Rural,1,0,Marriage,0
7920,27,24349,668,0.44,5,8,2,7,0,2,Stable,Urban,0,1,None,0
7921,47,33162,723,0.43,4,2,8,6,0,3,Stable,Urban,2,1,None,0
7922,66,89500,642,0.55,1,7,8,6,1,3,Unstable,Urban,4,1,Home Purchase,0
7923,42,65249,591,0.26,3,6,7,3,0,5,Stable,Urban,4,2,Marriage,0
7924,50,93095,626,0.15,5,10,7,8,1,3,Stable,Rural,4,2,Marriage,0
7925,37,69093,833,0.53,4,3,7,8,1,1,Unstable,Urban,4,0,Child Birth,0
7926,42,72744,527,0.27,1,6,4,4,1,4,Unstable,Rural,0,2,None,0
7927,27,52262,815,0.22,4,19,1,8,0,4,Stable,Rural,0,0,None,1
7928,47,55159,836,0.34,3,2,9,9,0,2,Unstable,Suburban,4,0,Child Birth,0
7929,27,84110,664,0.17,1,19,1,5,0,4,Unstable,Rural,3,2,Child Birth,0
7930,49,56419,746,0.25,5,17,5,3,0,1,Stable,Suburban,0,2,Home Purchase,0
7931,51,89588,621,0.29,5,4,9,7,0,3,Unstable,Rural,2,1,Child Birth,0
7932,68,57253,726,0.24,5,3,2,4,1,3,Stable,Urban,0,1,None,1
7933,51,30509,850,0.33,5,14,5,8,1,1,Stable,Rural,3,0,Child Birth,1
7934,63,28231,827,0.29,1,3,1,3,0,3,Unstable,Urban,0,1,Home Purchase,0
7935,49,55706,649,0.49,3,11,2,1,0,5,Unstable,Suburban,0,0,Child Birth,0
7936,48,82893,568,0.56,1,10,1,5,0,4,Unstable,Suburban,2,1,Home Purchase,0
7937,32,43372,670,0.15,5,3,3,6,0,3,Unstable,Rural,1,0,Marriage,1
7938,33,78294,727,0.51,3,9,4,9,0,4,Unstable,Suburban,1,1,Child Birth,0
7939,61,62518,772,0.57,2,16,1,3,1,1,Unstable,Suburban,3,2,Child Birth,0
7940,54,75155,689,0.44,2,18,1,6,0,3,Unstable,Urban,1,1,None,0
7941,43,52757,850,0.6,1,5,2,8,0,5,Unstable,Urban,3,1,Marriage,0
7942,40,64575,703,0.27,5,15,4,4,0,5,Unstable,Urban,0,0,Child Birth,0
7943,48,83468,652,0.52,2,16,2,6,0,1,Unstable,Rural,0,1,Child Birth,0
7944,68,59570,752,0.44,2,18,2,3,0,5,Stable,Suburban,2,1,None,0
7945,45,46878,770,0.26,4,6,8,9,1,1,Stable,Urban,3,0,None,0
7946,60,20000,623,0.45,4,4,8,6,0,5,Stable,Urban,0,0,Marriage,1
7947,64,73538,606,0.35,3,13,7,2,0,3,Stable,Rural,1,0,Child Birth,0
7948,63,40708,535,0.19,3,1,4,7,0,4,Stable,Urban,3,0,Home Purchase,0
7949,30,46986,671,0.19,5,2,7,7,0,4,Stable,Suburban,0,2,Child Birth,0
7950,29,33228,821,0.46,2,15,6,1,0,2,Unstable,Urban,4,0,Child Birth,1
7951,38,54247,766,0.46,1,4,7,4,0,4,Unstable,Rural,1,0,Home Purchase,0
7952,69,112438,812,0.37,1,13,1,1,0,5,Unstable,Suburban,3,2,None,0
7953,66,68800,634,0.35,4,14,5,6,0,2,Unstable,Urban,0,0,Child Birth,1
7954,28,43896,683,0.19,3,15,5,5,0,2,Unstable,Suburban,1,0,None,1
7955,32,48592,509,0.31,5,8,7,3,0,3,Stable,Suburban,1,2,Marriage,0
7956,48,24031,800,0.54,4,9,4,9,0,3,Unstable,Suburban,1,1,Home Purchase,0
7957,35,31734,834,0.53,4,5,1,9,1,3,Unstable,Rural,4,2,None,0
7958,41,27762,593,0.43,5,3,3,6,0,5,Stable,Suburban,1,2,Home Purchase,0
7959,45,66758,850,0.6,5,7,4,6,1,5,Stable,Rural,0,2,Child Birth,0
7960,50,71167,676,0.55,2,8,5,9,0,5,Unstable,Urban,0,2,None,0
7961,67,61939,591,0.17,5,16,8,2,0,4,Unstable,Suburban,1,2,Marriage,1
7962,68,69246,668,0.3,5,17,8,1,0,1,Stable,Rural,4,1,Marriage,0
7963,69,40844,762,0.17,4,10,2,3,1,3,Unstable,Rural,0,0,None,0
7964,51,31293,694,0.33,4,1,4,8,0,2,Stable,Urban,0,2,Child Birth,0
7965,40,31134,642,0.49,1,19,2,2,0,2,Stable,Urban,1,0,None,0
7966,50,30026,759,0.18,1,18,5,8,0,2,Stable,Suburban,3,0,Home Purchase,1
7967,57,68966,768,0.54,1,18,4,6,0,1,Stable,Rural,3,0,Home Purchase,0
7968,55,110342,682,0.38,5,5,2,4,0,5,Unstable,Rural,2,2,Home Purchase,0
7969,30,33818,664,0.47,2,11,3,4,0,5,Unstable,Rural,3,2,Child Birth,0
7970,68,51451,645,0.12,4,1,3,7,0,5,Unstable,Urban,4,0,None,0
7971,32,65072,747,0.15,3,11,7,7,1,2,Unstable,Suburban,0,0,None,0
7972,31,53024,539,0.41,2,11,4,9,0,1,Unstable,Rural,4,2,Marriage,0
7973,58,68323,623,0.52,3,5,1,4,1,4,Unstable,Suburban,2,0,None,0
7974,68,45615,683,0.54,5,18,5,9,1,1,Unstable,Rural,4,2,Marriage,0
7975,38,42991,621,0.44,3,8,6,4,1,1,Stable,Suburban,2,1,None,0
7976,40,55441,725,0.2,1,15,6,2,0,3,Unstable,Rural,4,2,Child Birth,1
7977,67,68164,716,0.2,4,3,2,7,0,4,Stable,Urban,2,1,Marriage,1
7978,33,92062,850,0.54,2,16,5,9,1,1,Stable,Rural,0,1,Child Birth,1
7979,34,69415,623,0.16,1,12,4,2,0,4,Unstable,Urban,2,0,None,0
7980,41,53696,698,0.44,4,2,5,6,0,1,Stable,Suburban,3,0,None,0
7981,36,80769,604,0.37,1,13,7,6,0,4,Unstable,Rural,1,0,Child Birth,1
7982,30,85002,850,0.31,2,19,3,3,1,4,Stable,Urban,2,0,Child Birth,0
7983,43,52416,850,0.32,5,13,8,8,0,4,Unstable,Suburban,2,1,Marriage,0
7984,67,56351,543,0.57,3,18,9,5,0,3,Unstable,Urban,2,2,Marriage,1
7985,65,49322,683,0.53,5,16,1,4,0,5,Unstable,Suburban,1,0,Home Purchase,0
7986,53,80522,703,0.53,3,10,1,4,0,1,Stable,Rural,3,1,None,0
7987,30,61854,665,0.3,3,7,9,5,0,3,Unstable,Urban,3,1,Marriage,0
7988,49,24862,651,0.15,2,2,1,4,0,1,Unstable,Rural,1,1,None,0
7989,48,70153,777,0.6,2,4,2,6,0,1,Stable,Rural,3,1,Child Birth,0
7990,49,97240,850,0.17,5,4,3,8,1,2,Unstable,Rural,1,2,Child Birth,1
7991,40,99215,780,0.36,4,1,7,2,0,2,Unstable,Suburban,2,1,Marriage,0
7992,40,48022,786,0.23,4,16,3,7,0,3,Stable,Suburban,0,2,None,0
7993,30,42584,664,0.36,5,6,9,6,0,1,Unstable,Rural,4,1,Marriage,0
7994,61,107446,801,0.25,3,19,2,4,1,3,Unstable,Rural,4,0,Child Birth,1
7995,45,99167,801,0.55,2,5,3,2,1,5,Unstable,Rural,2,1,Child Birth,0
7996,28,71682,652,0.58,5,6,9,1,1,5,Unstable,Urban,1,2,None,0
7997,58,20000,676,0.31,4,7,6,8,0,2,Stable,Urban,0,0,Marriage,0
7998,52,44841,542,0.14,3,5,9,8,0,2,Unstable,Suburban,2,1,Marriage,0
7999,62,32661,564,0.43,4,1,5,9,0,3,Stable,Suburban,2,0,Marriage,0
8000,65,105308,656,0.29,3,2,4,5,0,5,Stable,Urban,2,2,Marriage,1
8001,52,21860,593,0.59,4,10,2,9,0,5,Stable,Suburban,4,0,Child Birth,0
8002,41,105091,780,0.14,1,2,1,4,1,3,Stable,Suburban,2,0,Home Purchase,0
8003,38,57361,684,0.16,3,14,5,4,0,5,Stable,Urban,4,1,Marriage,0
8004,31,30057,753,0.45,3,7,1,5,0,2,Unstable,Suburban,3,1,Child Birth,0
8005,46,84669,577,0.48,3,10,6,3,0,3,Unstable,Urban,2,1,Marriage,0
8006,25,75737,829,0.34,1,8,6,5,0,4,Unstable,Rural,0,1,Child Birth,0
8007,53,28344,748,0.24,1,1,7,5,0,4,Stable,Suburban,4,0,Child Birth,1
8008,55,59368,740,0.25,4,8,9,4,0,4,Stable,Rural,1,1,Marriage,0
8009,54,94389,794,0.27,2,16,6,5,0,5,Stable,Suburban,3,0,Child Birth,0
8010,39,49752,731,0.21,4,14,3,5,0,2,Unstable,Rural,2,2,None,1
8011,42,101993,598,0.53,3,19,8,9,0,2,Unstable,Urban,4,1,Marriage,0
8012,59,41380,762,0.13,3,10,5,1,0,5,Stable,Suburban,1,0,Marriage,0
8013,54,20000,621,0.3,4,18,8,7,0,2,Stable,Urban,2,1,Child Birth,1
8014,58,61130,721,0.47,5,2,8,1,1,3,Stable,Suburban,4,0,Home Purchase,1
8015,66,23483,622,0.1,2,5,3,1,1,3,Stable,Rural,2,1,Home Purchase,1
8016,35,63122,850,0.54,1,2,7,3,0,5,Stable,Urban,4,0,Home Purchase,1
8017,51,60128,766,0.45,2,3,4,5,1,2,Unstable,Suburban,0,2,Marriage,0
8018,48,41026,800,0.14,5,9,9,9,0,5,Stable,Urban,0,0,None,1
8019,59,106967,624,0.55,4,11,7,9,0,2,Stable,Urban,3,1,Child Birth,0
8020,63,59900,729,0.34,4,16,2,1,0,2,Stable,Urban,0,1,Home Purchase,0
8021,32,81609,719,0.43,3,14,1,3,0,3,Unstable,Rural,0,1,None,1
8022,42,83217,711,0.54,4,14,6,1,0,3,Unstable,Rural,2,1,None,1
8023,37,104025,506,0.54,5,11,6,1,0,3,Stable,Suburban,1,0,None,0
8024,69,29764,850,0.3,4,11,5,9,1,1,Unstable,Urban,4,0,Child Birth,0
8025,48,20000,696,0.22,4,18,2,2,0,5,Unstable,Urban,4,1,Marriage,0
8026,47,103100,750,0.23,5,11,9,1,0,4,Stable,Suburban,3,1,Child Birth,1
8027,36,74528,568,0.48,1,14,6,6,0,2,Stable,Rural,0,1,Home Purchase,0
8028,54,63157,846,0.56,2,19,4,2,1,1,Stable,Suburban,3,2,None,0
8029,55,56667,837,0.14,4,18,7,5,1,3,Unstable,Suburban,2,2,Home Purchase,0
8030,52,52233,785,0.11,2,4,9,3,0,5,Unstable,Urban,3,0,Child Birth,0
8031,46,81529,727,0.51,2,13,8,5,0,2,Unstable,Urban,1,2,Child Birth,1
8032,68,23905,850,0.29,3,2,1,8,0,2,Unstable,Suburban,0,2,Marriage,0
8033,52,71933,798,0.24,1,19,3,6,0,1,Unstable,Urban,4,0,Child Birth,1
8034,37,85782,563,0.19,2,9,2,8,0,3,Unstable,Rural,4,0,Marriage,0
8035,49,78581,722,0.27,3,11,3,6,0,4,Stable,Suburban,4,0,None,0
8036,68,58215,758,0.59,5,17,5,4,0,2,Unstable,Urban,3,1,None,0
8037,31,59933,710,0.59,5,5,6,4,0,3,Stable,Rural,4,1,Child Birth,0
8038,69,92142,757,0.27,5,9,3,3,1,1,Unstable,Rural,0,0,Home Purchase,0
8039,30,74548,844,0.58,5,16,2,8,0,5,Unstable,Urban,2,2,Child Birth,1
8040,48,103879,681,0.25,5,12,5,9,1,5,Stable,Urban,3,0,Marriage,1
8041,43,20000,662,0.53,3,1,4,8,0,1,Unstable,Suburban,3,2,Marriage,0
8042,43,82667,591,0.21,1,17,5,9,1,4,Stable,Rural,0,1,Home Purchase,0
8043,60,39718,513,0.51,1,14,4,9,0,5,Unstable,Suburban,1,1,None,0
8044,33,58177,668,0.28,3,7,4,3,1,1,Stable,Suburban,1,0,Child Birth,1
8045,60,94400,632,0.2,3,16,8,4,1,5,Stable,Rural,2,2,None,1
8046,62,34941,679,0.57,4,15,6,3,0,1,Stable,Rural,0,0,Child Birth,1
8047,64,112890,641,0.21,2,4,2,5,0,5,Unstable,Urban,2,0,Marriage,1
8048,53,87641,592,0.6,5,15,3,9,0,4,Unstable,Suburban,1,1,Child Birth,0
8049,48,74480,644,0.15,2,17,8,3,1,1,Unstable,Rural,4,2,Home Purchase,0
8050,29,36699,751,0.11,4,2,1,6,0,4,Stable,Rural,3,0,Child Birth,1
8051,66,55506,646,0.54,1,8,6,4,0,4,Unstable,Rural,4,0,Home Purchase,0
8052,69,51040,681,0.39,5,6,3,1,1,2,Stable,Urban,1,1,Child Birth,0
8053,50,29192,850,0.31,1,7,9,8,0,1,Stable,Urban,2,2,Marriage,1
8054,38,87344,807,0.14,3,16,1,3,1,4,Unstable,Rural,1,1,Child Birth,1
8055,63,49890,722,0.39,2,5,2,8,1,2,Stable,Rural,4,2,Marriage,0
8056,53,55611,726,0.3,1,18,6,5,0,2,Unstable,Rural,0,1,Marriage,0
8057,30,56874,628,0.34,4,11,4,8,1,4,Stable,Suburban,0,1,Marriage,1
8058,31,54645,658,0.42,1,2,1,1,0,3,Unstable,Urban,2,2,Child Birth,0
8059,61,73261,672,0.42,5,7,4,6,0,1,Unstable,Urban,2,0,Child Birth,0
8060,42,44433,710,0.58,5,15,2,3,0,1,Stable,Rural,3,2,None,1
8061,47,85457,695,0.43,2,9,9,5,1,3,Unstable,Suburban,4,0,Marriage,1
8062,68,45101,587,0.27,3,2,7,4,1,1,Unstable,Suburban,2,2,Home Purchase,0
8063,62,59286,759,0.26,5,4,6,9,0,4,Stable,Urban,2,2,Child Birth,0
8064,25,27335,642,0.34,4,15,9,3,0,2,Unstable,Suburban,4,0,Child Birth,0
8065,28,86791,850,0.23,2,8,8,7,1,2,Stable,Urban,3,0,None,1
8066,68,93145,824,0.29,5,4,2,4,0,3,Stable,Rural,3,2,Marriage,0
8067,59,77896,533,0.52,4,8,3,3,0,4,Stable,Suburban,1,2,Marriage,0
8068,47,64260,674,0.53,1,7,7,3,0,4,Stable,Rural,4,2,Marriage,0
8069,51,59096,850,0.41,4,13,4,4,0,2,Unstable,Rural,0,1,Child Birth,1
8070,50,20944,766,0.39,2,5,6,7,1,5,Unstable,Rural,0,0,Marriage,0
8071,32,26131,708,0.31,5,18,9,9,1,5,Unstable,Urban,0,0,Marriage,1
8072,67,78762,467,0.42,3,19,7,6,1,1,Unstable,Rural,4,0,Child Birth,0
8073,40,55480,678,0.5,3,11,3,1,0,1,Unstable,Urban,4,1,Home Purchase,0
8074,65,26019,721,0.47,4,6,6,8,0,1,Unstable,Rural,3,0,Child Birth,1
8075,27,24866,494,0.12,4,4,7,2,0,4,Stable,Rural,1,0,Home Purchase,0
8076,56,75872,761,0.47,4,3,1,9,1,2,Stable,Urban,1,2,Child Birth,1
8077,29,81849,629,0.46,5,6,7,3,0,4,Unstable,Suburban,3,2,Marriage,0
8078,44,21652,730,0.15,3,15,5,7,0,3,Unstable,Urban,4,0,Marriage,0
8079,38,63801,713,0.18,3,3,7,6,0,2,Unstable,Suburban,4,2,Home Purchase,0
8080,56,69697,674,0.49,2,17,7,9,0,2,Stable,Suburban,4,1,Home Purchase,0
8081,50,45408,779,0.38,2,2,6,3,0,2,Unstable,Urban,0,0,Child Birth,1
8082,30,90993,728,0.51,1,16,3,2,0,2,Stable,Suburban,3,1,None,0
8083,60,51381,850,0.19,5,17,9,3,1,1,Stable,Rural,4,0,Marriage,1
8084,64,20000,850,0.12,4,11,5,4,0,2,Unstable,Rural,3,1,Marriage,0
8085,29,55133,598,0.18,2,4,9,5,0,4,Stable,Urban,1,2,None,1
8086,37,94199,818,0.33,1,12,3,6,1,2,Stable,Urban,0,0,Home Purchase,1
8087,56,51363,626,0.36,1,8,7,7,0,3,Stable,Suburban,1,0,Marriage,0
8088,40,33828,582,0.53,3,3,5,3,1,5,Stable,Suburban,3,1,None,0
8089,25,75705,552,0.46,5,11,7,9,0,4,Unstable,Suburban,1,2,Marriage,0
8090,37,66460,664,0.6,5,13,8,3,0,4,Stable,Rural,2,1,Child Birth,0
8091,35,59926,800,0.14,4,9,8,3,0,4,Unstable,Urban,3,2,Marriage,0
8092,32,71928,715,0.17,5,15,5,8,0,1,Unstable,Suburban,3,1,Home Purchase,0
8093,49,42707,750,0.14,4,12,5,3,0,3,Stable,Rural,3,1,Child Birth,0
8094,64,44999,377,0.37,5,10,8,7,0,2,Unstable,Suburban,4,2,Child Birth,1
8095,56,78188,677,0.23,3,4,6,1,0,3,Stable,Rural,0,0,Home Purchase,0
8096,48,35840,594,0.44,1,7,6,1,1,2,Stable,Rural,0,0,Child Birth,1
8097,52,100372,542,0.17,5,9,2,5,0,1,Unstable,Urban,4,0,Marriage,0
8098,38,90734,579,0.15,5,6,7,9,0,5,Stable,Urban,1,0,Home Purchase,1
8099,69,31397,707,0.33,3,7,7,8,1,1,Stable,Suburban,4,2,Home Purchase,0
8100,27,96895,765,0.29,2,17,6,2,1,3,Unstable,Suburban,2,0,Home Purchase,0
8101,60,63804,608,0.51,4,4,2,8,0,1,Unstable,Urban,3,0,Marriage,1
8102,51,94619,758,0.52,2,2,5,9,0,3,Stable,Urban,4,1,Child Birth,0
8103,44,63335,781,0.16,1,17,6,4,0,3,Unstable,Rural,0,2,Child Birth,1
8104,39,55570,732,0.51,2,7,4,9,0,3,Stable,Suburban,1,1,Marriage,0
8105,51,52963,614,0.38,1,11,6,4,0,1,Unstable,Suburban,0,2,Home Purchase,0
8106,69,20000,650,0.35,4,18,5,8,0,5,Stable,Rural,4,0,Home Purchase,1
8107,65,83177,732,0.15,3,7,9,7,1,2,Unstable,Suburban,4,2,Child Birth,0
8108,52,42322,628,0.47,1,18,6,7,1,5,Unstable,Suburban,4,0,Home Purchase,0
8109,49,83995,764,0.13,4,19,1,9,0,2,Unstable,Suburban,4,2,Marriage,1
8110,66,101848,589,0.24,3,14,1,8,0,1,Stable,Rural,2,0,Marriage,0
8111,68,45561,738,0.15,2,8,2,6,0,3,Unstable,Urban,4,2,Child Birth,0
8112,57,44084,790,0.37,2,7,2,4,1,2,Unstable,Suburban,2,2,Child Birth,1
8113,38,85194,719,0.42,1,1,4,5,1,2,Stable,Suburban,0,0,Marriage,0
8114,32,48311,600,0.55,5,6,2,4,0,1,Stable,Suburban,3,0,Marriage,1
8115,38,92931,536,0.47,5,4,8,1,1,4,Unstable,Rural,0,2,None,0
8116,25,42720,589,0.58,3,16,8,6,1,2,Unstable,Suburban,3,1,Marriage,0
8117,40,95955,748,0.48,2,15,2,9,0,1,Stable,Suburban,4,2,Child Birth,0
8118,42,52356,679,0.25,4,18,9,7,1,5,Stable,Rural,4,2,Marriage,0
8119,31,68256,639,0.37,3,18,9,4,0,4,Stable,Rural,3,1,None,1
8120,39,84556,739,0.33,1,8,9,1,0,5,Unstable,Suburban,4,2,Home Purchase,1
8121,48,72787,501,0.38,1,10,9,8,0,3,Unstable,Urban,1,1,Home Purchase,0
8122,37,86766,673,0.39,3,5,7,2,0,3,Unstable,Rural,0,2,Home Purchase,0
8123,33,23600,589,0.45,4,7,9,2,0,2,Unstable,Urban,2,1,Child Birth,0
8124,39,49819,564,0.14,2,17,8,7,1,5,Unstable,Urban,0,2,Marriage,0
8125,59,61580,648,0.47,2,6,8,8,0,4,Unstable,Suburban,4,2,Home Purchase,0
8126,48,40862,850,0.17,4,11,7,2,0,5,Stable,Urban,4,0,Home Purchase,0
8127,57,84269,763,0.11,2,10,2,2,0,1,Unstable,Urban,1,0,Marriage,0
8128,40,47193,586,0.36,5,7,2,4,1,5,Unstable,Suburban,4,0,Home Purchase,0
8129,32,40913,821,0.39,5,7,8,9,0,2,Unstable,Rural,3,1,Marriage,1
8130,53,83511,569,0.12,4,10,2,9,0,5,Stable,Rural,1,2,Marriage,0
8131,47,33863,850,0.36,5,13,2,8,1,1,Unstable,Urban,4,0,Home Purchase,1
8132,69,35082,611,0.37,3,3,7,7,0,4,Stable,Rural,2,2,Child Birth,1
8133,55,72706,710,0.13,2,9,7,8,1,3,Unstable,Suburban,2,0,None,0
8134,64,93595,850,0.46,3,5,1,7,0,1,Stable,Suburban,3,1,Child Birth,0
8135,38,64041,664,0.21,4,16,7,3,0,1,Stable,Urban,1,2,Child Birth,0
8136,54,20000,850,0.5,5,11,5,4,0,3,Unstable,Suburban,3,2,Marriage,0
8137,63,77123,692,0.26,3,18,5,2,1,5,Unstable,Suburban,4,1,Home Purchase,0
8138,51,45185,691,0.34,3,15,2,8,0,2,Unstable,Suburban,0,2,Child Birth,0
8139,40,88018,611,0.55,1,5,6,8,0,4,Unstable,Suburban,4,0,Home Purchase,1
8140,30,50508,841,0.5,3,8,4,7,0,5,Stable,Urban,0,2,None,1
8141,57,88598,650,0.49,5,8,7,9,0,3,Unstable,Suburban,3,1,Child Birth,0
8142,68,49554,850,0.18,2,19,2,7,1,2,Unstable,Rural,4,0,Marriage,0
8143,42,42781,637,0.12,2,5,8,3,1,4,Unstable,Suburban,1,2,Home Purchase,0
8144,40,20000,654,0.4,2,4,5,8,1,2,Unstable,Urban,3,2,Marriage,0
8145,36,43510,800,0.31,5,18,8,3,0,3,Unstable,Urban,0,0,Home Purchase,1
8146,44,64431,689,0.55,2,12,7,1,1,2,Unstable,Rural,0,2,Home Purchase,0
8147,69,62511,728,0.27,2,1,3,1,0,4,Stable,Suburban,0,0,Child Birth,0
8148,64,75290,569,0.31,4,8,9,4,0,5,Stable,Urban,2,0,Marriage,0
8149,53,91103,711,0.36,4,9,9,2,0,3,Stable,Suburban,2,2,Child Birth,1
8150,54,60716,737,0.5,1,13,2,8,1,2,Unstable,Rural,3,0,Home Purchase,0
8151,50,61693,850,0.23,1,1,3,1,0,3,Unstable,Suburban,0,0,Marriage,0
8152,46,87822,652,0.57,3,6,1,6,0,4,Unstable,Urban,0,1,Home Purchase,0
8153,57,65775,733,0.37,3,1,1,4,0,4,Unstable,Rural,2,1,None,0
8154,63,36921,821,0.52,3,14,3,8,1,5,Stable,Suburban,4,1,Marriage,0
8155,53,46946,704,0.36,1,5,3,3,0,4,Stable,Urban,0,2,Home Purchase,0
8156,46,20000,808,0.49,2,13,5,5,0,5,Stable,Rural,4,0,None,1
8157,69,36581,850,0.13,3,5,6,7,0,1,Unstable,Rural,0,0,Marriage,0
8158,37,20000,702,0.5,2,15,4,1,0,5,Unstable,Rural,1,0,Child Birth,0
8159,33,68775,832,0.36,2,3,7,4,0,2,Stable,Rural,4,0,Marriage,0
8160,48,90288,751,0.32,1,4,3,2,0,1,Stable,Suburban,2,0,Home Purchase,1
8161,39,36478,785,0.16,4,3,4,4,0,4,Unstable,Urban,1,0,None,0
8162,60,37409,770,0.47,4,12,5,2,0,2,Stable,Urban,4,2,Home Purchase,0
8163,37,83578,806,0.17,5,14,8,2,0,2,Stable,Urban,1,2,None,0
8164,51,48727,800,0.2,4,6,9,7,0,2,Stable,Rural,2,0,Home Purchase,0
8165,68,66418,692,0.16,3,19,3,8,0,4,Stable,Urban,2,0,None,1
8166,61,78578,644,0.1,1,5,1,7,1,4,Stable,Urban,1,1,Home Purchase,0
8167,31,42298,742,0.43,2,17,2,9,0,2,Unstable,Urban,1,0,Marriage,0
8168,32,42783,554,0.24,1,19,2,8,0,1,Stable,Rural,2,2,Child Birth,0
8169,61,47340,761,0.17,5,18,3,8,0,2,Unstable,Rural,1,1,Marriage,1
8170,65,21161,774,0.26,5,12,2,6,0,4,Unstable,Urban,0,0,Home Purchase,0
8171,38,72166,682,0.35,5,18,1,5,0,4,Stable,Urban,3,2,Child Birth,1
8172,36,75021,704,0.35,2,5,6,1,0,5,Stable,Rural,4,1,Marriage,0
8173,60,61992,791,0.28,5,13,7,2,0,3,Unstable,Urban,2,1,Home Purchase,0
8174,64,93991,774,0.35,5,4,1,1,0,1,Stable,Rural,3,1,None,1
8175,41,53470,792,0.31,5,18,9,9,0,5,Unstable,Urban,0,1,Marriage,1
8176,64,75439,777,0.51,2,9,7,4,0,3,Stable,Suburban,2,0,Home Purchase,0
8177,53,72145,710,0.11,5,2,4,3,1,4,Unstable,Suburban,3,1,Marriage,0
8178,51,40022,698,0.53,3,10,3,2,0,3,Stable,Rural,3,0,Marriage,0
8179,25,88871,742,0.22,1,13,6,7,1,4,Unstable,Rural,0,1,Child Birth,0
8180,58,63204,845,0.46,5,6,3,6,0,2,Unstable,Suburban,4,1,Child Birth,1
8181,28,84365,726,0.3,5,8,4,7,0,1,Unstable,Suburban,1,2,Marriage,0
8182,48,27476,830,0.25,1,13,9,1,0,4,Unstable,Urban,1,1,None,0
8183,45,62743,496,0.41,5,4,5,1,1,4,Stable,Suburban,2,1,Child Birth,0
8184,57,48485,732,0.48,5,19,5,4,0,4,Stable,Suburban,2,0,Marriage,1
8185,31,38713,708,0.32,3,7,9,5,0,3,Stable,Urban,4,2,Marriage,0
8186,25,95237,533,0.33,4,15,2,2,0,4,Unstable,Suburban,0,2,None,0
8187,65,64882,548,0.13,2,5,7,6,1,2,Unstable,Rural,1,2,Child Birth,1
8188,27,23075,746,0.56,2,17,7,2,1,5,Stable,Urban,1,2,Home Purchase,0
8189,68,47567,710,0.52,1,19,6,7,0,5,Unstable,Suburban,1,2,Home Purchase,1
8190,39,83476,779,0.3,3,5,4,2,0,5,Unstable,Rural,0,2,Marriage,0
8191,55,38678,440,0.48,2,11,7,1,0,4,Stable,Rural,3,1,Home Purchase,0
8192,40,36125,806,0.26,1,4,3,9,1,2,Unstable,Suburban,0,2,None,0
8193,34,56323,807,0.47,1,14,9,4,0,3,Unstable,Rural,2,0,Marriage,1
8194,53,71732,561,0.36,1,4,1,1,0,1,Unstable,Rural,0,1,None,0
8195,30,41793,840,0.33,2,4,6,8,0,3,Unstable,Urban,1,1,Marriage,0
8196,53,69768,850,0.13,4,2,1,9,1,4,Unstable,Suburban,0,2,Child Birth,1
8197,41,60871,566,0.58,1,7,6,6,0,2,Stable,Suburban,1,2,Home Purchase,0
8198,46,63910,710,0.52,5,19,5,4,0,1,Unstable,Rural,1,2,None,0
8199,48,20000,719,0.5,4,1,5,2,0,4,Stable,Rural,3,2,Marriage,1
8200,41,60397,520,0.25,4,12,6,8,1,2,Unstable,Urban,1,0,Child Birth,0
8201,45,53732,666,0.24,5,19,8,3,0,3,Unstable,Suburban,4,2,None,0
8202,35,69758,840,0.39,2,12,9,6,1,2,Unstable,Urban,4,0,Child Birth,1
8203,31,43654,614,0.52,2,9,3,6,0,2,Stable,Urban,0,1,Home Purchase,1
8204,66,50726,850,0.57,3,7,5,1,1,3,Stable,Suburban,1,2,Marriage,1
8205,63,73327,736,0.23,2,1,6,7,1,5,Stable,Suburban,2,1,Home Purchase,0
8206,29,96142,620,0.4,3,6,1,7,0,1,Stable,Suburban,4,2,Child Birth,1
8207,68,26885,704,0.46,1,10,1,5,0,3,Unstable,Rural,4,2,None,0
8208,45,72828,553,0.21,2,1,1,2,0,1,Unstable,Urban,1,0,Home Purchase,0
8209,42,90498,742,0.3,2,18,2,4,1,4,Stable,Rural,4,2,Child Birth,0
8210,59,77367,680,0.19,5,3,4,7,0,4,Unstable,Rural,3,0,Marriage,0
8211,44,88813,657,0.45,1,11,6,6,0,5,Stable,Suburban,2,1,None,1
8212,39,46411,555,0.53,3,14,3,9,0,5,Stable,Suburban,2,1,Home Purchase,0
8213,29,90919,691,0.54,1,6,9,8,0,3,Stable,Suburban,1,1,Home Purchase,1
8214,37,41888,720,0.44,4,11,3,5,1,3,Unstable,Urban,3,0,Marriage,0
8215,36,61378,562,0.27,5,7,4,7,0,1,Unstable,Suburban,1,0,Home Purchase,1
8216,45,47440,808,0.43,4,8,4,3,1,3,Unstable,Rural,4,0,None,0
8217,61,48445,727,0.53,3,5,5,4,1,5,Stable,Urban,1,0,Child Birth,0
8218,30,20000,615,0.41,2,18,5,7,0,5,Stable,Rural,3,2,Child Birth,0
8219,31,20000,690,0.31,2,15,2,1,0,5,Unstable,Suburban,4,0,Child Birth,0
8220,50,89419,783,0.56,2,18,6,9,0,1,Stable,Rural,4,2,Child Birth,1
8221,66,20000,836,0.52,3,3,9,7,0,3,Unstable,Urban,2,0,Home Purchase,1
8222,32,66261,850,0.54,4,10,5,9,0,3,Stable,Suburban,3,0,Marriage,1
8223,33,27524,850,0.55,3,15,1,7,0,1,Stable,Rural,4,1,Home Purchase,1
8224,51,38786,566,0.3,3,8,9,5,0,1,Unstable,Rural,4,1,Marriage,0
8225,28,77107,628,0.53,4,8,7,1,0,2,Stable,Suburban,4,2,Home Purchase,0
8226,45,64050,559,0.39,2,14,7,7,0,1,Stable,Rural,3,2,None,0
8227,55,56821,809,0.12,5,10,6,9,1,3,Stable,Urban,3,1,Child Birth,1
8228,45,88616,682,0.42,3,13,1,3,0,3,Stable,Urban,1,1,Child Birth,1
8229,64,52758,826,0.34,3,10,7,5,0,5,Stable,Urban,4,0,Marriage,0
8230,49,90749,558,0.24,4,6,4,3,1,5,Unstable,Urban,2,0,Home Purchase,1
8231,63,33263,631,0.59,5,18,5,1,0,2,Stable,Suburban,0,2,None,0
8232,39,30255,620,0.13,3,16,7,8,1,1,Stable,Suburban,3,1,Marriage,0
8233,59,56545,823,0.57,1,18,3,7,0,4,Unstable,Rural,2,2,Marriage,0
8234,67,60081,770,0.18,5,6,2,8,0,2,Stable,Urban,2,0,Marriage,0
8235,65,38540,497,0.29,3,9,1,3,0,1,Stable,Urban,0,0,None,0
8236,61,53097,653,0.31,5,16,8,5,1,3,Unstable,Urban,3,2,Home Purchase,1
8237,66,94119,795,0.47,1,6,8,7,0,2,Unstable,Rural,3,1,Child Birth,0
8238,52,50140,811,0.21,1,11,7,9,0,2,Stable,Rural,1,2,Child Birth,0
8239,38,20000,741,0.59,5,3,9,6,0,1,Unstable,Suburban,3,0,Home Purchase,0
8240,28,20000,718,0.47,2,8,1,3,1,3,Unstable,Rural,2,0,Marriage,0
8241,44,112165,606,0.49,5,1,3,7,0,1,Stable,Urban,1,0,None,0
8242,58,96264,807,0.15,4,15,5,7,0,3,Unstable,Suburban,4,0,Home Purchase,1
8243,36,49099,580,0.34,2,15,2,3,1,3,Unstable,Urban,3,0,Home Purchase,1
8244,57,80264,538,0.57,1,19,7,5,0,5,Unstable,Urban,1,2,Child Birth,1
8245,48,66510,720,0.24,2,10,6,6,0,4,Stable,Urban,0,2,Marriage,0
8246,44,91762,655,0.17,1,19,2,1,0,5,Unstable,Suburban,4,2,Home Purchase,0
8247,29,33219,772,0.34,1,9,8,1,1,2,Stable,Suburban,0,1,Home Purchase,0
8248,62,33925,748,0.57,1,7,3,4,0,2,Stable,Suburban,0,0,Child Birth,0
8249,54,92984,850,0.34,4,14,4,7,0,1,Stable,Suburban,2,1,Marriage,1
8250,48,22668,740,0.3,4,2,5,7,0,1,Stable,Rural,3,1,None,0
8251,67,61745,805,0.43,3,13,6,8,0,1,Unstable,Urban,2,1,Child Birth,0
8252,64,58882,614,0.57,4,4,9,6,1,5,Stable,Urban,2,0,None,0
8253,31,79606,771,0.12,1,7,9,7,1,3,Stable,Suburban,1,2,None,0
8254,60,63496,672,0.18,5,8,9,6,0,4,Unstable,Urban,1,2,Marriage,0
8255,62,56699,650,0.17,2,16,8,5,1,2,Stable,Rural,4,2,None,0
8256,40,50486,609,0.14,5,9,5,6,0,2,Unstable,Suburban,2,2,Child Birth,0
8257,39,35129,850,0.25,1,11,5,4,0,1,Stable,Rural,3,2,Marriage,0
8258,47,55847,699,0.21,5,14,4,7,0,5,Stable,Rural,0,2,None,0
8259,36,89127,621,0.37,2,4,7,8,0,1,Unstable,Rural,2,2,Home Purchase,1
8260,53,52851,767,0.26,3,19,4,8,1,5,Stable,Rural,1,1,None,1
8261,68,95156,656,0.3,3,15,5,4,0,3,Stable,Urban,4,2,Child Birth,0
8262,39,78275,620,0.57,4,14,9,3,0,1,Stable,Rural,0,0,Marriage,1
8263,53,71914,850,0.18,5,16,7,7,1,3,Stable,Urban,0,1,Marriage,1
8264,69,55954,579,0.29,4,3,9,7,0,2,Stable,Suburban,1,1,None,1
8265,67,44289,850,0.23,4,6,8,3,0,2,Stable,Suburban,4,0,Home Purchase,0
8266,45,102039,618,0.37,5,4,3,1,0,2,Unstable,Urban,2,2,None,1
8267,39,79839,762,0.47,5,1,3,3,0,3,Unstable,Rural,2,1,Child Birth,1
8268,38,56515,689,0.51,2,18,2,3,1,1,Stable,Rural,2,0,Marriage,0
8269,66,102477,773,0.36,5,8,3,6,0,5,Stable,Rural,0,2,Marriage,0
8270,68,75725,561,0.53,5,16,3,2,0,5,Stable,Urban,3,2,None,0
8271,40,24487,549,0.49,4,16,3,4,0,1,Stable,Rural,0,2,Home Purchase,0
8272,39,49336,776,0.18,3,15,6,5,0,4,Stable,Urban,4,1,Child Birth,1
8273,66,78177,521,0.22,1,2,9,6,1,5,Stable,Urban,1,1,Home Purchase,0
8274,28,97689,583,0.44,3,12,7,9,1,5,Stable,Suburban,3,1,Home Purchase,0
8275,51,119032,691,0.59,5,4,7,5,0,1,Unstable,Suburban,0,2,Marriage,0
8276,47,60639,570,0.29,1,11,7,2,0,1,Stable,Suburban,1,2,None,0
8277,53,75406,583,0.21,5,2,1,7,0,1,Stable,Suburban,1,0,Home Purchase,0
8278,65,44710,658,0.53,2,6,4,1,1,4,Stable,Urban,3,2,None,0
8279,33,37815,481,0.2,5,17,9,8,0,3,Unstable,Suburban,0,2,Marriage,0
8280,67,20000,559,0.45,1,19,4,7,0,2,Unstable,Rural,0,0,Home Purchase,0
8281,67,69749,834,0.12,2,9,7,8,1,3,Unstable,Urban,1,2,Child Birth,0
8282,31,91612,795,0.11,1,5,2,1,1,3,Stable,Urban,3,2,Home Purchase,0
8283,66,79397,850,0.33,2,14,6,6,1,1,Unstable,Suburban,2,2,Child Birth,0
8284,28,62178,759,0.43,4,16,5,5,0,1,Unstable,Urban,0,0,None,0
8285,29,90590,830,0.17,1,1,2,2,1,1,Unstable,Rural,0,2,Marriage,0
8286,29,133769,657,0.48,4,3,3,8,1,2,Stable,Rural,4,1,Marriage,0
8287,35,39207,681,0.16,4,10,3,2,0,3,Unstable,Suburban,1,0,Marriage,0
8288,65,20000,741,0.37,5,15,3,2,0,2,Unstable,Urban,4,1,Marriage,1
8289,52,68559,510,0.25,3,3,5,9,0,5,Stable,Urban,3,2,Marriage,0
8290,40,87062,754,0.48,2,1,9,6,0,3,Stable,Rural,1,0,Home Purchase,1
8291,65,21316,637,0.5,1,13,7,3,0,2,Stable,Rural,2,1,Marriage,1
8292,54,80818,654,0.13,4,15,6,9,1,2,Unstable,Rural,3,0,Marriage,1
8293,28,51572,799,0.2,5,10,4,2,0,4,Unstable,Urban,1,0,None,0
8294,26,68421,544,0.55,1,3,5,8,0,2,Unstable,Suburban,1,1,Child Birth,1
8295,27,37024,705,0.31,5,18,6,4,0,2,Unstable,Rural,4,2,Home Purchase,0
8296,45,35486,744,0.34,1,19,8,2,0,4,Unstable,Rural,2,0,Home Purchase,0
8297,30,32384,646,0.18,5,5,9,5,0,2,Stable,Rural,2,0,Marriage,1
8298,67,76687,703,0.6,5,10,2,3,1,3,Stable,Suburban,3,2,None,1
8299,42,44391,708,0.56,3,16,8,9,0,1,Unstable,Urban,0,0,Child Birth,0
8300,68,66743,789,0.1,4,18,8,8,0,3,Stable,Rural,4,0,Marriage,1
8301,29,60737,681,0.38,2,8,7,6,0,1,Unstable,Suburban,4,1,Child Birth,0
8302,33,30496,574,0.54,2,13,4,6,0,4,Unstable,Rural,0,0,Home Purchase,0
8303,44,61902,642,0.32,1,8,9,9,1,2,Stable,Urban,4,1,Marriage,0
8304,52,65925,665,0.32,1,13,7,2,0,4,Unstable,Suburban,0,0,None,0
8305,50,86565,619,0.29,3,12,5,7,0,4,Stable,Urban,3,1,Child Birth,0
8306,42,97358,718,0.11,1,13,4,3,0,4,Unstable,Urban,1,2,Home Purchase,0
8307,43,34513,714,0.5,2,17,6,3,0,3,Stable,Rural,1,2,Marriage,1
8308,27,68870,708,0.33,4,15,6,4,0,4,Stable,Suburban,2,2,None,0
8309,33,20000,610,0.37,3,9,9,5,0,2,Unstable,Urban,4,1,Home Purchase,0
8310,60,81280,712,0.23,1,4,7,5,0,5,Stable,Rural,4,2,None,1
8311,55,87432,828,0.49,3,12,1,1,0,4,Unstable,Rural,4,0,Child Birth,1
8312,41,20000,729,0.5,3,4,4,6,0,1,Unstable,Suburban,1,1,Child Birth,0
8313,47,51519,807,0.38,3,13,4,2,0,2,Unstable,Rural,1,1,Home Purchase,0
8314,58,37572,710,0.55,1,3,5,2,1,2,Unstable,Rural,1,1,Child Birth,0
8315,65,51455,636,0.16,5,5,5,9,0,5,Stable,Urban,2,0,None,1
8316,65,46501,786,0.49,1,13,4,1,0,2,Stable,Urban,0,2,None,1
8317,29,58909,559,0.38,1,14,3,2,0,2,Unstable,Urban,0,0,Child Birth,0
8318,39,84683,644,0.22,1,8,6,9,0,4,Unstable,Rural,4,0,Child Birth,1
8319,27,52156,685,0.17,1,11,2,4,0,5,Unstable,Suburban,0,1,None,0
8320,43,35313,765,0.25,1,8,9,4,0,4,Stable,Rural,0,1,Child Birth,0
8321,52,55059,827,0.53,3,12,6,9,1,5,Stable,Suburban,1,2,Marriage,0
8322,27,53668,784,0.49,3,11,5,5,0,5,Unstable,Suburban,1,2,None,1
8323,62,57835,774,0.42,1,17,3,4,0,4,Stable,Suburban,0,1,Child Birth,0
8324,28,44300,786,0.15,4,13,4,9,0,2,Stable,Urban,0,2,Home Purchase,1
8325,48,69065,800,0.58,4,4,6,4,0,3,Stable,Urban,4,2,Child Birth,0
8326,55,92335,586,0.25,5,13,3,4,1,4,Unstable,Suburban,2,1,None,0
8327,69,28275,850,0.4,4,9,7,7,1,5,Unstable,Rural,1,2,None,0
8328,69,71267,810,0.5,2,14,5,1,1,4,Stable,Rural,1,1,Marriage,1
8329,35,83993,681,0.17,2,12,1,3,0,2,Stable,Urban,4,1,None,0
8330,61,49151,737,0.43,4,13,9,4,0,3,Stable,Suburban,1,0,Home Purchase,0
8331,25,91305,568,0.12,1,8,9,8,0,2,Stable,Rural,2,0,Marriage,1
8332,33,58485,674,0.15,4,5,1,9,0,5,Stable,Suburban,4,0,Home Purchase,0
8333,41,31850,665,0.46,2,11,4,1,0,5,Unstable,Rural,3,2,Child Birth,0
8334,25,28211,657,0.18,4,6,4,3,0,5,Stable,Suburban,1,1,Child Birth,0
8335,27,79620,781,0.32,3,7,8,3,0,5,Unstable,Suburban,0,1,None,0
8336,50,77321,710,0.22,5,15,2,8,0,3,Unstable,Rural,0,1,Child Birth,0
8337,55,99107,580,0.31,3,5,7,5,1,3,Stable,Rural,4,2,Child Birth,0
8338,50,76767,582,0.14,3,9,8,5,0,5,Unstable,Suburban,0,2,None,0
8339,47,57513,503,0.48,5,19,3,8,0,4,Stable,Rural,3,1,Home Purchase,1
8340,54,72057,787,0.14,1,5,3,6,0,1,Stable,Suburban,3,1,Home Purchase,0
8341,34,61802,677,0.52,5,13,9,6,0,4,Stable,Urban,3,0,Marriage,1
8342,32,51685,775,0.43,1,12,8,7,1,4,Stable,Suburban,3,0,None,1
8343,68,46265,850,0.31,2,5,1,1,0,5,Unstable,Rural,4,2,Marriage,0
8344,49,20000,610,0.53,4,7,2,9,0,3,Stable,Rural,2,1,Home Purchase,0
8345,46,41446,732,0.19,2,3,4,5,1,3,Unstable,Rural,4,2,None,0
8346,39,59508,844,0.23,2,13,6,8,0,4,Stable,Urban,1,1,None,1
8347,65,20000,651,0.17,2,11,3,6,0,4,Stable,Urban,0,2,None,0
8348,34,47128,666,0.29,4,10,4,6,0,4,Stable,Suburban,3,0,Home Purchase,1
8349,44,83014,753,0.59,1,9,4,4,1,5,Unstable,Rural,1,0,Child Birth,0
8350,65,93580,850,0.18,5,6,7,3,0,2,Stable,Suburban,1,0,Child Birth,0
8351,47,46813,763,0.52,1,14,7,2,1,1,Unstable,Suburban,2,1,Child Birth,0
8352,25,45875,615,0.43,1,10,7,4,0,5,Unstable,Rural,4,1,Child Birth,0
8353,26,42000,627,0.11,3,17,4,1,0,1,Stable,Rural,0,0,Child Birth,0
8354,43,46040,651,0.57,4,2,5,6,0,2,Stable,Rural,3,2,None,1
8355,38,88566,518,0.59,1,2,4,7,0,2,Stable,Urban,3,2,None,0
8356,32,100730,684,0.56,1,4,9,5,0,5,Stable,Suburban,2,1,Marriage,0
8357,62,20000,700,0.35,2,7,4,1,0,3,Unstable,Suburban,2,0,Marriage,0
8358,36,39713,704,0.21,3,4,1,3,0,3,Unstable,Urban,3,1,Child Birth,1
8359,50,20000,555,0.3,5,8,8,6,0,1,Unstable,Urban,3,0,Child Birth,0
8360,51,59284,734,0.41,3,14,6,7,0,3,Stable,Suburban,3,2,None,0
8361,53,47790,601,0.29,2,3,2,9,0,4,Stable,Urban,2,1,Marriage,0
8362,39,68973,676,0.45,2,11,1,2,1,4,Stable,Urban,1,2,Home Purchase,0
8363,25,76580,625,0.5,2,3,7,3,1,2,Stable,Rural,1,0,Marriage,0
8364,67,73806,815,0.2,4,5,8,4,1,5,Unstable,Suburban,4,0,Child Birth,0
8365,52,20000,631,0.3,2,16,9,5,0,3,Unstable,Rural,0,0,Home Purchase,0
8366,27,59357,834,0.58,1,11,4,7,1,2,Stable,Urban,1,1,Marriage,0
8367,42,20000,713,0.22,4,1,7,6,0,4,Stable,Rural,3,0,Marriage,0
8368,58,103421,741,0.27,2,9,5,5,0,3,Unstable,Suburban,2,0,Marriage,1
8369,56,51133,708,0.12,4,5,2,6,1,3,Unstable,Suburban,3,0,Home Purchase,1
8370,53,25838,614,0.27,1,11,3,1,0,5,Unstable,Suburban,3,1,None,1
8371,49,46393,740,0.29,2,2,8,8,0,3,Unstable,Urban,3,0,Marriage,1
8372,50,65197,657,0.15,2,10,5,7,1,3,Stable,Rural,0,0,Child Birth,0
8373,63,78331,731,0.1,1,5,3,3,0,5,Stable,Urban,0,2,None,1
8374,32,92507,760,0.39,2,17,8,2,0,1,Stable,Rural,2,2,None,0
8375,43,61572,850,0.25,1,12,7,9,0,3,Unstable,Urban,0,1,Home Purchase,0
8376,66,51654,747,0.11,2,3,7,5,0,5,Stable,Urban,3,2,Child Birth,0
8377,46,77126,795,0.53,2,7,7,9,1,2,Stable,Suburban,0,1,Marriage,0
8378,53,76440,766,0.39,3,11,5,9,0,2,Stable,Rural,2,0,Marriage,0
8379,57,62969,677,0.19,4,11,4,3,1,4,Stable,Rural,0,0,Marriage,1
8380,62,80240,767,0.53,5,12,6,3,0,5,Unstable,Rural,1,1,Child Birth,1
8381,69,44743,687,0.23,3,5,6,9,1,3,Unstable,Suburban,2,2,Child Birth,0
8382,59,59399,658,0.21,3,10,6,3,1,2,Stable,Urban,3,1,Marriage,0
8383,67,20000,591,0.55,4,12,8,7,0,3,Stable,Rural,1,1,Marriage,0
8384,27,94746,765,0.19,3,14,6,3,0,5,Unstable,Rural,3,2,Child Birth,1
8385,43,47707,643,0.54,1,1,4,1,1,2,Stable,Rural,4,2,None,0
8386,34,94889,762,0.5,3,14,4,3,0,4,Stable,Urban,2,1,None,0
8387,51,43595,700,0.25,5,7,5,5,1,2,Stable,Rural,0,1,None,0
8388,39,67555,671,0.12,1,10,7,8,0,4,Unstable,Rural,4,0,Child Birth,1
8389,35,61368,613,0.14,4,12,1,7,0,5,Stable,Urban,3,1,None,1
8390,50,44950,830,0.15,4,6,1,1,0,1,Unstable,Rural,4,1,Child Birth,1
8391,48,71990,660,0.55,4,16,5,2,0,5,Stable,Suburban,3,2,Child Birth,0
8392,37,91923,850,0.3,1,10,5,9,0,4,Stable,Urban,4,1,Home Purchase,1
8393,56,104744,618,0.12,4,12,1,8,0,3,Stable,Suburban,1,0,None,0
8394,61,78568,850,0.38,4,10,7,2,1,2,Stable,Rural,1,1,Child Birth,1
8395,28,29749,708,0.2,5,10,7,3,0,2,Unstable,Suburban,2,2,Home Purchase,0
8396,37,24860,786,0.22,2,11,4,8,0,4,Stable,Urban,2,0,Marriage,0
8397,33,88473,569,0.18,2,9,2,4,0,2,Stable,Urban,1,1,Marriage,0
8398,58,35067,569,0.48,2,9,2,2,1,4,Unstable,Urban,4,0,None,1
8399,61,75398,725,0.1,4,12,4,4,1,3,Unstable,Urban,2,2,Home Purchase,0
8400,31,63348,598,0.32,1,2,2,6,0,1,Unstable,Rural,2,0,None,0
8401,25,92967,832,0.14,4,14,1,8,1,5,Unstable,Rural,1,1,None,1
8402,36,72748,736,0.38,2,9,1,3,1,3,Stable,Urban,4,0,Marriage,0
8403,45,59235,635,0.27,5,18,8,5,0,3,Stable,Rural,2,0,Marriage,1
8404,35,111531,607,0.11,4,13,2,3,1,2,Stable,Suburban,1,0,Marriage,0
8405,68,80581,671,0.33,4,16,9,8,0,2,Stable,Suburban,4,0,Home Purchase,1
8406,68,73868,643,0.39,4,13,2,8,0,1,Stable,Urban,0,2,Child Birth,0
8407,68,42934,749,0.22,1,8,4,6,1,4,Stable,Suburban,0,0,Marriage,0
8408,38,31333,692,0.48,5,12,7,1,0,4,Unstable,Suburban,0,2,Home Purchase,1
8409,58,53513,816,0.29,5,19,7,3,0,3,Unstable,Suburban,3,2,Marriage,1
8410,58,22529,763,0.47,5,10,8,7,0,3,Stable,Urban,1,1,Marriage,1
8411,49,51950,613,0.39,5,2,3,8,1,2,Stable,Suburban,1,1,Marriage,0
8412,28,80023,657,0.53,2,15,1,3,0,4,Unstable,Urban,4,0,Home Purchase,0
8413,50,84544,613,0.37,4,17,4,6,0,1,Unstable,Rural,3,0,Home Purchase,0
8414,40,51449,613,0.19,5,6,3,2,0,3,Stable,Suburban,0,1,Home Purchase,0
8415,34,133399,520,0.51,3,3,4,1,1,2,Unstable,Suburban,2,1,Home Purchase,0
8416,69,91833,794,0.49,3,11,6,9,0,5,Unstable,Rural,3,2,Marriage,1
8417,26,59250,829,0.59,2,5,1,9,0,5,Unstable,Rural,1,1,Marriage,0
8418,59,88535,601,0.15,3,13,1,5,0,5,Unstable,Urban,0,0,None,0
8419,43,45512,591,0.4,3,16,2,1,0,5,Unstable,Suburban,4,2,None,1
8420,30,66347,756,0.35,3,10,3,2,0,3,Unstable,Rural,2,1,None,1
8421,43,50985,618,0.44,2,13,5,1,1,4,Stable,Suburban,4,0,None,0
8422,32,29705,827,0.59,4,11,9,6,0,4,Stable,Rural,0,0,Child Birth,0
8423,38,73315,628,0.37,2,16,6,2,0,4,Unstable,Suburban,3,0,None,0
8424,34,59852,486,0.44,1,6,5,1,1,1,Unstable,Rural,0,1,Home Purchase,1
8425,27,61707,686,0.27,1,1,8,6,0,1,Stable,Rural,1,0,Child Birth,0
8426,62,59321,640,0.25,3,8,1,2,0,4,Unstable,Rural,3,1,Marriage,0
8427,53,37547,714,0.27,3,17,7,9,0,3,Unstable,Rural,1,2,Child Birth,1
8428,39,99708,665,0.12,4,10,8,3,1,5,Unstable,Suburban,2,1,Marriage,1
8429,47,66218,757,0.24,3,2,9,8,1,5,Unstable,Rural,3,0,Home Purchase,0
8430,47,53325,742,0.19,1,19,9,9,1,4,Unstable,Suburban,2,1,None,1
8431,42,27269,732,0.33,3,6,8,5,0,2,Stable,Suburban,4,2,Marriage,0
8432,43,95084,719,0.33,4,2,3,6,0,3,Stable,Rural,3,0,Home Purchase,0
8433,52,82932,699,0.48,1,18,6,5,0,2,Unstable,Rural,0,0,Marriage,0
8434,50,60037,560,0.35,3,14,5,6,1,2,Unstable,Rural,3,1,None,0
8435,34,27896,738,0.33,4,6,3,2,1,3,Unstable,Suburban,4,1,Home Purchase,0
8436,28,101473,773,0.22,4,12,2,9,1,3,Unstable,Suburban,2,2,Child Birth,1
8437,26,50880,734,0.53,1,8,2,7,1,1,Unstable,Rural,1,2,Home Purchase,0
8438,27,43212,679,0.15,1,3,4,6,1,1,Unstable,Urban,0,0,Child Birth,0
8439,31,58771,759,0.59,1,5,9,4,0,5,Stable,Suburban,2,1,Child Birth,0
8440,40,69378,723,0.34,4,17,2,9,1,1,Stable,Suburban,0,0,Child Birth,1
8441,55,55784,771,0.19,1,5,5,7,0,2,Stable,Rural,0,2,Home Purchase,0
8442,34,20000,691,0.28,1,14,8,4,0,3,Stable,Urban,0,0,None,1
8443,43,66240,557,0.11,4,14,2,3,0,5,Stable,Rural,2,0,Child Birth,0
8444,52,83064,682,0.18,4,9,7,8,0,1,Stable,Urban,2,1,Child Birth,0
8445,41,37723,605,0.27,1,8,6,6,0,5,Unstable,Suburban,0,0,Marriage,0
8446,52,99013,653,0.38,1,11,1,2,0,4,Stable,Urban,2,1,Child Birth,1
8447,43,81871,708,0.16,1,18,7,7,0,1,Stable,Rural,4,0,Marriage,1
8448,61,71719,799,0.44,4,9,9,8,0,5,Unstable,Suburban,3,2,Child Birth,0
8449,47,34647,766,0.52,5,2,1,5,0,3,Stable,Rural,0,1,Marriage,1
8450,44,66971,720,0.39,2,2,2,3,1,2,Stable,Rural,3,2,Child Birth,0
8451,37,68873,824,0.25,3,6,7,8,1,3,Unstable,Rural,0,0,Home Purchase,0
8452,37,57951,704,0.16,2,6,1,2,0,4,Unstable,Urban,4,1,Child Birth,0
8453,67,82283,720,0.11,4,11,2,6,0,1,Stable,Rural,1,0,Home Purchase,1
8454,35,50981,662,0.47,5,10,3,7,1,4,Unstable,Urban,2,0,Child Birth,1
8455,39,53209,593,0.41,4,13,2,9,0,2,Unstable,Suburban,1,1,Marriage,0
8456,41,43340,755,0.34,1,19,2,5,0,1,Stable,Urban,4,2,Child Birth,0
8457,52,48719,543,0.15,3,2,2,1,1,1,Unstable,Rural,0,0,Child Birth,0
8458,43,56250,606,0.2,2,14,7,2,0,2,Unstable,Suburban,1,2,Home Purchase,0
8459,28,55347,717,0.51,4,1,4,8,0,4,Unstable,Rural,2,1,None,1
8460,46,54224,615,0.34,5,12,4,1,0,3,Stable,Suburban,3,2,None,1
8461,46,83102,701,0.58,1,18,8,2,0,2,Stable,Suburban,3,1,None,1
8462,61,97567,714,0.6,5,16,5,5,0,5,Stable,Urban,3,0,Marriage,0
8463,63,27953,643,0.5,3,5,1,3,1,3,Unstable,Rural,2,2,Home Purchase,0
8464,58,96986,705,0.23,5,19,2,4,0,1,Stable,Suburban,3,2,Marriage,0
8465,57,76861,704,0.22,5,14,3,5,0,2,Unstable,Rural,3,1,None,0
8466,68,37673,585,0.23,1,11,4,3,1,2,Unstable,Urban,4,2,Child Birth,0
8467,66,51752,754,0.59,5,17,9,5,0,5,Unstable,Urban,1,0,None,0
8468,64,67099,496,0.27,1,15,5,3,0,4,Unstable,Rural,4,1,Marriage,0
8469,57,20000,850,0.45,3,16,6,1,0,5,Unstable,Suburban,4,2,None,1
8470,36,57831,753,0.58,4,14,3,7,0,5,Stable,Urban,2,0,Home Purchase,0
8471,26,73138,802,0.51,1,17,2,4,0,4,Unstable,Urban,4,1,None,0
8472,52,41390,766,0.4,4,4,2,8,0,1,Stable,Suburban,0,2,None,1
8473,34,23003,695,0.18,2,14,6,4,0,2,Unstable,Suburban,0,2,None,0
8474,46,64966,622,0.19,5,4,6,7,1,3,Stable,Urban,0,1,Home Purchase,0
8475,41,115206,697,0.35,4,3,7,3,0,1,Unstable,Urban,3,1,Child Birth,1
8476,50,42169,783,0.58,5,4,9,2,0,1,Unstable,Suburban,4,1,Marriage,0
8477,27,42823,617,0.55,1,6,3,3,1,1,Unstable,Urban,4,1,Home Purchase,1
8478,31,54987,715,0.18,5,4,7,7,0,3,Unstable,Rural,3,1,Child Birth,0
8479,68,99243,518,0.24,3,7,7,3,1,2,Unstable,Urban,4,1,Child Birth,0
8480,32,20000,619,0.39,4,7,8,8,0,1,Stable,Rural,3,1,Marriage,1
8481,44,79245,614,0.34,5,18,5,8,1,5,Unstable,Suburban,2,0,Home Purchase,0
8482,36,48226,850,0.16,4,12,3,1,0,3,Unstable,Rural,1,0,None,0
8483,59,50382,566,0.28,4,16,2,7,1,4,Stable,Suburban,2,0,Home Purchase,0
8484,41,34745,739,0.58,3,6,4,8,0,2,Unstable,Suburban,3,0,Child Birth,0
8485,52,53775,850,0.58,1,5,8,9,0,5,Unstable,Rural,0,2,Child Birth,1
8486,65,35467,800,0.38,5,10,5,8,0,3,Stable,Suburban,0,0,None,1
8487,34,46442,850,0.42,2,17,1,6,1,3,Unstable,Rural,0,1,None,0
8488,46,20000,850,0.21,4,3,3,8,0,4,Stable,Rural,4,0,Home Purchase,1
8489,62,20000,705,0.47,1,9,5,3,0,3,Stable,Urban,4,1,Child Birth,0
8490,57,68418,747,0.13,2,10,6,2,0,2,Stable,Urban,0,2,Marriage,1
8491,46,91555,719,0.21,4,10,2,1,0,5,Unstable,Rural,0,0,Child Birth,0
8492,68,140745,748,0.1,2,6,8,8,0,3,Stable,Rural,2,0,Home Purchase,0
8493,61,83113,742,0.29,5,4,7,7,0,4,Stable,Rural,3,2,None,0
8494,37,47132,850,0.53,5,11,7,6,0,2,Unstable,Urban,4,1,Child Birth,1
8495,51,20000,729,0.59,4,9,7,3,0,3,Unstable,Urban,1,1,Child Birth,0
8496,39,73494,604,0.43,4,12,5,6,0,1,Stable,Suburban,3,0,Home Purchase,0
8497,46,23686,759,0.47,5,10,2,5,1,1,Unstable,Suburban,0,0,Child Birth,0
8498,54,39820,773,0.23,1,6,8,5,1,4,Unstable,Rural,2,0,None,1
8499,67,82150,617,0.36,2,13,3,4,1,1,Unstable,Urban,1,0,Child Birth,1
8500,64,67355,613,0.47,4,5,3,5,0,1,Stable,Suburban,3,0,Marriage,0
8501,61,36773,795,0.35,4,4,2,5,0,2,Unstable,Rural,1,0,Home Purchase,1
8502,58,20000,646,0.14,3,3,2,5,0,2,Unstable,Suburban,0,1,None,1
8503,68,65306,658,0.47,2,5,2,8,1,5,Unstable,Rural,3,1,Home Purchase,0
8504,58,68392,653,0.21,5,18,6,2,0,5,Stable,Rural,4,2,Marriage,0
8505,59,97596,724,0.15,4,3,8,2,0,5,Unstable,Urban,2,2,Child Birth,0
8506,66,20000,810,0.34,4,5,3,6,1,2,Stable,Urban,4,0,Child Birth,1
8507,43,62955,766,0.14,5,9,6,3,1,2,Unstable,Suburban,1,0,Home Purchase,0
8508,32,82919,653,0.41,2,6,3,4,0,2,Unstable,Suburban,3,2,Home Purchase,1
8509,63,49493,833,0.42,1,15,9,3,0,1,Unstable,Urban,3,2,None,0
8510,57,20083,786,0.23,5,18,1,4,0,5,Stable,Suburban,4,2,None,0
8511,68,36880,799,0.58,1,8,7,2,1,1,Unstable,Suburban,0,1,Child Birth,0
8512,52,60935,795,0.51,4,12,8,9,0,5,Stable,Urban,2,2,Home Purchase,0
8513,61,47824,648,0.15,1,6,9,3,1,4,Unstable,Urban,3,2,None,0
8514,49,67597,608,0.47,1,8,5,7,0,1,Unstable,Urban,1,0,Home Purchase,0
8515,60,91983,666,0.28,5,15,6,9,0,5,Stable,Rural,0,1,Home Purchase,1
8516,41,50016,799,0.48,4,16,5,9,0,3,Unstable,Urban,3,0,Home Purchase,1
8517,48,90493,582,0.5,2,5,5,6,0,4,Stable,Rural,2,2,None,0
8518,45,57108,568,0.18,3,11,7,1,0,1,Unstable,Urban,3,2,Marriage,0
8519,26,68473,518,0.43,1,17,4,2,0,1,Unstable,Urban,4,2,Child Birth,1
8520,55,57072,574,0.53,4,13,6,9,0,3,Stable,Suburban,4,2,Child Birth,1
8521,68,69120,621,0.26,3,16,4,5,0,2,Stable,Rural,1,0,Child Birth,0
8522,57,73468,712,0.14,2,18,2,2,0,3,Unstable,Urban,4,0,None,1
8523,54,76045,584,0.11,3,13,2,6,0,2,Unstable,Suburban,4,2,Home Purchase,0
8524,36,60081,766,0.16,2,3,4,7,0,1,Unstable,Suburban,4,2,Home Purchase,0
8525,68,20000,704,0.1,3,3,5,6,1,2,Stable,Suburban,1,1,Home Purchase,1
8526,36,74888,495,0.26,2,6,1,1,0,3,Unstable,Rural,1,2,None,0
8527,48,20000,698,0.25,1,15,3,1,0,5,Stable,Rural,0,1,None,0
8528,48,44827,714,0.16,3,19,5,2,0,4,Unstable,Rural,3,0,Child Birth,0
8529,35,20000,850,0.43,2,3,8,9,0,1,Unstable,Suburban,1,2,Home Purchase,0
8530,37,102463,724,0.6,4,3,4,1,0,4,Stable,Urban,0,0,Child Birth,1
8531,51,70432,523,0.55,5,3,6,9,0,3,Unstable,Suburban,2,2,Child Birth,1
8532,32,51854,722,0.23,3,18,4,6,0,4,Stable,Rural,3,2,None,1
8533,34,95472,717,0.48,3,8,5,2,0,5,Unstable,Rural,2,1,None,1
8534,32,73300,760,0.57,3,16,7,3,0,5,Stable,Urban,2,0,Home Purchase,0
8535,44,63114,850,0.55,3,3,8,9,0,5,Stable,Suburban,1,0,Home Purchase,1
8536,32,69878,646,0.54,5,11,8,2,0,3,Stable,Urban,1,0,Child Birth,0
8537,33,50448,634,0.49,3,16,7,5,1,5,Stable,Suburban,0,1,Home Purchase,0
8538,31,29007,746,0.25,1,2,4,8,0,1,Stable,Rural,1,0,Home Purchase,1
8539,38,84022,850,0.14,1,1,4,6,0,5,Unstable,Suburban,0,2,None,0
8540,52,58225,767,0.34,4,8,2,8,0,3,Unstable,Rural,1,1,Home Purchase,1
8541,26,20000,665,0.13,5,12,9,6,1,5,Stable,Suburban,2,1,Home Purchase,0
8542,67,72684,798,0.6,4,19,6,4,0,4,Unstable,Rural,3,2,Marriage,0
8543,32,61021,850,0.28,1,18,3,8,0,5,Stable,Suburban,3,0,Home Purchase,0
8544,37,102495,623,0.58,3,18,3,9,0,3,Unstable,Rural,1,1,Home Purchase,0
8545,45,66713,599,0.49,3,11,1,5,1,4,Stable,Suburban,4,0,Child Birth,0
8546,52,30473,705,0.31,2,18,2,3,1,2,Stable,Rural,4,1,Marriage,0
8547,59,20000,730,0.16,5,6,5,1,0,1,Unstable,Suburban,2,0,Home Purchase,1
8548,47,91607,838,0.22,2,1,9,2,0,5,Unstable,Suburban,1,2,Marriage,1
8549,39,58409,653,0.44,5,9,3,1,0,3,Unstable,Rural,2,1,Child Birth,0
8550,26,38354,740,0.51,5,16,7,9,0,1,Unstable,Suburban,3,2,Marriage,0
8551,36,42008,850,0.59,3,5,6,7,1,4,Stable,Rural,2,0,Marriage,1
8552,60,92458,722,0.17,3,19,3,2,1,3,Unstable,Rural,3,1,Home Purchase,0
8553,27,71795,660,0.18,4,17,4,3,1,5,Stable,Urban,1,2,Child Birth,0
8554,29,87429,757,0.12,1,8,5,3,0,5,Unstable,Suburban,2,0,Home Purchase,1
8555,27,66130,666,0.23,1,19,2,1,0,2,Unstable,Suburban,2,2,None,0
8556,43,39084,733,0.51,3,18,8,3,0,1,Stable,Rural,4,2,Marriage,0
8557,26,104664,681,0.2,1,12,7,1,0,5,Unstable,Suburban,4,1,Marriage,0
8558,68,50223,685,0.37,5,16,9,3,0,4,Stable,Suburban,2,0,Marriage,0
8559,61,80110,659,0.32,1,14,8,3,1,4,Stable,Suburban,2,2,Marriage,1
8560,41,87105,642,0.26,4,4,7,5,0,4,Unstable,Suburban,4,1,Marriage,0
8561,38,60156,799,0.41,1,8,9,3,0,4,Stable,Rural,0,1,None,0
8562,52,32169,718,0.35,1,12,5,3,1,1,Unstable,Rural,3,2,Child Birth,0
8563,51,43046,827,0.27,4,11,3,1,0,2,Unstable,Rural,1,0,None,0
8564,34,76929,474,0.44,4,13,6,9,0,2,Stable,Urban,4,0,Marriage,0
8565,27,73345,648,0.24,3,8,9,1,1,3,Stable,Urban,1,0,None,0
8566,60,92516,625,0.42,4,18,6,7,0,1,Stable,Urban,2,1,Marriage,1
8567,62,88482,674,0.58,3,13,3,7,0,3,Stable,Urban,1,1,Marriage,0
8568,49,36175,596,0.46,5,4,2,8,0,5,Unstable,Urban,2,2,Child Birth,0
8569,46,96091,539,0.31,2,1,5,7,1,3,Unstable,Rural,2,0,Home Purchase,0
8570,63,34345,767,0.47,1,10,8,6,0,4,Unstable,Urban,2,2,Home Purchase,0
8571,54,74869,640,0.5,4,6,8,8,0,2,Unstable,Urban,0,0,None,0
8572,45,120536,755,0.26,1,11,1,4,0,2,Stable,Suburban,4,1,Child Birth,1
8573,54,67812,582,0.45,5,7,3,4,0,2,Stable,Urban,3,0,Home Purchase,0
8574,52,20000,536,0.32,2,10,5,3,0,1,Unstable,Rural,1,0,Home Purchase,0
8575,55,51852,724,0.51,4,12,1,8,1,4,Unstable,Urban,3,0,Home Purchase,1
8576,50,114370,763,0.25,3,6,6,6,0,3,Unstable,Suburban,4,2,Child Birth,0
8577,67,54822,638,0.57,3,6,4,8,0,5,Stable,Rural,4,1,Home Purchase,1
8578,46,93174,598,0.39,4,4,9,8,1,1,Unstable,Rural,1,1,Home Purchase,1
8579,45,36084,824,0.28,4,2,2,7,1,5,Stable,Suburban,0,0,None,0
8580,25,51108,694,0.31,5,7,5,3,0,1,Unstable,Rural,3,2,Home Purchase,1
8581,61,54607,600,0.27,2,7,5,5,0,4,Stable,Rural,0,0,Child Birth,0
8582,37,108772,550,0.17,4,2,6,2,0,1,Unstable,Rural,2,2,Home Purchase,0
8583,45,52351,631,0.13,3,10,5,1,0,5,Stable,Suburban,2,0,Home Purchase,1
8584,33,20000,660,0.26,2,14,9,3,0,1,Stable,Urban,2,2,Home Purchase,0
8585,41,119549,776,0.33,4,5,1,4,1,4,Unstable,Suburban,4,0,Child Birth,1
8586,45,65686,698,0.28,2,8,8,4,0,2,Stable,Rural,0,1,Child Birth,0
8587,55,76366,686,0.11,5,18,6,2,0,1,Unstable,Suburban,4,1,Child Birth,1
8588,63,20000,608,0.39,4,5,9,3,0,5,Stable,Suburban,0,1,Home Purchase,0
8589,46,66444,838,0.17,4,4,7,8,1,5,Stable,Urban,1,0,Child Birth,0
8590,36,60477,797,0.21,2,19,3,9,1,1,Unstable,Suburban,4,1,Marriage,0
8591,30,35843,789,0.16,4,11,8,2,0,4,Stable,Urban,2,2,Marriage,1
8592,40,76698,693,0.36,2,5,3,6,0,3,Unstable,Urban,2,2,Child Birth,0
8593,50,20000,740,0.15,2,16,3,1,0,2,Stable,Rural,4,0,None,0
8594,29,35667,442,0.23,4,9,4,4,0,4,Unstable,Urban,3,1,Marriage,0
8595,33,90298,720,0.33,3,6,3,9,1,3,Stable,Suburban,1,2,Child Birth,0
8596,64,41854,850,0.18,5,8,6,1,0,5,Stable,Suburban,2,0,None,0
8597,38,47666,641,0.32,2,1,7,3,0,1,Stable,Urban,1,1,Home Purchase,0
8598,68,62250,601,0.27,3,1,3,7,0,5,Stable,Urban,3,1,None,0
8599,66,50701,685,0.53,2,5,3,8,1,1,Unstable,Suburban,4,0,Child Birth,0
8600,54,77272,613,0.5,3,18,7,7,0,2,Unstable,Suburban,1,2,Home Purchase,0
8601,50,64399,607,0.6,4,4,9,7,0,1,Unstable,Rural,0,2,None,0
8602,69,22333,726,0.36,5,16,3,6,0,5,Stable,Urban,0,2,Home Purchase,0
8603,53,41628,782,0.39,3,19,6,7,0,3,Unstable,Urban,3,2,Child Birth,0
8604,43,38924,727,0.57,1,7,5,7,0,3,Unstable,Rural,0,0,None,0
8605,32,48414,585,0.3,2,15,8,9,1,3,Unstable,Rural,2,1,Marriage,0
8606,47,62799,633,0.38,3,18,9,9,0,1,Unstable,Rural,0,1,Child Birth,1
8607,66,67657,732,0.29,5,9,8,8,0,4,Unstable,Urban,2,2,None,1
8608,59,20000,765,0.37,5,7,1,9,0,5,Stable,Urban,2,2,Child Birth,0
8609,55,85626,679,0.14,5,1,7,6,0,5,Stable,Suburban,2,2,Child Birth,0
8610,59,57728,610,0.49,3,13,8,4,1,4,Stable,Urban,2,0,Marriage,0
8611,56,31990,777,0.59,3,4,5,9,1,3,Unstable,Rural,0,0,None,0
8612,29,83808,850,0.13,4,2,4,2,0,3,Unstable,Suburban,3,1,Home Purchase,0
8613,40,20000,812,0.5,1,10,7,8,1,5,Unstable,Urban,2,1,Child Birth,0
8614,41,20606,850,0.22,3,5,6,2,0,1,Unstable,Urban,3,2,Marriage,0
8615,56,113228,637,0.2,4,3,2,7,0,1,Unstable,Suburban,3,1,Marriage,0
8616,62,63657,803,0.45,2,5,9,9,0,2,Unstable,Suburban,4,2,None,1
8617,56,41568,828,0.12,1,11,3,4,0,3,Unstable,Rural,3,2,Child Birth,0
8618,44,62712,651,0.33,5,18,1,8,0,5,Unstable,Urban,1,2,None,1
8619,26,55460,617,0.1,1,2,3,7,1,1,Unstable,Rural,2,0,None,0
8620,44,60894,603,0.38,2,16,1,3,0,2,Stable,Urban,3,1,Marriage,1
8621,42,72228,690,0.33,3,18,7,1,0,4,Unstable,Urban,4,1,Marriage,0
8622,25,55049,549,0.56,3,6,6,8,1,1,Stable,Suburban,4,0,Child Birth,0
8623,53,68867,850,0.46,4,15,8,9,0,1,Unstable,Urban,1,1,Child Birth,1
8624,53,56049,571,0.16,3,12,4,5,0,5,Stable,Urban,4,2,Home Purchase,0
8625,43,39478,742,0.28,3,4,6,4,0,3,Stable,Rural,2,0,Marriage,0
8626,68,32348,473,0.57,1,12,3,2,0,5,Unstable,Urban,4,0,Home Purchase,0
8627,64,92976,850,0.46,2,11,4,1,0,4,Unstable,Suburban,1,0,None,0
8628,30,76185,824,0.4,5,9,6,4,0,3,Unstable,Rural,2,2,None,0
8629,68,85926,540,0.38,5,1,5,8,0,5,Stable,Urban,0,2,None,1
8630,63,60094,730,0.3,4,18,2,9,0,1,Unstable,Urban,2,0,None,1
8631,32,65641,675,0.39,2,6,9,1,1,5,Unstable,Urban,3,0,Marriage,0
8632,48,55540,715,0.49,1,12,2,4,0,3,Stable,Rural,0,1,Home Purchase,0
8633,44,88937,763,0.16,5,3,8,5,0,2,Stable,Rural,3,2,None,1
8634,38,51378,619,0.58,4,1,5,2,0,2,Stable,Suburban,3,1,None,0
8635,29,35399,694,0.22,3,7,7,2,1,4,Stable,Urban,3,2,Marriage,0
8636,65,73031,519,0.32,3,18,6,3,0,5,Stable,Suburban,1,1,Marriage,0
8637,64,56196,708,0.11,1,12,2,1,1,1,Stable,Urban,1,0,Child Birth,0
8638,58,66247,494,0.38,5,16,4,8,1,4,Unstable,Urban,2,1,Child Birth,0
8639,40,77778,830,0.29,3,7,9,1,0,4,Unstable,Urban,1,2,Home Purchase,0
8640,69,45521,553,0.22,4,17,7,4,0,4,Stable,Urban,4,1,Home Purchase,0
8641,31,54526,729,0.59,4,4,1,7,0,3,Unstable,Urban,4,2,Child Birth,0
8642,40,52239,782,0.31,5,10,4,3,0,2,Stable,Suburban,3,0,Child Birth,0
8643,31,92169,850,0.31,1,6,3,9,1,3,Unstable,Rural,2,0,Marriage,0
8644,51,60357,850,0.33,4,2,1,3,1,2,Unstable,Suburban,4,1,Child Birth,1
8645,38,63909,839,0.16,2,4,5,5,0,5,Unstable,Suburban,0,0,Marriage,1
8646,38,31088,698,0.3,4,18,9,2,1,3,Stable,Suburban,1,1,Home Purchase,1
8647,68,78269,811,0.27,1,1,4,5,1,1,Unstable,Suburban,3,1,Marriage,0
8648,57,70702,727,0.33,4,1,2,2,0,5,Unstable,Urban,1,0,Marriage,0
8649,57,39119,736,0.53,3,16,7,8,0,3,Stable,Rural,2,0,Home Purchase,0
8650,68,108074,637,0.2,1,13,8,9,0,1,Unstable,Urban,3,2,Child Birth,1
8651,44,68429,850,0.4,3,14,2,5,0,5,Unstable,Urban,3,2,Child Birth,0
8652,60,44409,619,0.12,3,11,9,6,0,5,Stable,Rural,1,2,Home Purchase,0
8653,31,59928,592,0.26,5,8,8,4,0,1,Stable,Urban,3,1,None,1
8654,56,50785,740,0.34,1,10,4,7,0,1,Stable,Suburban,3,0,None,0
8655,27,98596,520,0.14,3,16,4,5,0,4,Unstable,Urban,0,0,Child Birth,1
8656,63,83329,711,0.37,5,7,5,5,0,3,Stable,Suburban,3,0,None,0
8657,53,71350,850,0.26,5,5,1,1,1,2,Stable,Rural,1,0,Child Birth,1
8658,48,102921,741,0.6,3,10,7,2,0,1,Stable,Suburban,4,2,Child Birth,0
8659,46,34044,703,0.42,3,18,4,2,0,2,Unstable,Urban,3,1,Child Birth,0
8660,30,79397,616,0.22,2,7,1,4,0,4,Unstable,Urban,2,1,Marriage,0
8661,48,73681,549,0.15,1,4,4,5,0,2,Stable,Suburban,3,0,None,1
8662,64,54238,786,0.12,5,10,4,4,1,1,Unstable,Rural,3,1,Home Purchase,0
8663,47,54350,702,0.15,1,18,1,3,1,3,Unstable,Urban,3,0,Child Birth,0
8664,62,83079,762,0.44,5,18,9,4,0,2,Unstable,Rural,0,1,Child Birth,0
8665,34,81247,480,0.53,4,3,8,5,1,5,Unstable,Urban,2,0,Home Purchase,0
8666,40,24443,773,0.18,4,13,9,3,1,2,Stable,Urban,1,2,None,0
8667,35,105410,850,0.3,5,14,7,6,0,4,Unstable,Rural,3,0,Child Birth,1
8668,56,88568,834,0.28,2,14,5,4,0,4,Unstable,Rural,1,1,Marriage,0
8669,69,52961,729,0.42,4,1,7,2,1,1,Unstable,Rural,0,0,Child Birth,0
8670,30,40218,595,0.19,1,5,2,3,0,3,Unstable,Urban,3,2,Child Birth,0
8671,48,87761,712,0.58,3,10,7,1,1,2,Stable,Urban,0,1,None,0
8672,57,72410,715,0.46,1,14,4,7,0,1,Stable,Urban,0,2,Marriage,1
8673,36,77910,650,0.58,1,19,5,5,0,3,Unstable,Suburban,4,2,Marriage,0
8674,51,74271,658,0.24,1,7,7,7,0,4,Unstable,Urban,4,1,None,0
8675,62,90363,850,0.39,5,15,2,5,0,2,Stable,Suburban,4,1,None,1
8676,42,81398,603,0.47,5,9,5,1,0,1,Stable,Urban,2,1,Child Birth,0
8677,69,46653,657,0.46,1,10,2,3,0,2,Stable,Suburban,0,2,Home Purchase,0
8678,63,45188,756,0.11,3,8,6,9,0,2,Stable,Urban,1,1,None,1
8679,37,68898,850,0.6,2,9,8,7,1,5,Unstable,Suburban,4,0,None,1
8680,64,117243,669,0.56,2,11,7,7,0,4,Stable,Suburban,2,0,None,1
8681,54,56255,520,0.16,4,8,5,5,0,3,Unstable,Urban,3,0,Home Purchase,1
8682,65,69078,486,0.37,4,18,3,3,0,4,Unstable,Rural,4,0,Marriage,0
8683,37,82364,850,0.26,3,5,4,4,0,1,Stable,Urban,3,1,Child Birth,0
8684,58,49519,509,0.54,1,8,2,4,0,4,Stable,Rural,3,0,Child Birth,0
8685,60,79937,707,0.45,5,2,6,6,1,1,Stable,Rural,3,2,Home Purchase,1
8686,54,60349,548,0.21,4,18,8,6,1,4,Stable,Suburban,4,2,Child Birth,0
8687,49,91247,621,0.12,1,19,8,7,0,1,Stable,Rural,0,2,Home Purchase,1
8688,26,36385,635,0.25,2,18,9,8,1,1,Stable,Urban,2,1,None,0
8689,60,117847,504,0.12,3,16,5,9,0,2,Stable,Suburban,2,2,Marriage,0
8690,42,52187,821,0.17,5,4,6,8,0,5,Unstable,Suburban,0,0,Child Birth,0
8691,29,73036,743,0.42,5,17,2,9,1,5,Stable,Suburban,4,2,Marriage,1
8692,43,60122,657,0.47,4,6,4,9,0,2,Stable,Urban,0,1,Home Purchase,0
8693,66,33033,642,0.33,1,12,3,3,1,5,Stable,Urban,3,0,Home Purchase,1
8694,42,80831,808,0.4,5,7,9,7,1,3,Unstable,Suburban,3,2,Marriage,0
8695,56,53392,708,0.18,2,14,6,3,1,2,Unstable,Rural,4,0,Child Birth,1
8696,45,73142,850,0.26,2,12,6,5,1,5,Stable,Rural,2,1,Home Purchase,0
8697,34,39871,655,0.46,3,2,4,9,1,2,Unstable,Rural,0,1,Marriage,0
8698,61,53504,742,0.28,3,4,6,8,1,2,Unstable,Suburban,0,1,Marriage,0
8699,46,52638,576,0.27,2,8,1,3,0,2,Stable,Urban,0,1,Child Birth,0
8700,37,73765,656,0.2,2,10,9,6,0,5,Stable,Urban,2,0,None,1
8701,41,67696,803,0.4,1,17,3,5,0,5,Unstable,Rural,0,2,Home Purchase,0
8702,33,55585,817,0.5,5,7,5,4,1,3,Unstable,Rural,0,0,Home Purchase,0
8703,48,50751,850,0.33,1,10,7,6,1,2,Stable,Rural,4,1,Child Birth,0
8704,68,67872,744,0.16,3,17,2,8,1,5,Stable,Rural,2,2,None,1
8705,38,64942,823,0.52,3,16,4,8,0,3,Unstable,Urban,0,0,None,1
8706,32,63223,762,0.14,3,13,6,3,0,4,Unstable,Urban,1,2,Home Purchase,0
8707,61,109233,658,0.34,5,18,1,6,1,3,Unstable,Urban,4,2,None,0
8708,43,73798,548,0.23,4,5,6,1,0,5,Unstable,Suburban,0,0,Child Birth,0
8709,52,108100,676,0.57,3,8,5,1,0,4,Unstable,Urban,4,1,Marriage,0
8710,65,58262,585,0.47,3,7,2,1,1,1,Stable,Rural,3,1,Child Birth,0
8711,54,58789,805,0.38,1,18,6,9,1,5,Stable,Urban,0,2,Child Birth,0
8712,31,47364,811,0.43,1,6,5,9,0,3,Stable,Rural,0,1,Marriage,0
8713,50,67547,598,0.37,4,13,1,5,0,4,Unstable,Urban,0,0,Marriage,0
8714,64,51858,811,0.17,4,9,6,7,0,2,Unstable,Rural,2,0,Home Purchase,0
8715,35,48296,581,0.45,4,8,7,4,1,3,Stable,Urban,4,1,Home Purchase,0
8716,38,20000,844,0.35,4,12,9,2,0,5,Stable,Rural,0,1,Child Birth,0
8717,45,96646,683,0.42,1,10,2,6,1,3,Unstable,Suburban,0,1,None,0
8718,32,50418,745,0.12,3,7,6,2,0,2,Unstable,Suburban,4,2,Home Purchase,0
8719,27,96874,844,0.17,1,7,6,7,1,1,Unstable,Suburban,2,2,Marriage,0
8720,52,57593,759,0.39,2,17,1,4,0,3,Unstable,Urban,1,0,None,1
8721,53,76114,686,0.33,2,5,8,4,0,5,Stable,Rural,3,0,None,1
8722,47,61857,787,0.21,3,10,5,2,0,4,Stable,Urban,4,2,None,0
8723,42,70367,603,0.22,4,15,2,9,0,1,Stable,Urban,4,0,Child Birth,0
8724,59,34774,507,0.42,3,13,5,3,0,1,Unstable,Urban,1,2,Home Purchase,0
8725,37,89558,814,0.13,2,14,4,6,0,2,Unstable,Urban,0,2,Marriage,0
8726,36,50828,568,0.32,3,17,7,9,0,1,Stable,Urban,1,2,Marriage,0
8727,29,83141,792,0.36,4,7,8,8,1,1,Unstable,Suburban,0,2,Home Purchase,0
8728,63,23483,714,0.25,1,4,1,9,0,1,Stable,Rural,0,0,Home Purchase,0
8729,35,41137,698,0.51,4,9,1,7,0,5,Stable,Rural,0,0,None,0
8730,35,69294,605,0.13,1,19,8,9,0,1,Stable,Suburban,2,1,Marriage,0
8731,66,55909,654,0.53,2,14,4,9,1,3,Unstable,Rural,1,2,Home Purchase,1
8732,55,71421,701,0.46,5,3,8,5,0,1,Unstable,Rural,2,2,Home Purchase,0
8733,55,65189,719,0.32,3,4,7,7,0,2,Unstable,Urban,2,1,Home Purchase,0
8734,37,105698,609,0.56,5,2,9,5,1,1,Stable,Urban,1,1,Home Purchase,0
8735,38,73508,774,0.45,4,8,7,1,0,3,Stable,Urban,1,1,Home Purchase,0
8736,69,49182,780,0.57,1,2,4,7,0,2,Stable,Urban,0,1,Child Birth,0
8737,66,50169,748,0.34,4,4,5,9,0,5,Unstable,Suburban,4,2,None,1
8738,49,90103,656,0.33,4,2,7,5,1,2,Stable,Urban,4,0,None,1
8739,57,21791,785,0.37,2,4,2,4,0,3,Unstable,Rural,3,0,Marriage,0
8740,57,73979,762,0.13,4,9,3,5,0,2,Stable,Urban,0,0,Home Purchase,1
8741,39,32105,504,0.55,3,2,3,4,0,4,Stable,Rural,1,1,Child Birth,0
8742,40,87730,721,0.43,2,17,9,9,1,3,Stable,Rural,4,2,None,0
8743,68,49194,850,0.41,5,1,2,8,0,2,Stable,Urban,3,0,Home Purchase,1
8744,62,73155,797,0.56,4,6,4,5,0,1,Unstable,Urban,4,2,Child Birth,1
8745,30,60929,815,0.6,5,16,8,5,1,2,Stable,Suburban,2,2,Child Birth,0
8746,68,25332,629,0.18,3,4,1,5,0,1,Stable,Rural,0,0,Marriage,1
8747,49,76007,712,0.47,3,5,9,7,0,4,Unstable,Urban,0,2,Child Birth,0
8748,39,41978,681,0.39,3,5,6,7,0,5,Unstable,Suburban,2,1,Child Birth,1
8749,28,80046,699,0.33,5,9,4,3,0,3,Unstable,Rural,3,2,Home Purchase,0
8750,28,34950,648,0.59,5,5,5,1,0,5,Unstable,Urban,1,1,Child Birth,0
8751,54,66051,576,0.53,1,2,7,8,1,2,Unstable,Rural,1,2,Child Birth,1
8752,58,60976,706,0.45,2,7,8,4,0,4,Unstable,Rural,2,0,Home Purchase,1
8753,51,44935,621,0.29,4,15,5,4,0,2,Unstable,Rural,2,1,Marriage,0
8754,55,94493,758,0.43,2,8,7,9,0,4,Stable,Suburban,0,2,Home Purchase,1
8755,56,60838,696,0.37,3,3,3,7,1,5,Unstable,Urban,4,2,Child Birth,0
8756,68,49458,507,0.22,4,11,2,7,0,4,Stable,Urban,3,0,Home Purchase,0
8757,63,67468,838,0.33,1,10,2,8,0,2,Stable,Urban,3,0,None,0
8758,33,23607,743,0.21,2,4,3,1,0,4,Stable,Rural,4,1,None,0
8759,65,121292,654,0.35,3,12,6,9,0,1,Unstable,Suburban,1,2,Marriage,1
8760,32,32857,666,0.46,4,13,1,1,0,1,Unstable,Urban,3,2,Home Purchase,0
8761,38,73794,577,0.12,4,7,3,5,1,4,Stable,Urban,0,2,Child Birth,0
8762,57,61527,693,0.48,3,19,3,9,0,4,Stable,Suburban,2,0,Child Birth,0
8763,47,89510,768,0.11,5,16,2,3,0,4,Unstable,Suburban,4,1,Child Birth,1
8764,45,64448,850,0.36,2,10,1,2,0,4,Unstable,Urban,1,0,Marriage,1
8765,36,44042,691,0.39,4,7,1,2,0,4,Unstable,Suburban,4,1,Home Purchase,0
8766,26,20000,704,0.48,5,3,1,7,1,1,Unstable,Suburban,4,0,Marriage,0
8767,37,20000,819,0.48,1,2,8,5,0,3,Unstable,Suburban,4,1,Child Birth,0
8768,28,54049,584,0.31,4,1,6,8,1,5,Stable,Rural,0,2,Marriage,0
8769,44,94258,714,0.13,4,16,9,5,0,1,Unstable,Suburban,1,0,Home Purchase,0
8770,38,20000,624,0.45,1,13,3,2,0,4,Unstable,Rural,2,2,Marriage,0
8771,54,106234,713,0.36,1,3,7,7,0,3,Unstable,Urban,0,2,Child Birth,0
8772,53,87173,793,0.27,4,14,6,7,0,3,Unstable,Rural,3,0,Child Birth,1
8773,32,26282,534,0.22,3,18,9,2,0,5,Stable,Rural,4,0,Child Birth,1
8774,36,32870,811,0.16,1,11,9,6,0,2,Stable,Urban,3,1,None,0
8775,65,35389,735,0.25,5,19,9,5,0,2,Stable,Rural,4,2,Marriage,0
8776,62,67482,713,0.33,1,3,7,4,1,2,Unstable,Urban,4,0,Home Purchase,0
8777,50,58594,834,0.34,4,2,9,8,0,2,Stable,Rural,1,0,None,1
8778,26,57659,620,0.39,4,6,7,8,0,1,Unstable,Suburban,2,0,Home Purchase,1
8779,64,47384,566,0.28,2,4,9,5,0,1,Stable,Rural,0,2,None,0
8780,38,64454,597,0.56,5,13,2,4,0,4,Unstable,Rural,0,0,Home Purchase,1
8781,30,80928,753,0.35,2,8,2,9,0,3,Unstable,Suburban,2,0,Home Purchase,0
8782,66,56795,650,0.31,1,15,7,5,0,1,Stable,Rural,4,1,None,0
8783,64,43433,612,0.12,2,1,6,4,1,1,Unstable,Urban,3,1,Child Birth,0
8784,55,84802,602,0.4,4,16,6,2,0,5,Stable,Urban,1,2,Child Birth,0
8785,41,54466,717,0.4,3,5,5,6,0,1,Stable,Rural,0,2,Home Purchase,0
8786,49,73799,697,0.39,1,13,1,5,0,2,Stable,Urban,0,0,Child Birth,0
8787,56,57502,558,0.54,4,17,7,6,0,1,Unstable,Rural,4,0,Child Birth,0
8788,36,87126,561,0.48,1,2,2,1,1,2,Stable,Urban,3,2,Home Purchase,0
8789,37,90831,647,0.53,2,13,8,6,1,1,Stable,Suburban,0,2,Child Birth,0
8790,43,89957,791,0.13,2,2,7,5,1,4,Unstable,Suburban,2,1,Marriage,1
8791,68,46203,657,0.26,1,11,2,7,0,4,Stable,Suburban,1,0,Marriage,0
8792,49,45947,552,0.26,1,15,2,1,1,5,Unstable,Rural,3,0,Marriage,0
8793,55,81843,691,0.43,2,9,8,3,0,3,Unstable,Suburban,1,1,Marriage,0
8794,61,58385,703,0.32,1,19,5,2,0,5,Unstable,Urban,1,0,Marriage,0
8795,49,59144,551,0.49,2,4,8,6,1,1,Stable,Rural,1,1,Marriage,0
8796,40,42627,578,0.29,1,17,1,1,0,1,Unstable,Suburban,2,1,Home Purchase,0
8797,62,95235,774,0.21,3,15,9,3,1,1,Stable,Urban,2,2,Child Birth,1
8798,67,86012,576,0.25,1,7,8,4,1,1,Unstable,Rural,2,2,Marriage,1
8799,47,57025,778,0.19,1,13,6,6,0,2,Stable,Suburban,1,2,None,1
8800,38,43865,545,0.2,4,8,8,5,0,3,Stable,Rural,2,2,Marriage,0
8801,30,42758,549,0.21,3,1,1,5,0,4,Stable,Rural,4,1,Child Birth,0
8802,49,63330,702,0.11,2,9,8,5,0,3,Stable,Urban,1,2,Home Purchase,0
8803,47,69669,624,0.46,2,18,1,1,0,2,Stable,Rural,4,0,Child Birth,1
8804,67,38439,646,0.3,5,17,4,8,0,1,Unstable,Urban,0,2,Home Purchase,0
8805,36,28878,715,0.11,3,17,3,2,0,2,Stable,Rural,3,0,Home Purchase,0
8806,37,61991,643,0.29,3,8,3,6,0,4,Stable,Rural,0,0,Marriage,0
8807,60,81616,605,0.55,1,3,9,7,0,3,Unstable,Urban,1,1,Home Purchase,1
8808,63,61845,749,0.36,4,11,8,4,0,1,Stable,Urban,4,1,Child Birth,0
8809,58,53765,718,0.59,2,2,8,8,0,5,Stable,Rural,4,2,Child Birth,1
8810,30,31749,704,0.37,2,2,7,1,0,4,Stable,Suburban,3,2,Marriage,0
8811,62,44150,698,0.58,4,16,8,9,1,1,Stable,Rural,1,0,Home Purchase,1
8812,64,81960,619,0.2,4,17,8,4,0,5,Stable,Rural,1,2,None,1
8813,32,28669,598,0.24,3,9,6,9,1,4,Unstable,Rural,2,0,Home Purchase,0
8814,32,104318,665,0.45,4,1,8,2,0,1,Unstable,Urban,1,1,Marriage,0
8815,64,62126,621,0.59,4,12,2,8,1,5,Unstable,Urban,0,0,Child Birth,0
8816,57,20341,698,0.51,1,6,7,5,0,1,Unstable,Urban,4,2,None,0
8817,58,72580,660,0.38,3,11,3,7,0,3,Unstable,Urban,4,0,None,0
8818,68,71255,701,0.14,5,6,8,5,1,3,Unstable,Rural,2,1,None,1
8819,39,49059,690,0.28,5,5,5,6,0,5,Unstable,Urban,1,0,None,0
8820,60,83482,850,0.14,2,13,5,7,0,3,Unstable,Urban,3,2,Child Birth,0
8821,59,44503,561,0.26,4,1,3,9,1,3,Stable,Urban,2,1,Child Birth,0
8822,46,75799,681,0.23,1,16,1,6,0,4,Stable,Rural,0,1,Home Purchase,1
8823,47,59130,589,0.29,4,19,2,1,0,2,Unstable,Suburban,0,2,Marriage,0
8824,64,52910,651,0.52,2,11,2,1,1,3,Stable,Rural,2,2,None,0
8825,69,93574,618,0.18,4,2,7,1,1,5,Stable,Urban,2,2,Marriage,0
8826,46,84588,763,0.25,5,1,2,5,0,4,Unstable,Rural,4,2,Home Purchase,0
8827,29,32313,552,0.23,3,13,7,6,0,5,Stable,Suburban,2,0,None,1
8828,55,69507,778,0.25,4,17,1,6,1,3,Stable,Rural,4,1,Marriage,0
8829,37,107336,752,0.28,5,14,2,9,0,1,Stable,Suburban,0,0,None,0
8830,52,94222,850,0.22,5,17,7,1,0,1,Stable,Urban,0,0,None,1
8831,44,37265,850,0.57,2,10,7,3,0,3,Unstable,Urban,0,2,Marriage,0
8832,57,99899,620,0.31,3,17,2,4,1,1,Unstable,Rural,4,2,Home Purchase,0
8833,40,83250,823,0.16,2,13,7,9,0,2,Stable,Urban,2,0,Child Birth,0
8834,53,33785,667,0.33,1,6,9,1,0,5,Unstable,Urban,1,0,Home Purchase,0
8835,47,65191,730,0.19,3,4,8,8,1,2,Unstable,Urban,1,2,Home Purchase,0
8836,48,71941,850,0.21,1,4,6,3,0,4,Unstable,Urban,3,1,Child Birth,0
8837,58,33076,624,0.24,3,14,4,8,1,3,Unstable,Suburban,3,0,Child Birth,0
8838,31,77652,705,0.16,5,4,3,2,1,5,Unstable,Urban,4,1,Marriage,0
8839,62,120743,505,0.46,1,5,8,6,1,3,Unstable,Rural,2,1,Marriage,1
8840,61,94130,788,0.5,3,14,3,2,0,3,Stable,Rural,0,1,None,0
8841,28,64049,850,0.3,3,15,5,7,0,2,Unstable,Suburban,1,0,Home Purchase,0
8842,58,52965,757,0.44,1,8,3,6,0,1,Stable,Rural,3,1,Marriage,0
8843,66,68209,836,0.29,3,11,9,7,1,1,Unstable,Suburban,2,2,None,0
8844,46,35619,814,0.18,2,7,7,9,1,5,Unstable,Suburban,1,0,Child Birth,0
8845,29,48061,629,0.3,2,13,3,9,0,5,Unstable,Suburban,2,1,Child Birth,0
8846,66,20000,732,0.38,1,14,7,6,0,5,Unstable,Urban,0,0,None,1
8847,47,70863,749,0.12,5,9,4,8,0,4,Stable,Rural,4,2,None,1
8848,39,51562,583,0.43,4,15,1,6,0,1,Unstable,Urban,1,0,Home Purchase,1
8849,55,75451,844,0.47,1,8,4,2,1,4,Stable,Suburban,1,2,Home Purchase,0
8850,33,62994,649,0.53,1,2,8,5,0,5,Stable,Rural,2,0,None,0
8851,67,34729,678,0.15,1,12,6,5,0,2,Unstable,Urban,2,0,Child Birth,0
8852,49,65012,673,0.1,1,16,1,4,0,5,Stable,Rural,2,0,None,0
8853,49,42163,703,0.14,2,8,1,9,0,2,Unstable,Rural,0,2,None,0
8854,45,101385,850,0.56,1,1,4,2,0,1,Stable,Rural,1,0,Marriage,0
8855,33,38912,639,0.48,5,17,6,7,0,3,Stable,Urban,4,1,None,0
8856,62,48248,545,0.52,4,19,4,6,0,3,Unstable,Suburban,4,0,Marriage,0
8857,46,34660,716,0.36,4,13,9,3,0,5,Unstable,Suburban,4,0,Home Purchase,1
8858,67,32494,613,0.36,5,15,2,7,0,1,Unstable,Suburban,2,0,Child Birth,0
8859,47,60751,659,0.25,1,13,6,8,0,2,Stable,Suburban,0,2,Marriage,1
8860,28,28862,761,0.52,4,3,7,4,1,3,Stable,Urban,2,1,Home Purchase,0
8861,53,55302,591,0.51,2,16,4,8,1,3,Unstable,Rural,4,1,None,1
8862,39,70750,663,0.3,4,9,5,6,0,1,Stable,Rural,0,0,Child Birth,0
8863,25,49408,729,0.26,5,19,5,5,1,2,Stable,Suburban,2,1,None,1
8864,54,20000,622,0.47,4,8,2,8,0,3,Unstable,Rural,3,1,Marriage,0
8865,53,93349,696,0.11,5,8,5,6,0,1,Stable,Urban,3,0,None,0
8866,44,66664,729,0.53,1,14,5,8,0,1,Stable,Suburban,0,1,None,0
8867,57,66964,688,0.32,4,19,5,6,1,4,Stable,Urban,4,2,Child Birth,1
8868,65,54198,715,0.32,5,13,4,4,0,1,Stable,Urban,4,1,Marriage,0
8869,68,80272,735,0.43,2,3,4,2,0,3,Unstable,Suburban,4,0,Child Birth,1
8870,60,83449,632,0.42,2,5,7,3,1,2,Unstable,Suburban,4,0,Marriage,1
8871,46,85949,553,0.23,3,8,6,7,0,1,Stable,Urban,4,1,Home Purchase,0
8872,37,66718,596,0.57,4,6,8,6,0,3,Stable,Urban,1,0,Marriage,0
8873,31,25600,580,0.59,1,5,1,6,0,4,Stable,Rural,4,2,Child Birth,0
8874,32,70129,823,0.36,3,12,2,9,0,2,Stable,Suburban,2,1,Home Purchase,0
8875,52,66685,526,0.38,4,6,2,5,0,5,Unstable,Suburban,0,2,Child Birth,0
8876,69,46283,762,0.38,2,8,2,9,1,5,Unstable,Rural,1,1,Marriage,0
8877,67,39953,631,0.34,1,7,3,1,1,1,Stable,Rural,4,1,Home Purchase,0
8878,33,73575,803,0.57,2,14,6,3,0,5,Stable,Rural,2,0,Home Purchase,0
8879,49,58104,657,0.22,4,9,3,5,0,2,Unstable,Urban,4,0,Home Purchase,0
8880,40,50246,703,0.15,1,17,7,7,0,2,Stable,Rural,3,0,Home Purchase,1
8881,34,101810,751,0.56,1,19,3,5,0,3,Stable,Suburban,0,0,Child Birth,0
8882,35,76788,825,0.21,3,6,6,4,1,5,Unstable,Rural,3,1,Child Birth,0
8883,55,70863,642,0.47,1,19,2,5,0,5,Unstable,Rural,4,2,Child Birth,0
8884,36,90460,638,0.2,4,18,2,1,0,3,Unstable,Rural,3,2,Child Birth,0
8885,55,68259,751,0.58,5,1,3,5,0,5,Stable,Suburban,2,2,Home Purchase,0
8886,38,42397,541,0.5,5,5,8,9,0,5,Stable,Suburban,1,2,Marriage,0
8887,68,50260,528,0.56,1,13,9,3,0,2,Stable,Rural,2,0,Home Purchase,0
8888,56,78298,736,0.58,5,11,2,6,0,5,Stable,Urban,2,0,Home Purchase,1
8889,41,75620,766,0.14,4,9,7,9,0,5,Stable,Urban,0,0,Child Birth,1
8890,59,71157,733,0.32,3,10,1,6,1,5,Unstable,Urban,0,1,Home Purchase,0
8891,25,31557,690,0.42,2,19,4,6,0,4,Unstable,Urban,3,1,Child Birth,0
8892,53,80333,646,0.5,2,2,6,6,0,5,Stable,Urban,4,2,Home Purchase,0
8893,28,58374,850,0.22,4,8,7,7,0,4,Stable,Suburban,3,0,Child Birth,1
8894,47,74998,850,0.56,3,18,3,6,0,4,Unstable,Suburban,1,2,Child Birth,0
8895,52,39245,710,0.21,4,18,3,8,0,5,Unstable,Urban,4,0,Child Birth,1
8896,40,109150,631,0.53,1,2,5,2,1,3,Stable,Suburban,2,0,None,1
8897,36,66187,599,0.36,3,15,3,8,0,5,Stable,Urban,2,0,None,0
8898,45,49561,743,0.36,5,17,9,4,1,4,Unstable,Rural,1,0,Home Purchase,0
8899,69,76154,577,0.29,1,15,2,2,1,5,Stable,Urban,4,1,Child Birth,0
8900,41,81451,579,0.15,5,15,7,9,0,3,Unstable,Suburban,1,2,None,1
8901,64,75851,651,0.27,1,13,7,5,0,3,Stable,Rural,3,1,None,0
8902,37,35129,750,0.31,1,18,3,3,0,1,Stable,Urban,1,0,None,1
8903,56,88566,846,0.34,1,15,8,3,0,2,Unstable,Rural,0,1,None,1
8904,61,51378,725,0.47,1,18,3,9,1,5,Stable,Urban,1,0,Child Birth,1
8905,39,59597,749,0.28,3,19,5,5,0,1,Unstable,Urban,4,2,None,1
8906,36,20000,798,0.3,3,18,1,7,1,1,Unstable,Suburban,3,0,Marriage,1
8907,39,48398,788,0.55,1,15,4,2,0,1,Stable,Rural,0,2,Home Purchase,0
8908,58,48241,644,0.48,4,10,2,6,0,3,Unstable,Rural,3,2,Home Purchase,0
8909,30,71265,787,0.11,1,16,5,1,0,5,Stable,Rural,2,2,Marriage,0
8910,41,46875,803,0.51,1,9,4,8,0,5,Stable,Urban,0,1,None,0
8911,44,20000,731,0.59,4,2,4,1,1,5,Stable,Rural,1,2,Child Birth,1
8912,33,66096,713,0.57,4,13,4,3,0,4,Unstable,Urban,3,2,None,0
8913,29,53739,759,0.52,1,1,5,6,1,2,Unstable,Suburban,1,0,Child Birth,0
8914,47,41786,749,0.41,2,8,9,8,0,4,Stable,Suburban,1,1,Child Birth,0
8915,57,62188,513,0.24,2,6,9,1,1,3,Unstable,Urban,3,1,Home Purchase,0
8916,62,20000,742,0.43,4,19,4,4,0,1,Unstable,Suburban,1,0,Home Purchase,0
8917,38,75511,817,0.45,1,19,9,3,1,1,Unstable,Rural,0,1,None,0
8918,41,55429,798,0.24,5,2,8,1,0,4,Stable,Urban,3,2,Home Purchase,0
8919,43,53317,737,0.23,5,18,5,5,0,3,Unstable,Rural,4,0,Marriage,1
8920,57,83820,714,0.3,1,18,8,8,0,2,Unstable,Urban,1,0,Child Birth,1
8921,25,46604,660,0.42,1,15,7,7,0,2,Unstable,Suburban,2,0,None,1
8922,37,66466,688,0.25,1,16,2,3,1,1,Stable,Rural,3,2,Marriage,0
8923,51,56762,772,0.38,5,13,8,5,0,1,Stable,Suburban,2,0,Child Birth,0
8924,30,140398,738,0.55,5,5,9,5,0,5,Unstable,Suburban,4,2,Home Purchase,1
8925,30,72209,790,0.25,4,18,2,8,1,4,Stable,Rural,4,2,Child Birth,1
8926,57,31463,648,0.58,3,5,2,6,0,1,Stable,Suburban,2,0,Child Birth,0
8927,54,103805,808,0.34,4,16,9,3,0,3,Stable,Suburban,3,1,Marriage,1
8928,59,86074,638,0.15,4,6,1,7,1,2,Stable,Rural,2,0,Home Purchase,0
8929,47,61124,720,0.13,2,7,3,1,0,2,Stable,Rural,0,0,Home Purchase,1
8930,34,49066,643,0.27,4,1,3,2,0,3,Unstable,Urban,1,1,None,0
8931,43,26840,690,0.23,4,8,6,7,1,2,Unstable,Rural,4,1,None,0
8932,52,70763,850,0.52,4,7,7,2,0,4,Stable,Urban,4,2,Child Birth,0
8933,47,43121,750,0.47,4,7,3,2,0,3,Unstable,Rural,4,1,Marriage,0
8934,28,38000,722,0.54,3,7,8,7,1,5,Unstable,Rural,0,1,Marriage,1
8935,44,79385,841,0.39,2,1,2,4,1,2,Stable,Rural,0,1,None,0
8936,43,98622,443,0.32,5,12,3,9,0,4,Unstable,Suburban,0,0,Child Birth,0
8937,66,48093,684,0.24,1,11,2,7,0,1,Stable,Urban,2,2,Child Birth,0
8938,51,80147,650,0.39,5,16,2,6,1,3,Unstable,Rural,2,1,None,0
8939,58,65305,614,0.41,2,1,6,4,0,1,Stable,Rural,1,2,None,0
8940,28,68970,547,0.3,4,6,3,8,1,5,Stable,Urban,2,2,Marriage,0
8941,62,39534,678,0.57,5,5,3,5,1,1,Stable,Suburban,4,2,Home Purchase,1
8942,31,54691,769,0.42,4,12,9,8,0,2,Unstable,Rural,0,0,Marriage,0
8943,31,32584,685,0.52,3,17,1,8,1,2,Unstable,Urban,4,0,None,0
8944,50,29435,779,0.41,3,13,9,9,1,2,Unstable,Rural,0,2,None,0
8945,50,72956,707,0.26,2,5,2,9,1,2,Stable,Rural,2,0,Child Birth,1
8946,43,46892,816,0.47,5,15,2,7,0,3,Unstable,Suburban,1,2,Child Birth,1
8947,33,37122,649,0.22,3,2,5,7,0,4,Unstable,Suburban,3,1,Home Purchase,0
8948,44,29762,512,0.4,2,2,6,6,0,2,Stable,Urban,0,1,Child Birth,0
8949,66,22156,541,0.3,2,16,8,9,0,5,Unstable,Rural,0,1,Marriage,0
8950,69,20000,650,0.17,2,12,1,8,1,5,Unstable,Suburban,4,0,Marriage,1
8951,40,62773,611,0.31,5,4,5,1,0,2,Unstable,Rural,1,2,Child Birth,0
8952,41,20000,640,0.26,5,9,8,8,0,4,Stable,Urban,1,0,None,0
8953,46,71782,813,0.16,2,12,2,2,0,5,Unstable,Urban,1,2,Child Birth,0
8954,37,71606,549,0.51,1,2,9,9,0,3,Unstable,Urban,3,2,Marriage,1
8955,36,57521,850,0.35,5,8,4,6,1,4,Unstable,Suburban,4,0,Home Purchase,0
8956,34,61853,619,0.27,5,14,7,5,0,4,Unstable,Urban,1,1,Marriage,1
8957,25,52865,575,0.35,1,11,1,7,1,4,Unstable,Suburban,4,0,Home Purchase,1
8958,56,65629,686,0.48,5,8,2,4,0,5,Stable,Suburban,2,0,Home Purchase,0
8959,54,65339,849,0.11,5,9,1,9,0,3,Unstable,Suburban,1,0,Home Purchase,0
8960,32,92537,628,0.37,3,7,8,8,0,2,Stable,Suburban,3,1,None,1
8961,45,98320,639,0.34,1,14,1,1,0,5,Stable,Urban,3,0,Child Birth,0
8962,46,97554,646,0.55,3,7,9,1,0,4,Unstable,Suburban,2,1,Home Purchase,0
8963,42,40056,815,0.38,1,10,7,3,0,4,Unstable,Urban,2,1,Marriage,0
8964,26,78943,655,0.17,1,7,5,8,0,4,Stable,Suburban,3,1,Home Purchase,0
8965,68,72651,744,0.29,1,15,1,8,0,4,Stable,Rural,0,1,Home Purchase,1
8966,33,43776,712,0.41,5,18,4,2,0,5,Unstable,Suburban,3,1,None,0
8967,27,37841,689,0.12,2,13,3,1,1,1,Unstable,Rural,4,1,Marriage,0
8968,50,50582,650,0.54,4,4,7,4,1,1,Unstable,Urban,3,0,Child Birth,0
8969,45,33477,850,0.13,2,12,1,2,1,5,Stable,Rural,3,1,Child Birth,1
8970,54,25267,850,0.12,5,18,4,5,0,1,Stable,Urban,2,1,None,0
8971,52,72434,611,0.1,5,7,5,7,0,5,Stable,Urban,2,0,Home Purchase,0
8972,60,60818,592,0.44,4,4,3,5,0,5,Unstable,Rural,0,2,Home Purchase,0
8973,50,60689,704,0.33,5,8,5,1,0,5,Unstable,Rural,2,1,None,1
8974,58,83167,472,0.15,1,18,4,5,0,4,Stable,Suburban,3,2,Marriage,0
8975,32,55103,704,0.53,3,6,5,6,0,2,Unstable,Urban,0,1,Home Purchase,0
8976,34,80759,850,0.2,3,9,9,9,0,1,Unstable,Urban,4,0,Marriage,0
8977,67,41525,640,0.26,1,12,8,1,0,5,Unstable,Rural,0,0,None,0
8978,38,41369,808,0.19,2,9,8,3,0,3,Stable,Suburban,2,2,Child Birth,0
8979,64,60349,846,0.56,3,15,2,5,1,4,Stable,Urban,0,1,Marriage,0
8980,39,113032,613,0.48,1,13,3,1,0,3,Stable,Suburban,3,0,Child Birth,1
8981,41,92135,717,0.46,2,3,4,7,0,1,Unstable,Suburban,0,0,Marriage,1
8982,42,87450,735,0.12,3,3,1,1,0,1,Unstable,Suburban,0,0,Home Purchase,0
8983,56,25701,772,0.36,1,19,9,3,0,3,Stable,Urban,1,2,Child Birth,1
8984,62,63627,780,0.39,3,13,2,1,0,5,Unstable,Suburban,0,0,Child Birth,0
8985,47,80527,812,0.29,3,12,2,9,0,3,Unstable,Suburban,0,2,Marriage,1
8986,47,112133,621,0.26,3,6,8,7,0,5,Stable,Rural,4,0,None,0
8987,59,20000,717,0.53,4,18,9,9,0,4,Stable,Rural,1,0,Home Purchase,1
8988,63,78273,848,0.11,2,9,1,9,0,5,Unstable,Suburban,4,1,Child Birth,0
8989,39,86609,850,0.41,3,17,2,9,1,3,Stable,Suburban,1,0,Home Purchase,1
8990,48,71293,722,0.3,1,12,5,5,0,2,Unstable,Urban,0,0,None,1
8991,52,26242,646,0.43,4,17,9,7,0,4,Unstable,Suburban,3,2,None,0
8992,40,66331,803,0.2,5,15,5,6,1,4,Unstable,Urban,4,1,Marriage,0
8993,40,70720,753,0.22,5,2,7,6,0,3,Unstable,Suburban,2,1,None,1
8994,64,64444,751,0.39,2,4,6,3,0,2,Stable,Rural,2,1,None,1
8995,63,42875,777,0.59,1,9,6,6,0,2,Unstable,Urban,1,0,Marriage,0
8996,30,39778,604,0.59,4,12,2,6,1,1,Stable,Suburban,1,1,Marriage,0
8997,26,71404,784,0.22,1,2,8,5,0,2,Unstable,Suburban,2,0,Marriage,1
8998,37,43090,715,0.15,4,4,6,4,0,1,Stable,Urban,3,1,Marriage,0
8999,68,43661,814,0.4,4,12,4,5,0,5,Stable,Rural,0,2,Child Birth,0
9000,33,56508,702,0.31,5,2,7,7,1,5,Unstable,Suburban,4,0,Home Purchase,1
9001,58,63994,758,0.48,2,6,9,4,0,5,Unstable,Urban,3,0,Home Purchase,1
9002,41,85968,745,0.36,2,7,7,9,1,1,Unstable,Urban,4,2,Child Birth,1
9003,51,30098,645,0.36,1,18,6,4,0,2,Unstable,Suburban,4,1,Home Purchase,1
9004,53,27628,609,0.42,4,5,2,9,0,3,Stable,Suburban,0,1,Child Birth,0
9005,61,50447,780,0.16,4,10,3,9,0,4,Unstable,Rural,0,2,Home Purchase,0
9006,67,20000,614,0.44,3,18,7,7,0,2,Unstable,Suburban,4,2,None,0
9007,46,74663,666,0.34,2,11,1,7,0,1,Stable,Rural,0,2,Marriage,0
9008,48,20000,663,0.51,4,17,1,1,0,3,Unstable,Urban,0,1,Home Purchase,0
9009,31,77684,736,0.17,1,11,3,2,1,1,Unstable,Suburban,3,1,Child Birth,1
9010,58,87725,767,0.25,5,5,5,3,1,1,Stable,Suburban,4,0,Child Birth,0
9011,36,66492,544,0.58,5,6,3,3,0,4,Stable,Rural,2,2,Child Birth,0
9012,47,20000,627,0.38,2,14,9,3,0,3,Stable,Suburban,3,0,Child Birth,1
9013,39,62653,622,0.56,2,16,7,9,1,5,Unstable,Rural,0,0,Child Birth,0
9014,57,40081,677,0.44,3,14,2,2,0,2,Stable,Suburban,2,0,Child Birth,0
9015,37,29949,500,0.56,2,1,3,1,0,5,Unstable,Suburban,3,0,None,1
9016,47,74485,813,0.26,4,5,3,1,1,1,Stable,Suburban,3,0,Marriage,0
9017,62,79171,706,0.15,4,5,9,6,0,4,Stable,Rural,0,0,Home Purchase,1
9018,56,92142,686,0.5,4,8,7,7,0,3,Unstable,Suburban,4,2,None,0
9019,69,52880,775,0.5,4,14,3,2,0,4,Unstable,Urban,1,1,Home Purchase,0
9020,59,64298,751,0.41,3,8,1,2,1,4,Stable,Rural,1,0,Marriage,0
9021,25,101633,750,0.39,2,9,4,8,1,3,Stable,Suburban,2,1,Home Purchase,1
9022,69,112382,698,0.56,2,3,5,7,1,3,Unstable,Rural,1,0,Marriage,1
9023,29,87009,710,0.19,2,10,9,4,0,3,Stable,Suburban,4,1,None,1
9024,37,51251,784,0.41,3,16,4,7,1,4,Stable,Urban,4,1,Marriage,0
9025,29,60181,753,0.12,3,11,2,4,0,1,Unstable,Urban,2,0,Home Purchase,0
9026,56,55545,850,0.17,4,2,1,5,1,4,Unstable,Rural,0,1,Home Purchase,0
9027,45,77640,714,0.32,3,1,5,8,0,1,Unstable,Urban,0,2,Child Birth,0
9028,48,39508,765,0.51,3,10,3,4,0,2,Unstable,Suburban,2,0,None,0
9029,42,68033,687,0.47,1,6,9,7,0,1,Unstable,Suburban,1,0,Child Birth,1
9030,45,68159,732,0.59,4,8,3,2,1,2,Stable,Urban,1,0,None,0
9031,34,69593,737,0.12,4,6,3,2,1,5,Unstable,Suburban,2,1,Marriage,0
9032,48,34440,655,0.29,1,2,2,9,0,2,Unstable,Suburban,3,0,None,0
9033,64,66180,635,0.18,2,8,3,8,0,4,Unstable,Suburban,2,2,Child Birth,0
9034,45,104232,764,0.12,1,3,9,3,0,5,Unstable,Suburban,0,1,None,0
9035,49,48576,745,0.23,1,12,7,7,0,4,Stable,Suburban,1,2,Child Birth,0
9036,47,66493,846,0.22,1,6,2,1,0,4,Unstable,Suburban,3,1,Child Birth,0
9037,46,20000,700,0.31,3,19,3,4,1,2,Unstable,Urban,3,1,Marriage,0
9038,28,66322,600,0.17,1,7,8,4,1,3,Stable,Suburban,1,0,Marriage,1
9039,58,65414,701,0.34,5,13,8,8,0,4,Unstable,Urban,3,1,Child Birth,1
9040,30,62911,776,0.56,1,4,1,4,1,5,Stable,Rural,3,0,None,0
9041,52,78259,487,0.47,2,14,1,9,0,4,Unstable,Urban,2,0,Marriage,0
9042,55,53024,699,0.52,2,4,8,7,1,3,Stable,Rural,2,2,Child Birth,0
9043,59,89410,766,0.5,2,18,8,5,1,3,Unstable,Urban,4,2,Home Purchase,1
9044,63,37921,723,0.29,1,7,2,8,0,4,Stable,Urban,1,1,Home Purchase,0
9045,66,96082,664,0.45,4,13,8,4,0,3,Unstable,Rural,4,2,Home Purchase,1
9046,47,65316,579,0.48,2,3,1,6,0,2,Unstable,Suburban,2,0,None,0
9047,30,58208,698,0.2,1,17,5,5,0,1,Stable,Suburban,0,1,Child Birth,0
9048,40,24204,577,0.53,2,1,5,3,1,3,Unstable,Urban,2,0,Home Purchase,0
9049,26,32257,767,0.33,3,11,8,8,0,4,Stable,Rural,4,2,Marriage,0
9050,48,68770,706,0.11,3,19,8,6,0,3,Stable,Rural,3,2,Child Birth,0
9051,41,42079,849,0.42,1,7,4,4,0,4,Unstable,Suburban,1,1,Home Purchase,0
9052,69,84876,504,0.44,2,14,2,1,0,5,Stable,Urban,0,0,Home Purchase,0
9053,25,67185,666,0.38,2,7,6,1,0,4,Stable,Rural,2,1,Home Purchase,0
9054,30,24374,773,0.21,5,11,4,3,0,5,Unstable,Suburban,0,0,None,0
9055,29,79027,814,0.34,2,19,2,8,1,1,Unstable,Urban,3,0,Home Purchase,1
9056,69,55939,777,0.3,4,16,9,8,1,2,Unstable,Suburban,0,0,Child Birth,0
9057,53,58856,604,0.59,3,17,9,2,0,1,Unstable,Urban,0,2,Home Purchase,1
9058,36,86114,651,0.51,2,14,7,1,0,4,Unstable,Suburban,0,2,None,0
9059,63,25142,476,0.48,4,15,2,5,0,1,Stable,Suburban,4,0,Marriage,1
9060,27,31884,704,0.19,1,18,3,1,1,5,Unstable,Rural,2,0,Home Purchase,0
9061,25,68139,816,0.27,3,12,9,8,1,1,Unstable,Urban,1,2,Home Purchase,1
9062,51,20000,700,0.29,1,13,8,9,0,2,Stable,Suburban,4,2,Child Birth,0
9063,48,44821,757,0.35,2,4,2,2,0,3,Unstable,Suburban,4,1,Child Birth,0
9064,68,84461,755,0.12,1,10,5,4,0,5,Stable,Suburban,2,2,Home Purchase,1
9065,43,57281,668,0.4,3,9,2,6,0,1,Unstable,Suburban,1,2,None,0
9066,32,25639,456,0.28,1,12,1,7,1,1,Unstable,Rural,0,0,Marriage,1
9067,68,64727,834,0.38,1,4,9,5,1,1,Unstable,Suburban,1,1,Marriage,0
9068,26,49877,743,0.1,1,6,7,1,1,5,Stable,Rural,2,2,Home Purchase,1
9069,54,42442,574,0.26,4,14,4,7,0,1,Unstable,Suburban,0,2,Child Birth,0
9070,54,148911,737,0.48,4,4,3,7,0,3,Unstable,Urban,4,1,Home Purchase,0
9071,63,74370,720,0.35,2,10,3,5,1,4,Stable,Rural,3,2,Marriage,0
9072,69,52913,831,0.49,1,5,7,2,0,1,Unstable,Urban,4,2,Marriage,0
9073,56,82457,747,0.45,4,7,9,2,0,3,Stable,Urban,1,0,Marriage,0
9074,25,52725,747,0.53,3,7,7,9,0,5,Stable,Urban,1,0,Marriage,0
9075,62,47046,719,0.1,3,10,2,9,0,4,Stable,Rural,4,2,Home Purchase,1
9076,37,67486,623,0.23,1,13,6,4,0,5,Stable,Suburban,3,1,None,0
9077,35,72717,767,0.37,2,15,8,4,0,4,Stable,Urban,1,0,Child Birth,0
9078,34,83143,697,0.57,4,5,7,7,0,3,Unstable,Suburban,4,1,None,0
9079,50,95591,604,0.44,4,16,2,5,1,3,Unstable,Suburban,1,1,Marriage,0
9080,44,89687,634,0.33,4,6,7,1,0,4,Unstable,Suburban,4,2,Child Birth,0
9081,41,81414,586,0.17,2,4,9,5,1,3,Unstable,Suburban,1,1,Marriage,1
9082,41,83981,805,0.35,5,6,3,4,1,2,Unstable,Rural,3,2,Marriage,0
9083,28,89617,850,0.32,4,16,3,3,0,4,Unstable,Suburban,1,0,None,1
9084,29,77745,815,0.49,1,19,5,1,0,1,Stable,Suburban,2,1,None,1
9085,47,20364,737,0.31,4,6,9,9,1,1,Stable,Rural,3,2,Home Purchase,1
9086,34,72441,693,0.26,4,11,1,4,1,1,Stable,Rural,1,0,None,0
9087,52,94424,670,0.14,5,14,7,3,0,1,Unstable,Suburban,1,0,Marriage,0
9088,57,39929,601,0.12,1,15,7,8,1,1,Unstable,Rural,2,1,None,0
9089,67,50198,850,0.32,1,1,4,7,0,2,Stable,Suburban,3,0,None,0
9090,50,58497,596,0.27,1,4,6,6,0,1,Unstable,Suburban,2,2,Home Purchase,0
9091,53,64752,615,0.38,4,7,1,6,1,3,Unstable,Urban,4,2,Home Purchase,0
9092,51,46122,680,0.46,4,10,4,2,0,5,Unstable,Urban,2,0,Home Purchase,0
9093,42,61431,688,0.12,3,1,3,9,0,3,Unstable,Urban,4,1,Marriage,0
9094,64,72831,760,0.35,5,14,5,1,0,3,Unstable,Suburban,3,0,Marriage,1
9095,34,20000,632,0.53,1,6,8,4,0,2,Stable,Rural,0,1,Home Purchase,0
9096,66,61869,501,0.33,1,14,5,4,0,2,Unstable,Suburban,4,1,Home Purchase,0
9097,29,50435,676,0.36,3,19,1,9,0,3,Stable,Urban,1,1,None,0
9098,34,20000,683,0.34,4,6,2,3,0,3,Unstable,Suburban,1,1,Marriage,0
9099,45,74104,675,0.29,3,6,2,9,0,1,Unstable,Rural,2,2,Child Birth,0
9100,48,67782,674,0.16,3,11,9,2,0,5,Stable,Rural,2,1,None,0
9101,62,64123,664,0.16,4,11,7,1,0,2,Stable,Suburban,1,1,Child Birth,0
9102,27,75262,567,0.19,2,17,4,7,0,5,Stable,Rural,0,0,Child Birth,0
9103,64,68031,846,0.5,5,9,9,2,0,5,Stable,Rural,3,1,None,1
9104,55,41552,840,0.24,2,14,9,1,0,2,Stable,Urban,2,0,Marriage,0
9105,65,78074,839,0.57,2,6,7,9,0,5,Unstable,Urban,3,1,None,0
9106,61,82355,581,0.51,5,4,9,8,0,1,Stable,Suburban,4,0,Child Birth,1
9107,26,32854,740,0.44,2,7,9,3,0,2,Stable,Suburban,0,0,Child Birth,0
9108,26,82012,657,0.46,4,10,7,2,0,3,Unstable,Rural,2,1,Child Birth,1
9109,63,52911,652,0.12,2,7,5,1,0,4,Stable,Rural,1,1,Child Birth,0
9110,66,75320,607,0.38,2,5,9,4,0,1,Stable,Rural,0,1,Marriage,0
9111,68,63798,850,0.57,2,4,3,6,0,2,Stable,Suburban,3,1,Marriage,0
9112,58,55699,675,0.12,4,15,4,2,0,5,Stable,Urban,4,2,None,0
9113,66,73480,607,0.25,3,4,6,6,0,3,Unstable,Rural,1,1,None,0
9114,44,51671,713,0.13,1,15,7,5,1,4,Stable,Suburban,1,1,Home Purchase,0
9115,57,87007,776,0.38,5,7,8,1,0,2,Stable,Suburban,4,1,None,0
9116,28,91118,685,0.16,5,6,4,7,0,1,Unstable,Suburban,3,1,Child Birth,1
9117,69,46323,724,0.34,4,4,9,7,0,1,Unstable,Suburban,2,2,Home Purchase,1
9118,68,55819,800,0.46,1,19,3,5,1,3,Unstable,Suburban,0,2,Child Birth,0
9119,35,50646,604,0.18,2,2,3,4,0,1,Unstable,Urban,3,2,Home Purchase,0
9120,66,69381,717,0.48,5,15,5,2,1,2,Unstable,Rural,2,1,Marriage,0
9121,29,92751,636,0.13,2,2,2,7,0,3,Stable,Rural,4,0,Home Purchase,1
9122,49,20000,622,0.17,4,13,1,8,1,4,Unstable,Rural,3,0,None,1
9123,61,24542,850,0.24,4,14,9,9,0,2,Unstable,Suburban,0,1,Marriage,0
9124,58,57911,691,0.5,4,9,8,6,0,1,Stable,Urban,1,2,None,0
9125,33,64648,593,0.53,3,16,3,2,0,4,Unstable,Suburban,0,1,Child Birth,0
9126,30,36467,688,0.21,4,9,5,1,1,4,Unstable,Suburban,3,0,Child Birth,1
9127,42,64518,579,0.15,2,17,8,2,0,3,Unstable,Urban,3,0,Marriage,0
9128,38,41476,678,0.52,3,3,2,3,0,1,Unstable,Urban,2,1,Home Purchase,0
9129,43,48830,632,0.42,2,5,7,1,0,5,Stable,Urban,0,0,None,0
9130,38,91740,751,0.18,4,12,9,5,0,4,Unstable,Rural,3,2,Marriage,1
9131,64,51421,850,0.38,3,5,4,7,1,4,Stable,Rural,0,1,None,0
9132,41,50981,682,0.54,1,14,2,9,0,2,Unstable,Urban,3,0,None,0
9133,59,63294,635,0.13,4,17,9,6,0,3,Stable,Suburban,2,1,Child Birth,0
9134,53,87307,709,0.14,3,5,1,8,0,5,Unstable,Rural,1,1,None,0
9135,66,58924,849,0.24,3,13,6,2,0,1,Stable,Urban,3,2,None,0
9136,41,46043,751,0.43,3,15,8,5,1,1,Stable,Urban,2,0,Home Purchase,1
9137,67,74478,685,0.19,5,17,2,9,0,2,Stable,Rural,3,0,Child Birth,1
9138,32,80318,493,0.51,3,10,7,7,0,5,Unstable,Urban,0,2,None,1
9139,25,88616,694,0.48,1,16,7,7,0,1,Stable,Urban,1,1,Home Purchase,0
9140,69,59108,777,0.38,4,16,3,3,0,4,Unstable,Suburban,1,2,Home Purchase,1
9141,60,71879,795,0.16,4,17,4,3,0,4,Stable,Rural,4,2,Marriage,0
9142,31,79759,831,0.59,4,7,8,2,0,2,Unstable,Urban,4,0,Home Purchase,0
9143,29,64546,632,0.35,3,11,6,9,1,1,Unstable,Suburban,4,1,Child Birth,0
9144,48,92986,659,0.33,4,14,2,4,1,2,Stable,Suburban,0,1,Child Birth,0
9145,52,76284,687,0.6,1,12,6,9,0,2,Stable,Rural,0,2,None,0
9146,67,107071,770,0.53,5,9,7,4,0,3,Stable,Rural,0,0,Home Purchase,0
9147,41,82942,673,0.33,1,7,8,8,1,1,Unstable,Rural,4,2,None,0
9148,61,20000,752,0.31,5,14,8,1,0,1,Stable,Suburban,3,0,Child Birth,1
9149,44,50040,661,0.15,4,16,8,1,0,2,Stable,Suburban,3,2,None,0
9150,27,20000,629,0.56,2,10,8,6,0,2,Unstable,Rural,1,2,Marriage,0
9151,61,44029,810,0.52,5,5,6,6,0,4,Unstable,Rural,0,2,None,1
9152,50,50715,731,0.26,1,19,1,7,0,3,Stable,Urban,0,2,Home Purchase,0
9153,39,81718,774,0.48,1,7,4,7,0,2,Stable,Rural,3,2,Marriage,1
9154,32,49008,679,0.48,2,8,2,3,0,1,Stable,Rural,2,1,Home Purchase,0
9155,37,94855,780,0.21,5,10,7,9,0,3,Unstable,Rural,4,0,Home Purchase,0
9156,27,43286,593,0.41,5,3,1,9,0,1,Stable,Suburban,2,1,Home Purchase,1
9157,25,52788,609,0.23,1,14,5,3,0,3,Stable,Rural,1,2,Child Birth,0
9158,33,29007,794,0.49,5,3,8,7,0,4,Stable,Rural,3,2,None,1
9159,55,96113,692,0.18,2,15,4,4,0,5,Unstable,Rural,3,1,Home Purchase,1
9160,65,99458,675,0.43,5,10,7,6,0,5,Stable,Rural,1,0,None,0
9161,50,56696,608,0.26,5,7,5,6,0,2,Unstable,Urban,1,1,Child Birth,0
9162,41,22983,780,0.12,2,19,1,5,0,5,Stable,Suburban,0,2,Home Purchase,0
9163,58,54795,850,0.16,4,10,2,6,0,1,Unstable,Urban,2,2,Child Birth,1
9164,33,65803,760,0.43,5,14,5,7,0,1,Stable,Rural,1,0,Child Birth,0
9165,37,44128,655,0.22,1,8,7,2,0,3,Stable,Urban,0,2,None,0
9166,29,118771,838,0.42,3,1,7,7,0,4,Stable,Rural,1,0,Marriage,0
9167,65,105633,735,0.31,1,6,9,7,1,2,Unstable,Urban,3,0,Home Purchase,0
9168,37,20000,656,0.45,1,15,3,7,0,2,Stable,Urban,2,2,Child Birth,0
9169,25,31154,827,0.35,4,5,4,5,0,1,Unstable,Rural,0,0,Child Birth,1
9170,49,71468,681,0.25,4,14,3,3,0,1,Stable,Suburban,3,2,Marriage,1
9171,28,33203,555,0.17,1,9,8,5,1,5,Stable,Suburban,2,1,Home Purchase,0
9172,60,64572,668,0.27,5,6,9,1,1,2,Unstable,Rural,2,2,Child Birth,1
9173,34,60267,753,0.42,1,1,8,5,0,3,Stable,Suburban,4,0,Home Purchase,0
9174,52,59010,628,0.47,5,19,2,3,1,4,Stable,Rural,0,2,Marriage,0
9175,30,85469,512,0.18,2,15,1,7,0,2,Unstable,Urban,1,0,Home Purchase,0
9176,51,105185,846,0.43,2,2,5,4,0,3,Unstable,Urban,0,2,None,1
9177,36,69901,850,0.19,4,19,2,6,1,1,Stable,Urban,2,2,Home Purchase,1
9178,27,29698,652,0.21,3,17,3,6,1,3,Unstable,Rural,1,0,None,0
9179,57,63597,637,0.37,3,11,9,4,0,3,Unstable,Urban,3,2,Marriage,0
9180,34,45396,565,0.24,4,18,3,1,1,2,Unstable,Rural,2,0,Child Birth,0
9181,55,109806,617,0.43,2,14,1,3,0,3,Stable,Suburban,3,1,Marriage,1
9182,39,77329,547,0.58,4,19,9,3,1,2,Unstable,Rural,4,1,Home Purchase,0
9183,31,70062,569,0.17,2,9,2,6,1,5,Unstable,Suburban,0,2,Home Purchase,0
9184,60,76240,700,0.39,5,11,6,8,1,5,Unstable,Rural,1,0,Child Birth,1
9185,38,59040,542,0.56,2,11,7,2,0,3,Stable,Rural,2,2,Child Birth,0
9186,38,91301,553,0.19,2,4,9,6,1,3,Unstable,Suburban,4,0,Home Purchase,1
9187,27,45727,720,0.28,2,18,8,7,1,4,Unstable,Rural,2,1,Home Purchase,1
9188,27,84000,638,0.16,3,12,6,3,0,1,Unstable,Urban,0,0,Child Birth,1
9189,46,99800,735,0.42,2,9,4,1,0,5,Stable,Suburban,2,2,None,0
9190,43,39651,665,0.43,1,5,4,2,0,3,Unstable,Suburban,0,2,Child Birth,0
9191,59,68441,681,0.43,5,1,4,5,0,3,Unstable,Urban,1,2,Home Purchase,1
9192,36,70413,778,0.37,3,9,2,1,0,3,Stable,Suburban,4,0,Marriage,0
9193,29,33137,645,0.47,1,7,7,4,0,3,Stable,Rural,4,2,Home Purchase,0
9194,34,25775,770,0.12,3,1,1,6,0,3,Stable,Urban,1,0,Child Birth,0
9195,65,37100,658,0.58,3,17,5,1,0,4,Stable,Rural,1,2,None,0
9196,57,58698,617,0.21,1,3,4,6,0,1,Stable,Suburban,4,2,Marriage,0
9197,37,70471,592,0.16,4,1,2,8,0,4,Stable,Urban,0,1,None,1
9198,59,50759,534,0.57,4,13,9,1,0,2,Stable,Suburban,3,2,Marriage,0
9199,56,108266,575,0.52,2,12,1,8,0,4,Unstable,Rural,4,0,Child Birth,0
9200,35,85654,522,0.48,1,17,4,8,0,1,Unstable,Urban,2,0,Home Purchase,1
9201,62,71316,600,0.15,2,8,6,2,0,1,Unstable,Urban,1,1,Home Purchase,0
9202,48,49238,782,0.5,4,15,4,3,0,2,Unstable,Rural,2,0,Marriage,0
9203,59,61745,699,0.4,1,17,4,6,1,2,Stable,Rural,1,1,Child Birth,0
9204,43,87538,661,0.47,1,2,2,8,0,1,Unstable,Suburban,2,1,Home Purchase,0
9205,30,83000,630,0.59,1,10,9,5,0,5,Stable,Urban,1,0,Marriage,0
9206,64,82729,691,0.2,2,1,9,9,1,1,Unstable,Suburban,2,1,Marriage,1
9207,69,52408,703,0.35,3,13,1,4,0,2,Stable,Suburban,2,1,Child Birth,0
9208,68,46927,588,0.48,3,12,1,4,0,5,Unstable,Suburban,2,1,Home Purchase,0
9209,66,24315,746,0.32,3,15,8,8,0,2,Stable,Suburban,4,1,Child Birth,0
9210,59,73213,667,0.13,1,10,9,5,0,4,Stable,Urban,0,0,None,1
9211,28,22036,729,0.16,4,2,3,8,0,1,Stable,Suburban,3,2,Marriage,0
9212,57,59612,696,0.4,2,15,3,1,0,4,Unstable,Rural,2,1,None,1
9213,37,49493,558,0.24,2,10,2,5,0,3,Stable,Suburban,2,0,Child Birth,1
9214,60,65561,830,0.17,4,2,9,8,0,4,Stable,Urban,2,2,Marriage,1
9215,67,89138,698,0.27,3,13,2,8,1,3,Unstable,Urban,0,2,Marriage,1
9216,43,93841,663,0.2,5,10,7,7,1,1,Stable,Urban,2,2,Child Birth,0
9217,67,77559,758,0.11,4,17,2,3,0,2,Unstable,Rural,4,2,None,0
9218,36,40893,584,0.18,3,16,6,7,1,5,Stable,Urban,4,0,Home Purchase,0
9219,35,59441,542,0.54,1,15,3,3,0,5,Stable,Suburban,2,2,None,0
9220,30,38155,755,0.11,4,12,1,6,0,3,Unstable,Urban,0,0,Child Birth,0
9221,36,43644,814,0.49,3,9,6,9,1,2,Stable,Urban,0,1,Child Birth,0
9222,51,72060,728,0.48,2,12,2,8,1,3,Unstable,Rural,4,0,Home Purchase,1
9223,65,35644,780,0.38,5,12,7,4,1,5,Stable,Suburban,1,1,None,0
9224,49,48639,573,0.2,5,19,9,5,1,5,Unstable,Rural,2,1,None,1
9225,66,33255,664,0.54,5,17,1,4,0,1,Unstable,Urban,1,1,None,0
9226,27,76457,634,0.34,3,16,4,6,0,3,Unstable,Rural,0,2,None,0
9227,27,50986,802,0.19,3,10,5,8,0,3,Stable,Suburban,0,0,Child Birth,1
9228,44,20000,749,0.31,1,10,9,6,1,5,Stable,Suburban,1,1,Child Birth,0
9229,52,100841,803,0.2,5,2,3,5,0,5,Stable,Suburban,1,2,None,0
9230,47,85334,638,0.29,2,1,6,9,0,1,Unstable,Suburban,3,1,Marriage,0
9231,27,20000,586,0.35,5,16,5,7,0,2,Stable,Suburban,0,2,Home Purchase,0
9232,66,78370,832,0.28,4,10,5,3,1,2,Unstable,Rural,2,2,None,0
9233,48,98067,702,0.43,4,15,2,2,0,2,Stable,Suburban,4,1,Marriage,1
9234,67,55338,806,0.57,2,15,5,5,0,4,Unstable,Rural,1,0,None,0
9235,64,63725,693,0.27,3,6,3,5,1,2,Stable,Urban,0,2,Child Birth,0
9236,30,52032,850,0.28,5,17,2,6,0,1,Stable,Suburban,3,2,Child Birth,0
9237,44,72993,817,0.47,4,13,6,1,1,3,Unstable,Rural,2,2,None,0
9238,35,85829,683,0.37,2,1,1,5,0,3,Stable,Urban,1,1,Child Birth,0
9239,56,30222,702,0.31,1,18,6,7,1,2,Stable,Suburban,0,2,Marriage,0
9240,51,42345,702,0.51,4,2,8,9,1,4,Stable,Suburban,4,2,Marriage,1
9241,45,62541,586,0.55,4,3,3,3,1,3,Unstable,Urban,0,0,None,1
9242,68,67755,651,0.4,5,11,7,7,0,4,Stable,Suburban,4,0,None,1
9243,37,70186,644,0.19,3,1,3,7,0,2,Unstable,Urban,4,1,Home Purchase,0
9244,46,55186,723,0.33,4,6,6,7,1,4,Stable,Urban,3,2,Child Birth,0
9245,59,37948,618,0.35,4,16,7,4,1,5,Unstable,Suburban,0,0,Home Purchase,0
9246,46,84631,684,0.32,5,15,3,3,0,5,Stable,Urban,0,0,Child Birth,1
9247,52,29458,663,0.23,3,9,5,1,0,5,Unstable,Urban,3,2,None,0
9248,45,47693,707,0.34,1,12,3,6,1,1,Stable,Suburban,1,0,Home Purchase,0
9249,42,60445,846,0.32,1,10,4,4,0,1,Stable,Rural,3,0,None,0
9250,55,72128,809,0.2,1,7,5,8,1,2,Stable,Rural,2,1,Child Birth,0
9251,61,52703,568,0.55,1,10,7,6,0,4,Unstable,Urban,2,1,None,0
9252,45,78826,694,0.54,3,7,4,6,0,4,Stable,Urban,3,0,Home Purchase,0
9253,38,91269,669,0.48,1,6,4,8,1,5,Unstable,Urban,3,1,Marriage,0
9254,49,44429,635,0.3,5,13,2,5,0,5,Stable,Rural,4,2,None,0
9255,51,69789,850,0.29,5,11,5,8,0,5,Unstable,Suburban,1,1,None,0
9256,64,66154,647,0.46,5,8,3,1,1,4,Stable,Suburban,1,2,Home Purchase,0
9257,47,51474,654,0.4,1,5,4,2,0,4,Stable,Rural,2,1,Child Birth,0
9258,55,20000,850,0.4,5,3,8,8,0,5,Stable,Rural,3,1,Child Birth,1
9259,53,68854,796,0.16,5,4,4,1,0,4,Stable,Suburban,2,2,Child Birth,0
9260,54,71601,655,0.41,2,4,6,5,0,1,Unstable,Urban,3,2,None,0
9261,50,87182,776,0.55,1,9,3,5,1,2,Unstable,Suburban,0,0,Marriage,0
9262,44,51624,676,0.14,5,1,1,2,0,5,Unstable,Suburban,4,0,Child Birth,0
9263,62,43323,682,0.27,3,15,4,2,1,3,Stable,Urban,2,1,Marriage,0
9264,43,37135,619,0.35,5,13,6,1,0,1,Stable,Suburban,3,0,Child Birth,0
9265,51,20000,456,0.44,2,5,9,4,0,5,Unstable,Rural,0,0,None,0
9266,49,49882,557,0.14,3,18,5,6,0,5,Unstable,Suburban,4,1,Marriage,0
9267,64,129162,589,0.54,3,5,7,3,0,4,Stable,Rural,4,1,None,1
9268,62,91773,741,0.12,4,11,1,4,1,1,Unstable,Suburban,4,2,Child Birth,0
9269,47,35195,715,0.53,2,3,8,8,0,2,Stable,Rural,2,2,Home Purchase,0
9270,53,47132,808,0.11,2,4,4,2,0,3,Stable,Suburban,4,2,None,0
9271,39,46974,579,0.18,5,7,8,9,0,5,Unstable,Rural,0,0,Child Birth,0
9272,27,94963,850,0.5,2,4,9,6,0,2,Unstable,Suburban,0,0,Marriage,0
9273,34,115613,850,0.53,3,3,3,9,0,3,Unstable,Urban,2,2,Marriage,1
9274,39,62244,703,0.59,3,10,4,1,0,2,Stable,Urban,2,2,Marriage,0
9275,40,66591,631,0.16,5,11,6,4,0,4,Unstable,Urban,2,1,None,0
9276,41,73009,636,0.36,3,18,3,7,0,1,Stable,Urban,0,2,Home Purchase,0
9277,43,59603,719,0.14,5,1,9,9,0,5,Stable,Suburban,1,2,None,0
9278,35,67049,850,0.18,4,9,3,1,1,3,Stable,Urban,4,0,None,0
9279,29,61204,690,0.19,2,17,7,1,0,5,Unstable,Rural,2,0,Marriage,0
9280,29,71949,541,0.13,2,12,7,3,0,3,Unstable,Rural,4,2,Child Birth,0
9281,38,20000,850,0.55,2,1,5,6,0,2,Unstable,Urban,1,2,None,1
9282,50,48012,659,0.16,4,7,6,5,0,5,Stable,Urban,3,2,Home Purchase,0
9283,32,30415,845,0.41,2,14,1,5,0,1,Unstable,Urban,2,1,Marriage,0
9284,29,77252,762,0.41,4,9,3,9,0,3,Stable,Rural,0,2,Child Birth,1
9285,31,40359,685,0.2,4,12,3,3,1,4,Unstable,Suburban,4,1,Home Purchase,0
9286,40,20877,796,0.6,5,8,2,5,0,2,Stable,Urban,3,0,Child Birth,0
9287,38,20000,626,0.27,1,7,1,7,1,4,Unstable,Suburban,1,2,Marriage,0
9288,61,71234,670,0.55,1,14,9,2,0,2,Stable,Suburban,1,2,Child Birth,0
9289,65,36781,646,0.57,5,2,4,7,0,1,Unstable,Rural,0,0,Child Birth,1
9290,28,56545,679,0.57,5,2,8,1,1,4,Unstable,Urban,0,0,None,0
9291,60,99572,754,0.48,5,17,7,7,0,2,Stable,Urban,4,1,None,0
9292,41,69379,754,0.23,2,10,6,2,0,4,Unstable,Suburban,0,0,Child Birth,0
9293,60,47246,544,0.16,3,5,1,7,0,2,Unstable,Rural,0,0,Home Purchase,1
9294,30,30620,646,0.38,5,1,3,3,1,1,Stable,Urban,1,1,None,0
9295,40,70874,663,0.28,4,5,5,5,0,5,Unstable,Urban,0,0,None,1
9296,53,56772,758,0.52,1,4,1,9,1,2,Stable,Rural,1,2,None,1
9297,60,74464,559,0.47,2,12,1,1,0,3,Stable,Rural,2,0,None,0
9298,62,20000,770,0.24,3,14,9,6,0,5,Stable,Suburban,1,2,Home Purchase,0
9299,61,88436,587,0.11,1,11,1,7,0,4,Stable,Urban,0,2,Child Birth,0
9300,34,20000,724,0.22,1,4,4,9,0,4,Unstable,Urban,1,0,None,1
9301,65,47895,811,0.38,1,9,8,4,0,4,Stable,Suburban,1,2,Home Purchase,1
9302,60,94749,577,0.14,4,3,9,9,0,3,Stable,Rural,1,0,Child Birth,1
9303,53,20000,724,0.43,4,3,6,1,0,3,Unstable,Urban,3,0,Child Birth,1
9304,38,57829,681,0.44,4,3,8,4,0,3,Stable,Rural,2,1,Marriage,0
9305,28,53130,602,0.18,3,7,6,6,0,3,Unstable,Suburban,3,2,Home Purchase,0
9306,68,59280,577,0.4,1,1,8,7,0,3,Unstable,Urban,2,0,None,0
9307,66,68905,629,0.4,5,13,7,1,0,3,Unstable,Urban,3,0,Child Birth,1
9308,60,60376,618,0.34,3,4,9,1,0,5,Unstable,Rural,0,2,Home Purchase,0
9309,69,26499,679,0.58,4,12,9,9,1,5,Stable,Rural,1,0,Home Purchase,0
9310,37,62432,657,0.15,4,8,2,7,0,4,Unstable,Suburban,3,2,Child Birth,0
9311,42,59542,742,0.3,4,19,5,9,0,3,Stable,Urban,1,1,Marriage,0
9312,57,58494,780,0.54,2,6,2,5,0,1,Stable,Suburban,4,1,Home Purchase,0
9313,45,112150,547,0.29,1,10,6,9,0,4,Unstable,Rural,0,1,Marriage,0
9314,40,93435,674,0.31,5,13,4,5,0,4,Stable,Urban,1,2,Home Purchase,0
9315,39,105678,605,0.43,1,3,8,6,0,2,Stable,Suburban,1,2,Marriage,1
9316,29,68602,591,0.43,3,9,4,8,1,4,Unstable,Urban,2,2,Marriage,0
9317,30,104633,543,0.11,2,10,6,9,0,4,Unstable,Urban,0,0,None,0
9318,62,38599,535,0.33,3,13,1,3,1,4,Stable,Urban,4,0,Child Birth,0
9319,27,51019,648,0.27,4,16,4,2,0,2,Stable,Rural,3,0,Marriage,1
9320,36,45496,739,0.41,4,8,4,5,1,1,Unstable,Suburban,0,0,Marriage,1
9321,60,47602,738,0.38,5,11,6,6,0,3,Unstable,Suburban,2,0,Child Birth,1
9322,57,61032,594,0.43,1,2,8,8,0,2,Stable,Suburban,1,2,Child Birth,0
9323,60,65099,584,0.43,3,19,4,4,0,3,Stable,Urban,1,1,None,0
9324,57,70774,723,0.23,4,2,4,1,0,5,Unstable,Suburban,1,1,Home Purchase,0
9325,55,103616,656,0.22,5,6,3,4,0,4,Stable,Suburban,1,0,Marriage,1
9326,45,21884,788,0.29,5,16,8,8,0,4,Unstable,Urban,2,1,Child Birth,0
9327,51,29868,588,0.22,3,16,6,2,0,4,Unstable,Rural,2,0,Home Purchase,0
9328,51,20000,514,0.44,1,7,4,8,0,4,Stable,Urban,3,1,Child Birth,0
9329,32,38950,761,0.4,2,11,5,4,0,1,Stable,Urban,3,1,Marriage,0
9330,61,48895,510,0.21,5,16,2,2,1,3,Stable,Rural,4,1,Home Purchase,1
9331,56,42539,555,0.54,3,6,9,4,0,2,Stable,Urban,0,0,Marriage,0
9332,50,31526,633,0.33,4,5,8,1,0,2,Unstable,Rural,0,2,Child Birth,1
9333,26,62226,671,0.16,2,9,2,7,1,1,Stable,Urban,4,1,Marriage,0
9334,36,50332,760,0.21,2,3,8,3,0,1,Stable,Suburban,2,2,Child Birth,1
9335,46,37881,598,0.37,1,8,6,4,0,5,Stable,Urban,0,2,None,0
9336,41,63776,831,0.27,3,8,1,3,0,3,Stable,Urban,0,0,None,1
9337,31,45670,548,0.53,1,17,4,8,0,4,Stable,Urban,3,0,Marriage,0
9338,67,88913,662,0.35,5,6,5,3,0,4,Unstable,Rural,4,2,Child Birth,0
9339,28,55909,783,0.56,5,12,2,7,0,1,Unstable,Rural,4,0,Home Purchase,1
9340,61,51250,788,0.15,3,6,5,2,0,1,Unstable,Rural,3,1,Marriage,0
9341,62,66538,404,0.43,4,15,1,9,0,2,Unstable,Urban,1,0,Home Purchase,0
9342,56,20000,850,0.54,5,11,2,6,1,2,Unstable,Rural,0,0,Marriage,1
9343,35,90338,667,0.25,5,10,1,3,1,1,Stable,Urban,2,1,Marriage,0
9344,25,79622,727,0.17,4,2,2,8,1,5,Stable,Urban,4,0,None,1
9345,49,40173,666,0.33,2,6,2,8,0,5,Stable,Urban,2,2,None,0
9346,66,31733,850,0.58,3,19,7,6,0,4,Unstable,Rural,1,2,None,0
9347,48,34750,828,0.42,2,17,7,4,1,5,Stable,Rural,0,2,Marriage,0
9348,67,24751,850,0.42,1,9,7,3,1,4,Unstable,Rural,1,1,Child Birth,0
9349,41,20000,747,0.44,4,2,2,9,0,5,Stable,Urban,2,2,Home Purchase,0
9350,32,23939,791,0.12,3,4,3,5,1,5,Unstable,Suburban,4,1,Home Purchase,0
9351,69,20000,595,0.32,4,9,2,4,0,1,Unstable,Rural,1,2,Child Birth,0
9352,51,50909,673,0.14,4,8,5,9,0,5,Unstable,Urban,3,0,Marriage,1
9353,42,56586,791,0.26,2,4,3,7,0,4,Unstable,Suburban,1,0,Marriage,0
9354,51,92026,731,0.51,2,1,6,3,0,3,Unstable,Suburban,3,0,Child Birth,0
9355,46,84677,710,0.43,1,11,6,6,0,3,Stable,Rural,2,1,Marriage,0
9356,40,41650,622,0.6,3,11,5,8,0,2,Unstable,Urban,3,2,None,1
9357,26,53808,816,0.19,4,7,2,5,0,4,Stable,Rural,1,2,None,1
9358,29,87577,815,0.3,1,18,8,2,0,1,Unstable,Rural,3,0,Marriage,1
9359,42,48787,804,0.5,4,8,6,8,0,1,Unstable,Suburban,3,1,None,1
9360,27,64264,729,0.21,1,15,2,2,1,2,Stable,Rural,2,2,Child Birth,0
9361,51,44851,701,0.18,4,10,1,1,0,3,Unstable,Rural,0,1,Marriage,0
9362,41,60980,812,0.31,2,14,6,5,0,4,Unstable,Rural,0,2,None,0
9363,40,62092,793,0.29,5,2,2,5,0,5,Stable,Suburban,2,2,Child Birth,0
9364,30,51276,610,0.59,1,10,4,1,0,2,Unstable,Suburban,2,1,Marriage,0
9365,31,86647,731,0.33,1,19,4,6,0,4,Stable,Rural,1,0,Home Purchase,0
9366,38,38392,765,0.53,5,15,9,7,0,5,Unstable,Suburban,3,2,None,1
9367,62,62883,632,0.54,2,2,7,9,0,5,Unstable,Suburban,4,1,None,1
9368,64,104587,790,0.18,1,17,9,9,0,4,Unstable,Rural,1,0,None,0
9369,39,67782,771,0.46,2,3,6,2,1,1,Stable,Urban,2,1,Marriage,0
9370,57,40086,658,0.24,4,4,1,8,0,4,Stable,Rural,2,1,None,1
9371,67,68687,564,0.15,4,5,8,9,0,4,Stable,Urban,2,1,Marriage,1
9372,51,120800,758,0.54,5,12,4,4,1,1,Stable,Suburban,4,1,None,0
9373,53,60980,850,0.25,3,19,8,7,0,2,Stable,Urban,4,2,Home Purchase,0
9374,61,79840,725,0.27,2,12,3,5,1,1,Unstable,Urban,0,0,Home Purchase,0
9375,29,60129,764,0.26,3,5,6,1,0,5,Unstable,Suburban,1,1,None,0
9376,53,66886,583,0.2,3,15,4,8,1,3,Stable,Rural,2,2,Home Purchase,0
9377,56,58043,695,0.32,2,18,4,2,0,2,Stable,Rural,4,2,None,0
9378,30,34548,688,0.31,3,19,2,3,1,4,Stable,Suburban,3,0,Marriage,1
9379,26,69348,611,0.3,1,3,4,5,0,4,Stable,Rural,3,1,None,0
9380,30,29424,743,0.56,4,2,1,7,0,5,Unstable,Urban,2,1,None,0
9381,67,52188,740,0.27,5,11,1,5,0,5,Stable,Urban,0,0,Child Birth,1
9382,28,107792,670,0.12,2,14,5,4,0,2,Stable,Urban,4,0,Marriage,0
9383,53,58200,698,0.19,5,5,1,2,1,2,Unstable,Suburban,4,2,Child Birth,0
9384,49,36918,850,0.46,4,13,3,1,0,2,Stable,Urban,3,2,None,0
9385,33,66022,637,0.4,5,8,3,3,0,5,Stable,Suburban,0,0,Child Birth,0
9386,27,46160,586,0.58,2,6,4,6,0,3,Unstable,Rural,1,0,Child Birth,1
9387,50,62715,584,0.45,5,12,1,9,0,1,Unstable,Suburban,2,2,Marriage,1
9388,67,30586,724,0.2,3,7,7,9,0,5,Stable,Suburban,2,1,None,0
9389,51,79491,445,0.16,3,11,4,5,0,3,Unstable,Suburban,4,0,Child Birth,1
9390,60,63115,648,0.36,4,8,7,3,1,5,Unstable,Suburban,1,0,Marriage,1
9391,56,34952,603,0.43,3,9,5,3,0,1,Unstable,Urban,3,1,Marriage,0
9392,25,68993,694,0.18,5,4,1,7,1,2,Unstable,Urban,0,1,Child Birth,0
9393,40,108379,694,0.4,1,5,4,7,0,3,Stable,Suburban,3,1,None,0
9394,35,40103,734,0.53,5,4,5,3,0,2,Stable,Suburban,1,1,Home Purchase,0
9395,50,78940,761,0.46,1,12,4,7,0,1,Unstable,Urban,1,0,None,1
9396,64,70448,814,0.43,5,18,7,8,0,5,Stable,Urban,4,2,Home Purchase,0
9397,25,70082,664,0.49,1,15,1,3,0,4,Unstable,Urban,1,1,None,0
9398,50,82506,633,0.15,1,8,9,5,0,1,Unstable,Rural,0,2,Child Birth,0
9399,52,53074,785,0.2,2,11,6,8,1,1,Unstable,Urban,3,1,Child Birth,1
9400,33,63808,534,0.12,2,14,8,7,1,3,Unstable,Rural,1,1,Child Birth,1
9401,68,62456,775,0.17,5,7,8,1,0,4,Unstable,Rural,3,0,Home Purchase,1
9402,46,38606,714,0.56,3,16,9,2,0,3,Unstable,Rural,4,2,None,0
9403,32,71469,744,0.21,2,8,5,6,1,3,Stable,Urban,4,2,Marriage,0
9404,66,50938,736,0.43,1,11,8,8,0,2,Unstable,Urban,4,0,Child Birth,1
9405,51,105755,713,0.45,5,1,8,5,1,1,Unstable,Urban,3,0,Home Purchase,1
9406,63,47303,717,0.42,3,17,6,7,0,1,Unstable,Suburban,0,1,Home Purchase,1
9407,43,26992,588,0.38,5,7,8,7,1,1,Unstable,Rural,2,2,None,0
9408,49,88010,634,0.34,1,18,5,3,0,4,Unstable,Urban,4,1,Home Purchase,0
9409,62,41393,850,0.31,2,12,8,1,0,2,Stable,Urban,2,0,None,0
9410,45,29667,767,0.56,2,5,3,6,0,4,Unstable,Urban,0,1,Home Purchase,1
9411,48,69688,806,0.1,4,6,4,5,0,5,Stable,Suburban,2,1,Child Birth,0
9412,48,93312,665,0.13,4,2,3,9,0,3,Unstable,Suburban,1,2,Home Purchase,1
9413,43,78433,707,0.35,5,12,5,1,0,3,Stable,Rural,2,0,Home Purchase,0
9414,26,45706,752,0.27,5,11,5,5,1,4,Stable,Suburban,3,2,None,0
9415,38,63213,820,0.3,3,4,5,3,1,4,Unstable,Urban,3,0,Marriage,0
9416,56,52815,684,0.6,2,7,2,6,1,3,Stable,Urban,3,2,Marriage,0
9417,66,101521,747,0.49,2,5,9,5,0,2,Stable,Urban,3,0,None,0
9418,56,49067,771,0.54,4,11,7,4,0,2,Stable,Suburban,4,1,Home Purchase,0
9419,52,62474,793,0.28,1,16,8,8,0,3,Unstable,Rural,1,1,Marriage,1
9420,63,64231,679,0.22,1,10,2,9,1,5,Stable,Suburban,0,0,None,1
9421,64,30994,828,0.48,4,9,7,9,0,4,Stable,Suburban,1,2,None,0
9422,66,55177,557,0.5,5,6,3,1,0,1,Stable,Suburban,2,1,Marriage,1
9423,64,55584,587,0.37,2,13,5,9,1,5,Unstable,Urban,2,0,Marriage,1
9424,37,94420,748,0.55,2,4,7,4,0,2,Unstable,Suburban,3,1,Marriage,1
9425,36,64878,745,0.58,2,11,9,4,0,1,Unstable,Suburban,3,1,Marriage,0
9426,32,50541,676,0.34,1,11,1,9,0,1,Unstable,Rural,3,1,Home Purchase,0
9427,39,56372,655,0.21,5,16,6,1,1,5,Stable,Urban,3,0,None,0
9428,50,58326,657,0.36,1,19,6,5,1,5,Stable,Suburban,3,1,None,1
9429,36,59027,610,0.59,5,6,2,8,0,4,Unstable,Urban,0,1,Child Birth,0
9430,67,83185,695,0.25,4,17,9,5,0,5,Stable,Suburban,4,2,None,0
9431,51,84467,544,0.41,5,18,5,8,1,3,Unstable,Urban,3,0,Home Purchase,1
9432,42,35232,813,0.45,1,4,9,5,0,2,Unstable,Rural,4,2,Home Purchase,0
9433,69,86698,738,0.21,2,18,4,2,0,4,Stable,Suburban,2,2,Marriage,0
9434,60,78783,829,0.39,1,11,5,2,0,4,Unstable,Rural,3,2,Marriage,0
9435,51,58681,716,0.26,4,12,5,8,0,3,Unstable,Rural,3,0,Marriage,0
9436,33,23150,696,0.53,2,10,5,3,1,1,Stable,Rural,2,0,None,0
9437,63,65316,712,0.46,1,3,9,2,0,5,Unstable,Urban,0,2,None,0
9438,25,51151,630,0.51,2,15,1,1,0,1,Unstable,Urban,0,0,Child Birth,1
9439,31,73872,575,0.2,4,18,8,4,1,2,Unstable,Rural,3,2,Marriage,0
9440,50,76165,601,0.12,5,16,7,3,0,2,Unstable,Urban,4,2,Home Purchase,0
9441,31,92976,657,0.53,5,7,1,8,1,4,Stable,Rural,1,2,None,0
9442,31,33470,611,0.29,3,11,2,1,1,5,Stable,Urban,4,0,Child Birth,0
9443,32,113459,834,0.19,2,10,1,5,0,1,Unstable,Urban,3,2,Marriage,0
9444,40,82382,629,0.15,4,9,4,6,0,5,Unstable,Suburban,0,1,Home Purchase,0
9445,27,77856,739,0.36,1,18,9,1,0,4,Unstable,Suburban,4,2,Home Purchase,1
9446,69,107910,758,0.18,1,13,1,9,0,4,Stable,Rural,0,1,Marriage,1
9447,34,67945,823,0.38,3,10,3,2,0,1,Unstable,Suburban,0,1,Child Birth,0
9448,31,85841,768,0.46,1,12,7,4,0,5,Stable,Urban,0,0,Marriage,1
9449,45,64244,682,0.37,4,13,4,7,0,3,Stable,Urban,4,2,Home Purchase,1
9450,61,81020,850,0.55,4,5,6,9,0,2,Stable,Urban,4,2,Child Birth,1
9451,55,89040,575,0.18,5,12,7,3,0,2,Stable,Urban,4,0,Child Birth,0
9452,47,86473,605,0.35,2,4,6,2,0,2,Unstable,Suburban,3,2,None,1
9453,51,22200,721,0.18,2,3,8,8,1,4,Stable,Urban,3,2,Home Purchase,0
9454,46,49654,708,0.54,1,14,2,9,1,3,Unstable,Urban,1,2,Home Purchase,1
9455,63,89295,781,0.57,2,3,1,2,1,4,Unstable,Urban,2,1,None,1
9456,51,72453,716,0.3,3,2,7,3,0,1,Stable,Urban,3,0,None,1
9457,28,58764,736,0.25,2,8,3,6,0,5,Stable,Rural,2,0,Home Purchase,0
9458,48,72691,799,0.24,1,7,4,3,0,5,Stable,Suburban,0,2,Child Birth,1
9459,47,32407,714,0.53,2,2,7,6,0,5,Stable,Rural,1,2,None,0
9460,43,79661,767,0.44,4,18,2,6,1,5,Unstable,Urban,3,2,None,0
9461,66,69286,624,0.54,4,17,7,3,0,4,Unstable,Urban,0,0,Child Birth,0
9462,27,62131,631,0.16,5,14,4,2,0,5,Stable,Urban,2,0,Child Birth,1
9463,51,55527,788,0.34,5,12,9,8,0,1,Unstable,Urban,2,0,Child Birth,1
9464,27,65776,712,0.44,5,18,1,7,0,3,Unstable,Rural,4,2,Child Birth,0
9465,52,53143,716,0.55,5,17,3,9,1,4,Stable,Urban,3,0,Child Birth,0
9466,41,51902,630,0.29,2,16,8,1,0,1,Unstable,Rural,2,1,Child Birth,0
9467,55,104721,659,0.26,1,10,7,1,0,1,Unstable,Suburban,3,2,None,0
9468,34,20336,728,0.56,2,4,2,1,0,2,Stable,Urban,0,0,None,1
9469,46,20850,669,0.12,1,2,5,1,1,3,Stable,Suburban,1,0,Home Purchase,1
9470,54,79537,613,0.34,1,5,7,5,1,2,Unstable,Suburban,3,2,Marriage,0
9471,45,29506,614,0.33,1,14,5,2,0,5,Unstable,Urban,1,2,Child Birth,0
9472,60,20000,636,0.17,1,10,1,4,0,1,Stable,Suburban,1,1,None,0
9473,47,85356,666,0.3,4,8,5,9,0,2,Unstable,Rural,0,1,Home Purchase,0
9474,62,91501,672,0.46,1,1,3,3,1,1,Unstable,Urban,3,2,Child Birth,0
9475,36,27299,850,0.28,2,9,1,8,0,5,Unstable,Urban,1,2,Home Purchase,0
9476,49,20000,792,0.25,1,5,4,9,1,5,Unstable,Rural,0,1,Home Purchase,1
9477,44,29530,729,0.49,4,9,7,9,0,3,Stable,Urban,0,0,Marriage,1
9478,66,42502,850,0.59,2,9,7,2,0,5,Stable,Urban,2,1,Marriage,0
9479,31,107847,688,0.49,3,18,2,8,0,3,Unstable,Rural,0,2,Child Birth,0
9480,53,49256,747,0.52,2,5,2,8,0,5,Stable,Urban,0,2,Child Birth,0
9481,53,80796,732,0.57,4,16,1,3,1,5,Unstable,Suburban,4,2,None,1
9482,37,78044,747,0.5,4,2,2,1,0,3,Unstable,Suburban,0,2,Marriage,0
9483,27,93060,625,0.59,5,4,9,1,1,2,Unstable,Urban,3,2,None,1
9484,26,44350,669,0.47,3,18,9,4,1,4,Stable,Rural,1,1,Home Purchase,0
9485,40,59745,618,0.43,1,5,7,9,0,2,Stable,Suburban,1,0,Marriage,1
9486,54,54520,740,0.45,4,8,3,9,0,5,Stable,Suburban,3,1,None,1
9487,62,73449,700,0.55,5,12,8,2,0,1,Unstable,Rural,1,1,Marriage,0
9488,30,90397,511,0.44,5,14,4,7,1,4,Unstable,Suburban,4,2,Home Purchase,1
9489,69,114460,751,0.48,1,17,5,1,1,5,Unstable,Suburban,2,2,Home Purchase,1
9490,31,50234,721,0.21,2,12,5,5,0,3,Stable,Urban,1,2,Marriage,0
9491,29,63534,850,0.56,3,2,2,5,0,1,Stable,Urban,1,2,None,0
9492,31,81667,792,0.32,1,4,9,8,0,4,Stable,Suburban,2,0,None,0
9493,58,75294,811,0.18,1,11,6,9,1,4,Unstable,Urban,2,1,Marriage,0
9494,56,102877,587,0.5,2,12,6,3,1,4,Stable,Urban,0,0,Child Birth,0
9495,37,57303,811,0.28,2,19,1,6,0,1,Stable,Urban,3,0,Marriage,0
9496,54,50064,680,0.19,4,2,2,7,1,1,Unstable,Suburban,2,0,Child Birth,0
9497,49,94407,630,0.23,2,10,4,6,1,3,Unstable,Suburban,4,0,None,0
9498,45,67576,465,0.12,2,10,8,9,0,1,Unstable,Rural,2,0,Marriage,0
9499,45,73506,831,0.15,3,2,8,4,0,1,Unstable,Suburban,0,2,Home Purchase,0
9500,52,58182,671,0.4,3,19,9,1,1,2,Stable,Suburban,2,0,Home Purchase,1
9501,44,83177,687,0.53,3,4,1,4,1,3,Stable,Rural,0,0,Child Birth,0
9502,58,38373,732,0.32,1,18,8,6,0,3,Stable,Urban,0,1,Marriage,1
9503,29,48543,850,0.41,3,18,4,6,0,4,Stable,Rural,0,0,None,0
9504,42,20000,677,0.5,3,14,5,3,0,5,Unstable,Rural,3,0,Marriage,0
9505,63,44310,698,0.28,5,13,5,2,0,4,Stable,Urban,1,1,Marriage,0
9506,67,83289,796,0.43,3,15,7,8,1,3,Stable,Urban,0,1,None,0
9507,35,61160,672,0.28,1,15,3,9,0,3,Stable,Rural,3,1,None,1
9508,41,36902,616,0.42,5,4,5,4,1,5,Unstable,Rural,2,2,Home Purchase,0
9509,69,95736,481,0.21,1,15,7,3,0,5,Stable,Suburban,1,2,Marriage,0
9510,46,63462,833,0.59,1,14,6,1,0,5,Unstable,Urban,0,2,Home Purchase,1
9511,61,102343,723,0.14,5,7,2,2,0,5,Stable,Suburban,0,0,Child Birth,1
9512,44,81417,754,0.35,5,17,8,8,0,4,Stable,Urban,0,0,Home Purchase,1
9513,30,64705,651,0.24,5,9,9,6,1,1,Stable,Rural,1,1,Child Birth,0
9514,58,105875,767,0.4,5,4,9,6,0,4,Unstable,Urban,0,1,None,1
9515,38,50633,641,0.31,1,18,9,1,1,5,Stable,Rural,2,1,None,0
9516,47,32627,716,0.25,5,13,2,8,0,4,Unstable,Urban,1,1,Marriage,1
9517,44,99983,710,0.23,2,15,3,6,0,4,Unstable,Urban,4,1,Marriage,0
9518,37,75113,812,0.19,3,4,4,4,0,4,Stable,Urban,3,0,Home Purchase,1
9519,68,94845,764,0.49,3,18,2,3,0,5,Unstable,Rural,2,1,None,0
9520,65,82034,637,0.21,2,10,6,6,1,5,Stable,Urban,2,2,Child Birth,0
9521,56,101086,760,0.49,1,7,7,3,1,5,Stable,Suburban,0,2,Child Birth,0
9522,50,47211,663,0.34,1,6,9,4,0,2,Stable,Urban,3,2,Child Birth,0
9523,38,55284,618,0.14,3,13,1,8,1,1,Unstable,Suburban,4,0,None,0
9524,60,55020,755,0.18,4,18,7,7,0,3,Stable,Rural,3,2,Child Birth,0
9525,32,55357,719,0.55,2,9,5,7,0,2,Unstable,Rural,4,2,None,0
9526,64,20823,580,0.4,2,11,3,6,1,2,Unstable,Urban,2,0,Marriage,1
9527,46,64085,648,0.19,3,16,5,8,0,2,Stable,Urban,2,1,Home Purchase,0
9528,46,79776,774,0.45,5,8,6,9,0,2,Stable,Suburban,3,2,None,1
9529,40,42987,738,0.51,4,5,4,1,0,4,Unstable,Urban,1,1,Marriage,0
9530,51,37158,743,0.27,1,15,9,3,0,2,Unstable,Urban,0,0,Home Purchase,1
9531,34,56601,850,0.38,1,2,1,8,0,1,Stable,Suburban,3,2,Marriage,0
9532,49,79613,799,0.25,1,5,6,1,0,5,Stable,Urban,1,1,Marriage,1
9533,55,33107,688,0.14,1,10,2,9,0,3,Stable,Suburban,3,0,None,0
9534,45,118381,659,0.3,2,19,7,1,0,1,Stable,Rural,3,2,None,0
9535,51,27521,631,0.48,2,14,9,9,0,2,Stable,Urban,1,1,Marriage,1
9536,41,45732,654,0.33,5,13,6,7,0,5,Stable,Suburban,4,0,Marriage,0
9537,57,88352,540,0.3,2,14,9,6,0,2,Unstable,Rural,0,2,None,1
9538,55,84188,578,0.28,5,4,8,9,0,3,Stable,Suburban,4,2,None,0
9539,66,81999,765,0.33,5,7,5,4,1,2,Unstable,Urban,1,0,Home Purchase,1
9540,50,42864,850,0.26,1,18,8,5,1,4,Unstable,Suburban,1,0,Marriage,0
9541,45,47608,705,0.41,1,6,5,2,1,4,Unstable,Rural,4,2,None,0
9542,60,38589,629,0.13,2,15,8,3,0,2,Unstable,Urban,1,2,Marriage,0
9543,25,51995,359,0.5,2,11,7,7,1,5,Unstable,Urban,0,0,Child Birth,0
9544,28,69568,850,0.19,5,17,5,5,1,3,Unstable,Urban,3,1,Child Birth,0
9545,28,38468,566,0.42,3,10,8,8,0,2,Stable,Rural,0,2,Home Purchase,0
9546,50,20000,552,0.32,1,16,6,3,0,3,Unstable,Urban,1,2,Home Purchase,0
9547,28,89230,670,0.49,4,19,7,3,0,2,Unstable,Rural,1,0,None,0
9548,33,55495,695,0.51,3,11,5,1,0,3,Stable,Rural,1,1,Child Birth,0
9549,54,78702,701,0.2,1,7,8,1,0,2,Unstable,Suburban,2,1,Home Purchase,1
9550,69,52271,614,0.44,1,14,8,2,1,4,Unstable,Rural,1,0,Marriage,1
9551,28,73569,741,0.19,2,1,1,7,1,2,Stable,Suburban,2,1,Child Birth,0
9552,29,118154,647,0.16,4,17,8,9,0,4,Stable,Urban,3,0,Child Birth,1
9553,69,31417,650,0.57,4,13,8,6,0,5,Stable,Suburban,2,0,Marriage,0
9554,47,40551,672,0.18,1,8,7,5,1,2,Stable,Rural,1,2,Home Purchase,0
9555,40,37481,632,0.21,5,19,6,4,0,3,Stable,Suburban,1,0,Home Purchase,0
9556,46,112604,574,0.17,4,8,3,4,1,5,Unstable,Urban,0,2,Child Birth,0
9557,61,59548,581,0.34,3,17,7,7,0,4,Stable,Suburban,4,2,Home Purchase,0
9558,32,82186,589,0.56,5,5,4,1,0,5,Unstable,Urban,0,0,None,0
9559,57,20000,745,0.23,2,11,8,6,1,2,Unstable,Rural,0,2,Child Birth,1
9560,62,69361,739,0.37,1,14,5,1,0,1,Unstable,Urban,4,0,Child Birth,1
9561,67,50979,673,0.31,1,10,3,4,0,2,Stable,Suburban,1,2,Child Birth,0
9562,40,94715,678,0.27,3,12,6,6,0,4,Unstable,Suburban,1,2,Home Purchase,1
9563,29,76469,816,0.39,3,3,6,2,0,5,Unstable,Suburban,0,0,None,1
9564,40,49507,751,0.38,2,9,6,5,0,1,Unstable,Rural,0,0,Home Purchase,0
9565,31,99495,850,0.28,2,11,8,4,0,3,Unstable,Suburban,3,1,Marriage,0
9566,25,101790,642,0.53,4,9,1,3,1,5,Stable,Rural,1,2,Marriage,1
9567,33,97642,583,0.13,5,1,1,6,0,5,Stable,Rural,1,0,Child Birth,1
9568,42,79062,799,0.14,1,18,7,7,0,2,Stable,Suburban,0,2,Marriage,0
9569,69,53067,697,0.6,4,3,3,2,0,3,Unstable,Rural,1,1,None,0
9570,27,65801,619,0.47,2,14,8,6,0,1,Stable,Urban,3,1,Home Purchase,1
9571,48,49582,748,0.5,3,4,3,1,0,5,Stable,Urban,0,2,None,1
9572,52,65532,629,0.4,4,5,6,4,0,2,Unstable,Rural,3,0,Marriage,0
9573,34,45134,768,0.31,3,10,1,6,0,2,Unstable,Urban,3,2,Child Birth,0
9574,33,55758,748,0.41,5,5,2,3,1,1,Unstable,Urban,3,1,Marriage,1
9575,37,113588,677,0.15,3,3,7,9,0,3,Stable,Urban,2,0,Home Purchase,1
9576,59,67773,531,0.48,1,9,6,3,1,3,Stable,Suburban,2,2,Marriage,0
9577,47,49253,607,0.37,5,12,1,4,1,2,Unstable,Urban,3,0,None,0
9578,41,32493,850,0.58,3,2,7,5,0,3,Unstable,Urban,4,2,Marriage,0
9579,31,57504,850,0.42,4,11,4,8,0,3,Stable,Urban,1,1,Child Birth,0
9580,40,78633,850,0.18,1,1,1,2,1,2,Stable,Urban,4,2,Child Birth,0
9581,64,63417,740,0.34,1,16,9,4,1,5,Unstable,Urban,0,2,Child Birth,0
9582,60,58650,590,0.13,2,3,3,2,0,5,Unstable,Rural,1,0,Home Purchase,1
9583,44,70639,833,0.47,2,13,9,3,0,3,Stable,Rural,4,0,Child Birth,0
9584,48,69857,673,0.35,4,15,7,3,0,2,Stable,Suburban,4,0,Marriage,0
9585,29,77632,631,0.28,2,1,8,7,1,5,Stable,Urban,0,0,None,0
9586,69,78298,733,0.58,3,16,7,5,0,5,Stable,Suburban,3,0,Home Purchase,0
9587,30,57785,850,0.57,2,15,9,2,1,2,Stable,Urban,0,1,Child Birth,0
9588,52,56535,689,0.58,1,6,3,6,1,1,Unstable,Urban,3,1,Home Purchase,0
9589,29,60020,701,0.21,4,15,8,4,0,3,Stable,Suburban,1,2,Child Birth,1
9590,63,74006,546,0.46,3,18,2,2,0,3,Unstable,Urban,0,0,Marriage,0
9591,62,88028,710,0.57,1,17,4,3,0,5,Unstable,Suburban,1,1,Home Purchase,0
9592,26,51578,766,0.39,1,14,4,2,0,2,Stable,Suburban,2,2,Marriage,0
9593,67,55906,691,0.21,5,18,6,4,0,4,Unstable,Urban,2,2,Marriage,0
9594,63,39663,698,0.51,2,17,3,3,0,4,Unstable,Urban,4,0,Marriage,1
9595,45,22618,722,0.54,3,1,1,8,0,2,Stable,Urban,2,0,None,1
9596,64,29054,595,0.45,4,14,8,4,0,2,Unstable,Rural,2,1,Marriage,0
9597,61,34907,472,0.25,4,7,9,3,1,1,Stable,Urban,0,0,None,0
9598,42,43355,689,0.2,4,1,7,9,0,4,Stable,Suburban,4,2,Home Purchase,1
9599,36,71497,677,0.41,5,3,9,9,0,2,Stable,Urban,0,1,Child Birth,0
9600,41,33216,757,0.34,3,11,6,3,0,2,Unstable,Suburban,0,1,Home Purchase,1
9601,61,60442,850,0.43,1,18,3,4,0,3,Unstable,Suburban,0,0,Child Birth,0
9602,62,80946,829,0.16,5,14,9,7,1,4,Unstable,Suburban,2,1,Child Birth,0
9603,39,39253,494,0.17,2,3,1,3,0,2,Unstable,Rural,4,2,None,0
9604,31,47703,850,0.28,1,2,1,9,0,4,Unstable,Urban,3,2,Marriage,0
9605,38,26998,766,0.23,4,15,2,7,1,2,Unstable,Suburban,0,0,Child Birth,1
9606,25,36187,673,0.41,2,7,4,6,0,4,Unstable,Urban,4,1,Child Birth,0
9607,62,94248,847,0.28,3,13,3,6,1,1,Stable,Suburban,4,0,Child Birth,0
9608,27,72624,444,0.44,3,4,1,8,0,1,Unstable,Suburban,2,0,Marriage,0
9609,61,113738,645,0.48,5,8,7,9,0,1,Unstable,Suburban,2,2,Home Purchase,1
9610,68,41574,719,0.19,3,2,4,3,0,5,Unstable,Urban,3,2,Marriage,0
9611,55,97710,706,0.56,4,13,1,3,1,2,Unstable,Rural,1,0,Marriage,1
9612,67,41779,850,0.49,5,4,6,8,0,3,Unstable,Rural,4,2,Marriage,0
9613,37,47470,818,0.41,5,13,6,3,0,5,Unstable,Suburban,3,1,None,1
9614,42,128057,768,0.55,4,16,1,4,1,4,Unstable,Urban,3,1,Child Birth,0
9615,41,39123,672,0.23,3,12,7,7,0,2,Stable,Urban,0,0,Marriage,0
9616,41,99666,796,0.31,2,13,8,7,0,2,Unstable,Suburban,1,0,Marriage,1
9617,35,59200,640,0.14,5,1,5,2,0,5,Stable,Rural,1,0,Home Purchase,0
9618,44,33076,777,0.33,2,3,7,2,1,2,Stable,Urban,4,1,Child Birth,0
9619,34,24232,627,0.35,2,3,8,4,0,2,Stable,Urban,1,2,None,0
9620,53,62629,729,0.41,2,12,7,5,0,4,Stable,Urban,0,0,Child Birth,0
9621,58,31912,554,0.13,2,4,3,6,0,3,Stable,Urban,3,0,Home Purchase,0
9622,41,52611,803,0.12,4,1,2,7,0,4,Unstable,Urban,4,2,Home Purchase,0
9623,66,20000,655,0.31,1,17,9,3,0,5,Unstable,Suburban,3,1,Marriage,0
9624,37,68860,563,0.19,3,9,5,1,0,2,Unstable,Urban,3,1,Marriage,0
9625,68,21438,603,0.48,1,5,9,2,0,2,Unstable,Suburban,4,0,Home Purchase,1
9626,63,58497,669,0.43,1,3,4,1,0,3,Stable,Suburban,0,0,Home Purchase,0
9627,51,25405,608,0.26,5,7,1,2,1,3,Unstable,Suburban,0,0,None,0
9628,50,90646,772,0.12,1,3,8,6,1,1,Stable,Suburban,1,1,Child Birth,1
9629,52,20000,672,0.19,1,5,5,7,0,3,Stable,Suburban,4,2,Child Birth,0
9630,37,52926,793,0.45,4,12,4,8,0,4,Unstable,Suburban,4,0,Child Birth,0
9631,36,73985,671,0.6,2,3,9,8,0,2,Stable,Urban,3,0,Marriage,0
9632,68,68972,771,0.26,1,1,9,7,0,4,Stable,Rural,3,1,Home Purchase,0
9633,52,28829,700,0.5,1,3,2,2,0,4,Unstable,Rural,1,2,None,0
9634,26,20000,674,0.53,5,16,1,9,0,4,Unstable,Rural,1,2,None,1
9635,61,79534,595,0.12,3,18,8,5,0,4,Unstable,Urban,3,2,Home Purchase,1
9636,58,56908,706,0.56,5,3,9,4,1,4,Unstable,Suburban,0,2,Child Birth,0
9637,47,33207,773,0.33,3,5,4,2,0,4,Unstable,Rural,0,0,Child Birth,0
9638,69,80444,631,0.58,3,5,1,8,0,2,Unstable,Rural,4,1,None,0
9639,53,45932,698,0.37,3,9,7,4,0,4,Stable,Urban,0,1,Marriage,0
9640,59,43565,644,0.22,4,12,5,1,0,5,Unstable,Rural,4,2,Child Birth,1
9641,35,38333,850,0.59,4,16,5,6,1,4,Unstable,Suburban,2,0,Marriage,0
9642,57,41013,731,0.22,2,9,5,4,0,1,Unstable,Rural,3,0,Home Purchase,0
9643,35,40112,708,0.54,3,18,9,7,1,4,Unstable,Rural,1,1,Home Purchase,0
9644,33,68207,651,0.19,4,11,7,7,1,1,Unstable,Suburban,2,2,Child Birth,1
9645,38,98765,788,0.44,4,17,2,5,0,2,Unstable,Urban,3,1,None,0
9646,33,25081,699,0.31,1,1,9,9,0,5,Stable,Urban,1,1,Child Birth,0
9647,63,51474,693,0.59,3,3,4,7,1,2,Stable,Suburban,2,2,Home Purchase,0
9648,27,55898,692,0.19,5,5,5,5,1,2,Stable,Suburban,4,2,Child Birth,1
9649,53,71614,589,0.3,1,1,2,8,1,4,Unstable,Urban,1,1,Child Birth,0
9650,43,84708,849,0.42,4,15,3,2,1,1,Stable,Urban,4,2,Child Birth,0
9651,60,56015,791,0.59,4,17,5,6,0,5,Unstable,Urban,0,2,Marriage,0
9652,56,44072,700,0.25,4,4,1,8,0,4,Stable,Urban,4,2,Home Purchase,0
9653,31,74451,689,0.3,4,14,1,7,0,1,Stable,Suburban,3,0,Home Purchase,0
9654,52,20000,611,0.33,5,2,1,4,0,4,Stable,Suburban,3,2,None,0
9655,68,20000,552,0.23,2,4,7,1,1,2,Stable,Urban,3,1,Marriage,1
9656,42,124759,611,0.51,2,5,4,3,0,1,Stable,Suburban,1,1,None,1
9657,29,39803,814,0.15,3,7,4,5,0,3,Stable,Suburban,3,0,None,1
9658,47,49656,661,0.45,4,4,3,6,1,4,Unstable,Urban,3,1,Marriage,0
9659,46,73595,808,0.37,3,8,2,3,0,2,Unstable,Rural,1,1,Marriage,1
9660,50,68674,696,0.22,5,11,4,2,0,1,Stable,Rural,3,2,None,1
9661,66,82130,613,0.35,3,8,2,3,0,2,Stable,Rural,2,1,Marriage,0
9662,36,83440,626,0.51,2,4,7,5,0,4,Stable,Suburban,3,1,Child Birth,0
9663,64,23938,724,0.32,2,11,6,3,0,4,Stable,Rural,2,2,Child Birth,1
9664,43,91732,538,0.16,2,12,6,8,0,4,Unstable,Urban,3,0,Marriage,1
9665,25,72767,623,0.12,3,2,2,7,0,5,Unstable,Rural,0,0,Child Birth,0
9666,27,69450,654,0.49,4,15,5,9,0,5,Unstable,Urban,2,2,None,0
9667,51,70562,782,0.27,1,14,8,3,0,4,Unstable,Suburban,1,2,Marriage,0
9668,42,20000,728,0.57,2,19,2,8,1,5,Unstable,Suburban,4,0,Marriage,1
9669,54,54751,718,0.41,3,17,8,9,0,2,Unstable,Urban,0,0,Home Purchase,0
9670,26,35835,746,0.32,1,16,9,8,1,1,Stable,Rural,1,0,Marriage,0
9671,29,32234,803,0.38,2,5,3,5,0,5,Unstable,Urban,0,0,Home Purchase,0
9672,53,47803,705,0.33,2,1,4,6,0,5,Unstable,Urban,3,0,Home Purchase,0
9673,57,80636,596,0.55,5,10,8,9,0,5,Unstable,Urban,1,0,Child Birth,1
9674,66,67179,718,0.33,2,7,2,2,0,5,Unstable,Urban,4,0,Marriage,1
9675,44,70936,615,0.15,1,10,2,9,1,3,Unstable,Rural,0,0,Marriage,0
9676,54,48841,493,0.4,1,16,1,1,0,1,Stable,Urban,4,1,Child Birth,0
9677,66,69407,718,0.41,4,5,2,6,0,2,Unstable,Urban,0,2,Child Birth,0
9678,29,55023,751,0.48,1,19,9,1,1,5,Unstable,Rural,4,1,None,0
9679,45,83728,734,0.57,3,6,5,1,1,3,Unstable,Rural,4,0,Home Purchase,1
9680,39,77391,750,0.32,3,12,4,3,0,4,Unstable,Urban,1,2,Child Birth,0
9681,44,63995,811,0.28,2,6,2,4,0,4,Stable,Urban,3,2,Home Purchase,0
9682,32,39967,603,0.35,4,10,2,4,0,3,Stable,Rural,3,2,Marriage,0
9683,55,66824,661,0.55,2,10,6,5,0,2,Unstable,Rural,4,1,Home Purchase,0
9684,36,66061,571,0.59,4,13,7,6,0,3,Stable,Urban,3,2,Home Purchase,0
9685,45,62983,744,0.59,5,19,4,4,1,4,Unstable,Suburban,2,0,Marriage,1
9686,54,48103,822,0.21,4,17,7,7,0,5,Stable,Suburban,2,2,None,0
9687,51,43636,645,0.35,5,16,1,2,0,4,Unstable,Suburban,4,0,Child Birth,0
9688,68,68059,772,0.23,5,4,8,8,1,1,Stable,Suburban,4,1,Home Purchase,1
9689,50,38557,623,0.28,2,3,3,4,0,1,Unstable,Rural,2,0,None,0
9690,57,53705,764,0.12,3,5,7,6,0,4,Stable,Suburban,2,1,Child Birth,1
9691,50,74671,476,0.18,4,13,7,1,1,4,Stable,Urban,2,1,None,1
9692,50,71037,850,0.3,2,14,3,2,0,5,Unstable,Rural,1,1,None,0
9693,60,31068,590,0.28,5,9,5,4,0,5,Unstable,Rural,0,0,Home Purchase,1
9694,64,67463,716,0.24,5,9,2,9,0,1,Unstable,Suburban,1,1,None,1
9695,25,110797,840,0.22,1,8,9,1,0,2,Unstable,Suburban,2,0,None,1
9696,39,76889,583,0.47,1,10,5,1,1,4,Unstable,Urban,0,2,Marriage,0
9697,25,53135,850,0.25,4,18,4,7,0,5,Unstable,Urban,3,2,Home Purchase,0
9698,35,92687,850,0.45,3,12,3,8,0,4,Unstable,Rural,2,0,Home Purchase,1
9699,26,114979,768,0.28,1,13,1,7,0,1,Unstable,Rural,2,2,Child Birth,1
9700,25,81583,701,0.5,5,16,7,3,1,5,Unstable,Urban,3,0,Child Birth,0
9701,55,20000,681,0.18,2,3,3,8,1,3,Stable,Suburban,0,2,Marriage,1
9702,68,75420,757,0.18,3,9,1,8,0,1,Stable,Suburban,2,0,Home Purchase,1
9703,40,93719,774,0.44,4,16,8,5,1,4,Stable,Urban,0,0,Marriage,0
9704,46,20000,498,0.56,2,17,8,8,0,5,Stable,Suburban,1,0,Home Purchase,0
9705,66,83427,671,0.17,4,16,3,2,0,1,Stable,Suburban,4,1,Marriage,0
9706,42,54921,641,0.14,2,10,3,9,1,4,Stable,Suburban,1,1,Marriage,1
9707,41,92885,627,0.57,2,18,2,5,0,2,Stable,Rural,4,2,Home Purchase,0
9708,54,58221,629,0.16,3,2,8,3,0,5,Stable,Urban,2,0,Marriage,0
9709,34,68580,570,0.23,4,14,9,6,0,2,Unstable,Urban,1,2,Child Birth,0
9710,59,68999,850,0.56,1,5,4,6,0,1,Unstable,Suburban,1,1,Marriage,0
9711,45,77852,641,0.5,2,6,4,3,1,5,Stable,Urban,3,2,None,0
9712,40,71177,685,0.27,2,1,5,7,0,4,Unstable,Urban,4,1,None,1
9713,30,37522,668,0.58,1,15,3,8,0,2,Stable,Rural,4,1,None,0
9714,27,53421,645,0.38,3,3,5,2,0,1,Stable,Urban,2,1,None,1
9715,65,59835,741,0.14,3,19,4,1,0,4,Unstable,Urban,3,1,Home Purchase,0
9716,67,90758,668,0.45,3,18,8,9,0,4,Unstable,Urban,3,0,Marriage,0
9717,45,72108,760,0.37,5,15,5,2,0,4,Stable,Suburban,4,2,Child Birth,0
9718,37,43560,850,0.39,5,18,7,8,0,4,Unstable,Suburban,3,2,Marriage,1
9719,42,37007,589,0.6,3,1,4,2,0,2,Unstable,Suburban,0,2,Home Purchase,0
9720,48,76368,732,0.18,3,14,2,3,1,4,Unstable,Suburban,2,0,Child Birth,1
9721,51,48129,729,0.43,1,17,8,5,1,3,Unstable,Rural,1,1,Child Birth,0
9722,28,78829,582,0.33,5,8,4,2,0,5,Stable,Suburban,4,2,None,1
9723,46,58605,764,0.24,4,8,9,9,1,4,Stable,Urban,3,0,None,0
9724,48,96502,673,0.45,3,17,6,3,0,4,Unstable,Urban,3,1,Home Purchase,0
9725,64,41574,850,0.43,3,1,8,7,1,3,Unstable,Rural,3,1,Home Purchase,0
9726,69,95969,799,0.53,3,7,9,2,0,5,Stable,Suburban,2,1,Child Birth,1
9727,34,84586,699,0.54,2,14,9,2,0,4,Unstable,Urban,1,2,Child Birth,0
9728,26,48990,678,0.38,5,6,9,7,0,4,Stable,Rural,3,1,Marriage,0
9729,64,38041,850,0.26,4,17,7,1,0,4,Unstable,Rural,1,2,Marriage,1
9730,30,108192,642,0.36,2,14,3,3,1,3,Stable,Suburban,1,1,Home Purchase,0
9731,42,37434,726,0.28,2,7,8,2,1,5,Unstable,Rural,2,1,Home Purchase,0
9732,41,67659,693,0.24,4,15,7,4,0,1,Unstable,Urban,3,2,None,0
9733,62,68633,819,0.38,4,8,9,4,0,5,Stable,Rural,3,2,Marriage,0
9734,69,60250,827,0.43,4,16,5,1,0,3,Stable,Urban,1,1,Marriage,0
9735,47,79533,754,0.4,4,10,4,5,1,5,Stable,Suburban,3,2,None,0
9736,54,36735,647,0.58,4,9,2,7,0,4,Unstable,Urban,2,2,None,0
9737,45,108326,684,0.25,3,19,7,9,1,3,Unstable,Suburban,3,2,Home Purchase,1
9738,34,39387,576,0.29,4,2,6,4,0,3,Stable,Suburban,3,0,Home Purchase,1
9739,67,56401,724,0.43,4,8,6,6,0,5,Unstable,Rural,3,0,None,0
9740,37,24045,619,0.4,5,11,8,9,0,5,Unstable,Suburban,2,0,Home Purchase,1
9741,36,86152,850,0.1,3,4,1,1,0,2,Stable,Urban,1,0,Marriage,0
9742,33,107202,645,0.26,2,18,1,1,0,5,Stable,Urban,1,1,Marriage,0
9743,28,110203,802,0.23,3,18,4,8,0,5,Unstable,Rural,3,0,Child Birth,0
9744,63,88368,850,0.52,1,2,8,9,1,4,Stable,Suburban,2,2,None,1
9745,48,50721,782,0.53,4,5,5,1,0,1,Stable,Suburban,3,0,Child Birth,1
9746,58,60042,649,0.24,2,14,9,7,1,1,Stable,Urban,2,0,Home Purchase,0
9747,63,51927,642,0.15,1,13,3,5,0,1,Unstable,Suburban,2,1,Home Purchase,0
9748,65,29671,850,0.2,2,8,6,8,0,5,Unstable,Suburban,1,2,Marriage,1
9749,29,52612,850,0.19,3,11,6,6,0,1,Stable,Suburban,0,0,Marriage,0
9750,39,82719,730,0.22,1,8,4,4,0,2,Unstable,Suburban,0,2,None,0
9751,28,38325,666,0.22,4,15,2,3,0,3,Unstable,Urban,4,1,None,0
9752,63,20000,612,0.34,4,6,6,3,0,2,Stable,Urban,4,0,Child Birth,0
9753,32,28674,638,0.26,1,17,3,1,0,2,Unstable,Urban,0,2,Home Purchase,0
9754,69,80455,771,0.38,3,11,8,2,0,1,Unstable,Urban,1,2,Home Purchase,0
9755,48,20000,850,0.27,1,7,2,9,0,1,Stable,Rural,4,2,Home Purchase,0
9756,52,48200,688,0.51,3,2,3,5,0,2,Stable,Suburban,0,1,None,0
9757,67,50409,819,0.58,2,3,9,7,1,2,Unstable,Suburban,1,2,Marriage,0
9758,51,66450,789,0.3,3,18,2,4,0,2,Stable,Rural,4,1,None,1
9759,25,65865,670,0.12,1,14,1,2,0,2,Unstable,Suburban,4,0,Child Birth,0
9760,58,70005,799,0.22,1,9,3,5,0,2,Unstable,Urban,0,2,Home Purchase,0
9761,41,56283,803,0.15,2,8,6,9,0,5,Unstable,Suburban,4,1,Marriage,0
9762,61,36386,791,0.27,1,18,8,9,0,2,Unstable,Suburban,1,0,Child Birth,0
9763,62,82535,658,0.42,5,12,5,8,0,3,Stable,Rural,0,0,Home Purchase,1
9764,50,20000,771,0.36,1,12,2,5,0,1,Unstable,Rural,1,1,Child Birth,1
9765,48,79531,818,0.22,5,10,8,7,0,3,Stable,Urban,4,1,Home Purchase,0
9766,63,88602,795,0.48,1,9,2,1,0,4,Unstable,Rural,1,0,None,1
9767,45,118418,807,0.17,1,2,4,4,0,1,Stable,Suburban,3,1,Marriage,0
9768,54,41145,679,0.21,2,11,9,7,1,3,Unstable,Suburban,2,0,Home Purchase,0
9769,37,45995,807,0.44,5,10,7,3,0,2,Stable,Urban,4,2,Child Birth,1
9770,61,61333,829,0.2,2,8,3,4,1,2,Unstable,Urban,3,2,Marriage,0
9771,27,59468,654,0.44,5,5,1,1,0,1,Unstable,Urban,2,1,Marriage,0
9772,56,80865,561,0.59,5,5,6,8,0,5,Stable,Rural,0,1,None,1
9773,59,73061,850,0.52,4,9,9,2,1,2,Stable,Suburban,2,1,None,0
9774,43,51202,653,0.18,5,11,4,1,1,3,Stable,Rural,0,1,Child Birth,0
9775,38,57547,625,0.36,2,12,7,3,0,1,Stable,Suburban,3,2,None,0
9776,46,83333,721,0.31,2,5,3,3,1,5,Stable,Rural,2,2,Marriage,1
9777,41,28345,673,0.6,3,6,1,7,0,2,Stable,Urban,4,0,None,0
9778,28,54157,507,0.58,1,1,5,2,0,5,Stable,Suburban,3,0,Child Birth,0
9779,69,73868,789,0.16,4,16,1,7,0,3,Stable,Suburban,2,2,Child Birth,0
9780,64,33333,786,0.55,1,14,2,1,0,1,Stable,Suburban,1,1,Marriage,0
9781,43,20000,596,0.2,2,14,7,4,0,2,Unstable,Rural,1,1,Home Purchase,0
9782,61,96164,697,0.26,4,13,1,8,0,5,Unstable,Rural,0,2,Home Purchase,0
9783,26,59488,598,0.28,5,12,6,7,1,1,Stable,Suburban,3,2,None,0
9784,39,28560,614,0.24,2,7,7,5,1,3,Unstable,Urban,1,1,None,0
9785,26,83010,639,0.53,2,6,4,7,0,1,Unstable,Urban,2,0,Home Purchase,0
9786,35,54792,752,0.26,2,9,4,9,0,2,Unstable,Urban,4,0,Home Purchase,1
9787,69,34129,850,0.51,2,16,2,1,1,4,Unstable,Suburban,0,0,Marriage,0
9788,47,69243,658,0.6,4,9,5,2,0,1,Stable,Urban,2,1,None,0
9789,34,61288,783,0.52,1,14,7,1,0,2,Stable,Suburban,0,0,Child Birth,0
9790,27,44670,779,0.27,1,9,4,5,0,5,Stable,Urban,1,1,Marriage,1
9791,29,40759,487,0.46,5,4,8,3,0,1,Stable,Suburban,3,0,None,0
9792,27,34346,561,0.37,2,9,8,1,1,1,Unstable,Suburban,4,2,Marriage,0
9793,62,78388,850,0.49,2,8,7,1,1,4,Unstable,Urban,1,2,Marriage,0
9794,37,28791,649,0.18,1,14,3,7,1,4,Stable,Suburban,3,0,None,1
9795,66,40062,745,0.42,5,5,9,2,1,4,Unstable,Rural,4,2,Marriage,0
9796,43,62528,733,0.49,3,16,8,9,0,4,Stable,Urban,3,2,Home Purchase,0
9797,64,96472,487,0.48,4,10,1,7,0,2,Unstable,Suburban,1,2,Home Purchase,0
9798,59,63322,631,0.58,1,3,9,1,0,4,Unstable,Urban,4,2,None,0
9799,48,74704,772,0.13,4,9,7,1,1,4,Unstable,Suburban,2,0,Child Birth,1
9800,48,62555,606,0.27,1,3,4,4,1,3,Unstable,Urban,1,0,Child Birth,0
9801,41,82660,662,0.34,5,19,5,3,0,4,Stable,Urban,0,0,None,0
9802,64,108439,579,0.25,2,19,7,6,1,2,Stable,Urban,4,0,Home Purchase,1
9803,34,49056,615,0.25,3,1,8,8,0,2,Unstable,Suburban,3,1,Marriage,0
9804,26,60351,647,0.19,4,19,4,7,0,2,Unstable,Urban,1,0,Child Birth,0
9805,68,64338,514,0.51,3,15,7,1,0,5,Unstable,Urban,3,1,None,0
9806,47,73245,817,0.55,2,19,6,6,0,5,Stable,Suburban,2,1,Home Purchase,1
9807,30,63310,561,0.14,1,7,9,9,1,3,Stable,Suburban,3,2,Child Birth,0
9808,26,46406,682,0.18,5,1,4,9,1,5,Stable,Urban,1,1,Marriage,0
9809,45,59822,625,0.21,2,16,4,2,0,3,Unstable,Suburban,4,1,Home Purchase,0
9810,59,120791,807,0.35,3,8,3,8,0,5,Unstable,Rural,1,1,None,0
9811,53,67847,576,0.5,3,12,8,4,0,1,Stable,Rural,0,1,Home Purchase,0
9812,31,20000,621,0.14,3,6,8,3,1,3,Stable,Rural,0,0,None,0
9813,53,50127,566,0.42,1,10,4,7,0,5,Unstable,Rural,3,2,Child Birth,0
9814,61,60334,459,0.17,3,14,3,5,0,1,Stable,Rural,3,2,Home Purchase,0
9815,47,56485,750,0.59,1,5,6,6,0,3,Stable,Rural,1,0,Child Birth,0
9816,57,58289,703,0.55,3,4,9,4,0,3,Stable,Rural,3,2,None,0
9817,32,67156,721,0.57,4,14,8,9,0,1,Stable,Rural,3,2,Home Purchase,1
9818,36,72715,781,0.15,4,17,7,3,1,3,Unstable,Rural,3,2,Marriage,1
9819,34,66470,710,0.34,2,1,7,5,0,1,Unstable,Rural,4,1,Home Purchase,0
9820,39,83765,655,0.18,2,17,5,2,0,1,Stable,Suburban,0,2,None,0
9821,48,22616,725,0.4,5,9,2,4,0,3,Unstable,Urban,4,0,Child Birth,1
9822,50,53683,649,0.22,3,16,9,7,0,3,Unstable,Rural,1,2,Child Birth,0
9823,66,70856,811,0.49,3,3,3,5,0,4,Stable,Suburban,2,2,Marriage,0
9824,63,66404,663,0.42,1,10,9,6,1,4,Stable,Urban,0,0,None,0
9825,27,43692,688,0.39,2,17,2,5,0,2,Unstable,Rural,1,2,Child Birth,0
9826,26,46702,763,0.51,4,16,1,7,0,2,Stable,Urban,3,0,Child Birth,0
9827,30,38956,850,0.35,1,1,7,9,1,1,Unstable,Rural,2,2,Home Purchase,0
9828,45,84416,597,0.23,4,19,1,7,0,3,Stable,Suburban,2,2,None,0
9829,33,20000,578,0.41,1,15,8,3,0,1,Unstable,Suburban,2,0,Home Purchase,1
9830,34,27961,675,0.58,2,7,3,7,0,4,Unstable,Rural,4,2,Marriage,0
9831,60,70466,625,0.4,3,8,3,3,0,2,Unstable,Urban,1,1,None,0
9832,27,73579,769,0.41,3,4,9,4,0,1,Unstable,Rural,4,1,Child Birth,0
9833,65,20389,719,0.57,2,12,1,6,1,3,Stable,Urban,4,2,Home Purchase,0
9834,48,75660,588,0.36,4,2,7,7,0,2,Unstable,Suburban,0,0,Home Purchase,0
9835,46,64512,774,0.6,5,7,2,8,0,1,Unstable,Rural,4,1,Child Birth,0
9836,38,72891,850,0.18,5,6,3,9,1,2,Unstable,Suburban,3,2,Home Purchase,1
9837,66,61811,620,0.37,2,2,8,1,0,3,Unstable,Urban,2,1,Marriage,0
9838,69,70636,732,0.21,1,7,3,4,1,2,Unstable,Suburban,1,1,Marriage,0
9839,68,71500,480,0.33,3,2,2,3,0,1,Stable,Rural,4,1,Marriage,0
9840,51,71797,663,0.19,4,4,7,6,0,1,Unstable,Urban,1,2,Home Purchase,0
9841,57,66101,730,0.21,5,16,3,6,0,2,Stable,Suburban,0,2,None,0
9842,46,57860,685,0.21,3,6,8,8,0,3,Unstable,Suburban,2,1,Marriage,1
9843,53,58008,711,0.26,2,10,4,4,0,1,Unstable,Suburban,0,2,Marriage,0
9844,43,65754,622,0.17,3,14,6,4,0,5,Unstable,Suburban,4,1,None,0
9845,43,80635,826,0.5,5,3,8,1,1,2,Stable,Rural,1,2,Home Purchase,0
9846,30,109118,658,0.21,4,14,4,3,0,4,Stable,Rural,0,0,Marriage,0
9847,69,73211,577,0.31,1,11,5,3,0,1,Unstable,Suburban,2,0,Marriage,1
9848,43,69435,696,0.11,1,11,3,8,0,4,Unstable,Rural,4,2,Marriage,1
9849,37,90385,792,0.15,3,11,4,8,1,4,Stable,Rural,4,0,None,0
9850,50,69911,755,0.55,1,4,8,8,0,3,Unstable,Suburban,2,2,Child Birth,0
9851,46,33492,648,0.52,5,5,7,9,0,3,Stable,Suburban,0,2,Child Birth,1
9852,45,41666,850,0.52,4,6,6,8,0,3,Unstable,Suburban,1,2,Home Purchase,0
9853,60,105722,692,0.31,1,14,5,6,0,2,Unstable,Suburban,2,1,Child Birth,0
9854,26,42164,528,0.17,1,7,9,5,1,4,Unstable,Rural,0,2,Home Purchase,0
9855,68,74253,759,0.15,2,6,4,4,0,1,Unstable,Suburban,3,1,None,0
9856,54,35282,686,0.4,1,14,3,3,0,4,Stable,Rural,0,2,Marriage,0
9857,51,92107,692,0.51,1,16,6,7,0,5,Stable,Urban,0,1,None,0
9858,31,48495,788,0.55,5,4,2,9,1,4,Unstable,Suburban,3,2,Marriage,1
9859,44,62069,673,0.24,1,18,9,1,0,4,Unstable,Rural,2,0,None,1
9860,55,54293,670,0.26,2,7,6,2,0,2,Unstable,Suburban,2,0,Home Purchase,1
9861,47,72621,574,0.15,2,19,3,8,0,1,Stable,Suburban,0,1,Marriage,0
9862,37,64288,647,0.49,2,14,2,4,1,5,Stable,Urban,3,2,Marriage,0
9863,41,82749,724,0.24,1,15,9,8,0,2,Unstable,Urban,1,0,None,0
9864,28,76381,641,0.34,3,6,3,6,0,5,Unstable,Urban,0,2,Child Birth,0
9865,38,67045,533,0.56,3,10,6,1,1,4,Stable,Rural,1,1,None,0
9866,44,76284,765,0.48,5,3,9,6,0,1,Unstable,Suburban,4,0,Child Birth,1
9867,37,77509,769,0.13,3,13,3,1,1,4,Unstable,Rural,2,1,Home Purchase,1
9868,27,50063,770,0.1,5,19,9,8,0,2,Stable,Suburban,0,1,None,1
9869,50,48157,607,0.49,5,18,2,1,0,1,Unstable,Rural,0,1,Marriage,1
9870,50,98802,697,0.38,2,3,4,5,1,5,Unstable,Rural,3,1,Marriage,0
9871,42,77657,723,0.46,4,3,3,6,0,1,Stable,Suburban,3,1,Home Purchase,0
9872,56,70109,759,0.18,5,17,7,8,0,1,Unstable,Suburban,4,1,Child Birth,1
9873,38,39958,761,0.54,1,7,4,4,1,2,Stable,Urban,3,0,Child Birth,0
9874,27,20000,558,0.49,2,2,4,3,0,2,Stable,Rural,1,1,Home Purchase,0
9875,25,52683,850,0.55,1,5,1,5,1,4,Stable,Suburban,3,2,Marriage,1
9876,50,48683,579,0.27,1,9,3,8,1,1,Stable,Rural,3,2,Home Purchase,0
9877,48,52241,536,0.24,3,3,5,8,0,1,Stable,Suburban,0,1,Child Birth,0
9878,59,81321,406,0.18,1,8,5,5,0,3,Stable,Rural,3,0,Home Purchase,0
9879,38,98185,769,0.57,5,4,4,9,1,4,Unstable,Suburban,0,0,Marriage,1
9880,27,87736,844,0.19,1,3,7,2,0,3,Unstable,Rural,1,0,Child Birth,1
9881,37,44857,636,0.16,1,18,4,4,0,2,Stable,Urban,4,1,Child Birth,0
9882,38,73454,523,0.2,3,15,7,1,0,5,Stable,Rural,4,2,None,0
9883,45,47816,787,0.49,1,11,6,8,1,4,Stable,Urban,0,0,Marriage,0
9884,50,20000,570,0.54,5,5,6,2,0,1,Unstable,Rural,4,0,None,1
9885,27,58088,761,0.51,5,16,5,8,0,3,Unstable,Urban,3,2,None,0
9886,64,91518,607,0.38,1,19,8,8,1,1,Unstable,Urban,2,0,Child Birth,0
9887,28,51632,656,0.6,5,4,9,8,1,5,Stable,Rural,2,0,Child Birth,0
9888,60,80830,731,0.13,5,11,9,6,0,1,Stable,Urban,2,1,Marriage,0
9889,67,43359,732,0.53,3,12,6,8,0,3,Stable,Suburban,2,1,Home Purchase,0
9890,25,77212,710,0.31,2,5,5,4,1,4,Stable,Suburban,3,1,None,0
9891,64,53910,847,0.33,2,10,1,6,0,1,Stable,Urban,1,0,None,0
9892,57,98084,850,0.16,4,10,3,2,0,3,Stable,Suburban,1,2,Child Birth,0
9893,31,52166,850,0.12,2,19,8,7,0,2,Stable,Urban,4,2,Marriage,1
9894,35,46440,682,0.26,1,5,1,1,0,1,Unstable,Suburban,3,0,Marriage,0
9895,51,96787,710,0.19,5,5,1,9,0,1,Stable,Urban,4,1,Child Birth,0
9896,38,45579,837,0.34,2,4,8,2,0,5,Unstable,Suburban,4,2,None,0
9897,46,65320,634,0.17,3,4,7,7,0,1,Stable,Urban,1,0,Home Purchase,1
9898,40,45759,657,0.17,4,2,2,6,1,3,Stable,Urban,2,2,Home Purchase,0
9899,36,83102,702,0.54,1,3,6,2,0,5,Stable,Rural,0,1,Child Birth,1
9900,34,92421,698,0.56,2,4,9,6,0,5,Unstable,Suburban,3,1,Marriage,0
9901,48,43136,671,0.58,5,8,8,3,1,1,Stable,Rural,2,2,Home Purchase,0
9902,42,73658,606,0.44,3,9,6,1,0,4,Unstable,Urban,4,0,Home Purchase,0
9903,46,75978,785,0.49,2,8,2,9,0,2,Stable,Urban,0,2,Home Purchase,0
9904,33,63155,661,0.52,5,12,3,7,1,4,Stable,Urban,2,1,Home Purchase,0
9905,41,98139,715,0.43,2,10,3,9,0,3,Unstable,Suburban,1,1,Home Purchase,0
9906,62,97950,699,0.27,1,5,9,4,0,1,Stable,Urban,3,0,Home Purchase,0
9907,64,38683,767,0.18,4,5,9,7,0,1,Stable,Suburban,1,2,Child Birth,0
9908,37,90216,745,0.22,5,15,5,2,0,2,Stable,Suburban,4,1,Marriage,0
9909,61,72665,674,0.52,4,3,5,1,0,4,Stable,Urban,4,2,Child Birth,0
9910,30,66100,658,0.45,4,2,8,8,1,4,Stable,Rural,2,0,Home Purchase,0
9911,45,54195,688,0.33,3,15,3,7,1,4,Stable,Suburban,4,2,Marriage,1
9912,60,22942,589,0.11,5,13,9,5,0,4,Stable,Suburban,0,2,Marriage,0
9913,31,67075,619,0.23,3,12,5,4,0,5,Stable,Urban,0,2,Home Purchase,0
9914,60,67696,753,0.46,4,14,9,2,1,2,Stable,Rural,4,0,None,0
9915,49,109868,729,0.36,1,12,9,6,0,3,Unstable,Suburban,2,1,None,1
9916,35,43147,603,0.32,1,15,4,5,0,4,Unstable,Suburban,0,2,Child Birth,0
9917,68,20000,688,0.26,2,13,2,9,0,2,Unstable,Suburban,3,0,None,1
9918,38,30520,543,0.4,2,3,7,2,0,2,Unstable,Rural,2,1,Marriage,0
9919,69,99780,713,0.58,5,15,1,5,0,1,Unstable,Suburban,2,0,Child Birth,0
9920,53,48805,666,0.55,1,18,7,3,0,3,Stable,Rural,0,2,Child Birth,0
9921,34,94095,850,0.12,4,6,1,5,1,3,Stable,Suburban,4,1,None,0
9922,29,60156,758,0.34,1,15,5,5,1,3,Unstable,Urban,1,0,Home Purchase,0
9923,32,35632,604,0.26,5,12,1,5,0,5,Unstable,Urban,3,0,Child Birth,0
9924,29,110032,603,0.36,2,2,8,8,0,4,Stable,Urban,1,0,Home Purchase,1
9925,48,92944,763,0.4,2,5,1,5,1,4,Unstable,Urban,2,0,Home Purchase,0
9926,64,55512,787,0.2,3,17,6,6,1,4,Unstable,Suburban,0,1,Home Purchase,1
9927,50,84919,850,0.49,2,13,1,1,0,2,Stable,Suburban,4,2,Home Purchase,1
9928,30,63076,815,0.34,4,13,2,4,1,5,Stable,Rural,2,1,Home Purchase,0
9929,40,70939,747,0.6,5,4,4,2,1,3,Stable,Suburban,3,2,None,0
9930,60,104058,842,0.11,2,16,8,2,1,1,Unstable,Rural,2,2,None,0
9931,36,22009,707,0.19,2,8,3,1,0,3,Stable,Urban,3,1,Marriage,0
9932,35,51034,703,0.44,4,3,8,6,1,2,Stable,Urban,4,0,Home Purchase,0
9933,27,60730,578,0.45,2,2,7,3,0,4,Stable,Urban,3,0,Child Birth,0
9934,68,68362,850,0.39,4,3,6,2,0,1,Stable,Suburban,3,2,None,0
9935,61,28782,713,0.59,2,11,1,8,0,2,Stable,Urban,0,1,Home Purchase,0
9936,30,82923,690,0.31,4,11,6,5,0,1,Stable,Rural,4,0,Home Purchase,1
9937,43,31150,620,0.31,2,10,6,1,0,5,Unstable,Urban,2,2,Home Purchase,0
9938,42,28754,822,0.56,5,11,8,1,0,1,Stable,Rural,2,2,Home Purchase,0
9939,40,53730,798,0.37,3,17,6,2,0,1,Unstable,Urban,4,0,Home Purchase,1
9940,47,107387,609,0.28,3,7,2,3,0,2,Stable,Urban,1,1,Marriage,0
9941,67,123541,751,0.46,1,1,3,2,1,1,Unstable,Urban,4,1,None,1
9942,61,72213,779,0.41,3,15,2,2,0,2,Stable,Urban,4,2,Child Birth,0
9943,33,54045,575,0.25,4,7,3,5,0,4,Unstable,Urban,3,0,None,0
9944,27,63907,764,0.25,4,4,1,7,0,2,Unstable,Suburban,3,0,Marriage,1
9945,32,68372,744,0.3,3,3,7,1,0,4,Unstable,Rural,3,1,None,0
9946,62,96659,762,0.14,4,3,5,1,1,5,Stable,Rural,2,0,Home Purchase,0
9947,28,29546,850,0.57,5,10,9,2,0,3,Unstable,Suburban,0,2,Home Purchase,0
9948,36,89861,850,0.19,4,3,7,2,0,4,Stable,Suburban,1,0,Child Birth,1
9949,68,24331,823,0.2,5,5,1,1,0,5,Unstable,Urban,3,2,Home Purchase,0
9950,55,47977,726,0.42,5,19,1,9,0,4,Stable,Urban,1,0,Home Purchase,0
9951,49,59935,763,0.46,5,10,2,7,0,1,Unstable,Urban,1,2,Child Birth,0
9952,40,70278,743,0.47,2,9,7,7,0,3,Unstable,Rural,0,0,Home Purchase,0
9953,66,59909,850,0.29,1,11,7,6,1,5,Unstable,Urban,0,0,Marriage,0
9954,38,64376,713,0.54,4,1,9,6,0,5,Unstable,Suburban,2,2,None,1
9955,37,61010,658,0.37,2,13,3,6,0,1,Stable,Urban,4,0,Child Birth,0
9956,65,21981,754,0.32,1,4,3,2,1,4,Stable,Suburban,0,2,None,0
9957,31,74378,850,0.51,2,10,8,7,0,5,Unstable,Urban,3,1,Home Purchase,0
9958,36,80282,603,0.22,4,4,6,4,0,4,Unstable,Urban,4,0,Child Birth,1
9959,61,93566,632,0.53,5,8,3,2,0,4,Unstable,Rural,1,1,Marriage,1
9960,28,106176,627,0.37,2,17,8,9,0,1,Unstable,Suburban,2,2,None,0
9961,26,70270,580,0.55,1,2,3,7,0,4,Unstable,Suburban,4,0,None,1
9962,59,95287,604,0.2,1,7,6,6,0,3,Stable,Suburban,0,2,Marriage,0
9963,68,60452,794,0.57,1,3,1,5,0,1,Unstable,Rural,1,0,Home Purchase,0
9964,27,23739,721,0.44,2,11,4,3,0,1,Unstable,Urban,4,1,Home Purchase,0
9965,28,84027,570,0.41,1,18,6,1,0,2,Unstable,Rural,0,0,Marriage,1
9966,62,78488,768,0.31,3,6,5,5,1,3,Stable,Suburban,1,1,Home Purchase,1
9967,36,60015,734,0.58,1,14,4,4,1,5,Unstable,Rural,0,0,Home Purchase,1
9968,43,58442,795,0.32,1,13,1,9,0,4,Stable,Suburban,1,1,Marriage,0
9969,34,71949,639,0.35,2,2,4,6,1,4,Unstable,Rural,3,2,Child Birth,0
9970,25,51560,577,0.49,4,16,1,7,1,1,Stable,Suburban,3,2,Child Birth,1
9971,41,71056,767,0.24,2,8,4,3,0,4,Stable,Urban,2,2,Home Purchase,0
9972,40,36945,782,0.25,2,15,3,7,0,3,Stable,Rural,1,0,None,0
9973,33,39754,589,0.49,3,13,7,9,1,5,Stable,Suburban,2,0,Child Birth,0
9974,33,26985,723,0.16,4,1,6,9,1,4,Stable,Suburban,0,0,Marriage,1
9975,33,116101,638,0.51,2,2,6,9,0,1,Stable,Urban,2,0,Home Purchase,0
9976,36,61827,797,0.41,3,4,3,1,1,3,Unstable,Suburban,4,2,None,0
9977,65,90206,766,0.37,2,13,6,1,0,5,Stable,Suburban,0,2,Child Birth,0
9978,39,32580,821,0.21,3,12,3,2,0,3,Stable,Suburban,2,2,None,0
9979,26,55457,615,0.49,5,12,7,8,1,3,Stable,Suburban,4,1,Child Birth,0
9980,35,73787,631,0.5,1,1,2,8,0,3,Stable,Suburban,0,2,None,0
9981,35,96781,662,0.34,1,6,9,1,0,4,Unstable,Rural,1,1,None,0
9982,32,44937,646,0.29,2,11,2,6,0,3,Unstable,Rural,2,1,Marriage,1
9983,56,49936,736,0.22,3,16,1,3,1,4,Stable,Rural,0,0,Marriage,1
9984,30,40201,592,0.48,5,2,4,1,1,3,Stable,Rural,2,1,Child Birth,0
9985,44,56984,850,0.42,1,3,8,5,0,5,Stable,Rural,1,0,None,0
9986,63,34503,850,0.2,2,11,7,2,0,1,Stable,Rural,1,1,Home Purchase,0
9987,59,24081,810,0.5,2,9,6,6,0,4,Stable,Suburban,0,2,Home Purchase,0
9988,32,66466,750,0.54,3,7,7,4,0,1,Unstable,Urban,3,1,Child Birth,0
9989,67,76764,687,0.13,4,4,4,8,0,5,Unstable,Urban,1,0,Marriage,1
9990,58,31523,718,0.49,2,10,8,1,1,1,Unstable,Urban,0,1,Home Purchase,0
9991,43,43137,624,0.53,5,1,4,7,0,3,Unstable,Urban,3,0,Home Purchase,0
9992,31,57501,715,0.6,5,13,8,6,0,5,Stable,Suburban,1,0,Child Birth,0
9993,55,102668,733,0.22,4,4,5,9,0,4,Unstable,Suburban,4,2,Child Birth,0
9994,42,20000,617,0.29,5,13,9,4,0,5,Unstable,Rural,3,2,None,1
9995,64,71124,850,0.58,3,11,7,6,0,4,Stable,Rural,4,1,Child Birth,1
9996,38,76981,691,0.15,2,15,6,7,0,3,Unstable,Suburban,2,1,Home Purchase,0
9997,63,42196,597,0.36,3,13,2,8,0,2,Stable,Suburban,2,1,None,1
9998,60,51269,679,0.35,4,4,6,7,0,3,Unstable,Rural,4,0,None,0
9999,41,68324,639,0.4,4,6,1,7,0,3,Unstable,Urban,3,2,Home Purchase,1
10000,61,59259,615,0.27,3,2,2,6,0,1,Unstable,Rural,0,0,Child Birth,0
