unique_id,ds,temperature,holiday_flag,day_of_week,month,is_weekend,marketing_campaign,economic_indicator,interest_rate,local_event
Branch_1,2025-10-03,8.654365247599106,1,4,10,0,0,37.218922801028086,4.476510823244636,0
Branch_1,2025-10-04,4.0247925588296205,0,5,10,1,0,58.9702378764838,3.155629584045427,0
Branch_1,2025-10-05,4.972359660068662,0,6,10,1,0,42.36939470132854,3.4724630827675464,0
Branch_1,2025-10-06,6.540362383952393,0,0,10,0,0,59.551108681688234,3.3610700609314863,0
Branch_1,2025-10-07,2.1407259368010525,0,1,10,0,0,61.06186814555396,3.246865171692849,0
Branch_1,2025-10-08,1.4943428388228326,0,2,10,0,0,46.092661839481124,3.74356014505193,0
Branch_1,2025-10-09,10.032135830596834,0,3,10,0,1,57.737553368000114,4.729021058098027,0
Branch_1,2025-10-10,9.97494461104806,0,4,10,0,0,51.539353807929714,4.74677785826145,0
Branch_1,2025-10-11,7.679948699152955,0,5,10,1,0,54.59575905022932,3.4702619367768692,0
Branch_1,2025-10-12,2.7628154577137405,0,6,10,1,0,79.25562697623862,4.666347365781854,0
Branch_1,2025-10-13,4.978045956087871,0,0,10,0,1,82.77345473947868,4.23253632020721,0
Branch_1,2025-10-14,6.535299689936186,1,1,10,0,0,64.19487389056751,3.791989105025704,1
Branch_1,2025-10-15,1.1695438694032498,0,2,10,0,0,50.49667500959963,4.531674972822113,0
Branch_1,2025-10-16,6.084702697109215,0,3,10,0,0,61.9605740268586,4.807322495638218,0
Branch_1,2025-10-17,4.505865537574801,1,4,10,0,0,80.21995262859281,3.3380390004338745,0
Branch_1,2025-10-18,-1.8754498446981902,0,5,10,1,0,68.05745134834855,4.037740029089111,0
Branch_1,2025-10-19,8.658266528968507,0,6,10,1,0,71.39717846273193,4.120312938564705,0
Branch_1,2025-10-20,3.819081296977921,0,0,10,0,0,49.30693765483037,4.6608016622101065,0
Branch_1,2025-10-21,0.785032874987662,0,1,10,0,0,50.6593083034938,4.438182185306243,0
Branch_1,2025-10-22,12.29163207755406,0,2,10,0,0,61.80101652832266,4.541115455937328,0
Branch_1,2025-10-23,-0.5218953202355925,0,3,10,0,0,70.93497460763608,4.9848944055444555,0
Branch_1,2025-10-24,11.099442038506865,0,4,10,0,0,62.719833158780034,3.4136658216719282,0
Branch_1,2025-10-25,6.48832433662062,0,5,10,1,0,62.84776217169586,4.313502614649697,0
Branch_1,2025-10-26,2.6886715988152847,0,6,10,1,0,55.3957955883654,4.688974329537901,0
Branch_1,2025-10-27,-0.5746755552170173,0,0,10,0,0,58.195100413059684,4.101191739908219,0
Branch_1,2025-10-28,-2.081035913801168,0,1,10,0,1,68.91996835750241,3.103016526131791,0
Branch_1,2025-10-29,10.300076328941584,0,2,10,0,0,53.29765048874716,4.650427891750966,0
Branch_1,2025-10-30,5.818773262362187,0,3,10,0,0,59.17040525423357,3.360112913214503,0
Branch_1,2025-10-31,5.47365959056496,0,4,10,0,0,54.15025474044246,4.851224641707509,0
Branch_1,2025-11-01,-9.283097359408494,0,5,11,1,0,69.1526230198975,3.963150053738051,0
Branch_1,2025-11-02,19.15685756327941,0,6,11,1,1,53.90353282759368,3.586429610439382,0
Branch_1,2025-11-03,11.006216152897974,0,0,11,0,0,44.157508338402465,4.660942205280037,0
Branch_1,2025-11-04,8.474145571917116,1,1,11,0,0,58.9642920391166,4.368817734207548,1
Branch_1,2025-11-05,12.480811109253658,1,2,11,0,1,56.21405051380076,4.41880098093029,0
Branch_1,2025-11-06,-0.5808950494630878,0,3,11,0,0,62.773859475469045,4.765967076454138,0
Branch_1,2025-11-07,-1.4283851174207953,0,4,11,0,0,48.33700168175201,3.0347377564379023,0
Branch_1,2025-11-08,6.9086427148920615,0,5,11,1,0,60.67904167750923,3.7725456902833248,0
Branch_1,2025-11-09,13.803840010546983,0,6,11,1,0,59.462264803009504,4.388640567411659,0
Branch_1,2025-11-10,8.11877066492956,0,0,11,0,0,56.66427681575526,3.4873569330772494,0
Branch_1,2025-11-11,10.17472710465257,0,1,11,0,0,64.49904866878639,3.424142061994126,0
Branch_1,2025-11-12,6.784846858477181,0,2,11,0,0,60.82200564539028,3.7183140668841403,0
Branch_1,2025-11-13,12.495865812985059,0,3,11,0,0,66.55016707994328,4.393846409476168,0
Branch_1,2025-11-14,10.835866640488023,0,4,11,0,0,64.72372668049762,4.544278106733829,0
Branch_1,2025-11-15,3.1221158907344524,0,5,11,1,1,78.5848861870929,3.9468504788747194,1
Branch_1,2025-11-16,12.73214623172526,0,6,11,1,0,46.39516916678059,3.352312793943117,0
Branch_1,2025-11-17,7.841813421162354,0,0,11,0,1,67.48273611814523,4.381627231156202,0
Branch_1,2025-11-18,23.654696458291113,0,1,11,0,0,61.1829848680365,3.24852327546038,0
Branch_1,2025-11-19,3.175484421707547,0,2,11,0,0,63.33824607974483,3.546480627036057,0
Branch_1,2025-11-20,5.9564168605925945,0,3,11,0,1,68.01996799536661,3.7827623866254276,0
Branch_1,2025-11-21,7.062441024639922,0,4,11,0,0,57.283096096605504,4.631185267331722,0
Branch_1,2025-11-22,9.144171483689867,0,5,11,1,0,57.88354022520932,4.709721632009476,1
Branch_1,2025-11-23,9.244937936253429,0,6,11,1,0,74.79903923316239,4.28824045232737,0
Branch_1,2025-11-24,13.854375232377032,0,0,11,0,0,71.32407432136797,3.4467234688108728,0
Branch_1,2025-11-25,25.635313832765647,0,1,11,0,1,63.05578327773293,3.6792029405317974,0
Branch_1,2025-11-26,5.5691826911665,0,2,11,0,0,61.120060640585685,3.462220282070457,0
Branch_1,2025-11-27,19.051554247824217,0,3,11,0,0,65.92529210930996,4.694065256548512,0
Branch_1,2025-11-28,11.621547742515052,0,4,11,0,0,67.84400504381676,3.768823338938633,0
Branch_1,2025-11-29,17.883676605853424,0,5,11,1,0,51.79757181221572,4.203850679090921,0
Branch_1,2025-11-30,18.677991964636753,0,6,11,1,0,55.90596057430073,3.270297623758582,0
Branch_1,2025-12-01,6.494641717379084,0,0,12,0,0,44.18747196914057,3.907273573802043,0
Branch_1,2025-12-02,13.794252533415943,1,1,12,0,0,55.44755168387348,3.9581490016718712,0
Branch_1,2025-12-03,19.573319083278022,0,2,12,0,0,67.04824492604442,3.9414303522748098,0
Branch_1,2025-12-04,2.9095367693433545,0,3,12,0,0,54.17653999456813,3.712832066311163,0
Branch_1,2025-12-05,12.513452046529906,0,4,12,0,0,53.56575331231619,3.0504101619755044,0
Branch_1,2025-12-06,13.030680806454551,0,5,12,1,0,65.37078558845435,3.2332221881052243,0
Branch_1,2025-12-07,10.82577922463603,0,6,12,1,1,76.99449114700764,3.929400016831644,0
Branch_1,2025-12-08,15.81008580431544,0,0,12,0,1,67.92221393185882,4.865043672682399,0
Branch_1,2025-12-09,8.964886118942408,1,1,12,0,1,55.65329256794663,4.570128370473101,0
Branch_1,2025-12-10,13.515376869781798,0,2,12,0,0,47.38576566268081,3.740575278604896,0
Branch_1,2025-12-11,19.631065679572004,0,3,12,0,1,88.06179569637838,3.2837660174398065,0
Branch_1,2025-12-12,11.726306389834383,0,4,12,0,1,53.8990315305323,3.290504815980885,0
Branch_1,2025-12-13,15.179008880408002,0,5,12,1,0,60.44000504057267,4.877829984265743,0
Branch_1,2025-12-14,9.572213723541319,0,6,12,1,1,68.31087411570478,4.521941893198085,0
Branch_1,2025-12-15,18.438914056056312,0,0,12,0,1,53.72874325756498,3.0534550872337687,1
Branch_1,2025-12-16,13.067340335556269,0,1,12,0,0,72.94687206304171,4.257550838280408,0
Branch_1,2025-12-17,22.0155430275875,0,2,12,0,0,66.68508838044217,4.263082305269664,0
Branch_1,2025-12-18,11.494450684789042,0,3,12,0,0,63.73482937601242,4.865301830289439,0
Branch_1,2025-12-19,13.565608360084209,0,4,12,0,0,67.88143265964911,4.338467187549338,0
Branch_1,2025-12-20,20.45647599446209,0,5,12,1,0,57.34683889992109,3.98251970030693,0
Branch_1,2025-12-21,15.998084972760177,1,6,12,1,0,67.3365014564056,4.478792237203519,0
Branch_1,2025-12-22,13.685404828850581,1,0,12,0,0,53.25272237540984,4.142673337089122,0
Branch_1,2025-12-23,20.79578185718809,0,1,12,0,0,64.44339017621408,4.544811640925298,0
Branch_1,2025-12-24,25.090600533299387,0,2,12,0,1,73.67463648636247,4.167449015013894,0
Branch_1,2025-12-25,17.400281750556207,0,3,12,0,1,43.887708137353556,4.8667277835159615,0
Branch_1,2025-12-26,15.089823464648758,0,4,12,0,0,58.03835899669996,3.3523594561396006,0
Branch_1,2025-12-27,21.230809393538177,0,5,12,1,1,64.5958860235396,3.316464607400043,0
Branch_1,2025-12-28,19.743783730357936,0,6,12,1,0,51.76342084804032,4.782739957317552,1
Branch_1,2025-12-29,17.421129991094386,0,0,12,0,0,44.292634279478584,3.347835735293386,0
Branch_1,2025-12-30,13.519337927281917,0,1,12,0,0,83.24616830206901,3.263116784423942,0
Branch_1,2025-12-31,19.302180388336424,0,2,12,0,0,82.84829951270133,3.6904234405217897,0
Branch_1,2026-01-01,13.028613404122048,0,3,1,0,0,46.38087356725491,4.772747472984761,0
Branch_1,2026-01-02,16.851863403272283,0,4,1,0,1,50.86183680676133,4.88060833315785,0
Branch_1,2026-01-03,18.008236029779777,0,5,1,1,1,63.186160514195926,3.5147904402220655,0
Branch_1,2026-01-04,20.98117200864747,0,6,1,1,0,61.86350215712213,3.1917678688814357,0
Branch_1,2026-01-05,13.074395275785305,0,0,1,0,1,51.12534344511069,4.552852049094189,0
Branch_1,2026-01-06,21.569849475499154,0,1,1,0,1,46.7870941156887,4.849726174396525,0
Branch_1,2026-01-07,16.525303137690656,1,2,1,0,1,62.842847942188236,3.004207274786163,0
Branch_1,2026-01-08,12.243825563405077,0,3,1,0,0,53.20908167225204,3.611799386748017,0
Branch_1,2026-01-09,19.332396736234294,0,4,1,0,0,77.6645352240065,3.1371073821780544,0
Branch_1,2026-01-10,23.051331582457365,0,5,1,1,0,69.63396233756706,4.5072319261661615,0
Branch_1,2026-01-11,21.32003366947544,0,6,1,1,0,71.49415362576288,4.25820655224441,0
Branch_1,2026-01-12,25.815743308866395,0,0,1,0,0,79.54342812872626,3.7886403457548754,0
Branch_1,2026-01-13,30.659314930337075,0,1,1,0,1,69.877493844355,4.310095722057978,1
Branch_1,2026-01-14,27.610674996905757,0,2,1,0,0,73.04538406002966,3.08822308485576,0
Branch_1,2026-01-15,19.97409512977803,0,3,1,0,0,51.01142696428665,3.660487781903883,0
Branch_1,2026-01-16,15.785710705630356,0,4,1,0,1,62.48836152494226,3.4108975773991137,1
Branch_1,2026-01-17,20.2803553312162,0,5,1,1,0,40.43956223764301,3.4190362740995495,0
Branch_1,2026-01-18,24.85874955464475,0,6,1,1,0,57.59128266803507,4.354146639076178,1
Branch_1,2026-01-19,22.432660513208884,0,0,1,0,1,66.26791768426547,3.4128255607461124,0
Branch_1,2026-01-20,26.901116103863686,0,1,1,0,0,59.47460482551747,4.481147862912299,0
Branch_1,2026-01-21,24.154197731281176,0,2,1,0,0,50.07814318047182,3.38642749343093,1
Branch_1,2026-01-22,24.712444474466306,1,3,1,0,1,71.74418828115392,3.514763627680394,0
Branch_1,2026-01-23,18.312672577604058,0,4,1,0,0,62.16418303827896,3.135031687115987,0
Branch_1,2026-01-24,23.63037784479835,0,5,1,1,0,37.55629553497372,3.0795609531664865,0
Branch_1,2026-01-25,18.394475011699093,1,6,1,1,0,54.92491666759303,4.738312039607303,0
Branch_1,2026-01-26,21.86289187920456,0,0,1,0,0,59.10797758245081,4.717130253607435,0
Branch_1,2026-01-27,27.972527620157006,0,1,1,0,0,52.171785250973045,4.127010375988529,0
Branch_1,2026-01-28,36.96467669653374,0,2,1,0,0,41.9664615226781,4.475316208276714,0
Branch_1,2026-01-29,29.797965101614906,1,3,1,0,1,61.32696590020053,3.2871639868101505,0
Branch_1,2026-01-30,21.856230684428937,0,4,1,0,0,64.28821883209808,4.119664247261319,0
Branch_1,2026-01-31,28.65619865604059,0,5,1,1,1,76.55173722663285,4.225454426320527,0
Branch_1,2026-02-01,20.391375262734066,0,6,2,1,0,66.0590383109447,4.2059108153126985,0
Branch_1,2026-02-02,26.141000883024834,0,0,2,0,1,61.51113487676002,4.075597695413613,0
Branch_1,2026-02-03,31.01284740445158,0,1,2,0,1,53.51473189558844,3.1599244229408114,0
Branch_1,2026-02-04,30.446544081450803,0,2,2,0,1,51.70056643226032,4.317085603468068,0
Branch_1,2026-02-05,28.18593271209042,0,3,2,0,1,47.992458109358225,4.003616738214199,0
Branch_1,2026-02-06,27.95251224341118,0,4,2,0,1,75.3922191010726,4.885278934113453,0
Branch_1,2026-02-07,25.082979188120486,0,5,2,1,1,69.77202181371051,3.324778332267157,0
Branch_1,2026-02-08,25.003420745026396,0,6,2,1,0,56.67415325587969,4.354402199301058,0
Branch_1,2026-02-09,18.84286688375485,0,0,2,0,0,53.26396356916607,4.596242279077325,0
Branch_1,2026-02-10,35.044051885467624,0,1,2,0,0,65.10429729663382,3.1979807907946523,0
Branch_1,2026-02-11,25.22860840602358,1,2,2,0,0,55.828404711170116,4.101363033275041,0
Branch_1,2026-02-12,36.87378158857035,1,3,2,0,0,59.78612213885527,3.4487538613500375,1
Branch_1,2026-02-13,36.71570469021262,0,4,2,0,0,64.36648414221096,4.678825974010913,0
Branch_1,2026-02-14,31.02977807430883,0,5,2,1,0,44.717099212348074,3.2153595256609426,0
Branch_1,2026-02-15,30.84636674995115,0,6,2,1,0,36.308743847983564,4.117607003203121,0
Branch_1,2026-02-16,38.68558818858357,1,0,2,0,0,74.68465187011365,3.525315981712777,0
Branch_1,2026-02-17,27.896469155822345,0,1,2,0,1,74.18974365524184,3.222323897600514,0
Branch_1,2026-02-18,26.419299003116674,0,2,2,0,0,56.272806572691294,3.1551652622188526,0
Branch_1,2026-02-19,31.728087588657342,1,3,2,0,0,63.79763350351031,3.3955976296037687,0
Branch_1,2026-02-20,32.56853362936464,0,4,2,0,0,55.76268185556945,3.7578298280785636,0
Branch_1,2026-02-21,29.228340396379913,0,5,2,1,1,78.78165102504784,4.412421837391683,0
Branch_1,2026-02-22,31.480758699877924,0,6,2,1,1,59.80735229483539,3.2674014672193996,0
Branch_1,2026-02-23,40.86558578452463,0,0,2,0,0,56.22264771269205,3.2751162600233084,0
Branch_1,2026-02-24,27.45789390047742,0,1,2,0,0,55.71635448915568,4.120832543612791,0
Branch_1,2026-02-25,21.561452660183427,0,2,2,0,0,65.20437349684745,3.195408967935219,0
Branch_1,2026-02-26,24.326025995288575,0,3,2,0,0,76.1247677692052,3.569263077872291,0
Branch_1,2026-02-27,35.760046173921786,0,4,2,0,1,71.32787606412268,4.956629366897307,0
Branch_1,2026-02-28,25.116394386481517,0,5,2,1,0,48.16347816195439,3.8231293902353003,0
Branch_1,2026-03-01,25.528286255319887,0,6,3,1,0,62.13988591542943,3.7507285775447796,0
Branch_1,2026-03-02,39.302021039710084,0,0,3,0,0,62.80957636680443,3.894796273607432,0
Branch_1,2026-03-03,33.03829358741586,0,1,3,0,0,43.529015163828454,3.530842601815934,0
Branch_1,2026-03-04,32.00503451545057,0,2,3,0,0,66.51156159226345,4.1884394574302055,0
Branch_1,2026-03-05,36.54124922898852,0,3,3,0,0,59.26875703131466,3.7270760374436787,0
Branch_1,2026-03-06,36.93002072821655,0,4,3,0,0,52.99417495595608,4.123094111999052,1
Branch_1,2026-03-07,29.375210417524812,0,5,3,1,1,44.601534751475604,3.7529959575304974,0
Branch_1,2026-03-08,39.16970200907011,0,6,3,1,0,55.39240066819301,4.892256024841881,0
Branch_1,2026-03-09,30.516792575117428,0,0,3,0,1,50.091179223857374,3.0020227342278396,0
Branch_1,2026-03-10,44.597281313214864,0,1,3,0,0,46.52486739764378,3.904390404178259,0
Branch_1,2026-03-11,33.294552863254495,0,2,3,0,1,47.886746411091615,4.658020286965242,0
Branch_1,2026-03-12,24.26439105505957,0,3,3,0,0,53.38808921238705,4.172008040440816,0
Branch_1,2026-03-13,25.617387570351617,0,4,3,0,1,65.20460760092314,3.721541834994982,0
Branch_1,2026-03-14,38.451511174407436,0,5,3,1,0,50.62591558426889,3.222553492816599,0
Branch_1,2026-03-15,42.27912893702976,0,6,3,1,0,62.60979520890601,4.2131241903239385,0
Branch_1,2026-03-16,26.393895639141796,0,0,3,0,0,56.59347086272578,3.6003958225312656,0
Branch_1,2026-03-17,30.188632351565456,1,1,3,0,0,56.48613465977659,3.4428570435415997,0
Branch_1,2026-03-18,36.84028315686559,0,2,3,0,0,65.85662755254563,4.748253217750447,0
Branch_1,2026-03-19,30.065464438037694,0,3,3,0,0,59.48468766827529,4.872403206377938,0
Branch_1,2026-03-20,30.534636257811577,1,4,3,0,1,59.481170512061546,3.464080722612989,0
Branch_1,2026-03-21,35.273216919311764,0,5,3,1,1,48.80839625435759,4.095987137192987,0
Branch_1,2026-03-22,36.696467311735184,0,6,3,1,0,64.25002029957048,4.512327519403074,0
Branch_1,2026-03-23,34.131549137280786,0,0,3,0,1,70.23198098009432,3.5347011396891443,0
Branch_1,2026-03-24,34.56883551844549,0,1,3,0,0,61.18056761527096,4.5061985308063015,0
Branch_1,2026-03-25,27.197090201505787,0,2,3,0,0,74.28572715573492,3.4503913146807843,0
Branch_1,2026-03-26,41.351919950489965,0,3,3,0,0,55.90838283747211,3.8725583838578785,0
Branch_1,2026-03-27,39.43898201726683,0,4,3,0,0,63.94976319383213,3.0156291513618934,0
Branch_1,2026-03-28,33.65111001573091,0,5,3,1,0,74.77224789598739,3.3567256157072825,0
Branch_1,2026-03-29,34.92772250144544,0,6,3,1,0,42.62326576261562,3.363717839490065,0
Branch_1,2026-03-30,38.972272852544165,0,0,3,0,0,49.921850826169845,3.4902468536555196,0
Branch_1,2026-03-31,36.68930890683072,0,1,3,0,0,57.84662613932525,3.634496773439199,0
Branch_1,2026-04-01,29.315254336533876,0,2,4,0,0,65.17549644162422,3.3997447917255443,0
Branch_1,2026-04-02,36.53066760677572,0,3,4,0,0,56.15163078580741,3.5510855787790714,0
Branch_1,2026-04-03,31.341823854817648,0,4,4,0,1,30.16334555948412,4.332977979787561,0
Branch_1,2026-04-04,45.16225883096372,0,5,4,1,0,43.16489722361625,3.14175135266927,0
Branch_1,2026-04-05,35.109213917797504,0,6,4,1,0,71.73562987753412,4.636054500842054,0
Branch_1,2026-04-06,33.96345970363434,0,0,4,0,1,76.38615497717588,4.488341594739646,0
Branch_1,2026-04-07,26.3190565054993,0,1,4,0,0,62.63216705438565,3.095549157505097,0
Branch_1,2026-04-08,33.318308187357985,0,2,4,0,1,54.4495193119489,4.584794163834163,0
Branch_1,2026-04-09,37.05083812825906,1,3,4,0,0,55.79546628752015,4.669006350576187,0
Branch_1,2026-04-10,35.82272062691888,0,4,4,0,0,67.84154905356077,4.781034470448827,0
Branch_1,2026-04-11,32.23548960817731,0,5,4,1,0,69.84197824938293,3.113686220176298,0
Branch_1,2026-04-12,29.20822988088781,0,6,4,1,0,75.85323132898894,4.676437206016055,0
Branch_1,2026-04-13,31.713645536730176,1,0,4,0,0,54.13465469492095,4.1965371345510345,0
Branch_1,2026-04-14,31.51143408837538,0,1,4,0,0,54.86314755614471,3.914501522056045,0
Branch_1,2026-04-15,38.64627645037205,0,2,4,0,0,65.29560311118998,3.865162761247114,0
Branch_1,2026-04-16,25.6152553889008,0,3,4,0,1,52.324170010477644,4.253694689866173,0
Branch_1,2026-04-17,34.23885118953029,0,4,4,0,0,61.752959827480055,3.3784103088864406,0
Branch_1,2026-04-18,26.78986735022294,0,5,4,1,0,52.0931816975802,3.636854077520936,0
Branch_1,2026-04-19,40.32111424304615,0,6,4,1,1,62.785887292595696,4.873339059494858,0
Branch_1,2026-04-20,27.321055738889626,0,0,4,0,0,49.11639068077696,4.790399540264701,1
Branch_1,2026-04-21,36.108345067905105,0,1,4,0,0,55.61598677516944,4.523233342198315,0
Branch_1,2026-04-22,31.947584210872503,0,2,4,0,1,47.569630185881394,3.794542817903169,0
Branch_1,2026-04-23,41.89768784078811,0,3,4,0,0,61.55564434172625,3.819825281106861,0
Branch_1,2026-04-24,34.199396171943064,0,4,4,0,0,75.6434283993784,4.632243837420989,0
Branch_1,2026-04-25,31.96175534685555,0,5,4,1,0,49.83591997501664,4.949412193333634,0
Branch_1,2026-04-26,31.263467414926215,0,6,4,1,0,65.69719811264069,3.9340327530361456,0
Branch_1,2026-04-27,33.73282334694895,0,0,4,0,0,76.48765662775847,3.589717003552356,0
Branch_1,2026-04-28,27.82293349982916,0,1,4,0,0,72.81937312798279,4.1271507359461195,1
Branch_1,2026-04-29,41.349941573205356,0,2,4,0,0,49.45778235792082,4.1600651021976685,0
Branch_1,2026-04-30,32.443455762939,0,3,4,0,0,66.684855490193,4.005754140985003,0
Branch_1,2026-05-01,25.760167958848584,0,4,5,0,0,51.682931863165486,3.8189288795515837,0
Branch_1,2026-05-02,28.406811395073667,0,5,5,1,0,56.82065034460297,3.4728869764751127,0
Branch_1,2026-05-03,22.94462116564141,0,6,5,1,0,57.78833251885501,4.57330995147436,0
Branch_1,2026-05-04,34.4996652375828,0,0,5,0,0,62.832817242107055,4.723602933197548,0
Branch_1,2026-05-05,22.060529365321248,0,1,5,0,0,58.82343197590749,3.7829051815475006,0
Branch_1,2026-05-06,31.22612511414132,0,2,5,0,0,66.87301074929891,3.2826778732179966,0
Branch_1,2026-05-07,23.308626837834815,0,3,5,0,0,72.10627006057801,3.991555473815864,0
Branch_1,2026-05-08,30.03447777247816,0,4,5,0,0,37.90907703812397,3.656726345513056,0
Branch_1,2026-05-09,30.735283775597164,0,5,5,1,0,49.09304805916686,3.694508151912804,0
Branch_1,2026-05-10,30.92649408873529,0,6,5,1,0,70.69403197045493,4.659570271809411,0
Branch_1,2026-05-11,27.742555882050716,1,0,5,0,0,76.79969726156929,4.567054938361005,0
Branch_1,2026-05-12,33.4511295699339,0,1,5,0,0,70.41040116910445,3.1739457703908456,0
Branch_1,2026-05-13,31.95510463666796,0,2,5,0,1,74.87019861878363,4.136095439711939,0
Branch_1,2026-05-14,30.601624880066,0,3,5,0,0,58.459635057081314,3.3312986246406564,0
Branch_1,2026-05-15,37.86791129330632,0,4,5,0,0,58.59582834548606,3.3742583052352098,0
Branch_1,2026-05-16,33.283277240236494,0,5,5,1,1,55.255151733720275,4.215938245848749,0
Branch_1,2026-05-17,40.40113342541614,0,6,5,1,0,72.14240853215475,4.938793362397807,0
Branch_1,2026-05-18,38.67449525951617,0,0,5,0,0,65.2054167838801,3.6819465607981794,0
Branch_1,2026-05-19,32.698990766773186,0,1,5,0,0,39.34419506912474,4.0788024683505135,0
Branch_1,2026-05-20,21.550070919201996,0,2,5,0,0,36.917719398355985,3.5568640480776743,0
Branch_1,2026-05-21,26.140742435300687,0,3,5,0,0,60.51533697382228,4.281268564758198,0
Branch_1,2026-05-22,38.56414182578744,0,4,5,0,0,60.96940964752146,4.19021321871295,0
Branch_1,2026-05-23,29.0273136261833,0,5,5,1,0,67.32679837194267,4.123179434513329,0
Branch_1,2026-05-24,32.82455810321084,0,6,5,1,0,47.29395657487423,4.1407455885625595,0
Branch_1,2026-05-25,29.136661835854046,1,0,5,0,0,69.74533235738018,3.738287665064351,0
Branch_1,2026-05-26,28.978386770822684,0,1,5,0,0,66.67703299443646,4.483720991794927,0
Branch_1,2026-05-27,19.673796453979126,1,2,5,0,0,53.61402107914516,3.3408789608192135,0
Branch_1,2026-05-28,33.70828683402029,0,3,5,0,0,60.99022698155769,3.3352808513370866,0
Branch_1,2026-05-29,25.072769367936242,0,4,5,0,0,62.92480583073667,4.0657985813388775,0
Branch_1,2026-05-30,28.445620344849303,0,5,5,1,0,74.65208925141017,3.0794327245238167,0
Branch_1,2026-05-31,30.12764377603384,0,6,5,1,0,57.1761739339297,4.317368426140606,0
Branch_1,2026-06-01,29.113231201374912,0,0,6,0,1,74.02755233149341,3.654346869984507,0
Branch_1,2026-06-02,26.154297877502486,0,1,6,0,0,68.70861414899153,3.552292428759892,0
Branch_1,2026-06-03,21.015477714448856,0,2,6,0,1,48.680889445372486,3.9964668589491943,0
Branch_1,2026-06-04,32.70649306477308,0,3,6,0,0,58.16029864080999,4.539047512123619,0
Branch_1,2026-06-05,11.966583024384429,0,4,6,0,0,65.90710580518318,4.391856833192317,0
Branch_1,2026-06-06,23.994540036551008,0,5,6,1,0,56.71367376906755,4.576718982581252,0
Branch_1,2026-06-07,19.543121203042084,0,6,6,1,0,55.751790859151335,4.612246221802978,1
Branch_1,2026-06-08,24.047402746749448,0,0,6,0,0,53.256364860517266,3.6253162594077093,0
Branch_1,2026-06-09,26.705349472639657,1,1,6,0,0,64.3728600276237,4.876487126256273,0
Branch_10,2025-10-03,2.31282182699112,0,4,10,0,0,54.299640929296935,4.075989569063351,0
Branch_10,2025-10-04,0.29142907750642966,0,5,10,1,0,59.66605518090053,3.9154948096218414,0
Branch_10,2025-10-05,0.6199011992937358,0,6,10,1,1,62.314422549102055,3.039776809024886,0
Branch_10,2025-10-06,8.927831553266191,0,0,10,0,1,60.62892827584912,3.1513063042777576,1
Branch_10,2025-10-07,14.428867193870058,0,1,10,0,0,75.85110485623824,3.423684279960526,0
Branch_10,2025-10-08,4.98590188068416,0,2,10,0,0,51.787319908838015,4.911846353820988,0
Branch_10,2025-10-09,4.564322705891586,0,3,10,0,0,68.17563832167689,3.586269633288875,0
Branch_10,2025-10-10,7.315003670416946,1,4,10,0,0,58.93812926827146,4.651183179576931,0
Branch_10,2025-10-11,5.998355926374696,0,5,10,1,0,78.89572204979524,4.690912261202187,0
Branch_10,2025-10-12,9.326732378808874,0,6,10,1,0,60.40389790685476,3.7198255654887014,0
Branch_10,2025-10-13,7.012479186360842,0,0,10,0,0,70.69493546844265,3.141748852637903,0
Branch_10,2025-10-14,5.976410339125419,0,1,10,0,0,42.78204735073347,3.1801511866129273,0
Branch_10,2025-10-15,0.7482178149351668,0,2,10,0,0,60.632882411235926,3.9287906306583094,0
Branch_10,2025-10-16,8.383698092441364,0,3,10,0,0,65.89763922500644,4.891150869860839,0
Branch_10,2025-10-17,-3.217811011225802,0,4,10,0,1,63.238944454211534,3.9509747339672705,0
Branch_10,2025-10-18,4.693611877035211,0,5,10,1,0,56.25438068779812,4.604368583954646,0
Branch_10,2025-10-19,-2.873672448171341,0,6,10,1,0,43.19555857103077,3.3687388055227885,0
Branch_10,2025-10-20,12.767624597713525,1,0,10,0,0,54.74217476517021,4.4123550164560665,0
Branch_10,2025-10-21,2.6283835940893683,0,1,10,0,0,63.232992297884444,3.2090286399187646,1
Branch_10,2025-10-22,2.439722392478805,0,2,10,0,1,49.10539957094239,4.333110071920721,0
Branch_10,2025-10-23,6.320689289286968,0,3,10,0,0,76.95018777330321,4.67625974523886,0
Branch_10,2025-10-24,15.276428370859245,0,4,10,0,0,61.54419178153271,3.0957248830451185,0
Branch_10,2025-10-25,-4.203699299926628,0,5,10,1,1,68.69022216411167,4.576304574508752,0
Branch_10,2025-10-26,6.899830845626978,0,6,10,1,0,49.78594488935355,3.0652106639005936,0
Branch_10,2025-10-27,10.930838638013796,0,0,10,0,1,72.1398660913929,3.238427110901733,0
Branch_10,2025-10-28,8.238691460745155,0,1,10,0,0,63.980680542021545,3.747824387710286,0
Branch_10,2025-10-29,6.413171253730681,0,2,10,0,0,44.83201438101497,4.240192276536068,0
Branch_10,2025-10-30,16.37980705295622,0,3,10,0,0,66.36681297328458,3.3541183354297646,1
Branch_10,2025-10-31,9.449993502638407,0,4,10,0,0,48.04826136967934,3.118899573321505,0
Branch_10,2025-11-01,1.0787533024387557,1,5,11,1,0,54.908908317705425,4.536194729168513,0
Branch_10,2025-11-02,7.007708471331046,0,6,11,1,0,76.19648549522391,3.9248779522010415,0
Branch_10,2025-11-03,2.303571286343253,0,0,11,0,1,65.31525889501974,3.2018641107417665,0
Branch_10,2025-11-04,10.080158210596693,0,1,11,0,0,52.13049001932318,4.200883375830191,0
Branch_10,2025-11-05,6.397765209317527,0,2,11,0,0,45.69845302777765,3.29278836790573,0
Branch_10,2025-11-06,12.5241116838066,0,3,11,0,1,52.88798142435667,4.479663283529514,0
Branch_10,2025-11-07,9.94985375948874,1,4,11,0,0,50.18399808839323,3.8646042175620905,0
Branch_10,2025-11-08,9.05692478145638,0,5,11,1,1,72.98022504765292,3.3545680194655114,0
Branch_10,2025-11-09,14.420145554398507,0,6,11,1,0,57.23663986043924,3.168693551148631,0
Branch_10,2025-11-10,6.294714942751099,0,0,11,0,0,55.78074368911103,3.8809008852142366,0
Branch_10,2025-11-11,17.23109521070792,0,1,11,0,0,56.39428864746975,4.205192549283417,0
Branch_10,2025-11-12,9.61921112163116,1,2,11,0,0,70.35768265436785,3.24692680726451,0
Branch_10,2025-11-13,23.846367874933318,0,3,11,0,0,55.52744291334807,4.718537891806215,0
Branch_10,2025-11-14,3.460840075048104,0,4,11,0,0,46.00372982410153,3.37580862043622,0
Branch_10,2025-11-15,22.890968209958043,0,5,11,1,1,73.22163388608465,3.5266190503776724,0
Branch_10,2025-11-16,10.875605557356586,0,6,11,1,1,51.1798445024622,4.480433785088021,0
Branch_10,2025-11-17,5.642366013895323,0,0,11,0,0,44.989925017034814,4.0568531375146,1
Branch_10,2025-11-18,3.186707006892304,0,1,11,0,1,60.48744732946726,4.052574129280469,0
Branch_10,2025-11-19,17.67529272070284,0,2,11,0,0,69.32811868790233,4.2960722306294645,0
Branch_10,2025-11-20,10.741527077397928,0,3,11,0,0,57.57059924402799,4.618493759824391,0
Branch_10,2025-11-21,20.89196403179926,0,4,11,0,1,58.139201245925335,3.4883253063401756,0
Branch_10,2025-11-22,6.841736553615256,0,5,11,1,0,58.12304025193009,4.264483809607079,0
Branch_10,2025-11-23,9.697524142993402,0,6,11,1,0,64.64269715033801,4.572427909691861,0
Branch_10,2025-11-24,14.019378486253947,0,0,11,0,0,64.95192120285559,4.295026056623591,0
Branch_10,2025-11-25,14.314873550472848,0,1,11,0,0,67.23057128460354,3.984423080313232,0
Branch_10,2025-11-26,8.23735713472498,0,2,11,0,0,59.01143194852606,4.286681488008425,0
Branch_10,2025-11-27,9.714877211699879,0,3,11,0,0,66.39420137403198,4.053506911606638,0
Branch_10,2025-11-28,13.77634315938169,0,4,11,0,1,58.77663118081644,3.748336006519006,0
Branch_10,2025-11-29,6.944120275651456,0,5,11,1,0,54.683818034885206,4.737200319401741,0
Branch_10,2025-11-30,22.190776224674874,0,6,11,1,0,65.87308614696902,4.180622185657517,1
Branch_10,2025-12-01,3.7070573803645637,0,0,12,0,1,57.44617582520243,4.2452970526017895,1
Branch_10,2025-12-02,1.3954828730374569,0,1,12,0,0,60.56814399622798,4.845545651978231,0
Branch_10,2025-12-03,11.827319145998725,0,2,12,0,0,55.00800999616516,3.068708470836615,0
Branch_10,2025-12-04,9.712774044616644,0,3,12,0,1,40.22049610906333,4.740301663077975,0
Branch_10,2025-12-05,5.905065441197401,0,4,12,0,1,76.92751998278904,4.019407233846856,0
Branch_10,2025-12-06,20.658595252267776,0,5,12,1,0,48.90704304820364,4.184914623978056,0
Branch_10,2025-12-07,1.2346310271966487,1,6,12,1,0,47.74449439274503,3.320533307734922,0
Branch_10,2025-12-08,16.289634756671674,0,0,12,0,0,53.8015760179864,4.191939444215286,0
Branch_10,2025-12-09,14.193500901104466,0,1,12,0,1,47.087456372991625,3.3714161564368195,0
Branch_10,2025-12-10,12.72805967937985,0,2,12,0,0,48.53397675683788,3.8781664718769733,0
Branch_10,2025-12-11,15.131458731186768,0,3,12,0,0,57.152564384694834,3.664824855438301,0
Branch_10,2025-12-12,16.681143688881487,0,4,12,0,1,70.18169826325037,4.479405886903038,0
Branch_10,2025-12-13,9.626332107277015,0,5,12,1,1,67.56765283477141,3.483769202115989,1
Branch_10,2025-12-14,12.970774154742989,0,6,12,1,0,74.62960366913565,4.926418948189946,0
Branch_10,2025-12-15,18.332461734973396,0,0,12,0,0,57.86090774115338,3.3434313307654655,0
Branch_10,2025-12-16,21.47222444675853,0,1,12,0,0,47.47747801364437,4.5443796937193595,1
Branch_10,2025-12-17,16.601032249205456,0,2,12,0,1,40.97931671892166,4.0268667106661145,0
Branch_10,2025-12-18,22.8241394604934,0,3,12,0,0,71.99805362673743,4.849701794977569,0
Branch_10,2025-12-19,21.903040060489683,0,4,12,0,0,61.06239507316318,3.011141857282558,0
Branch_10,2025-12-20,16.597315540529472,0,5,12,1,0,30.15759613614193,4.809872842502793,0
Branch_10,2025-12-21,12.276091632767077,1,6,12,1,1,59.906111974595234,4.826052992472885,0
Branch_10,2025-12-22,19.956618404917197,0,0,12,0,1,65.79459771197864,3.90609054803946,0
Branch_10,2025-12-23,18.593742914190056,1,1,12,0,0,55.31239503049394,3.358516748007805,0
Branch_10,2025-12-24,26.064931654226775,0,2,12,0,1,50.38099373361307,3.7477637838481437,0
Branch_10,2025-12-25,12.570067360010423,1,3,12,0,0,58.48684128500546,3.05713934547476,0
Branch_10,2025-12-26,19.336588220971837,0,4,12,0,0,48.16573986547241,4.269882644144555,0
Branch_10,2025-12-27,19.308637722167234,0,5,12,1,1,54.3429996288224,3.650529136481575,0
Branch_10,2025-12-28,18.29738424273338,0,6,12,1,1,48.94572965453573,4.355998646595458,0
Branch_10,2025-12-29,33.77344550437278,0,0,12,0,0,55.87937923085603,4.744821549426299,0
Branch_10,2025-12-30,22.038791547987216,0,1,12,0,0,64.34163936351888,4.563214851088791,0
Branch_10,2025-12-31,16.519285860276256,0,2,12,0,1,59.13895455604469,4.505603573985554,0
Branch_10,2026-01-01,16.8281167969358,0,3,1,0,1,57.42749702755485,3.472619128588359,0
Branch_10,2026-01-02,17.566105084510223,0,4,1,0,0,66.49369359419521,4.728867690969646,0
Branch_10,2026-01-03,18.645869108150315,0,5,1,1,0,65.73157572914903,3.267595471119403,0
Branch_10,2026-01-04,17.36551240424027,0,6,1,1,1,79.19954411814872,3.1552145081352387,0
Branch_10,2026-01-05,22.917656950560705,0,0,1,0,0,61.22112479376983,4.5622252243656085,0
Branch_10,2026-01-06,21.00149680496382,0,1,1,0,1,67.17858036989928,3.3552190228910437,0
Branch_10,2026-01-07,26.442693408264244,0,2,1,0,0,72.04891588526155,3.456871554602548,0
Branch_10,2026-01-08,23.125286996626834,0,3,1,0,1,52.38215806969065,3.2982305521353705,0
Branch_10,2026-01-09,17.898746571384667,0,4,1,0,0,66.90588812839351,3.750869021426655,0
Branch_10,2026-01-10,17.638527840567146,0,5,1,1,0,64.75332027034537,4.496129042017889,0
Branch_10,2026-01-11,32.60464408324205,1,6,1,1,0,68.72267928280532,4.967776134380606,0
Branch_10,2026-01-12,29.211982028477752,0,0,1,0,0,52.399743573621855,4.877395537999268,0
Branch_10,2026-01-13,21.40100647936135,0,1,1,0,0,74.54052105477925,4.081018747907594,0
Branch_10,2026-01-14,19.201922465317168,0,2,1,0,0,63.163322582166884,4.631315120190829,0
Branch_10,2026-01-15,17.402703644508,0,3,1,0,0,73.60161473369736,4.347026931949726,0
Branch_10,2026-01-16,28.742898189446908,0,4,1,0,1,55.31379235318921,4.805665477319545,0
Branch_10,2026-01-17,24.361965863321217,0,5,1,1,0,66.71060722399855,4.50389758190167,0
Branch_10,2026-01-18,34.68488738743221,0,6,1,1,0,69.89450472169142,4.497270618350756,0
Branch_10,2026-01-19,9.255886614453333,0,0,1,0,0,87.64766519717678,4.7255117995245675,0
Branch_10,2026-01-20,22.899202109253324,0,1,1,0,0,50.24299064738028,3.9796773153274865,1
Branch_10,2026-01-21,25.13552154145365,0,2,1,0,1,62.68888043860481,3.1845058198207665,1
Branch_10,2026-01-22,22.227644801917684,0,3,1,0,0,56.03664174652157,3.5573937448954567,0
Branch_10,2026-01-23,24.13913774866947,0,4,1,0,0,51.016541210791466,3.678086116711029,0
Branch_10,2026-01-24,22.575736522372843,0,5,1,1,0,68.38904084319967,3.9427168606511174,0
Branch_10,2026-01-25,24.537391313285482,0,6,1,1,0,57.36935016524463,4.4708239855440235,0
Branch_10,2026-01-26,28.996007867559804,0,0,1,0,0,60.48993266586944,4.634550244288282,0
Branch_10,2026-01-27,23.20114057360865,0,1,1,0,0,49.95476530696712,4.806428807324383,0
Branch_10,2026-01-28,18.793784040326436,0,2,1,0,0,68.78390538957512,4.162858525698558,0
Branch_10,2026-01-29,22.66988325729085,0,3,1,0,0,59.73443978315959,3.3427524174705736,0
Branch_10,2026-01-30,29.539972146018776,0,4,1,0,0,69.12668104293402,4.100833591993432,1
Branch_10,2026-01-31,22.229708702673896,0,5,1,1,1,49.64001036047128,3.74441817593749,0
Branch_10,2026-02-01,27.985979440597767,0,6,2,1,1,69.47219830759748,3.5226601099207686,0
Branch_10,2026-02-02,29.62184962145444,0,0,2,0,0,74.32297234312146,4.146960216429305,0
Branch_10,2026-02-03,34.55721468741831,0,1,2,0,0,55.08764734307602,4.297782093807032,0
Branch_10,2026-02-04,27.770387977093915,0,2,2,0,0,48.922114827104075,4.40912348542485,0
Branch_10,2026-02-05,30.34011419489979,0,3,2,0,1,60.214095039338574,3.965858768881157,0
Branch_10,2026-02-06,34.65846623531343,0,4,2,0,1,65.72277717288175,4.0437272061215666,0
Branch_10,2026-02-07,24.284170028313014,0,5,2,1,0,77.59306448703427,3.7915403324764183,0
Branch_10,2026-02-08,31.41007123556936,0,6,2,1,0,74.70327149009694,4.315964834765264,0
Branch_10,2026-02-09,27.768888259453522,1,0,2,0,0,57.88606494900032,4.915866928226807,0
Branch_10,2026-02-10,22.99883396848231,0,1,2,0,0,67.84643918241395,4.338578447453683,0
Branch_10,2026-02-11,27.476557071376803,0,2,2,0,0,75.39325245489462,4.787053073261399,0
Branch_10,2026-02-12,31.306230750194032,0,3,2,0,0,73.85033001676027,4.45438562541266,0
Branch_10,2026-02-13,29.82166530749749,0,4,2,0,0,76.1693091329277,3.4717963079732606,0
Branch_10,2026-02-14,36.69456237698794,0,5,2,1,0,101.68117677955094,4.882115850775844,0
Branch_10,2026-02-15,37.53147077405181,0,6,2,1,0,48.82386231014864,3.8646247152012894,0
Branch_10,2026-02-16,21.595908554851256,0,0,2,0,0,59.63972028414492,3.268035800425995,0
Branch_10,2026-02-17,31.22293769292492,0,1,2,0,1,63.16637242552859,4.339009069263821,0
Branch_10,2026-02-18,36.942413801396256,1,2,2,0,1,61.23857761771213,4.625062039150532,1
Branch_10,2026-02-19,30.27637928051019,0,3,2,0,0,69.02711674564526,4.738227125295702,0
Branch_10,2026-02-20,20.378221036057454,0,4,2,0,0,63.04822757717212,4.590092530577871,0
Branch_10,2026-02-21,29.525673184136785,0,5,2,1,1,58.792650001813364,4.84931174853113,0
Branch_10,2026-02-22,26.18232277323559,0,6,2,1,0,50.39515447755744,4.603338391670832,0
Branch_10,2026-02-23,29.370745926939193,0,0,2,0,1,62.96419712534209,3.451939183535514,0
Branch_10,2026-02-24,28.246163848293694,0,1,2,0,0,46.56661089079652,3.8456368519701556,1
Branch_10,2026-02-25,22.764426388454783,0,2,2,0,1,87.01055489370538,4.575044509336399,0
Branch_10,2026-02-26,20.131068047295848,0,3,2,0,0,68.31506187007926,3.001935887475493,0
Branch_10,2026-02-27,35.27825288061807,1,4,2,0,0,43.78791778836235,4.223396558177521,0
Branch_10,2026-02-28,29.86984795229677,0,5,2,1,1,77.51782713719938,3.802468914110217,0
Branch_10,2026-03-01,38.89100953032615,0,6,3,1,0,55.406552541823686,4.741683673364614,0
Branch_10,2026-03-02,20.488846866677275,0,0,3,0,0,81.00965671552106,3.175190840508529,0
Branch_10,2026-03-03,37.52983894129963,0,1,3,0,0,69.2847582704496,3.0838727982895655,0
Branch_10,2026-03-04,36.56475008759433,0,2,3,0,0,98.34381020910703,4.182821152292012,0
Branch_10,2026-03-05,32.82779705933561,0,3,3,0,0,70.37047853315184,3.9344717080697675,0
Branch_10,2026-03-06,31.51670317191285,0,4,3,0,1,46.76113752669007,4.791242865383185,0
Branch_10,2026-03-07,27.235506173007018,0,5,3,1,0,50.190025025191645,3.411953795857262,1
Branch_10,2026-03-08,26.610744769147928,0,6,3,1,0,72.81293442739597,4.784116984220903,0
Branch_10,2026-03-09,34.135815016374096,0,0,3,0,0,62.03537846831845,4.382512982000364,0
Branch_10,2026-03-10,49.31116411906621,0,1,3,0,0,66.38543058751098,3.730451104299439,0
Branch_10,2026-03-11,29.57777015558198,0,2,3,0,0,45.8052740877021,4.657519305426559,0
Branch_10,2026-03-12,43.48823981494505,0,3,3,0,0,67.67015909481447,4.537388957789738,0
Branch_10,2026-03-13,32.559524936014796,0,4,3,0,0,56.354284053254155,4.338651738327338,0
Branch_10,2026-03-14,25.79699772515389,1,5,3,1,0,38.85705176556761,4.507778358023572,0
Branch_10,2026-03-15,29.092845822142728,0,6,3,1,1,38.050817731153536,4.198748272929183,0
Branch_10,2026-03-16,30.289253974223797,0,0,3,0,0,58.40237437659707,4.921986275823144,0
Branch_10,2026-03-17,29.850895875505053,0,1,3,0,0,61.680694015633215,4.035210258628382,0
Branch_10,2026-03-18,35.11555762654306,0,2,3,0,0,66.33534494962743,3.2294791040156854,0
Branch_10,2026-03-19,23.940969176454463,0,3,3,0,0,53.55892545554756,3.466631541956189,0
Branch_10,2026-03-20,36.42479171147107,0,4,3,0,0,68.31544602132192,4.815951297393993,0
Branch_10,2026-03-21,27.00948285079817,0,5,3,1,0,44.61759241825911,3.4155086494586335,0
Branch_10,2026-03-22,27.453148686639633,0,6,3,1,0,53.946530571049095,4.68557903893864,0
Branch_10,2026-03-23,32.794631873705086,0,0,3,0,0,58.91140290146671,3.38344741591216,0
Branch_10,2026-03-24,29.397995008000215,0,1,3,0,1,75.42485096493596,4.042088168023048,0
Branch_10,2026-03-25,26.956792293984655,0,2,3,0,0,56.197661820047024,3.3894443226590445,0
Branch_10,2026-03-26,33.101079756940486,0,3,3,0,0,47.464559144014906,4.317801203438205,0
Branch_10,2026-03-27,38.30886253838166,0,4,3,0,0,72.45817950558016,4.6345201072292985,0
Branch_10,2026-03-28,40.140181730066864,0,5,3,1,0,65.61535892950602,4.648826777660943,0
Branch_10,2026-03-29,35.499876712754684,1,6,3,1,0,72.66007486248803,4.581794061394394,0
Branch_10,2026-03-30,37.110424094279104,0,0,3,0,1,68.97966600588529,3.057064375960172,0
Branch_10,2026-03-31,37.78181235818612,0,1,3,0,1,46.172848457718786,4.177691896834264,0
Branch_10,2026-04-01,33.45926583644166,0,2,4,0,0,66.84863926160301,3.6774123119424758,0
Branch_10,2026-04-02,38.354408190975356,0,3,4,0,0,62.16422143538988,4.9494725776616,0
Branch_10,2026-04-03,32.58141399725022,0,4,4,0,0,76.36943631682286,3.982097033031361,0
Branch_10,2026-04-04,32.31221111926115,1,5,4,1,0,70.10988282551025,4.470968527478831,0
Branch_10,2026-04-05,33.563292962181755,0,6,4,1,0,49.375454773638175,4.3778426840336495,0
Branch_10,2026-04-06,42.15362792035667,0,0,4,0,0,64.22385822777095,4.512110151636375,0
Branch_10,2026-04-07,28.825833683582964,0,1,4,0,1,66.45096313450367,3.524055270346141,0
Branch_10,2026-04-08,33.80379415647911,0,2,4,0,0,56.360198425324825,4.034198976405247,0
Branch_10,2026-04-09,30.729811506059914,1,3,4,0,1,60.10161884378469,3.4508521637609135,0
Branch_10,2026-04-10,32.260059678863996,0,4,4,0,0,77.67838179742013,4.470696801066336,0
Branch_10,2026-04-11,32.399169541721925,0,5,4,1,1,55.630857283222404,3.406382735807839,1
Branch_10,2026-04-12,30.256956566268276,0,6,4,1,0,60.872600265222175,3.818807529801491,0
Branch_10,2026-04-13,39.720066326796776,0,0,4,0,0,58.92198378714995,3.6937418929597476,0
Branch_10,2026-04-14,27.376014414244302,0,1,4,0,0,46.9492702543768,3.038977502953476,0
Branch_10,2026-04-15,40.00373576942433,0,2,4,0,0,74.76926218015996,4.2851667238786595,0
Branch_10,2026-04-16,40.956149284950214,0,3,4,0,0,67.12521288707453,4.3897748049347385,0
Branch_10,2026-04-17,39.390550239139316,0,4,4,0,0,57.82072476110289,4.6898433822112295,0
Branch_10,2026-04-18,34.32303273583333,0,5,4,1,0,73.21681228131979,3.5028355136915224,0
Branch_10,2026-04-19,36.391321768647764,0,6,4,1,0,52.675105871613255,3.7884454534614402,0
Branch_10,2026-04-20,38.990462373696516,0,0,4,0,0,75.79072958608154,4.892656716971633,0
Branch_10,2026-04-21,25.487522979805718,0,1,4,0,1,77.28050467947911,3.398413811465473,0
Branch_10,2026-04-22,31.557155192283645,1,2,4,0,0,63.58778059322382,4.548295411379823,0
Branch_10,2026-04-23,37.36360043524506,1,3,4,0,0,57.34417881174307,3.068673379707814,0
Branch_10,2026-04-24,34.07064661091771,0,4,4,0,0,55.73138196822683,4.05945349021999,0
Branch_10,2026-04-25,25.4286987507131,0,5,4,1,0,80.4952895169064,4.046672000812324,0
Branch_10,2026-04-26,26.63362706751416,0,6,4,1,1,53.142083902853614,4.488151037506372,0
Branch_10,2026-04-27,28.88593790075735,0,0,4,0,0,68.90213500110853,3.2341575835755254,0
Branch_10,2026-04-28,36.4574620631476,0,1,4,0,0,57.625409768792956,4.5886823829974315,0
Branch_10,2026-04-29,28.22925953597914,0,2,4,0,0,68.50634847156587,4.7890224606297584,0
Branch_10,2026-04-30,36.07319089568095,0,3,4,0,0,49.06055443503372,4.965026571416471,0
Branch_10,2026-05-01,33.71024107061496,0,4,5,0,0,68.57355923898552,4.008104033692574,0
Branch_10,2026-05-02,31.521206892154837,0,5,5,1,0,74.73315907626301,3.952774372895119,0
Branch_10,2026-05-03,36.50818026037458,0,6,5,1,1,49.44555334064925,3.376716106833439,0
Branch_10,2026-05-04,23.950570223606473,0,0,5,0,0,59.729166172695116,4.76692702066993,0
Branch_10,2026-05-05,36.55998745382689,0,1,5,0,0,53.810634874797195,3.347796402814788,0
Branch_10,2026-05-06,31.797317560835786,1,2,5,0,1,69.47561928583362,4.463488354504001,0
Branch_10,2026-05-07,29.827480238838437,0,3,5,0,0,59.805882774178784,4.405925608081037,1
Branch_10,2026-05-08,44.446537482303796,0,4,5,0,1,63.889530034949,4.480417477205529,0
Branch_10,2026-05-09,34.7043118460735,0,5,5,1,1,60.68389092136668,3.0379338297607665,0
Branch_10,2026-05-10,24.099708303729503,0,6,5,1,0,52.70719692287319,4.080670971694206,0
Branch_10,2026-05-11,28.130993820216972,0,0,5,0,0,60.9493180792235,3.2011835585029713,0
Branch_10,2026-05-12,33.50642781436764,0,1,5,0,0,50.11213972215661,4.460420893811911,0
Branch_10,2026-05-13,27.83778459658166,0,2,5,0,0,69.80018399707588,3.378767535029136,0
Branch_10,2026-05-14,31.879097443588638,0,3,5,0,0,65.26910885499115,4.412649057943293,0
Branch_10,2026-05-15,33.12449822438321,0,4,5,0,0,58.47943423094673,4.611878851909799,0
Branch_10,2026-05-16,33.47519173100475,0,5,5,1,0,60.50230793159449,4.187497645547722,0
Branch_10,2026-05-17,34.67484498307515,0,6,5,1,0,48.155425396567146,4.530879325353153,0
Branch_10,2026-05-18,26.567489944255627,0,0,5,0,0,61.30404165805034,3.8572433031839894,0
Branch_10,2026-05-19,33.42093577191435,0,1,5,0,0,67.37341361762665,4.850880788385483,0
Branch_10,2026-05-20,28.045614472489753,0,2,5,0,0,55.63699924598062,3.5071560966792337,0
Branch_10,2026-05-21,36.79132370906297,0,3,5,0,0,51.71687200227614,3.4839630479850037,0
Branch_10,2026-05-22,25.75855924124408,0,4,5,0,0,73.09120577709213,3.236655688692473,0
Branch_10,2026-05-23,20.522190271342236,0,5,5,1,1,29.706560220768612,3.252369024429692,0
Branch_10,2026-05-24,33.5312500625243,0,6,5,1,0,72.27077487249929,3.2634418872119757,0
Branch_10,2026-05-25,26.78821357284123,0,0,5,0,0,43.05021318937062,3.6099812577238657,0
Branch_10,2026-05-26,26.55378850138859,0,1,5,0,1,65.3942950779719,4.423516103803855,0
Branch_10,2026-05-27,21.829765820748882,1,2,5,0,0,54.69784613515408,4.827650051445036,0
Branch_10,2026-05-28,32.165183010416946,0,3,5,0,0,46.9544942126716,3.2177397469829954,0
Branch_10,2026-05-29,23.28280531978821,0,4,5,0,0,66.45361389590117,3.8315831441216774,0
Branch_10,2026-05-30,29.575334097265202,0,5,5,1,0,72.82010887852563,3.217300606563777,0
Branch_10,2026-05-31,29.12873071264974,0,6,5,1,0,55.68199239491972,3.005674595482326,1
Branch_10,2026-06-01,30.835568024739793,0,0,6,0,0,60.90412894922256,3.3704945836685356,0
Branch_10,2026-06-02,22.20116806945215,0,1,6,0,0,67.69155092665248,4.059359910395317,0
Branch_10,2026-06-03,23.493918948523934,0,2,6,0,0,71.49911126321551,3.6359011402848322,0
Branch_10,2026-06-04,27.529303622484882,0,3,6,0,0,68.7422785347675,4.528702030910205,0
Branch_10,2026-06-05,18.767289544395297,0,4,6,0,0,74.75036623740837,4.890665827041275,0
Branch_10,2026-06-06,31.002852845959175,0,5,6,1,0,53.363741215012425,3.404657656541506,0
Branch_10,2026-06-07,34.053644477901884,0,6,6,1,0,65.86945331453191,3.1555345694272137,0
Branch_10,2026-06-08,24.36307014556316,0,0,6,0,0,56.7251223165113,3.2700642379134557,0
Branch_10,2026-06-09,31.863830751344466,0,1,6,0,0,70.78672032282543,4.8341597879543095,0
Branch_2,2025-10-03,8.317575510509574,0,4,10,0,0,62.20405634143043,3.32154534829033,0
Branch_2,2025-10-04,20.408863953770364,0,5,10,1,0,63.047668232345835,4.685635242995185,0
Branch_2,2025-10-05,3.6796033548324267,0,6,10,1,1,44.12770924211384,4.4458860169083945,0
Branch_2,2025-10-06,11.010657379815115,0,0,10,0,0,56.05552433496131,4.096582106308389,0
Branch_2,2025-10-07,-2.414946713346559,0,1,10,0,0,74.14634796283688,3.6948090288744586,1
Branch_2,2025-10-08,4.863044256128767,0,2,10,0,1,57.50593668035522,3.3554855746283305,0
Branch_2,2025-10-09,8.337472174741213,0,3,10,0,0,56.345574649782094,3.7098771602081935,0
Branch_2,2025-10-10,1.0175343264240997,0,4,10,0,0,70.31942534472174,4.334867320669224,0
Branch_2,2025-10-11,11.265411945456432,0,5,10,1,0,62.249244661469575,3.3521148659009437,0
Branch_2,2025-10-12,15.063098931411252,0,6,10,1,0,55.91561253469773,3.982128658511978,0
Branch_2,2025-10-13,6.882544094764913,0,0,10,0,1,70.11881743102184,3.620515390451013,0
Branch_2,2025-10-14,4.7314341739809676,0,1,10,0,1,63.363744904476135,4.944004828061163,0
Branch_2,2025-10-15,-8.323977869720274,0,2,10,0,1,50.747105430261286,4.496330481616127,0
Branch_2,2025-10-16,1.9999751125767955,0,3,10,0,1,80.5095631164894,3.2780818146667894,0
Branch_2,2025-10-17,9.185704889262315,0,4,10,0,0,43.133057494306456,4.95927634964311,0
Branch_2,2025-10-18,3.946803569837382,1,5,10,1,1,54.53744534174435,3.2924697670361596,0
Branch_2,2025-10-19,7.174030239556777,0,6,10,1,0,69.32046903333743,3.997726411181644,0
Branch_2,2025-10-20,-1.5834082114102896,1,0,10,0,0,57.81968524010487,3.642127563272984,0
Branch_2,2025-10-21,9.090828660310246,0,1,10,0,0,64.09490869050101,4.334138121461624,0
Branch_2,2025-10-22,4.328332937380754,0,2,10,0,1,68.142193418734,4.84781724012657,0
Branch_2,2025-10-23,11.515305184906742,0,3,10,0,0,46.55015446524747,4.595450193097552,0
Branch_2,2025-10-24,5.95190294610564,0,4,10,0,0,33.764949718916945,3.904514625684064,0
Branch_2,2025-10-25,1.090146735155109,0,5,10,1,0,48.113041390063145,4.024388361202422,1
Branch_2,2025-10-26,10.696572131358437,0,6,10,1,0,55.83216919844499,4.485192673624436,0
Branch_2,2025-10-27,6.325081790243477,0,0,10,0,0,63.972403520681176,3.8574029441964037,0
Branch_2,2025-10-28,7.968923347196004,0,1,10,0,0,57.33109207254223,3.2363895355145664,0
Branch_2,2025-10-29,12.0662161899856,0,2,10,0,1,52.17796057938975,4.188713962760922,0
Branch_2,2025-10-30,1.8302977624301775,0,3,10,0,0,76.48567981188013,4.931368332871424,0
Branch_2,2025-10-31,10.463567839216244,0,4,10,0,0,65.77681803937857,3.6887845521100795,0
Branch_2,2025-11-01,5.077236060877544,0,5,11,1,0,50.16765273384268,3.3036579634258865,0
Branch_2,2025-11-02,0.28983509808889174,0,6,11,1,0,53.0251605719028,4.087011633959888,0
Branch_2,2025-11-03,5.755596718837634,0,0,11,0,0,54.70141952650283,3.062671066497906,0
Branch_2,2025-11-04,8.296449681769104,0,1,11,0,0,64.86951514150361,4.8789703037881464,0
Branch_2,2025-11-05,0.4262302819703283,0,2,11,0,0,72.99482088631729,4.135760670545855,0
Branch_2,2025-11-06,10.697739337375594,0,3,11,0,0,52.29598877940498,3.649030523309305,0
Branch_2,2025-11-07,8.740563376270448,0,4,11,0,0,43.41340339630853,3.1941642691885184,1
Branch_2,2025-11-08,15.002045342968142,0,5,11,1,0,50.103896482984545,4.875260058082237,0
Branch_2,2025-11-09,9.732664875688195,0,6,11,1,0,51.46439850838774,3.773941830078411,0
Branch_2,2025-11-10,4.689516918526257,0,0,11,0,0,57.35907360254282,4.2741233875058295,0
Branch_2,2025-11-11,8.03360511569057,0,1,11,0,0,63.82860293103723,4.821788555505498,0
Branch_2,2025-11-12,5.261129233809541,1,2,11,0,0,71.74563168114271,4.525488182001075,0
Branch_2,2025-11-13,10.173945853426808,0,3,11,0,0,59.642801056896026,4.490381989379206,0
Branch_2,2025-11-14,7.967068085978468,0,4,11,0,0,55.46023834074146,3.9728650591895476,0
Branch_2,2025-11-15,16.160347955831455,0,5,11,1,0,59.33873057231371,4.702284008692137,0
Branch_2,2025-11-16,5.302853819876424,0,6,11,1,0,47.86064066077261,3.270820087175908,0
Branch_2,2025-11-17,9.334936757599573,0,0,11,0,0,55.34814333870794,3.0516172984748398,1
Branch_2,2025-11-18,12.225763467201398,0,1,11,0,1,50.881318983942315,3.4843545050569062,0
Branch_2,2025-11-19,11.254609830478937,0,2,11,0,0,63.41548795929505,3.077010555914376,0
Branch_2,2025-11-20,4.389304028678768,0,3,11,0,0,65.93351328859836,4.772089180153623,0
Branch_2,2025-11-21,10.561709519049272,0,4,11,0,0,45.82356330039001,4.744254084753386,0
Branch_2,2025-11-22,13.684544205764254,0,5,11,1,0,64.97540097377188,4.699338118027915,0
Branch_2,2025-11-23,15.73114695194031,0,6,11,1,0,57.54239939026667,3.3841888826250957,0
Branch_2,2025-11-24,10.78243784571758,0,0,11,0,0,52.21282381342669,3.1714509096639807,0
Branch_2,2025-11-25,9.612637890241237,0,1,11,0,0,50.62149147833596,4.050138871720296,0
Branch_2,2025-11-26,8.354666113459466,0,2,11,0,0,52.75779693839389,4.273732838400009,0
Branch_2,2025-11-27,17.972185391334857,0,3,11,0,1,58.53583752566132,3.2745266749938455,0
Branch_2,2025-11-28,6.035630602278678,0,4,11,0,0,66.93159587849408,4.55233037409293,0
Branch_2,2025-11-29,10.69249496164469,0,5,11,1,0,73.26245612426786,4.072045224985033,0
Branch_2,2025-11-30,4.372128365821258,0,6,11,1,0,69.631819578593,3.4642180705888874,0
Branch_2,2025-12-01,19.245957646620298,0,0,12,0,1,65.2735010955549,4.7412023522558915,0
Branch_2,2025-12-02,10.32875318567488,0,1,12,0,1,44.0500785447671,4.270498653113784,0
Branch_2,2025-12-03,8.336477790649704,1,2,12,0,0,67.04542523345933,3.227384942668112,0
Branch_2,2025-12-04,8.016490171792162,0,3,12,0,1,51.0938958685415,4.428760967165298,0
Branch_2,2025-12-05,4.2237868085736086,1,4,12,0,1,78.22862564454056,4.090846050362711,0
Branch_2,2025-12-06,14.855687261308594,0,5,12,1,0,62.46867183353419,4.975392222572357,0
Branch_2,2025-12-07,15.447964457628958,0,6,12,1,0,62.553976353716095,3.5610812566080754,0
Branch_2,2025-12-08,19.452793100024508,0,0,12,0,0,43.76020296122833,3.8328110563089677,0
Branch_2,2025-12-09,13.643234879859103,0,1,12,0,0,71.59643153137485,4.047388329187032,0
Branch_2,2025-12-10,9.036289329208483,0,2,12,0,1,53.47011594049605,3.2004927014360636,0
Branch_2,2025-12-11,19.218452960743548,1,3,12,0,0,64.4199347246224,3.4446418908015572,0
Branch_2,2025-12-12,28.882916242104756,0,4,12,0,0,76.70554820029396,4.4485041739579385,0
Branch_2,2025-12-13,13.66693253001306,0,5,12,1,0,46.014691931038726,4.766035760055598,0
Branch_2,2025-12-14,21.110927939386777,0,6,12,1,0,60.97566782945527,4.570307185827207,0
Branch_2,2025-12-15,20.504292006408704,0,0,12,0,0,68.73937755330604,4.741271439374215,0
Branch_2,2025-12-16,12.380370602308648,0,1,12,0,0,73.09159568175082,3.6556839530136767,0
Branch_2,2025-12-17,5.341624307144086,1,2,12,0,0,67.68205666836204,3.5288458762197106,0
Branch_2,2025-12-18,27.921918130298586,0,3,12,0,0,68.05651964824561,4.786375044538432,0
Branch_2,2025-12-19,6.713904845653392,0,4,12,0,1,70.02065403774057,3.2689124667190024,0
Branch_2,2025-12-20,19.86327125011888,0,5,12,1,0,63.20141593564164,4.208675533309327,0
Branch_2,2025-12-21,12.135915455429746,0,6,12,1,0,72.39483291529467,4.563457881995156,0
Branch_2,2025-12-22,24.61657169928438,0,0,12,0,0,62.850615360455265,4.594580641241716,0
Branch_2,2025-12-23,19.298813389359466,0,1,12,0,1,61.09399650182891,3.8876879941231026,0
Branch_2,2025-12-24,28.344531276923384,0,2,12,0,0,52.04055435229602,3.978296387927686,0
Branch_2,2025-12-25,8.772742017682729,0,3,12,0,0,58.901637343398654,3.4239496901641466,0
Branch_2,2025-12-26,21.27817060334532,0,4,12,0,1,56.01336842225724,4.660941177275651,0
Branch_2,2025-12-27,24.805653587928866,0,5,12,1,0,68.36287312721191,3.690781589504085,0
Branch_2,2025-12-28,19.733562197984924,0,6,12,1,0,65.27442319222673,4.886067135064099,0
Branch_2,2025-12-29,21.798599968856582,0,0,12,0,0,48.797806692397884,3.426670370443924,0
Branch_2,2025-12-30,16.45313349255699,0,1,12,0,0,61.665805661103036,3.723979321492008,0
Branch_2,2025-12-31,15.411543265626145,0,2,12,0,0,48.5751075457871,3.1883317265333484,0
Branch_2,2026-01-01,24.14153138726317,0,3,1,0,1,61.38833606472257,3.4360508353843655,0
Branch_2,2026-01-02,28.36196882795328,0,4,1,0,0,75.91409820055473,3.718917648827487,0
Branch_2,2026-01-03,19.40983896168253,0,5,1,1,1,50.886012961782754,3.311410297252301,0
Branch_2,2026-01-04,18.486619093375804,0,6,1,1,0,72.16106001221225,4.20230342428633,1
Branch_2,2026-01-05,17.859890320629994,0,0,1,0,0,78.3356107498142,3.471387913296748,1
Branch_2,2026-01-06,25.244447864440538,0,1,1,0,1,58.73851329887438,4.804113325149582,0
Branch_2,2026-01-07,26.113263072341578,0,2,1,0,0,55.03930590395699,4.344204844195344,0
Branch_2,2026-01-08,23.535051075959913,0,3,1,0,1,72.70463308198387,3.0332356997081282,0
Branch_2,2026-01-09,22.043463203828196,0,4,1,0,0,48.461907969981674,4.792918655890782,1
Branch_2,2026-01-10,21.83228752442217,0,5,1,1,0,52.98784951127278,4.61094027412836,0
Branch_2,2026-01-11,24.66469033929498,0,6,1,1,0,70.87937253322723,3.804295522959785,0
Branch_2,2026-01-12,25.359547920099278,0,0,1,0,0,57.46764578044072,3.5459052674696743,0
Branch_2,2026-01-13,26.032097248144115,0,1,1,0,1,51.31759107886979,4.231462868663076,0
Branch_2,2026-01-14,22.846371671339824,0,2,1,0,1,56.02855688567511,3.343818214705342,0
Branch_2,2026-01-15,26.539801095931978,0,3,1,0,0,57.3265553505048,4.347464278887571,0
Branch_2,2026-01-16,28.76763162279533,0,4,1,0,0,56.69311661847264,4.061550518672818,1
Branch_2,2026-01-17,34.82416682608133,0,5,1,1,1,60.72666457423197,3.7342484479772846,0
Branch_2,2026-01-18,25.805104786789887,0,6,1,1,0,60.49349220815486,3.324253781676429,0
Branch_2,2026-01-19,24.00257660813332,0,0,1,0,0,38.37506918864447,4.552564309615349,0
Branch_2,2026-01-20,22.94641474285058,1,1,1,0,0,60.80512126301861,4.157769223332509,0
Branch_2,2026-01-21,23.530528488910104,0,2,1,0,0,60.920361472357044,3.367732674686287,0
Branch_2,2026-01-22,11.864093066779178,0,3,1,0,0,67.36468762973594,4.236559871159858,0
Branch_2,2026-01-23,25.13086301505726,0,4,1,0,1,52.85323173072579,4.1275972352888965,0
Branch_2,2026-01-24,21.65222977441391,0,5,1,1,0,57.71626113717779,3.6576107827307407,0
Branch_2,2026-01-25,22.309368501740238,0,6,1,1,0,57.11953778193773,3.6921038813717875,0
Branch_2,2026-01-26,25.258481129971305,0,0,1,0,0,51.82233871580494,3.6799425251139066,0
Branch_2,2026-01-27,24.504682157480637,0,1,1,0,0,58.241447952579485,4.980956722245842,0
Branch_2,2026-01-28,26.402547313646988,1,2,1,0,0,45.28637934188423,3.4147813143606363,0
Branch_2,2026-01-29,25.457563270793628,0,3,1,0,0,68.84095910289777,3.818991201827968,0
Branch_2,2026-01-30,23.75266086016871,0,4,1,0,0,61.40975156682311,4.967529884676971,0
Branch_2,2026-01-31,34.09812016849641,0,5,1,1,0,50.1805348241967,4.101291401690082,0
Branch_2,2026-02-01,34.582019297518606,0,6,2,1,0,57.16714060946217,3.4984835177561306,0
Branch_2,2026-02-02,23.433704515325687,0,0,2,0,0,66.66646548039199,3.552117711559677,0
Branch_2,2026-02-03,21.79934542239245,0,1,2,0,1,69.42859723651087,3.8153989259885535,0
Branch_2,2026-02-04,34.474987646081914,0,2,2,0,0,60.08103095586851,4.0812489282069775,0
Branch_2,2026-02-05,35.729791401100044,0,3,2,0,0,51.639223134104306,4.701517545612651,0
Branch_2,2026-02-06,25.341327303178378,0,4,2,0,0,49.35109679176505,3.6061611923113404,0
Branch_2,2026-02-07,26.567028191406152,0,5,2,1,0,56.39619488223729,3.3795044515313983,0
Branch_2,2026-02-08,31.462292458492147,0,6,2,1,0,64.88188002545765,4.108912883098877,0
Branch_2,2026-02-09,30.032805696588333,0,0,2,0,0,43.29659488343922,4.220270736404332,0
Branch_2,2026-02-10,26.39582901296338,0,1,2,0,0,52.32719313859782,4.022083940610396,0
Branch_2,2026-02-11,34.884842558295446,0,2,2,0,0,50.324461438392945,4.658090048203426,0
Branch_2,2026-02-12,35.79723005849264,0,3,2,0,0,54.75962987562847,4.371945799096915,0
Branch_2,2026-02-13,30.879536409632298,0,4,2,0,0,52.20678086689181,4.406278715237041,0
Branch_2,2026-02-14,31.222779733716763,0,5,2,1,1,62.92969323355356,4.806230513459594,0
Branch_2,2026-02-15,34.678460604735434,0,6,2,1,0,58.88498559287404,4.198261176679088,1
Branch_2,2026-02-16,21.94822250644027,0,0,2,0,1,58.508458939972996,3.2749292489802166,0
Branch_2,2026-02-17,32.75593480499736,1,1,2,0,0,48.057636707079645,4.836530935926748,0
Branch_2,2026-02-18,44.652509983559874,0,2,2,0,0,68.39073000770844,4.90039291326301,0
Branch_2,2026-02-19,27.014154432080524,0,3,2,0,0,60.76246903885172,3.549087135485534,0
Branch_2,2026-02-20,31.17460738679751,0,4,2,0,0,76.45085817506602,4.100112339730987,0
Branch_2,2026-02-21,28.12827841836925,0,5,2,1,0,54.07077519043473,4.253496630889785,0
Branch_2,2026-02-22,37.78646692389848,0,6,2,1,0,66.54764438108046,4.076770744784768,0
Branch_2,2026-02-23,39.150538510406655,1,0,2,0,0,79.17582607966206,3.132185582448419,1
Branch_2,2026-02-24,29.93100422022072,0,1,2,0,0,61.95708922992047,3.947142960999118,0
Branch_2,2026-02-25,39.045148037523134,0,2,2,0,0,62.79130520582595,4.964749889277556,0
Branch_2,2026-02-26,33.38206727045832,0,3,2,0,0,59.88483732961754,3.430823174707853,0
Branch_2,2026-02-27,31.875933449194964,0,4,2,0,0,53.432266235936716,4.699142398557658,0
Branch_2,2026-02-28,35.23737643138875,0,5,2,1,0,56.74169939560824,4.192577420549174,0
Branch_2,2026-03-01,25.777318854884378,0,6,3,1,0,60.150088068037675,3.7690796114514216,0
Branch_2,2026-03-02,28.009830402180285,0,0,3,0,0,59.01408314780356,4.1107478174113075,0
Branch_2,2026-03-03,36.81542152870347,1,1,3,0,1,55.38135649255711,4.136355278384071,0
Branch_2,2026-03-04,29.755871634808518,0,2,3,0,0,50.7965054925415,4.075817510648215,0
Branch_2,2026-03-05,19.039490544017433,0,3,3,0,0,42.62001855739098,4.864062030286019,0
Branch_2,2026-03-06,34.23854138248936,0,4,3,0,0,64.56230874266788,4.049587836601617,0
Branch_2,2026-03-07,37.05016183003299,0,5,3,1,0,77.26949944499796,3.8377758393237587,0
Branch_2,2026-03-08,35.60913730529896,0,6,3,1,0,63.15250462174634,4.331054317797907,0
Branch_2,2026-03-09,30.892640521198615,0,0,3,0,0,57.50156805669252,4.335528338343066,0
Branch_2,2026-03-10,32.35223139564967,0,1,3,0,0,46.544579554751515,4.189441038254257,0
Branch_2,2026-03-11,31.22473600787152,1,2,3,0,0,65.83192856219945,3.635606762326849,0
Branch_2,2026-03-12,32.795415755754554,0,3,3,0,0,50.91024492195505,3.6966822197543063,0
Branch_2,2026-03-13,34.75610096964623,0,4,3,0,0,50.88262160477336,4.399460774757831,0
Branch_2,2026-03-14,34.91058683894677,0,5,3,1,0,69.61946107286265,3.8652082690708576,0
Branch_2,2026-03-15,37.95018029880814,0,6,3,1,0,68.09574349424194,4.727621433344619,1
Branch_2,2026-03-16,28.268455355112067,0,0,3,0,0,55.03117220370349,3.3545423809061994,0
Branch_2,2026-03-17,37.929214810302796,0,1,3,0,0,45.882888697983944,3.602275380154339,0
Branch_2,2026-03-18,42.251574077413096,0,2,3,0,0,50.64465734359777,3.9647709521540433,0
Branch_2,2026-03-19,37.1471597542326,0,3,3,0,1,62.26802915394021,3.9546709247390384,0
Branch_2,2026-03-20,28.151137214587703,0,4,3,0,0,54.644319556607336,4.038430153903038,0
Branch_2,2026-03-21,30.962109593833148,0,5,3,1,0,57.45599739346754,4.681613837996809,0
Branch_2,2026-03-22,38.6034893060931,0,6,3,1,0,63.94066618412796,3.3037617584915657,0
Branch_2,2026-03-23,44.11959534987767,0,0,3,0,0,68.81643078366587,3.8155013156002444,0
Branch_2,2026-03-24,35.13496113350492,0,1,3,0,0,51.49145740287684,3.178829667206891,1
Branch_2,2026-03-25,39.56802931686395,0,2,3,0,0,59.88810478525839,4.119930521250001,0
Branch_2,2026-03-26,37.98181957552044,0,3,3,0,0,61.41876715327138,3.102204616795003,0
Branch_2,2026-03-27,32.364894191873,0,4,3,0,0,59.51981350779748,3.3835115074481994,0
Branch_2,2026-03-28,35.41762520643878,0,5,3,1,0,59.78890406042383,4.052487424050742,0
Branch_2,2026-03-29,36.67394385638472,0,6,3,1,0,78.12644617073569,3.0460101598843705,0
Branch_2,2026-03-30,32.70859826183744,1,0,3,0,1,64.01086740808934,4.728054733538998,0
Branch_2,2026-03-31,36.1387961732123,0,1,3,0,0,51.704786585801045,4.326273765216289,0
Branch_2,2026-04-01,35.29967710462942,1,2,4,0,1,59.5227880556114,4.745128603815867,0
Branch_2,2026-04-02,37.69040638971877,0,3,4,0,0,50.28638427765936,3.7316977056849607,0
Branch_2,2026-04-03,36.617475297932224,0,4,4,0,0,78.03844056225417,4.77070250580817,0
Branch_2,2026-04-04,42.62107524686504,0,5,4,1,0,55.512371419752945,3.2433414634702333,0
Branch_2,2026-04-05,40.13822962089512,0,6,4,1,0,66.16637159043944,3.109430817360019,0
Branch_2,2026-04-06,33.10006966690109,0,0,4,0,0,69.59914592867196,3.148735494437812,0
Branch_2,2026-04-07,35.74756221683137,0,1,4,0,0,38.38436811783852,4.925139868746722,0
Branch_2,2026-04-08,33.30979502333746,0,2,4,0,0,67.81578259344069,4.937329249192567,0
Branch_2,2026-04-09,31.383470402203926,0,3,4,0,0,46.75939011093005,4.904821559566683,0
Branch_2,2026-04-10,29.17494804185238,0,4,4,0,0,68.13142231208883,3.5181634331557365,0
Branch_2,2026-04-11,30.319954572675925,0,5,4,1,0,67.04032191865087,4.4478504025544545,0
Branch_2,2026-04-12,33.109743915419656,0,6,4,1,0,59.25978118604573,3.0193820882388827,0
Branch_2,2026-04-13,32.01301898383971,0,0,4,0,1,67.3560984463669,3.3277419110232938,0
Branch_2,2026-04-14,26.478825622683445,0,1,4,0,0,57.94192324381324,3.1767606878363575,0
Branch_2,2026-04-15,33.99322026238995,0,2,4,0,0,61.633672994913915,4.419921084237473,0
Branch_2,2026-04-16,35.08360481084899,1,3,4,0,0,49.361984382289066,4.272618628876021,0
Branch_2,2026-04-17,40.27837200200136,1,4,4,0,0,57.95600310705216,4.640174228728316,0
Branch_2,2026-04-18,39.64336303386572,0,5,4,1,1,62.76090589979834,4.783303542396088,0
Branch_2,2026-04-19,37.313206923566895,0,6,4,1,0,58.500504403986746,4.634780813684956,0
Branch_2,2026-04-20,29.85505251321286,0,0,4,0,1,78.90709112148807,4.229542267314857,0
Branch_2,2026-04-21,23.93769124915505,0,1,4,0,0,54.48522327120187,3.301848594985442,0
Branch_2,2026-04-22,30.53816239440943,0,2,4,0,1,54.487899366077436,3.446335078580357,0
Branch_2,2026-04-23,32.47287031903813,0,3,4,0,0,51.339106659919,4.353593103018624,0
Branch_2,2026-04-24,31.210226126700192,0,4,4,0,0,67.36855788370464,4.173368872507008,0
Branch_2,2026-04-25,31.168372572407367,0,5,4,1,1,63.56680627357198,3.161507971203722,0
Branch_2,2026-04-26,25.69209868504826,0,6,4,1,0,80.58016743842262,4.154985220663718,0
Branch_2,2026-04-27,37.12228703237541,0,0,4,0,0,76.27655743626163,4.165498780981143,0
Branch_2,2026-04-28,31.093594887840613,0,1,4,0,0,59.28307844112025,3.357253829962432,0
Branch_2,2026-04-29,25.110951778762765,0,2,4,0,0,85.16037062260662,3.2665150321337704,0
Branch_2,2026-04-30,34.73143158920316,0,3,4,0,0,45.60577374585217,3.9074257577206923,0
Branch_2,2026-05-01,36.74074479643646,0,4,5,0,0,65.36076456640498,3.9051476752165177,0
Branch_2,2026-05-02,21.25443166040626,0,5,5,1,0,65.44205993489753,4.214282141894153,0
Branch_2,2026-05-03,37.18909438013289,0,6,5,1,0,60.85746473003302,3.7602091219370077,0
Branch_2,2026-05-04,29.619019298678577,0,0,5,0,1,72.41986685837259,3.1749773661583376,0
Branch_2,2026-05-05,26.551133588529297,0,1,5,0,0,44.62661540620012,3.9052494141636824,0
Branch_2,2026-05-06,32.26463059130214,0,2,5,0,0,60.175026553946005,4.217686476477574,0
Branch_2,2026-05-07,38.1566349759323,0,3,5,0,0,53.23979875638927,4.145302612674797,1
Branch_2,2026-05-08,33.95350682486002,0,4,5,0,0,64.07903436257675,3.8265076817237977,0
Branch_2,2026-05-09,27.164699696575813,0,5,5,1,0,63.12449300011337,4.040908413500646,0
Branch_2,2026-05-10,27.333222116175605,0,6,5,1,1,60.8320752438358,4.238730188906898,1
Branch_2,2026-05-11,33.15789504978936,0,0,5,0,1,44.81939130063609,4.570668586962856,0
Branch_2,2026-05-12,36.63247083556713,0,1,5,0,1,79.35135953307551,4.509117481520495,0
Branch_2,2026-05-13,36.38009809108679,1,2,5,0,0,59.185196616270034,4.132212572700564,1
Branch_2,2026-05-14,35.54818045738625,0,3,5,0,1,58.446457223938424,3.3942639876528524,0
Branch_2,2026-05-15,22.360131152391336,0,4,5,0,0,58.58352851531735,4.912924637803915,0
Branch_2,2026-05-16,30.42173703681089,0,5,5,1,0,59.65967997282361,4.12734620792521,0
Branch_2,2026-05-17,30.935718724760555,0,6,5,1,0,52.47158401680423,4.633452786289309,0
Branch_2,2026-05-18,38.69634231536376,0,0,5,0,1,54.413227949554674,4.950990353710372,0
Branch_2,2026-05-19,29.522061967163935,0,1,5,0,0,59.3066222754371,3.5733199849442725,1
Branch_2,2026-05-20,31.081087589163282,0,2,5,0,0,63.40013852479027,3.7889656371417684,0
Branch_2,2026-05-21,26.06277170690302,0,3,5,0,0,71.03532903665393,4.586782211897446,0
Branch_2,2026-05-22,26.945713456599645,0,4,5,0,0,53.609399347443485,4.528173321323736,0
Branch_2,2026-05-23,31.774736344095114,0,5,5,1,0,66.29242243905705,3.455718531919683,0
Branch_2,2026-05-24,36.698391336540844,0,6,5,1,1,38.834143382001194,3.659081105286324,0
Branch_2,2026-05-25,28.574427974529154,1,0,5,0,0,59.27608806198489,4.899385705567838,0
Branch_2,2026-05-26,32.97421604109841,0,1,5,0,1,64.81355464537545,4.978535066483912,0
Branch_2,2026-05-27,18.346930599557886,0,2,5,0,0,48.338278655451376,3.1024950722608127,0
Branch_2,2026-05-28,23.92776558845959,0,3,5,0,1,72.00334001731643,3.1215675700710315,1
Branch_2,2026-05-29,29.747146985230756,0,4,5,0,0,72.56151540812506,3.030454651041504,0
Branch_2,2026-05-30,27.5390649519589,0,5,5,1,0,56.03211220007084,4.262042615849042,0
Branch_2,2026-05-31,18.264850101777746,0,6,5,1,1,73.89713390537796,4.599533629303097,0
Branch_2,2026-06-01,22.68131124639531,0,0,6,0,0,66.0981631526715,3.8996861403666143,0
Branch_2,2026-06-02,32.01559363940736,0,1,6,0,0,60.56786100344038,3.1047558864611924,0
Branch_2,2026-06-03,33.635806662929326,0,2,6,0,0,68.11959642683861,4.2248980936294025,0
Branch_2,2026-06-04,29.01910266145113,0,3,6,0,0,55.39669441497117,4.502106710771697,0
Branch_2,2026-06-05,20.27326595180127,1,4,6,0,0,59.54772294348104,3.376447769372434,0
Branch_2,2026-06-06,19.006349801799296,0,5,6,1,0,73.69878366497436,4.965659850668015,0
Branch_2,2026-06-07,29.287892012211522,0,6,6,1,1,48.4520556884601,4.916289626786247,0
Branch_2,2026-06-08,25.44353165693426,0,0,6,0,0,64.55574890400145,4.071982611097404,0
Branch_2,2026-06-09,25.30571405485804,0,1,6,0,0,56.29505536223666,3.958255652806428,0
Branch_3,2025-10-03,10.046460700272334,0,4,10,0,0,60.99064749536406,4.982726458236084,0
Branch_3,2025-10-04,0.7311488102918009,0,5,10,1,0,44.01251024174677,3.17972762978385,1
Branch_3,2025-10-05,3.545219327298806,0,6,10,1,1,58.404316821202535,4.36843683271369,0
Branch_3,2025-10-06,-1.40281662358682,0,0,10,0,0,56.77972020605483,4.315156587277945,0
Branch_3,2025-10-07,4.444832742878947,0,1,10,0,0,43.34185378789128,4.751568697529555,0
Branch_3,2025-10-08,5.546960917801324,0,2,10,0,0,68.52942278731378,3.5096953838081015,0
Branch_3,2025-10-09,3.2307259168308766,0,3,10,0,0,53.799724625062794,3.83454433636685,0
Branch_3,2025-10-10,6.516263300622741,0,4,10,0,0,53.16669713350142,4.3464192872430925,0
Branch_3,2025-10-11,3.5312554487738153,0,5,10,1,0,51.423792746362125,3.82110469154932,1
Branch_3,2025-10-12,-4.319311443871763,0,6,10,1,0,69.75129856120083,4.394158239918255,0
Branch_3,2025-10-13,6.930717165719089,0,0,10,0,1,79.02349477540228,4.659530531481343,0
Branch_3,2025-10-14,11.508961252861004,0,1,10,0,1,63.56745236218325,3.209084688104667,0
Branch_3,2025-10-15,2.6254898815842793,0,2,10,0,0,45.377349742514966,4.267872255400374,1
Branch_3,2025-10-16,2.0339752811449494,0,3,10,0,0,43.146837707302396,3.4393345132687303,0
Branch_3,2025-10-17,6.008653675096647,0,4,10,0,0,78.76749607008858,3.3995284443530345,0
Branch_3,2025-10-18,18.54155484112697,0,5,10,1,1,47.422187548625836,3.1181566945802004,0
Branch_3,2025-10-19,-5.769619597026551,0,6,10,1,0,79.63642980275252,3.959515450120852,0
Branch_3,2025-10-20,3.633769046330609,0,0,10,0,0,55.10718221383069,4.8325152563309075,0
Branch_3,2025-10-21,5.05250653181966,0,1,10,0,0,64.52089167240112,4.761999303724066,0
Branch_3,2025-10-22,11.582899455246451,0,2,10,0,0,62.09785079177364,3.7024549698899647,0
Branch_3,2025-10-23,2.3193353917282318,1,3,10,0,0,47.39829210400806,3.2045781300831298,0
Branch_3,2025-10-24,1.485667630982812,0,4,10,0,0,59.993292511923386,4.242480174152281,0
Branch_3,2025-10-25,5.028089821411973,0,5,10,1,1,67.30395873588468,3.976565208072943,0
Branch_3,2025-10-26,7.922232048932277,0,6,10,1,0,68.33859323388756,4.6107152539295155,0
Branch_3,2025-10-27,8.76555940714457,0,0,10,0,1,64.88373470955052,3.631164413055309,0
Branch_3,2025-10-28,7.221933234255367,0,1,10,0,1,59.321033751483526,4.025580341904052,0
Branch_3,2025-10-29,-4.141519131991309,0,2,10,0,1,61.409839513576884,3.9325612268870547,0
Branch_3,2025-10-30,11.58567684528007,1,3,10,0,0,40.76856299383464,3.2312232457356087,0
Branch_3,2025-10-31,9.230584741417642,0,4,10,0,0,60.32700780609613,4.571537925354715,0
Branch_3,2025-11-01,8.327305959918505,0,5,11,1,1,43.58833808708245,4.845133992595387,0
Branch_3,2025-11-02,8.267227794907718,0,6,11,1,0,72.46580613182076,4.20207928418235,0
Branch_3,2025-11-03,7.864056903594583,0,0,11,0,0,61.3415261655958,3.383004325497768,0
Branch_3,2025-11-04,13.056678871522077,0,1,11,0,0,68.53941252062899,3.2311548165203416,0
Branch_3,2025-11-05,-0.33992676770738406,0,2,11,0,0,61.38019578336168,3.159452551944878,0
Branch_3,2025-11-06,11.876432923775997,0,3,11,0,1,58.60034085650102,4.676311176716808,0
Branch_3,2025-11-07,10.666775334189037,0,4,11,0,1,62.22960365381553,3.890585940597018,0
Branch_3,2025-11-08,9.299361051147843,0,5,11,1,1,53.275586708055876,4.354793544092177,0
Branch_3,2025-11-09,9.095232062910044,0,6,11,1,0,67.6549026795649,4.737685938312414,0
Branch_3,2025-11-10,12.061844668119758,0,0,11,0,0,63.3568694139732,3.676783281524955,0
Branch_3,2025-11-11,3.9462518909526123,1,1,11,0,0,29.6155741404123,3.9267842273642644,1
Branch_3,2025-11-12,6.645221796841524,0,2,11,0,1,52.11329209337044,3.22857986822606,0
Branch_3,2025-11-13,17.586699714960446,0,3,11,0,0,49.88544716337261,4.02668836360955,0
Branch_3,2025-11-14,-1.7647978823605772,0,4,11,0,0,58.90785210933871,3.380976421056217,0
Branch_3,2025-11-15,13.813199086677898,0,5,11,1,0,57.40182208520365,4.809350084650743,0
Branch_3,2025-11-16,7.375621394779717,0,6,11,1,0,47.93785722863522,4.959789529924741,0
Branch_3,2025-11-17,6.335906346753503,0,0,11,0,0,51.76427433747529,3.1116726102115333,0
Branch_3,2025-11-18,11.220849299514525,0,1,11,0,0,59.11327706313354,4.094644207034586,0
Branch_3,2025-11-19,7.782515809078927,0,2,11,0,0,77.32029314667213,4.973460476132034,0
Branch_3,2025-11-20,9.460130215218536,0,3,11,0,0,79.42868606007079,3.613923359009789,0
Branch_3,2025-11-21,4.850091872520023,0,4,11,0,0,55.640495105172846,3.5904922743017122,0
Branch_3,2025-11-22,3.2409653140008547,0,5,11,1,0,68.57301061471398,4.152708959485661,0
Branch_3,2025-11-23,4.2021403837308275,0,6,11,1,0,48.7955797170526,3.588462647047885,0
Branch_3,2025-11-24,7.686517869835219,0,0,11,0,1,45.29068353008811,4.323937897730215,0
Branch_3,2025-11-25,12.957706460077661,1,1,11,0,0,46.802929810221144,3.626957371704729,0
Branch_3,2025-11-26,3.576086484795762,0,2,11,0,0,59.578335915060684,4.390074876738398,0
Branch_3,2025-11-27,8.346622146728903,0,3,11,0,0,51.12841607514493,3.6203464770907825,0
Branch_3,2025-11-28,14.249995367456128,0,4,11,0,0,63.80989840623483,3.3897711258392524,0
Branch_3,2025-11-29,18.94418562298415,0,5,11,1,1,63.25582369035517,3.793926483907491,0
Branch_3,2025-11-30,8.005228587881446,0,6,11,1,1,52.781326958095825,4.667053072450681,0
Branch_3,2025-12-01,12.736669972078797,0,0,12,0,1,66.78849863170227,4.333691868146905,0
Branch_3,2025-12-02,20.641748485333615,0,1,12,0,0,53.50480615957726,3.1945149157157857,0
Branch_3,2025-12-03,11.570801837001488,0,2,12,0,0,58.77731103973545,3.367752490443479,0
Branch_3,2025-12-04,10.211994512146823,0,3,12,0,0,54.64259798484455,3.328644046338958,0
Branch_3,2025-12-05,13.125141409896395,0,4,12,0,0,60.727572091824044,3.9039641441925648,0
Branch_3,2025-12-06,11.66943743844526,1,5,12,1,0,40.99300141627926,4.281957883932907,0
Branch_3,2025-12-07,16.931382653611198,0,6,12,1,0,34.07918792829353,3.980694091064499,0
Branch_3,2025-12-08,17.36530676161807,0,0,12,0,0,77.19041511393172,4.807124044037587,0
Branch_3,2025-12-09,12.767771434394621,0,1,12,0,0,54.82420452031608,4.099788222629933,0
Branch_3,2025-12-10,18.7911161537832,0,2,12,0,0,45.87900555798244,4.716256151661415,0
Branch_3,2025-12-11,7.927637211691336,0,3,12,0,0,76.44692387793498,4.520810834047962,0
Branch_3,2025-12-12,13.668689364076831,0,4,12,0,1,58.867314933390425,4.01842214325729,0
Branch_3,2025-12-13,21.47833882223342,0,5,12,1,0,57.08074116771995,3.308270901528174,0
Branch_3,2025-12-14,13.475233648508567,0,6,12,1,0,68.94483505870005,3.289633439653903,0
Branch_3,2025-12-15,16.85309980906169,0,0,12,0,1,74.7190519102286,4.638562691495283,0
Branch_3,2025-12-16,23.99022754619941,0,1,12,0,1,86.89689774500849,3.841572862179423,0
Branch_3,2025-12-17,25.787240377167038,0,2,12,0,0,52.523348502677656,4.0971948204710475,1
Branch_3,2025-12-18,13.124607750750188,0,3,12,0,0,69.38594409083954,3.9855567675672523,0
Branch_3,2025-12-19,23.412431033564474,0,4,12,0,1,55.131061599978295,3.757014122685889,0
Branch_3,2025-12-20,20.055619207160227,0,5,12,1,0,48.16556372298105,3.755636201114547,0
Branch_3,2025-12-21,15.093110747757885,0,6,12,1,0,72.53865154429249,3.7835433658591073,0
Branch_3,2025-12-22,17.10201475598441,0,0,12,0,0,70.56447844790355,4.402103427781536,0
Branch_3,2025-12-23,10.088848408184496,0,1,12,0,0,78.50940837822382,3.6974994439333715,0
Branch_3,2025-12-24,20.59859693147158,0,2,12,0,1,47.73095162023878,4.794255751176825,0
Branch_3,2025-12-25,18.87806901235604,0,3,12,0,0,55.37138477556301,3.8716364237004055,0
Branch_3,2025-12-26,28.529152907961908,0,4,12,0,0,64.9193354909835,4.690895067017472,0
Branch_3,2025-12-27,15.599235586340935,0,5,12,1,0,72.8489617095982,4.011402663985823,0
Branch_3,2025-12-28,18.353888977174723,1,6,12,1,0,58.423665510035185,3.8595967219327747,0
Branch_3,2025-12-29,14.856891519739634,0,0,12,0,1,77.3924720245475,3.5473471490932758,0
Branch_3,2025-12-30,26.27273402623618,0,1,12,0,0,43.4920918971999,4.7530770197149,0
Branch_3,2025-12-31,18.37912636078356,0,2,12,0,0,59.410797011038916,4.021236993933288,0
Branch_3,2026-01-01,24.5259311809704,0,3,1,0,0,57.10398019494886,4.757703082954636,0
Branch_3,2026-01-02,17.906413341441407,0,4,1,0,0,38.28694823036275,4.226281576246682,0
Branch_3,2026-01-03,18.340791794687384,0,5,1,1,0,65.04690254836616,4.013301363990057,0
Branch_3,2026-01-04,12.929394746287517,0,6,1,1,0,65.1614846191251,4.879781998784568,0
Branch_3,2026-01-05,23.363567841623528,0,0,1,0,1,55.91124633682071,3.2507113429379757,0
Branch_3,2026-01-06,22.98540906319374,0,1,1,0,0,82.52449270567101,3.2405350822719354,0
Branch_3,2026-01-07,12.33948003046331,0,2,1,0,0,48.952414623586286,3.0600699539908582,0
Branch_3,2026-01-08,18.50391258728303,0,3,1,0,0,53.91771576831097,3.221180798339656,0
Branch_3,2026-01-09,35.03710991849995,0,4,1,0,1,65.71300235816055,4.476061694029292,0
Branch_3,2026-01-10,28.128783499167987,0,5,1,1,0,57.93437479948405,3.1691399273077456,0
Branch_3,2026-01-11,28.890375941491097,0,6,1,1,0,48.52489155168516,3.2037958493456373,0
Branch_3,2026-01-12,15.739235723737828,0,0,1,0,1,74.30284331460085,3.4384465393116557,0
Branch_3,2026-01-13,16.281344888368544,0,1,1,0,0,55.20213867909254,4.667248331168319,0
Branch_3,2026-01-14,26.369464300339086,1,2,1,0,1,58.129384803766854,4.037108036437255,0
Branch_3,2026-01-15,22.85689621581151,0,3,1,0,1,77.37675980615809,3.253209183855361,0
Branch_3,2026-01-16,25.302617135537293,0,4,1,0,0,63.562595869565875,3.198073717188187,0
Branch_3,2026-01-17,28.935428432364915,0,5,1,1,0,50.71328727867121,4.50905667088626,0
Branch_3,2026-01-18,34.15298923810297,0,6,1,1,0,54.85730996810548,3.255248175732496,0
Branch_3,2026-01-19,28.010156326140354,0,0,1,0,1,53.239482564186424,3.203396097876897,0
Branch_3,2026-01-20,35.770334486005204,0,1,1,0,0,45.79222699985818,3.7090327332760906,0
Branch_3,2026-01-21,23.933470972012678,1,2,1,0,0,70.21890311764051,3.688930172923023,0
Branch_3,2026-01-22,17.897365413350165,0,3,1,0,0,78.23852648248443,3.299193121978064,0
Branch_3,2026-01-23,26.949354053161645,0,4,1,0,0,75.77205277037801,3.768296276908104,0
Branch_3,2026-01-24,36.42964210738737,0,5,1,1,1,61.95162845030893,3.5783195593562738,0
Branch_3,2026-01-25,33.53789009897472,0,6,1,1,0,46.278701378572904,4.09270353093144,0
Branch_3,2026-01-26,35.74762128681064,0,0,1,0,1,70.01790701523895,4.542732126235715,0
Branch_3,2026-01-27,24.20219821200261,0,1,1,0,1,70.45690084614616,4.235695220353822,0
Branch_3,2026-01-28,24.355517763987233,1,2,1,0,0,64.64968024382162,3.9223981511411896,0
Branch_3,2026-01-29,24.917397961650238,0,3,1,0,0,79.82827116496264,3.0984615902793333,0
Branch_3,2026-01-30,29.06414852882758,0,4,1,0,0,67.54858466057527,3.3280129301758534,0
Branch_3,2026-01-31,25.079818685344016,0,5,1,1,0,42.15287115747605,4.768066298390279,0
Branch_3,2026-02-01,21.17970928943001,0,6,2,1,0,74.39172496750568,4.725199454979774,0
Branch_3,2026-02-02,30.57616269635221,0,0,2,0,0,39.90598548642402,3.0700691381378213,0
Branch_3,2026-02-03,28.96418574102503,0,1,2,0,1,51.492877431349164,3.189840838541211,0
Branch_3,2026-02-04,20.488167131184746,0,2,2,0,0,60.13115023427335,3.639440200862546,0
Branch_3,2026-02-05,32.53933631289311,0,3,2,0,1,68.30478361669884,3.852865225576198,0
Branch_3,2026-02-06,33.70387647574042,0,4,2,0,1,62.834952881140694,3.4441127438047316,0
Branch_3,2026-02-07,20.20021438219564,0,5,2,1,0,54.78125904692926,3.239705754151788,0
Branch_3,2026-02-08,23.748576628620334,0,6,2,1,1,60.500728124312204,4.361939145667764,0
Branch_3,2026-02-09,34.73542000615672,0,0,2,0,1,63.41181372434604,3.949048908928729,0
Branch_3,2026-02-10,28.569056647757606,0,1,2,0,1,70.37337010294357,3.4761880496626563,0
Branch_3,2026-02-11,27.109577488560845,0,2,2,0,0,62.58600142718813,4.599107830651466,0
Branch_3,2026-02-12,35.58706206921598,1,3,2,0,0,51.776255965923966,3.2857962651536043,0
Branch_3,2026-02-13,34.92864406821269,0,4,2,0,1,62.79250691771967,3.111714596108005,0
Branch_3,2026-02-14,33.227452074031355,0,5,2,1,0,70.3118947256643,3.9523190992764565,0
Branch_3,2026-02-15,25.02706202322848,0,6,2,1,0,68.11867066927284,4.47049246067811,0
Branch_3,2026-02-16,30.158530560520717,0,0,2,0,0,70.3007178687572,4.825428804856042,1
Branch_3,2026-02-17,21.566635723749723,0,1,2,0,0,65.83726682074678,3.6608649690311,0
Branch_3,2026-02-18,38.0055983133606,0,2,2,0,0,76.71810158471494,4.128633276559572,0
Branch_3,2026-02-19,24.560943012328284,1,3,2,0,0,66.69287075770485,3.268371645958517,0
Branch_3,2026-02-20,40.68855739988847,0,4,2,0,0,65.98318229052326,3.394351523212551,0
Branch_3,2026-02-21,42.85617355660861,0,5,2,1,1,74.98076112111998,4.986619018470164,0
Branch_3,2026-02-22,34.062718741526545,0,6,2,1,0,65.66210456158123,4.3384888445374985,0
Branch_3,2026-02-23,28.200757521151594,0,0,2,0,0,58.28128448603633,3.3875831818499345,0
Branch_3,2026-02-24,32.21219053908391,0,1,2,0,0,69.74736254822565,3.6352855224292213,0
Branch_3,2026-02-25,31.339079925731795,0,2,2,0,0,57.820385714726704,3.6347875789478907,0
Branch_3,2026-02-26,35.96278714950976,0,3,2,0,0,56.82941793513084,3.368160007516429,0
Branch_3,2026-02-27,33.288475628076185,0,4,2,0,1,55.80387406713516,4.140888654944439,0
Branch_3,2026-02-28,34.99021482985982,0,5,2,1,0,52.078474054076686,3.4300378841527035,0
Branch_3,2026-03-01,36.978854099387,0,6,3,1,0,57.84593819302362,3.4818102851009285,0
Branch_3,2026-03-02,24.515919280684535,0,0,3,0,0,53.20544923506508,4.072953622469365,0
Branch_3,2026-03-03,21.435404495907385,0,1,3,0,0,67.85936394570562,3.1268924013167254,0
Branch_3,2026-03-04,26.700364391446637,0,2,3,0,1,59.51992547164866,4.024671178607879,0
Branch_3,2026-03-05,18.55122078028776,0,3,3,0,0,53.65889795390116,3.0505240790343278,0
Branch_3,2026-03-06,35.189795659246215,0,4,3,0,0,52.976913806220345,3.4476627009639262,0
Branch_3,2026-03-07,26.86187230876538,0,5,3,1,0,53.8152741853191,3.539883905445368,0
Branch_3,2026-03-08,35.04014599875851,0,6,3,1,1,73.1217341165939,3.650507848161496,1
Branch_3,2026-03-09,29.41489729491316,0,0,3,0,0,65.5379614182941,3.0996767857835588,0
Branch_3,2026-03-10,34.8902005385223,0,1,3,0,1,54.674828441720145,3.673756721240741,0
Branch_3,2026-03-11,31.352930229911884,0,2,3,0,0,49.382312130492785,4.651037502934545,0
Branch_3,2026-03-12,30.903906432931443,1,3,3,0,0,56.3562405123969,3.094664244554561,0
Branch_3,2026-03-13,35.371839515040584,0,4,3,0,1,75.35162429424756,4.661175543682862,0
Branch_3,2026-03-14,34.85572201973484,0,5,3,1,0,64.33839451754686,4.6088278642989895,0
Branch_3,2026-03-15,38.078975349968076,0,6,3,1,0,48.05013998465076,3.0332019059301665,0
Branch_3,2026-03-16,29.858013412829738,0,0,3,0,0,79.62739290420662,4.978041984937066,0
Branch_3,2026-03-17,40.80469180617226,0,1,3,0,0,61.650003393970245,4.39967233792532,0
Branch_3,2026-03-18,42.8496698065525,0,2,3,0,0,50.30695797552533,3.1975065281321466,0
Branch_3,2026-03-19,39.744460298634365,0,3,3,0,1,72.83254861868997,4.8643366262002585,1
Branch_3,2026-03-20,35.12390357845432,0,4,3,0,1,75.97294205751342,3.710971988043411,0
Branch_3,2026-03-21,37.09578106542718,0,5,3,1,0,57.447682581101525,4.273019191207023,0
Branch_3,2026-03-22,27.761567914873684,0,6,3,1,0,55.178838842472516,4.257514076424707,0
Branch_3,2026-03-23,39.03745487680354,0,0,3,0,1,54.34328622509212,3.169027681243233,0
Branch_3,2026-03-24,37.06347872054644,0,1,3,0,1,72.31758420088964,3.9212955105966136,0
Branch_3,2026-03-25,36.881785205922114,0,2,3,0,0,51.864286930317846,4.722947117779512,0
Branch_3,2026-03-26,43.26362659200211,1,3,3,0,0,56.873002959447,4.393052395763694,0
Branch_3,2026-03-27,30.20909447821699,0,4,3,0,0,78.8163613339635,4.253322954050694,0
Branch_3,2026-03-28,34.9253972110946,0,5,3,1,0,61.11934382706676,3.9567860132041757,0
Branch_3,2026-03-29,25.261652958365982,0,6,3,1,1,69.05538763509453,4.600183873752421,0
Branch_3,2026-03-30,42.63556105461483,0,0,3,0,0,52.31185517643729,3.552830427648632,0
Branch_3,2026-03-31,31.76312587739479,0,1,3,0,0,76.94677774865748,3.5336187808996744,0
Branch_3,2026-04-01,28.65333236062252,0,2,4,0,0,64.99407146104431,3.234801095473312,0
Branch_3,2026-04-02,33.82812808918637,0,3,4,0,0,57.48492007067699,4.057353285836971,0
Branch_3,2026-04-03,28.59889641147275,0,4,4,0,0,70.60639270751663,3.5068420535526323,0
Branch_3,2026-04-04,42.99446884965712,0,5,4,1,0,72.11120255625592,4.369435928355618,0
Branch_3,2026-04-05,33.41816576892349,0,6,4,1,1,55.12336265839074,3.661137270517014,0
Branch_3,2026-04-06,31.18518050317478,0,0,4,0,0,58.72134657685605,4.2817546661811905,0
Branch_3,2026-04-07,36.542648027771065,0,1,4,0,0,52.27681450604719,4.333679960776168,0
Branch_3,2026-04-08,46.21044735903736,0,2,4,0,0,49.38350142276533,4.004711510049839,0
Branch_3,2026-04-09,31.266590946068824,0,3,4,0,0,66.34615831853928,4.397439594525611,0
Branch_3,2026-04-10,32.09464594659388,0,4,4,0,1,82.62889211010976,3.508196877236543,0
Branch_3,2026-04-11,35.943551238944366,0,5,4,1,0,46.39361655300517,3.5565933918835126,0
Branch_3,2026-04-12,30.781872539507855,0,6,4,1,0,49.9780666354164,4.978833739295624,0
Branch_3,2026-04-13,27.880146034886636,0,0,4,0,0,54.70420068075474,3.4388202713840412,0
Branch_3,2026-04-14,27.832410799562766,0,1,4,0,0,55.18152774779676,3.3777124231782163,0
Branch_3,2026-04-15,36.85940466989857,0,2,4,0,0,54.825542886212695,4.7443121707312175,0
Branch_3,2026-04-16,32.057346809196076,0,3,4,0,0,53.959518945008796,3.169310247388297,0
Branch_3,2026-04-17,37.40446005438569,0,4,4,0,0,61.18757058516001,4.309555110650242,0
Branch_3,2026-04-18,29.347414555624635,0,5,4,1,0,61.03714906853824,4.882445681578966,0
Branch_3,2026-04-19,27.11161197817365,0,6,4,1,0,45.6390689407185,3.0568169145706126,0
Branch_3,2026-04-20,33.15619848437286,1,0,4,0,0,47.92290913738373,4.525779674657937,0
Branch_3,2026-04-21,33.15336831948648,0,1,4,0,0,53.735296619491706,3.519012845673293,0
Branch_3,2026-04-22,31.735574645666162,0,2,4,0,0,61.41227763918121,4.440033901666865,0
Branch_3,2026-04-23,32.009135473953506,0,3,4,0,0,61.63503331819773,4.89072724931291,0
Branch_3,2026-04-24,32.001754077896756,0,4,4,0,0,72.97122527657494,3.301212903436044,0
Branch_3,2026-04-25,37.6371018496954,0,5,4,1,0,73.7426756070607,4.320406749096994,0
Branch_3,2026-04-26,36.84476036017333,0,6,4,1,0,56.2792159809913,4.612184327081272,0
Branch_3,2026-04-27,34.693523862021436,0,0,4,0,0,46.28669460538953,4.332209558932398,0
Branch_3,2026-04-28,30.516434619190377,0,1,4,0,0,65.5686496879099,3.8611852674212424,0
Branch_3,2026-04-29,32.61376822696504,0,2,4,0,1,55.61103822280889,4.302266862352082,0
Branch_3,2026-04-30,42.205503222326996,0,3,4,0,1,53.281899933408,4.920700782015711,0
Branch_3,2026-05-01,39.36455788576349,0,4,5,0,1,68.38363421432815,4.481497038637733,0
Branch_3,2026-05-02,25.160034771268506,0,5,5,1,0,79.2945851255413,3.122152998694533,0
Branch_3,2026-05-03,25.70676403828967,0,6,5,1,1,72.1171356614219,3.363258308981054,0
Branch_3,2026-05-04,28.499070729613695,0,0,5,0,0,46.858207105944025,4.798069571860099,0
Branch_3,2026-05-05,31.444856592787545,0,1,5,0,1,50.21218936132364,4.9667644318722335,0
Branch_3,2026-05-06,29.46420944837768,1,2,5,0,0,58.76855131616642,4.112769729709612,0
Branch_3,2026-05-07,34.38336230663667,0,3,5,0,0,66.68582415966914,4.4320890445904135,0
Branch_3,2026-05-08,27.609151551557055,0,4,5,0,0,42.030329454265505,3.3069193553396534,1
Branch_3,2026-05-09,30.256787491987282,0,5,5,1,0,45.32608742425682,3.038906058584609,0
Branch_3,2026-05-10,36.054973240977425,0,6,5,1,0,52.8292874553539,3.548342944369849,0
Branch_3,2026-05-11,38.80797288623273,0,0,5,0,0,73.3844819609533,4.338378794384127,0
Branch_3,2026-05-12,36.31623151840128,0,1,5,0,0,53.72505017347201,4.554662778245844,0
Branch_3,2026-05-13,35.93377001291301,0,2,5,0,0,66.42099459789388,3.0281355193650152,0
Branch_3,2026-05-14,30.794670888025784,0,3,5,0,0,55.02743742194981,4.044602269021129,0
Branch_3,2026-05-15,30.319339505360812,0,4,5,0,0,59.93293517404608,4.272905416293906,0
Branch_3,2026-05-16,32.800757468343896,0,5,5,1,1,59.76508214903671,4.568200014935654,0
Branch_3,2026-05-17,26.293358210541925,0,6,5,1,1,52.34424359268413,4.326467724614027,0
Branch_3,2026-05-18,36.467244646757486,0,0,5,0,0,62.57618267920308,4.966445780934794,0
Branch_3,2026-05-19,29.53569552237762,0,1,5,0,0,65.75181527441937,4.97652805992313,0
Branch_3,2026-05-20,32.362665186295416,0,2,5,0,1,35.399965620288704,3.3707519082280757,0
Branch_3,2026-05-21,42.80773226550322,0,3,5,0,0,52.01249188572084,4.800649708056414,0
Branch_3,2026-05-22,25.64683779401032,1,4,5,0,0,59.21666076276988,3.1332564142803694,0
Branch_3,2026-05-23,23.51909401204169,0,5,5,1,0,62.1829571389459,3.514707629526728,0
Branch_3,2026-05-24,25.362809454017572,0,6,5,1,0,59.45633483026839,3.4659275607764037,0
Branch_3,2026-05-25,28.938380000093673,1,0,5,0,0,48.05493319200289,4.10833327362345,0
Branch_3,2026-05-26,25.31272024902948,0,1,5,0,0,63.57017567920637,3.73408780035837,0
Branch_3,2026-05-27,20.695404461557402,0,2,5,0,1,52.2531364368951,3.4151317256425147,0
Branch_3,2026-05-28,21.932437829951326,0,3,5,0,0,73.9204104124811,3.715304334262298,0
Branch_3,2026-05-29,29.655679746716164,0,4,5,0,1,67.55926685543866,4.544627328675508,0
Branch_3,2026-05-30,24.879202251425493,0,5,5,1,0,64.49056684231468,3.744939627390696,0
Branch_3,2026-05-31,27.54138838627353,0,6,5,1,1,68.13397082149682,4.280209801505941,0
Branch_3,2026-06-01,23.659606165623668,0,0,6,0,0,61.52688416179087,4.122872742893472,0
Branch_3,2026-06-02,26.590512122858534,1,1,6,0,1,69.60802757446992,4.10797531693208,0
Branch_3,2026-06-03,29.01810332606535,0,2,6,0,0,63.54327200889782,3.884687744215589,0
Branch_3,2026-06-04,21.624763373725315,0,3,6,0,0,63.324563334143704,3.3204838623649016,0
Branch_3,2026-06-05,19.0277876168517,0,4,6,0,0,52.41935726579682,3.9304188255974646,0
Branch_3,2026-06-06,30.316614650706732,0,5,6,1,0,48.32662124378113,4.404907930719411,0
Branch_3,2026-06-07,23.396310772611365,1,6,6,1,1,48.990652981623,4.195370156604917,0
Branch_3,2026-06-08,33.77718473134509,0,0,6,0,0,43.822172072110256,3.5801770952929624,0
Branch_3,2026-06-09,27.01010878980086,0,1,6,0,0,66.83704798253623,4.928174286143085,0
Branch_4,2025-10-03,6.539147913627218,0,4,10,0,0,56.03700091335051,4.460253554218189,0
Branch_4,2025-10-04,5.819064773698286,0,5,10,1,0,81.36445545994769,4.535272174535026,0
Branch_4,2025-10-05,-10.980196848352968,0,6,10,1,0,68.40947549443857,4.4879665137755165,0
Branch_4,2025-10-06,2.7235336114844255,0,0,10,0,1,63.48532040844998,3.8378104993253035,0
Branch_4,2025-10-07,3.7890807224862177,0,1,10,0,0,66.76181389188257,4.550005594796617,0
Branch_4,2025-10-08,9.570585649803814,0,2,10,0,0,67.76830757693207,3.1380136317046805,0
Branch_4,2025-10-09,6.938299444276999,0,3,10,0,0,67.65870295749285,4.206935546828561,0
Branch_4,2025-10-10,6.833449022355698,0,4,10,0,1,49.682700028486934,4.700630694926078,0
Branch_4,2025-10-11,5.382981462583608,0,5,10,1,0,49.46827551116864,3.7713359463384646,0
Branch_4,2025-10-12,7.767926235534905,0,6,10,1,0,54.213490364662384,3.493112550956921,0
Branch_4,2025-10-13,6.8062036954466345,0,0,10,0,0,64.7515507468065,4.905904109259735,0
Branch_4,2025-10-14,1.7354127374842907,0,1,10,0,0,64.37518606519555,3.575016991658646,0
Branch_4,2025-10-15,2.7844486269389703,0,2,10,0,1,60.08376282670424,3.3132682609661948,0
Branch_4,2025-10-16,4.995367767744513,0,3,10,0,0,59.11317195383933,4.407834633397916,0
Branch_4,2025-10-17,1.287874096178732,0,4,10,0,0,61.10430874212526,3.7495087653871915,0
Branch_4,2025-10-18,6.68505984004789,0,5,10,1,1,68.39010876253022,4.72881098822373,0
Branch_4,2025-10-19,0.242171195806268,0,6,10,1,0,54.457482509115124,4.419380994828476,0
Branch_4,2025-10-20,2.0339875277664508,0,0,10,0,0,61.462738469720456,4.443115792964339,0
Branch_4,2025-10-21,-0.2067327073992633,0,1,10,0,0,62.325479668509196,4.63246796019923,0
Branch_4,2025-10-22,5.705488148449724,0,2,10,0,0,49.48456662587119,4.992161849601852,0
Branch_4,2025-10-23,6.18762167039418,0,3,10,0,0,69.35036772260798,3.2778503743741556,0
Branch_4,2025-10-24,9.629751159628372,0,4,10,0,0,75.5623445896911,3.3342809242326537,0
Branch_4,2025-10-25,0.9431662715606279,0,5,10,1,0,59.33683152167036,3.0243709892778616,0
Branch_4,2025-10-26,11.419939115557177,0,6,10,1,1,37.38309662446524,3.0527442480095512,0
Branch_4,2025-10-27,5.694232736263643,0,0,10,0,0,69.72776944700885,3.1824123797026105,1
Branch_4,2025-10-28,8.513159277097838,0,1,10,0,0,69.08813429109459,3.7415277221310577,0
Branch_4,2025-10-29,1.046014828753835,0,2,10,0,1,70.94308462908492,3.997540199881291,0
Branch_4,2025-10-30,1.032019742811988,0,3,10,0,0,52.99994954262579,3.0923465494230156,0
Branch_4,2025-10-31,4.823310713684303,0,4,10,0,0,62.06943813856033,3.586569451169372,0
Branch_4,2025-11-01,0.9620243959318717,0,5,11,1,0,44.080447443645205,4.1568852769463325,0
Branch_4,2025-11-02,-1.4105130010139675,0,6,11,1,1,64.35403845050973,4.9739218285133955,0
Branch_4,2025-11-03,21.60650352201501,0,0,11,0,0,64.8588120171721,4.460520376700529,0
Branch_4,2025-11-04,3.472722441253249,0,1,11,0,0,70.70743975126692,4.868298182910075,0
Branch_4,2025-11-05,12.305121943188615,0,2,11,0,0,80.52584426793781,3.729025754124014,0
Branch_4,2025-11-06,3.0132632755398623,0,3,11,0,1,45.033407920139155,4.077860094933157,0
Branch_4,2025-11-07,8.00970584342707,0,4,11,0,0,74.0692911762807,3.4549849370287102,0
Branch_4,2025-11-08,12.88819891808272,0,5,11,1,0,63.01099730067402,3.8037839503823125,0
Branch_4,2025-11-09,13.509698823088723,0,6,11,1,1,49.036749412383685,4.486607633577667,0
Branch_4,2025-11-10,12.546847721441633,0,0,11,0,0,53.88390955685679,3.776204251822642,0
Branch_4,2025-11-11,7.6640197956278024,0,1,11,0,0,71.01662848884965,3.831926681348227,0
Branch_4,2025-11-12,7.839225352010954,0,2,11,0,0,49.14070895361028,3.7266047289097397,0
Branch_4,2025-11-13,8.186611420361302,1,3,11,0,0,45.58624931934584,4.13344260088617,0
Branch_4,2025-11-14,11.347866837857655,0,4,11,0,0,59.88715917301937,3.8101862456899167,0
Branch_4,2025-11-15,10.73775414698948,0,5,11,1,0,34.341611962639234,4.462422240944882,0
Branch_4,2025-11-16,16.891431745702768,0,6,11,1,0,69.58410734599808,3.3370104706680204,0
Branch_4,2025-11-17,3.112160603967628,0,0,11,0,0,68.34756277538779,4.6908133285339915,0
Branch_4,2025-11-18,13.084164237068995,0,1,11,0,0,76.80492679268629,3.4905157244162868,0
Branch_4,2025-11-19,19.81600570644401,0,2,11,0,1,73.13656039181573,4.465885662760631,0
Branch_4,2025-11-20,7.639324638626591,0,3,11,0,0,57.91087660994358,3.894900625124377,0
Branch_4,2025-11-21,17.17323681768665,0,4,11,0,0,63.30024681469364,4.412232897999346,0
Branch_4,2025-11-22,10.111593201171734,0,5,11,1,0,47.05550437484911,3.2042827537348284,0
Branch_4,2025-11-23,22.304530946224585,0,6,11,1,0,62.39943277741501,3.2998913125246268,0
Branch_4,2025-11-24,5.447423717240949,0,0,11,0,0,52.09357361315095,4.358316242395013,1
Branch_4,2025-11-25,11.575251156642071,0,1,11,0,0,60.05530264228154,4.945740833034198,0
Branch_4,2025-11-26,16.580483408960184,0,2,11,0,0,67.08900043670666,3.154983317884659,0
Branch_4,2025-11-27,7.12464696184834,0,3,11,0,0,62.26416777704415,4.9122607561077265,0
Branch_4,2025-11-28,13.379072237101159,0,4,11,0,0,62.64471258100624,3.5121434135963714,0
Branch_4,2025-11-29,9.021865418026316,0,5,11,1,0,34.83101724894334,3.3647137279166746,0
Branch_4,2025-11-30,13.89331405110558,0,6,11,1,0,70.23313580356933,4.293535461937175,0
Branch_4,2025-12-01,5.539358934386439,0,0,12,0,0,64.9857102128742,3.9113994798007594,0
Branch_4,2025-12-02,10.086518033038592,1,1,12,0,0,72.44161241927044,3.9803594694470457,0
Branch_4,2025-12-03,13.060586229396842,0,2,12,0,1,53.92501078106313,4.514149336226644,0
Branch_4,2025-12-04,11.818074521163263,0,3,12,0,0,65.5792227728695,4.208049613488075,0
Branch_4,2025-12-05,8.60090145632771,0,4,12,0,0,70.19153566387044,3.4138429077774646,0
Branch_4,2025-12-06,12.424306571857585,0,5,12,1,0,66.76296904541195,4.798298249099777,0
Branch_4,2025-12-07,20.954680332487907,0,6,12,1,1,51.1953344676938,3.169227275707859,0
Branch_4,2025-12-08,19.51044580056566,0,0,12,0,0,62.07394758876348,3.01666293832216,0
Branch_4,2025-12-09,11.321212044638182,0,1,12,0,0,52.274052785310026,3.86099585059839,0
Branch_4,2025-12-10,16.30082672659156,0,2,12,0,0,60.93346222568574,4.583146017675574,0
Branch_4,2025-12-11,13.95696152271138,0,3,12,0,0,64.83767033023618,4.607493173105257,0
Branch_4,2025-12-12,10.504229104311381,0,4,12,0,0,74.83562022269886,3.358251282666111,0
Branch_4,2025-12-13,11.075052893990968,0,5,12,1,1,44.752896945645325,3.1637726166468285,0
Branch_4,2025-12-14,16.119069644597058,0,6,12,1,1,59.14480513084273,4.46435519003073,0
Branch_4,2025-12-15,22.545952102129398,0,0,12,0,1,54.480929960009945,3.7468793338249125,0
Branch_4,2025-12-16,22.331958713513455,0,1,12,0,0,58.83965425965028,4.816655474201472,0
Branch_4,2025-12-17,8.109900147071645,0,2,12,0,0,48.631441212445026,4.216222410189727,0
Branch_4,2025-12-18,7.132467947224184,0,3,12,0,0,68.21226831778552,4.306987245292757,0
Branch_4,2025-12-19,16.156921579338572,0,4,12,0,0,65.94275021018288,3.4950568874583525,0
Branch_4,2025-12-20,21.697503774112104,0,5,12,1,0,79.85764391170571,3.821661847399432,0
Branch_4,2025-12-21,22.876869102692794,0,6,12,1,0,53.571023973074304,3.2373659233714207,0
Branch_4,2025-12-22,24.20332954745796,0,0,12,0,0,75.87314333316958,4.640280814157381,0
Branch_4,2025-12-23,16.60417049882446,0,1,12,0,0,66.84750548106491,3.2182490414748415,0
Branch_4,2025-12-24,15.385681109560828,0,2,12,0,0,60.873798654741314,3.529164445107795,0
Branch_4,2025-12-25,26.343433566075902,0,3,12,0,0,42.682816062836544,4.999725053494443,0
Branch_4,2025-12-26,25.156669949947215,0,4,12,0,0,63.542765711941314,3.936373908716214,0
Branch_4,2025-12-27,18.11994829491157,0,5,12,1,0,51.513414817667076,3.377996709902275,0
Branch_4,2025-12-28,10.024604458436077,0,6,12,1,0,61.33974852032292,4.988608494027275,0
Branch_4,2025-12-29,14.828450671951387,0,0,12,0,1,55.00108237643837,3.020480377982819,0
Branch_4,2025-12-30,25.438796534137133,0,1,12,0,0,54.40163332308182,4.231850238714759,0
Branch_4,2025-12-31,12.850618106662779,0,2,12,0,0,71.18255465453755,4.97509209791489,0
Branch_4,2026-01-01,24.759897246444574,0,3,1,0,0,68.7938548385948,3.688545669428715,0
Branch_4,2026-01-02,16.12335832870666,0,4,1,0,0,57.92684156497415,4.225400800145998,0
Branch_4,2026-01-03,23.94948077548274,1,5,1,1,0,76.93906410822926,3.068061412622277,0
Branch_4,2026-01-04,23.84436341047394,0,6,1,1,0,65.369070999531,4.62440680317147,0
Branch_4,2026-01-05,14.95510570059757,0,0,1,0,0,59.66510727660931,3.2813952688752535,0
Branch_4,2026-01-06,24.336906291061936,0,1,1,0,0,70.64086988818175,3.352311990735308,0
Branch_4,2026-01-07,23.441718471169466,0,2,1,0,0,66.38013013638503,3.2848419926188326,0
Branch_4,2026-01-08,15.847326915344254,1,3,1,0,0,57.45353725308101,3.1969987698912714,0
Branch_4,2026-01-09,21.218813762857593,0,4,1,0,0,65.79383652433876,4.785250672721423,0
Branch_4,2026-01-10,26.299576192362334,0,5,1,1,0,49.814970358499195,3.1412197749942417,0
Branch_4,2026-01-11,23.008430999723817,0,6,1,1,0,63.79484844472929,4.957346192896793,0
Branch_4,2026-01-12,27.999803576209857,0,0,1,0,0,56.813297487347725,3.886953798420323,0
Branch_4,2026-01-13,32.79580929722422,0,1,1,0,0,42.42030948931795,4.96726113941107,0
Branch_4,2026-01-14,29.123848119380444,0,2,1,0,0,74.54017490438916,3.997197120541819,0
Branch_4,2026-01-15,19.220483046770212,0,3,1,0,0,58.33093024364534,4.957910758305203,0
Branch_4,2026-01-16,17.2856734413961,0,4,1,0,0,63.516915428737434,3.814573208760549,0
Branch_4,2026-01-17,26.095628539550454,0,5,1,1,0,73.31319998544568,3.6766197378743675,1
Branch_4,2026-01-18,30.231310536278805,0,6,1,1,0,43.802837900005635,4.0896759663908995,0
Branch_4,2026-01-19,20.055220979862693,0,0,1,0,0,69.96843818306755,4.047977677155414,0
Branch_4,2026-01-20,25.393731074159167,0,1,1,0,0,71.77444262304257,4.059878297647444,0
Branch_4,2026-01-21,20.07723034623789,0,2,1,0,1,70.10026195636215,3.890417977688254,0
Branch_4,2026-01-22,25.842486323207094,0,3,1,0,1,64.38627206782822,3.0110631230246803,0
Branch_4,2026-01-23,35.906797056612405,0,4,1,0,0,48.304326292011005,3.688404018437991,0
Branch_4,2026-01-24,22.972768203882836,0,5,1,1,1,49.34740307280087,4.277354083533765,0
Branch_4,2026-01-25,24.26189907846395,0,6,1,1,0,69.33598381705843,4.130092092646198,0
Branch_4,2026-01-26,16.388158103726205,0,0,1,0,0,58.291620574614086,3.9125858335538855,0
Branch_4,2026-01-27,25.79307529288883,0,1,1,0,1,69.81878412984342,3.9589986850701804,1
Branch_4,2026-01-28,26.07033568320455,0,2,1,0,0,46.68856907494142,3.4088492080207997,0
Branch_4,2026-01-29,32.3257246251075,0,3,1,0,0,52.34771443776044,3.310944797111709,0
Branch_4,2026-01-30,20.7968374617812,0,4,1,0,0,53.07317954362006,3.278777005473012,0
Branch_4,2026-01-31,26.90165966562953,0,5,1,1,0,58.84248717163986,4.281324516411059,0
Branch_4,2026-02-01,27.414217769395236,0,6,2,1,1,77.16438633645227,3.7958936092540068,0
Branch_4,2026-02-02,21.116033082525306,0,0,2,0,0,47.96031108441826,4.007075199221834,0
Branch_4,2026-02-03,38.44570527423256,0,1,2,0,0,68.67213766220866,3.7370225484785635,0
Branch_4,2026-02-04,25.114361664173003,0,2,2,0,1,49.91199699790494,3.9779175473277766,0
Branch_4,2026-02-05,24.94586061512362,0,3,2,0,0,56.19612511542113,4.585191872453564,0
Branch_4,2026-02-06,34.20715604196675,0,4,2,0,1,38.66331898249848,3.405774101140707,0
Branch_4,2026-02-07,34.218830810342375,0,5,2,1,0,56.153736608650874,3.8198306905765875,0
Branch_4,2026-02-08,29.354005597850893,0,6,2,1,0,51.56878888394965,3.180381482323215,0
Branch_4,2026-02-09,29.709157874097098,0,0,2,0,0,61.42515667994405,3.9258354257762673,1
Branch_4,2026-02-10,22.138715360393768,0,1,2,0,0,71.38982996676964,4.524353612852849,0
Branch_4,2026-02-11,28.380726247255282,1,2,2,0,0,64.391360920271,3.363713334365163,0
Branch_4,2026-02-12,25.278065045853726,0,3,2,0,0,68.41710216805177,3.896149469120985,0
Branch_4,2026-02-13,26.478440300784722,0,4,2,0,1,39.36752532539761,3.5177351759905333,0
Branch_4,2026-02-14,23.640182726317807,0,5,2,1,0,64.58355661959158,3.141079228055059,0
Branch_4,2026-02-15,24.879905694521106,0,6,2,1,1,65.8454133990707,3.7443436193967896,0
Branch_4,2026-02-16,28.257407432302927,0,0,2,0,0,53.25674789353207,4.692340340706735,0
Branch_4,2026-02-17,29.06452533302345,0,1,2,0,0,59.68922345307358,4.466885585402811,0
Branch_4,2026-02-18,31.59802859720196,0,2,2,0,0,71.87173968233496,3.6762441601963056,0
Branch_4,2026-02-19,33.79534662114041,0,3,2,0,1,69.92345676625939,4.288576202074202,0
Branch_4,2026-02-20,27.927406982011536,0,4,2,0,0,65.4266800667088,3.078450344574196,0
Branch_4,2026-02-21,23.03769029825397,0,5,2,1,1,72.39984908458742,4.377198659363816,0
Branch_4,2026-02-22,36.43212110655163,0,6,2,1,1,58.92896809859,3.7514314730641196,0
Branch_4,2026-02-23,34.731922454994645,0,0,2,0,0,71.09137808875532,3.3239093895023397,0
Branch_4,2026-02-24,19.833136450796815,0,1,2,0,0,75.19698451623145,4.645809847546133,0
Branch_4,2026-02-25,32.23820940031215,0,2,2,0,0,59.76719939881223,4.629723273602302,0
Branch_4,2026-02-26,35.71499556581133,0,3,2,0,0,66.24736855258318,3.106788738971056,0
Branch_4,2026-02-27,29.289099700076175,0,4,2,0,0,57.84714888217401,3.1154548413199112,0
Branch_4,2026-02-28,28.432148340204847,0,5,2,1,0,55.93630964651509,4.968086466922425,1
Branch_4,2026-03-01,25.364350601696454,1,6,3,1,1,68.28813803361898,4.236628934530698,0
Branch_4,2026-03-02,30.939634930320413,0,0,3,0,0,66.47185129177933,3.6366840281009147,0
Branch_4,2026-03-03,33.40717042995568,0,1,3,0,0,59.42170452612433,3.89038283043936,0
Branch_4,2026-03-04,30.5569510343192,0,2,3,0,0,58.11085268652437,3.793494944507596,0
Branch_4,2026-03-05,36.740469667398685,1,3,3,0,0,82.9649923540734,4.971908704638386,0
Branch_4,2026-03-06,38.72355305822206,0,4,3,0,0,77.13599951610445,4.817480646869491,0
Branch_4,2026-03-07,31.077617321092145,0,5,3,1,1,57.713676635205516,4.3977377396418404,0
Branch_4,2026-03-08,43.81174182395371,0,6,3,1,1,68.3762615029918,3.8255516237414455,0
Branch_4,2026-03-09,36.521183271441956,1,0,3,0,0,71.93598584495703,3.0071291145459482,0
Branch_4,2026-03-10,34.13105500103186,0,1,3,0,0,54.02281099481516,3.199942823601986,0
Branch_4,2026-03-11,29.09807488425796,0,2,3,0,0,62.22154404125013,4.568292231294387,0
Branch_4,2026-03-12,37.997615007567035,0,3,3,0,0,69.52000594360446,4.629165783682021,0
Branch_4,2026-03-13,34.279419158776065,0,4,3,0,0,66.8725362105701,4.854250671758876,0
Branch_4,2026-03-14,26.81573241031844,0,5,3,1,0,66.26908448182058,4.6097054479027495,0
Branch_4,2026-03-15,28.239096483700195,0,6,3,1,0,60.74200234307525,4.954822318731585,0
Branch_4,2026-03-16,34.49107135586632,0,0,3,0,0,61.663991630498046,3.69410697541461,0
Branch_4,2026-03-17,38.97344129525216,0,1,3,0,0,57.47775790877282,3.1059548630113305,0
Branch_4,2026-03-18,27.448567958525523,0,2,3,0,0,58.98420671708623,3.266396663241191,0
Branch_4,2026-03-19,39.19924898243806,0,3,3,0,0,48.01190139657571,3.0164221261565842,0
Branch_4,2026-03-20,34.43737037064164,0,4,3,0,0,62.152544651242444,4.8859166083660375,0
Branch_4,2026-03-21,29.82052337605694,1,5,3,1,0,64.97724606009233,4.908655682953954,0
Branch_4,2026-03-22,32.66938830437412,0,6,3,1,0,64.60253223919798,3.978189578617907,0
Branch_4,2026-03-23,32.79761464205263,0,0,3,0,0,83.75772314735896,4.257108792963582,0
Branch_4,2026-03-24,31.935278385467655,0,1,3,0,0,42.14902768446113,4.544981979677182,0
Branch_4,2026-03-25,39.009431289539904,0,2,3,0,0,60.93128293586881,3.2333102266760045,0
Branch_4,2026-03-26,39.35811417785815,0,3,3,0,0,57.231749128996256,3.068342780215236,0
Branch_4,2026-03-27,39.07174242519429,0,4,3,0,0,70.46850761326823,4.117968580740196,0
Branch_4,2026-03-28,30.630375132712885,0,5,3,1,0,51.01093701005172,4.7608564523505,0
Branch_4,2026-03-29,34.81616125639497,0,6,3,1,0,52.62371634156369,4.0712945520600545,0
Branch_4,2026-03-30,28.338056573352258,1,0,3,0,0,50.756581092972,3.937699009045394,0
Branch_4,2026-03-31,33.35793394659331,0,1,3,0,1,61.30188903208453,3.1924545378653555,0
Branch_4,2026-04-01,28.331813620300903,0,2,4,0,0,51.237415707612506,4.999514723815722,0
Branch_4,2026-04-02,40.07984238420744,0,3,4,0,0,75.46412100983578,4.583534786731827,0
Branch_4,2026-04-03,31.731042814584264,1,4,4,0,0,65.2393304392105,4.065253447656417,0
Branch_4,2026-04-04,35.70813026076453,1,5,4,1,1,58.56694274877563,4.548111678016071,0
Branch_4,2026-04-05,38.74766425559045,0,6,4,1,0,55.0751169300414,4.690686801710055,0
Branch_4,2026-04-06,37.312293587041566,0,0,4,0,0,61.127431520845974,4.110192030327576,0
Branch_4,2026-04-07,31.595399842918397,0,1,4,0,0,61.79032968314637,3.2997557759442735,0
Branch_4,2026-04-08,34.060942840758344,0,2,4,0,1,56.602070271958794,4.544289220577087,0
Branch_4,2026-04-09,42.0144958774864,0,3,4,0,0,56.77689659576172,3.67388179811097,0
Branch_4,2026-04-10,33.43606258925132,0,4,4,0,0,47.586054033050495,3.563641940195068,0
Branch_4,2026-04-11,23.99098669859687,0,5,4,1,1,57.09630662089581,4.011985126510464,0
Branch_4,2026-04-12,35.4292565965616,0,6,4,1,1,68.58247328845617,4.822342512245616,0
Branch_4,2026-04-13,39.26147844458336,0,0,4,0,0,61.07725627259881,4.541613386084958,0
Branch_4,2026-04-14,37.662119657673486,1,1,4,0,1,66.21258253518987,4.577196762294524,0
Branch_4,2026-04-15,32.89925620282786,0,2,4,0,0,44.98418282133639,4.50653884832664,0
Branch_4,2026-04-16,41.83418683053663,0,3,4,0,1,57.55757909468093,4.536204359451968,0
Branch_4,2026-04-17,33.04447581333297,0,4,4,0,0,65.6110608992769,4.607377264824539,0
Branch_4,2026-04-18,38.00310701884951,0,5,4,1,0,48.79478281203843,4.457107185170139,0
Branch_4,2026-04-19,33.586374987506204,0,6,4,1,0,60.52592822181282,4.160930105795044,0
Branch_4,2026-04-20,34.30801937619576,0,0,4,0,0,63.20378009300521,4.023424458432112,0
Branch_4,2026-04-21,40.679331652366535,0,1,4,0,0,54.69062831690012,4.6062799898597255,0
Branch_4,2026-04-22,30.72592155646504,0,2,4,0,0,68.96857821901,4.18725911312683,0
Branch_4,2026-04-23,24.401104935902495,0,3,4,0,0,59.82665350415319,3.3901515416740455,0
Branch_4,2026-04-24,33.183708493177974,0,4,4,0,0,76.38116132883421,3.898180926270677,0
Branch_4,2026-04-25,37.06000829148269,0,5,4,1,0,41.39613308353158,3.2717670858227113,0
Branch_4,2026-04-26,34.503336864443035,0,6,4,1,0,74.31063785989274,3.753755995328508,0
Branch_4,2026-04-27,32.09687714828763,0,0,4,0,0,45.80697071448874,3.3004962999400957,0
Branch_4,2026-04-28,30.798539119770993,0,1,4,0,0,52.88283880695985,4.367485565422106,1
Branch_4,2026-04-29,39.06212382784515,0,2,4,0,0,59.314526126598075,3.0537113669812603,0
Branch_4,2026-04-30,38.124177760993696,0,3,4,0,1,54.09618106079228,4.093972753395693,0
Branch_4,2026-05-01,38.96243870223903,0,4,5,0,0,82.0674215473819,3.8873441309576253,0
Branch_4,2026-05-02,38.10121141273128,0,5,5,1,0,44.460606443700755,3.1131067718740404,0
Branch_4,2026-05-03,31.129538768100335,0,6,5,1,1,49.26314934019311,4.724800850119162,0
Branch_4,2026-05-04,24.353926343175168,0,0,5,0,1,56.08564424114148,4.383507421156812,0
Branch_4,2026-05-05,25.74937093418649,1,1,5,0,0,52.60550832551975,3.5792447730700214,0
Branch_4,2026-05-06,37.949375547898384,1,2,5,0,0,67.77558559216094,4.8591822347241465,0
Branch_4,2026-05-07,33.51901486310363,0,3,5,0,1,70.28087977948584,4.198656658940612,0
Branch_4,2026-05-08,36.605418169074966,0,4,5,0,0,47.89508700215215,4.641695060086129,0
Branch_4,2026-05-09,30.26920836401453,1,5,5,1,0,62.9454751574338,3.0376562459023564,0
Branch_4,2026-05-10,39.093089486341064,0,6,5,1,0,61.91958525407248,3.5739440933910878,0
Branch_4,2026-05-11,36.33168466410929,1,0,5,0,0,57.032854611530965,3.6868214292501107,0
Branch_4,2026-05-12,28.430462501834498,0,1,5,0,0,51.03152668840235,3.2385759458449943,1
Branch_4,2026-05-13,31.548956492035426,0,2,5,0,0,44.783943348392725,4.351198953731934,0
Branch_4,2026-05-14,31.00090170189755,0,3,5,0,0,49.296119884740875,3.554806856988466,0
Branch_4,2026-05-15,34.0563185584802,0,4,5,0,0,44.29178710058278,4.308523220480977,0
Branch_4,2026-05-16,27.166602539542527,0,5,5,1,0,64.42305223108181,4.8640469129755015,0
Branch_4,2026-05-17,31.088825945907224,1,6,5,1,0,62.24869139915757,4.183576657446247,1
Branch_4,2026-05-18,28.879854976450652,0,0,5,0,0,61.22444231634175,3.739700221308966,0
Branch_4,2026-05-19,41.557954652799886,0,1,5,0,1,67.54637342921782,3.4623075021049283,0
Branch_4,2026-05-20,27.405933865206293,1,2,5,0,0,49.04681825778844,4.355415675552061,0
Branch_4,2026-05-21,36.84777688244307,0,3,5,0,0,64.7896297116518,4.143841829102842,0
Branch_4,2026-05-22,32.452279418530786,0,4,5,0,0,64.7580051825382,4.534757309334614,0
Branch_4,2026-05-23,31.64606676677665,0,5,5,1,0,51.226190790276085,4.694260508948346,0
Branch_4,2026-05-24,28.589792760021215,0,6,5,1,1,62.26751326959163,4.424257292700063,0
Branch_4,2026-05-25,29.693592053935053,0,0,5,0,1,55.39430657963896,3.897112236362734,0
Branch_4,2026-05-26,27.39628960588335,0,1,5,0,0,63.80493262773435,3.1804046535817188,0
Branch_4,2026-05-27,20.976537664149397,0,2,5,0,0,66.01099556261805,3.209305982296166,0
Branch_4,2026-05-28,26.79478737948802,0,3,5,0,0,65.83174543924169,3.536020190904154,0
Branch_4,2026-05-29,26.849356918963124,0,4,5,0,1,56.80605001050031,4.686335046722317,0
Branch_4,2026-05-30,24.55130442407051,0,5,5,1,0,47.5059534612943,4.341931746428341,0
Branch_4,2026-05-31,37.53860324099229,0,6,5,1,1,75.01366668981782,4.788448034139405,0
Branch_4,2026-06-01,28.59317988191217,0,0,6,0,0,58.82320898689286,3.9910937765305583,0
Branch_4,2026-06-02,26.8785708861905,1,1,6,0,0,55.23399600097789,3.8473754597398346,0
Branch_4,2026-06-03,34.372464994752896,0,2,6,0,0,65.54790613999036,4.109720610620513,0
Branch_4,2026-06-04,18.450174474750092,0,3,6,0,0,72.24019610301168,3.218575283303762,0
Branch_4,2026-06-05,24.105374707014796,0,4,6,0,1,56.920815554682626,3.338486506052022,0
Branch_4,2026-06-06,36.21590725824851,0,5,6,1,0,48.41719164655623,3.6966877581418522,0
Branch_4,2026-06-07,22.456877981127136,0,6,6,1,0,63.644451876308324,3.946362973625894,0
Branch_4,2026-06-08,27.10800297112759,0,0,6,0,0,52.810361855805404,3.097948224923183,0
Branch_4,2026-06-09,22.440527837563504,0,1,6,0,0,61.99814273944991,4.318857509389981,0
Branch_5,2025-10-03,5.333440708409218,0,4,10,0,1,76.71340006112675,3.2816573881405886,0
Branch_5,2025-10-04,4.403848230793344,1,5,10,1,0,52.37629238043954,3.8119666221181343,0
Branch_5,2025-10-05,1.6788983299951759,0,6,10,1,1,32.86355020999733,4.873265251949774,0
Branch_5,2025-10-06,7.066013443920362,0,0,10,0,0,75.25894070753426,4.918466469419895,0
Branch_5,2025-10-07,13.615052200360093,0,1,10,0,0,58.63029653758082,4.727722399076663,0
Branch_5,2025-10-08,2.5998356544152945,0,2,10,0,1,52.82468272129965,4.503651123095488,0
Branch_5,2025-10-09,5.3309284972902535,1,3,10,0,0,56.162697041834804,3.7624790082320976,0
Branch_5,2025-10-10,4.316902406661693,0,4,10,0,0,61.451517453290265,3.6047176107293484,0
Branch_5,2025-10-11,-4.028403968850599,0,5,10,1,0,46.73563486271729,3.6519187873674213,0
Branch_5,2025-10-12,15.060739465446968,0,6,10,1,1,43.91038987544305,4.378827955356398,0
Branch_5,2025-10-13,7.807588944156944,0,0,10,0,0,58.40306001628911,4.927968062348262,0
Branch_5,2025-10-14,3.2857496691622576,0,1,10,0,0,56.76333701381025,3.311968440199057,0
Branch_5,2025-10-15,0.4275302033249604,0,2,10,0,0,52.33720800240695,4.967215176865507,0
Branch_5,2025-10-16,14.803366860633995,1,3,10,0,1,53.4079968827606,3.1624234008461207,0
Branch_5,2025-10-17,2.3747180378562374,1,4,10,0,1,71.8974736640699,3.0792239916529294,0
Branch_5,2025-10-18,11.609962769213848,0,5,10,1,1,56.65568667374484,3.4785590552236023,0
Branch_5,2025-10-19,5.152229669477176,0,6,10,1,0,67.12503773413864,3.849440797690427,0
Branch_5,2025-10-20,-2.174248544392805,0,0,10,0,0,49.8858936664242,3.8574618808593213,0
Branch_5,2025-10-21,10.054339580001166,0,1,10,0,0,58.23577171500173,3.4020550796120856,0
Branch_5,2025-10-22,1.8067507367759248,0,2,10,0,0,58.9700201564851,3.0912016839578946,0
Branch_5,2025-10-23,12.627547389793413,0,3,10,0,0,53.33045585730387,4.471891552294409,0
Branch_5,2025-10-24,2.9023051199495193,0,4,10,0,0,69.70682772111569,4.058886833200031,0
Branch_5,2025-10-25,10.147761660858777,0,5,10,1,1,76.94002000061158,4.413956393864959,0
Branch_5,2025-10-26,12.685601243095984,0,6,10,1,0,59.82313383979569,4.519091416040892,0
Branch_5,2025-10-27,7.594127758254233,0,0,10,0,0,71.24701984975108,3.86325581237406,0
Branch_5,2025-10-28,-3.2275098378905174,0,1,10,0,0,59.85082404025919,4.532578660390093,0
Branch_5,2025-10-29,7.428398514439485,0,2,10,0,1,45.83352454231178,4.26153155086654,0
Branch_5,2025-10-30,2.879247616175646,0,3,10,0,0,45.78121223746406,4.492973207591911,0
Branch_5,2025-10-31,10.420007703202069,1,4,10,0,1,70.27736662388368,3.040891111288443,0
Branch_5,2025-11-01,15.295390468551226,1,5,11,1,0,73.9971143211092,3.0180592172603196,0
Branch_5,2025-11-02,11.197069223548276,0,6,11,1,0,53.21739038236456,4.325821843626018,0
Branch_5,2025-11-03,5.317100405155083,0,0,11,0,0,61.354465337693284,4.445619914771685,0
Branch_5,2025-11-04,1.8447886779608567,0,1,11,0,0,45.35623373212509,3.4713710249101513,0
Branch_5,2025-11-05,7.473194144986873,0,2,11,0,0,47.595408729006714,3.8829923932168597,0
Branch_5,2025-11-06,11.060067717570405,0,3,11,0,0,55.159757530135415,3.189531428264809,0
Branch_5,2025-11-07,10.403593066341319,0,4,11,0,0,42.296786832348126,3.466903135608711,0
Branch_5,2025-11-08,14.82274472997765,0,5,11,1,0,43.13370268231375,4.133487871043222,0
Branch_5,2025-11-09,1.8950526572896544,0,6,11,1,0,51.383946981816564,4.201711232184575,0
Branch_5,2025-11-10,11.784426394330449,0,0,11,0,0,64.7149522459557,3.965674762186659,0
Branch_5,2025-11-11,12.695662412612412,0,1,11,0,0,62.44658071652886,3.3480731622378186,0
Branch_5,2025-11-12,7.4172999350232,0,2,11,0,0,41.78427172864464,3.4299032114637527,0
Branch_5,2025-11-13,10.236958125233002,0,3,11,0,0,56.24308877440363,4.4770445820588165,0
Branch_5,2025-11-14,15.380001854360057,0,4,11,0,0,75.03807842301539,4.138622420346184,0
Branch_5,2025-11-15,8.401068825773262,0,5,11,1,1,47.09840617355578,3.823868362441832,0
Branch_5,2025-11-16,3.986567094493422,0,6,11,1,0,60.765852652854115,3.5668265947668027,0
Branch_5,2025-11-17,7.10532748579787,0,0,11,0,1,62.33721818184833,4.8748866964825694,1
Branch_5,2025-11-18,10.685688181201314,0,1,11,0,0,75.25331353017911,4.457968236715024,0
Branch_5,2025-11-19,12.897059025285214,0,2,11,0,0,57.712334221187184,3.171238853596674,1
Branch_5,2025-11-20,6.739241089018299,0,3,11,0,0,65.18077542420146,4.185193352348135,0
Branch_5,2025-11-21,14.778645924370812,0,4,11,0,1,69.05310812221647,4.207340256030201,0
Branch_5,2025-11-22,13.036795739910572,0,5,11,1,0,47.18241734571891,3.6113744692041765,0
Branch_5,2025-11-23,11.790047155669612,0,6,11,1,1,52.90279576364466,4.318638322189392,0
Branch_5,2025-11-24,16.555087674580026,0,0,11,0,0,57.70215636162717,4.9321862269683265,0
Branch_5,2025-11-25,8.686150101011696,0,1,11,0,1,50.790903279781006,4.50900765153169,0
Branch_5,2025-11-26,9.504088180578021,0,2,11,0,0,64.51975636896877,4.656588240395479,0
Branch_5,2025-11-27,17.227239426316537,0,3,11,0,0,56.80568705816026,3.0364788417805624,0
Branch_5,2025-11-28,12.067795282887953,0,4,11,0,0,58.67104493263027,3.454723049792887,0
Branch_5,2025-11-29,14.070807713474661,0,5,11,1,0,61.09628040379988,3.928407029614174,0
Branch_5,2025-11-30,16.389388762985416,0,6,11,1,0,67.89748457918745,3.0828120086650816,0
Branch_5,2025-12-01,9.148913086641532,0,0,12,0,0,57.88927122638663,3.393105216945623,0
Branch_5,2025-12-02,8.973670999673736,0,1,12,0,0,78.72531936254983,3.7104346591733224,0
Branch_5,2025-12-03,23.482455940874253,0,2,12,0,0,72.84915705587261,4.737930917060499,0
Branch_5,2025-12-04,12.774391082185806,0,3,12,0,0,64.19514942279211,4.659567115287702,0
Branch_5,2025-12-05,12.765160387061071,0,4,12,0,0,61.22725889719505,3.7062703583541676,0
Branch_5,2025-12-06,3.5236208617258438,0,5,12,1,0,52.291126868491084,4.457940393521315,0
Branch_5,2025-12-07,5.091563246626215,0,6,12,1,0,54.428094200782546,4.564841846418365,0
Branch_5,2025-12-08,14.2241719749988,0,0,12,0,0,63.83964180671427,4.91603805398005,0
Branch_5,2025-12-09,17.236841327405884,0,1,12,0,0,51.81221870167426,3.386033064031908,0
Branch_5,2025-12-10,16.660114781002086,0,2,12,0,0,38.75378466995231,4.295002654980642,0
Branch_5,2025-12-11,11.491886710869199,0,3,12,0,1,45.780628171076586,3.4200079422790344,0
Branch_5,2025-12-12,25.343297925729395,0,4,12,0,0,71.09570032011418,3.571140218917151,1
Branch_5,2025-12-13,21.838958417567905,0,5,12,1,0,50.5679160897771,3.7467943454314003,1
Branch_5,2025-12-14,14.796630678057264,0,6,12,1,0,67.8221575076638,3.8104646356914196,0
Branch_5,2025-12-15,21.901676418230174,0,0,12,0,0,84.08433797467804,4.970778606459749,0
Branch_5,2025-12-16,14.358647817842689,1,1,12,0,0,68.82785549368403,3.660775513590904,0
Branch_5,2025-12-17,14.452897894689835,0,2,12,0,0,59.00403689897895,4.26492367801957,0
Branch_5,2025-12-18,21.301640942123356,0,3,12,0,0,40.6843611021841,3.4763285226331906,0
Branch_5,2025-12-19,15.527691603574892,0,4,12,0,0,58.39573880943931,4.168075835885714,0
Branch_5,2025-12-20,25.53677397536758,0,5,12,1,0,51.67780458500469,4.841999143817448,0
Branch_5,2025-12-21,15.532284193044507,0,6,12,1,0,57.93888442753625,3.8715485240852647,0
Branch_5,2025-12-22,14.594853370325268,0,0,12,0,0,70.26254922973894,3.004333964221656,0
Branch_5,2025-12-23,15.165468863120463,1,1,12,0,0,69.69963771915927,3.2060511812151806,0
Branch_5,2025-12-24,16.802551553059118,0,2,12,0,0,57.73190291013647,4.000039348825476,0
Branch_5,2025-12-25,12.783563932507747,0,3,12,0,0,58.89597514205794,3.978855104936632,0
Branch_5,2025-12-26,23.24706215256372,0,4,12,0,0,53.99267570507166,3.4533644838840782,0
Branch_5,2025-12-27,23.720575145350974,0,5,12,1,0,71.34145876307488,3.078412568199693,0
Branch_5,2025-12-28,20.887850168714127,0,6,12,1,0,48.92751498834612,3.483883102427773,0
Branch_5,2025-12-29,21.916427446742325,1,0,12,0,0,68.86255064831829,4.492267593360548,0
Branch_5,2025-12-30,20.11809671597747,0,1,12,0,0,59.644264815938584,4.862780182203364,0
Branch_5,2025-12-31,12.586303876742024,0,2,12,0,0,63.155125110995506,3.1344882741388167,0
Branch_5,2026-01-01,10.568152455257378,0,3,1,0,0,51.226452311369044,4.76503901815185,0
Branch_5,2026-01-02,23.192664397217264,0,4,1,0,1,71.03665166590031,3.8246674428972116,0
Branch_5,2026-01-03,16.008267861061498,0,5,1,1,0,52.687597522332986,3.7711635700717245,0
Branch_5,2026-01-04,11.141338030836835,0,6,1,1,1,70.3615635390039,3.840610247771934,0
Branch_5,2026-01-05,18.694661147277145,0,0,1,0,0,65.17888728606125,3.2029672633170194,0
Branch_5,2026-01-06,25.322633470789622,1,1,1,0,0,70.84494759902174,3.523700117449862,0
Branch_5,2026-01-07,16.830385275846485,0,2,1,0,0,59.02272762332711,4.375396695236163,0
Branch_5,2026-01-08,23.820780835402495,0,3,1,0,0,55.08721029651944,4.279632279239223,0
Branch_5,2026-01-09,24.341866138909623,0,4,1,0,0,64.21549068014485,3.5195055665249764,0
Branch_5,2026-01-10,22.535953504094167,0,5,1,1,0,93.36025251325648,3.9320826541273046,0
Branch_5,2026-01-11,23.074322851833504,0,6,1,1,0,69.10696317954239,4.0102661791385295,0
Branch_5,2026-01-12,15.672284202950433,0,0,1,0,0,59.76053531543327,4.922517033400953,0
Branch_5,2026-01-13,29.885392652230372,0,1,1,0,0,57.64318531688899,3.298200317703812,0
Branch_5,2026-01-14,28.619266024120122,0,2,1,0,0,76.2140267600614,3.77855001967667,0
Branch_5,2026-01-15,19.331960969697732,0,3,1,0,0,53.51659514867961,3.5081445288760458,0
Branch_5,2026-01-16,19.05614696359936,0,4,1,0,0,70.64254602444309,3.930343532430747,0
Branch_5,2026-01-17,25.528965372028136,0,5,1,1,0,75.04018652849359,3.101261836393304,0
Branch_5,2026-01-18,26.895233269770937,0,6,1,1,0,49.1398123099042,3.965303896405998,0
Branch_5,2026-01-19,22.452036745563607,1,0,1,0,1,66.0903073899421,4.159399740906193,0
Branch_5,2026-01-20,27.784950939825183,0,1,1,0,0,62.307232341334675,4.215822338118613,1
Branch_5,2026-01-21,37.71787152355835,0,2,1,0,0,38.557545765740585,3.9776266572827774,0
Branch_5,2026-01-22,19.081073635096583,0,3,1,0,0,49.92093552464878,4.850549106835268,0
Branch_5,2026-01-23,27.552581204562983,0,4,1,0,0,64.03338805487675,4.052058532354307,1
Branch_5,2026-01-24,25.886193540544237,0,5,1,1,0,66.98033587810308,4.18302070286971,0
Branch_5,2026-01-25,25.52563100440141,1,6,1,1,0,59.21129084650247,4.08404932011991,0
Branch_5,2026-01-26,13.794096335488016,0,0,1,0,1,61.002257741017075,4.343874520387589,1
Branch_5,2026-01-27,29.396919358640925,0,1,1,0,0,72.83670075860512,4.664492855537436,0
Branch_5,2026-01-28,28.954524453539953,0,2,1,0,0,64.72249725070327,4.429545370336311,0
Branch_5,2026-01-29,22.54004887580683,0,3,1,0,0,60.02151439864666,3.635553574787754,0
Branch_5,2026-01-30,21.87670579587503,0,4,1,0,0,86.30530612360869,4.634060099159025,0
Branch_5,2026-01-31,27.188019164591477,0,5,1,1,0,78.91702677774997,4.747087019185463,0
Branch_5,2026-02-01,28.59293736816517,0,6,2,1,1,62.04480983529551,4.020162238164163,0
Branch_5,2026-02-02,27.257417029161914,1,0,2,0,1,41.09281772819134,4.04159294545207,0
Branch_5,2026-02-03,39.41752014751137,0,1,2,0,0,56.55057807920262,3.286004163292879,0
Branch_5,2026-02-04,29.373452169603883,1,2,2,0,0,52.727415492011104,3.397477290431601,0
Branch_5,2026-02-05,29.418495134948913,0,3,2,0,0,66.70197681856229,3.3108535596246402,0
Branch_5,2026-02-06,24.590479991459667,0,4,2,0,1,62.39110474361012,4.486664956596169,0
Branch_5,2026-02-07,27.587940053314416,0,5,2,1,0,65.20029872019207,3.126793479356783,0
Branch_5,2026-02-08,24.86049786571585,0,6,2,1,1,70.76957457314293,3.827992313078454,0
Branch_5,2026-02-09,37.31365500085929,0,0,2,0,0,58.59816465978455,3.5380939872729975,0
Branch_5,2026-02-10,34.70141119982254,0,1,2,0,0,68.22216824688444,4.766166024858744,0
Branch_5,2026-02-11,26.814612334798802,0,2,2,0,0,62.495261950141725,4.167887196845584,0
Branch_5,2026-02-12,36.808874212175354,0,3,2,0,0,62.05427814126664,3.2908182707591074,0
Branch_5,2026-02-13,35.15536608261967,0,4,2,0,0,76.11317324320184,3.9459538671439125,1
Branch_5,2026-02-14,28.56359638662493,0,5,2,1,0,32.286119351489184,4.221764490144359,0
Branch_5,2026-02-15,36.069767412118914,0,6,2,1,0,74.82751846064006,4.0249572334449,0
Branch_5,2026-02-16,26.200033124244744,0,0,2,0,0,70.13818817872428,3.643867361015455,0
Branch_5,2026-02-17,36.44790975374485,0,1,2,0,0,50.00385320584008,4.04194421577131,0
Branch_5,2026-02-18,26.871090007912997,0,2,2,0,0,54.46823097987171,3.2238855994322106,0
Branch_5,2026-02-19,32.79866778776596,0,3,2,0,1,66.12373647226073,3.7001244817536114,0
Branch_5,2026-02-20,40.502461358323174,0,4,2,0,0,61.771530043808845,4.935331555154787,0
Branch_5,2026-02-21,35.87375892298835,0,5,2,1,0,75.015494561385,3.485593683596078,0
Branch_5,2026-02-22,29.185209514280288,0,6,2,1,0,62.09544949162047,3.2915839990006126,0
Branch_5,2026-02-23,29.940125904186083,0,0,2,0,0,45.70851993911607,4.936780390418622,0
Branch_5,2026-02-24,37.74190826432884,0,1,2,0,0,60.88384391131455,3.393270316913391,1
Branch_5,2026-02-25,34.69506643272836,0,2,2,0,0,52.708674287970005,3.2575072484736647,1
Branch_5,2026-02-26,49.70233947443555,0,3,2,0,0,58.47695232657159,3.3140350237790126,1
Branch_5,2026-02-27,31.50870858316028,0,4,2,0,0,54.08646061181651,3.627823413481101,1
Branch_5,2026-02-28,28.064605427458947,0,5,2,1,0,70.60422188778897,4.841122734374698,0
Branch_5,2026-03-01,39.659501945093986,1,6,3,1,1,35.69990638411984,3.3632183009763197,0
Branch_5,2026-03-02,30.1771585749291,0,0,3,0,0,78.17457278601604,3.5795778238002485,0
Branch_5,2026-03-03,33.574032888314534,0,1,3,0,0,49.655973530848414,3.854706314797577,0
Branch_5,2026-03-04,34.213917594231944,0,2,3,0,0,63.640513434059855,4.938612190218911,0
Branch_5,2026-03-05,29.477521391708446,1,3,3,0,0,49.20564311114063,4.859279978280535,1
Branch_5,2026-03-06,31.322240007609214,0,4,3,0,0,79.3102717819627,4.659615475286983,0
Branch_5,2026-03-07,33.96604026866429,0,5,3,1,0,67.50830739270857,3.669696102338933,0
Branch_5,2026-03-08,32.929049283294304,0,6,3,1,0,38.98091554843436,4.544896158291904,0
Branch_5,2026-03-09,29.017976412311,0,0,3,0,0,64.68965069408793,4.511998566973399,0
Branch_5,2026-03-10,34.12444037546732,0,1,3,0,0,60.254233941850146,3.0636535428930243,0
Branch_5,2026-03-11,34.58865610729424,0,2,3,0,0,60.39222023096085,3.6118047583193107,0
Branch_5,2026-03-12,35.14755223115428,0,3,3,0,1,73.471847033172,4.496262754624046,0
Branch_5,2026-03-13,42.489680122343074,0,4,3,0,0,56.20994026182148,4.5904889292052,0
Branch_5,2026-03-14,32.279797983442464,0,5,3,1,0,74.89209880613085,3.4618925816406154,0
Branch_5,2026-03-15,35.09929248710414,0,6,3,1,0,60.45654018586036,4.911957175677037,0
Branch_5,2026-03-16,33.046748916351234,0,0,3,0,0,51.16973332672107,3.547231562674717,0
Branch_5,2026-03-17,32.91199782458039,0,1,3,0,0,63.604309789422814,3.7435842903956704,0
Branch_5,2026-03-18,32.29463058783461,0,2,3,0,1,33.93584760848093,4.971068284129252,0
Branch_5,2026-03-19,38.24394765724465,0,3,3,0,0,81.06726202304944,4.492390430283467,0
Branch_5,2026-03-20,39.99156715347971,0,4,3,0,1,78.74800031784964,4.774017816770302,0
Branch_5,2026-03-21,35.47487861071423,0,5,3,1,0,84.47266574201004,3.781978191135645,1
Branch_5,2026-03-22,38.4326464753087,0,6,3,1,0,55.27414756198574,3.4185982884436052,0
Branch_5,2026-03-23,40.648503276258964,0,0,3,0,1,80.60276781234342,4.489778822991657,0
Branch_5,2026-03-24,40.40850808897695,0,1,3,0,0,62.021205614822286,3.965591430811611,0
Branch_5,2026-03-25,33.45325634409073,1,2,3,0,0,67.18229642050102,3.6669257847298464,0
Branch_5,2026-03-26,34.829522130483234,0,3,3,0,0,35.84462285971413,4.871990181177262,0
Branch_5,2026-03-27,26.663512930084316,0,4,3,0,0,50.97914500475195,3.6452607817555034,0
Branch_5,2026-03-28,25.777825715751533,0,5,3,1,0,56.52068240936538,3.3989038857674276,0
Branch_5,2026-03-29,28.686164301269514,0,6,3,1,0,41.73235105079021,3.4338040800909537,0
Branch_5,2026-03-30,34.54686828377025,0,0,3,0,0,70.08661505164233,4.92507245492404,0
Branch_5,2026-03-31,28.33286722145676,0,1,3,0,0,62.43961570098624,4.964734631944199,0
Branch_5,2026-04-01,41.68714665321601,0,2,4,0,0,50.14286645103999,4.5966048227067535,0
Branch_5,2026-04-02,39.70691422738658,0,3,4,0,0,65.39223410911764,4.8056855230992,0
Branch_5,2026-04-03,37.23586616253464,0,4,4,0,1,70.94546725060549,3.3880338270458648,0
Branch_5,2026-04-04,32.45795469333982,0,5,4,1,1,50.641300500645464,3.760750183429141,0
Branch_5,2026-04-05,29.441572530071596,0,6,4,1,1,57.53908133927695,4.547780711356546,0
Branch_5,2026-04-06,36.28155374626125,0,0,4,0,0,62.933164615515125,3.6095126185760473,0
Branch_5,2026-04-07,33.49526078137641,0,1,4,0,0,62.05053650817881,3.3252721464045765,0
Branch_5,2026-04-08,36.40130724011702,0,2,4,0,0,64.19490695199549,4.9261972451250955,0
Branch_5,2026-04-09,27.352810251638772,0,3,4,0,0,53.29520439565197,4.84465341836937,0
Branch_5,2026-04-10,35.08284386364288,0,4,4,0,0,70.2247180282591,3.7625429610609524,0
Branch_5,2026-04-11,39.22666548792172,0,5,4,1,1,83.38628417302697,4.457613013496527,0
Branch_5,2026-04-12,34.220448249267235,0,6,4,1,0,59.76835225899963,3.391585622071478,0
Branch_5,2026-04-13,31.456289115525966,0,0,4,0,0,44.95673469330854,4.884619976185404,0
Branch_5,2026-04-14,36.91052785973521,0,1,4,0,0,67.43461657857837,4.991633962020997,0
Branch_5,2026-04-15,47.82518300613637,0,2,4,0,1,42.063724161350926,3.4171433900481984,0
Branch_5,2026-04-16,38.0067338438605,0,3,4,0,0,67.78746285488292,4.089318695519988,1
Branch_5,2026-04-17,34.060777158627445,0,4,4,0,1,59.9084641209176,4.190375741632064,0
Branch_5,2026-04-18,32.02671565253682,0,5,4,1,0,61.41528558840759,4.944138430286566,0
Branch_5,2026-04-19,42.371821598013014,0,6,4,1,1,48.793508950687176,3.819419030571165,0
Branch_5,2026-04-20,47.90557700233008,0,0,4,0,1,53.94815020717297,4.969950949640312,0
Branch_5,2026-04-21,30.929954364183345,0,1,4,0,0,61.62747036434612,3.7070309617225563,0
Branch_5,2026-04-22,26.51513170211867,0,2,4,0,1,61.02721938930811,3.3328378301591517,0
Branch_5,2026-04-23,43.23892111116607,0,3,4,0,0,56.65907020106244,3.0543990794101816,0
Branch_5,2026-04-24,30.78102633741007,0,4,4,0,0,65.29953881193684,4.178684373914446,0
Branch_5,2026-04-25,30.98316066483746,0,5,4,1,0,56.805066457749334,4.131982480479917,0
Branch_5,2026-04-26,35.07035249262294,0,6,4,1,0,58.43461473440932,4.014142546727611,0
Branch_5,2026-04-27,32.85234076261101,0,0,4,0,0,63.73385661462576,3.1765994782586917,0
Branch_5,2026-04-28,33.24105356159742,0,1,4,0,0,50.95518143058758,3.3788024157948704,0
Branch_5,2026-04-29,29.070025145649186,0,2,4,0,0,50.100246902552,3.2541698199887117,0
Branch_5,2026-04-30,22.79059501574231,1,3,4,0,0,66.35039541071336,3.882332854860394,0
Branch_5,2026-05-01,39.148661522414216,0,4,5,0,1,63.76751450047364,4.785041968598722,0
Branch_5,2026-05-02,36.614173774935125,0,5,5,1,0,56.560166734152325,4.023245476063285,0
Branch_5,2026-05-03,38.433809569679056,0,6,5,1,1,73.19897830695875,3.1391683673173905,0
Branch_5,2026-05-04,34.98896821987255,0,0,5,0,0,47.07218125031674,4.0920234138433695,0
Branch_5,2026-05-05,33.212113768723725,0,1,5,0,1,60.94590503045152,4.203658373172817,0
Branch_5,2026-05-06,35.434014503118505,0,2,5,0,0,43.20193784393876,4.572791007560695,0
Branch_5,2026-05-07,26.002185206612275,0,3,5,0,1,65.05637192750329,4.081882756740811,1
Branch_5,2026-05-08,37.176542068212804,0,4,5,0,0,42.289636371808655,4.271790000119148,0
Branch_5,2026-05-09,21.85928243897304,0,5,5,1,0,69.85310440011077,3.137930209955701,0
Branch_5,2026-05-10,22.97112695412568,0,6,5,1,0,53.815507080486725,3.3359747237726483,0
Branch_5,2026-05-11,31.972567092375456,0,0,5,0,0,59.66714684794147,3.4931904791515738,0
Branch_5,2026-05-12,23.34591628780286,0,1,5,0,1,50.92212602503272,3.2685867380267952,0
Branch_5,2026-05-13,32.713908895067256,0,2,5,0,0,79.0453926930775,3.7568980270637624,0
Branch_5,2026-05-14,38.07240399394505,0,3,5,0,0,55.956123524036244,3.6612123215872536,0
Branch_5,2026-05-15,31.381764559684438,0,4,5,0,0,60.37029511418536,3.654136671445849,0
Branch_5,2026-05-16,31.547605715975898,0,5,5,1,0,61.89016393557708,4.439846345216278,0
Branch_5,2026-05-17,35.304914881506974,0,6,5,1,1,60.96021406389512,3.1383305194365407,0
Branch_5,2026-05-18,25.883612929917494,0,0,5,0,0,66.91401737295823,3.353802644371805,0
Branch_5,2026-05-19,23.849561571151934,0,1,5,0,0,63.94631247987327,3.853248695615142,0
Branch_5,2026-05-20,26.026679405274038,0,2,5,0,1,67.12739518465023,3.5646125399719177,0
Branch_5,2026-05-21,32.184357466283224,0,3,5,0,0,47.275774007488266,4.833424048242766,0
Branch_5,2026-05-22,32.367387132990444,0,4,5,0,1,49.58704581889398,3.017966776655073,0
Branch_5,2026-05-23,32.48659941260786,0,5,5,1,0,43.99294683278989,4.30447362305667,0
Branch_5,2026-05-24,26.500121277035753,0,6,5,1,1,46.792006952145485,3.81291891894132,0
Branch_5,2026-05-25,30.587249459062228,0,0,5,0,1,72.59764954410475,4.8838053953557825,0
Branch_5,2026-05-26,22.79509263744972,0,1,5,0,1,44.08315918593123,3.164880442667889,0
Branch_5,2026-05-27,20.793215871859246,0,2,5,0,0,62.91631746424763,4.188688266922238,0
Branch_5,2026-05-28,31.794163085472803,0,3,5,0,0,45.87222136042821,3.449253585763465,0
Branch_5,2026-05-29,30.133429024173942,0,4,5,0,0,64.04374329306238,4.94150213644739,0
Branch_5,2026-05-30,26.339677453021505,0,5,5,1,0,59.75858845241814,4.23543404160171,0
Branch_5,2026-05-31,33.07526739197542,0,6,5,1,0,69.20126110366387,3.869808034781025,0
Branch_5,2026-06-01,25.627894326220634,0,0,6,0,0,53.74145933248104,3.7125608354816952,0
Branch_5,2026-06-02,24.869364900457057,0,1,6,0,0,74.14672064629103,3.7988490667956354,0
Branch_5,2026-06-03,24.414232978702884,0,2,6,0,0,65.2372719970352,3.6011921596891394,0
Branch_5,2026-06-04,34.17262095796826,0,3,6,0,1,54.80735241759861,4.9118615579864136,0
Branch_5,2026-06-05,21.40737917435198,0,4,6,0,0,69.94390431411739,3.784282054149276,0
Branch_5,2026-06-06,25.545117207098855,0,5,6,1,0,63.03422184541205,4.11359051678839,0
Branch_5,2026-06-07,25.914464399549175,0,6,6,1,0,27.773860812687413,4.800333122254315,0
Branch_5,2026-06-08,24.536999288633414,0,0,6,0,0,70.14109551483747,4.861768272215684,0
Branch_5,2026-06-09,29.137362043082298,0,1,6,0,0,61.079199532266955,3.5210911330641244,0
Branch_6,2025-10-03,6.224058190183301,0,4,10,0,0,65.93606479247813,4.107980266377895,0
Branch_6,2025-10-04,6.755150731274508,0,5,10,1,1,65.73173873354504,4.09946482180115,0
Branch_6,2025-10-05,5.6221949825403135,0,6,10,1,0,55.93764163417967,4.686627443449319,0
Branch_6,2025-10-06,7.170308020457419,0,0,10,0,0,72.52555389045207,3.7474410342206306,0
Branch_6,2025-10-07,0.1622001332759302,1,1,10,0,0,50.2334150686997,4.591843459996378,0
Branch_6,2025-10-08,4.045905644503048,1,2,10,0,1,50.83734920141624,3.1678647576416004,0
Branch_6,2025-10-09,7.028266646106539,0,3,10,0,0,52.35454300487586,3.6363404650036926,0
Branch_6,2025-10-10,9.954893141802042,1,4,10,0,0,55.555503015955075,4.066619633922846,0
Branch_6,2025-10-11,14.124782047047931,0,5,10,1,0,62.93461672992766,3.910076072843614,0
Branch_6,2025-10-12,9.546924360888791,0,6,10,1,0,57.37944741223264,4.515819762179301,1
Branch_6,2025-10-13,6.2268572437568785,0,0,10,0,0,57.27070679652843,3.40054408761654,0
Branch_6,2025-10-14,7.842096589590108,0,1,10,0,0,49.9465641963167,3.9805453909272863,0
Branch_6,2025-10-15,-1.0417748118894261,1,2,10,0,0,56.262979462121265,3.5323529060029646,0
Branch_6,2025-10-16,6.964067534609907,0,3,10,0,1,59.95221639231396,4.481796773585627,0
Branch_6,2025-10-17,-0.31544490394991076,0,4,10,0,0,59.078232812683964,3.7934869450015913,0
Branch_6,2025-10-18,2.7804036241725676,0,5,10,1,0,45.627766586794294,3.978401519655918,0
Branch_6,2025-10-19,-1.2261528627102685,0,6,10,1,0,57.880993814416755,3.377801340869051,0
Branch_6,2025-10-20,5.186351531357131,0,0,10,0,0,67.05864842705166,3.1399751056127054,0
Branch_6,2025-10-21,3.679467572189703,0,1,10,0,0,78.1462471478789,3.058985072462235,0
Branch_6,2025-10-22,3.0165980645338455,0,2,10,0,0,60.74715174938196,4.991498991122829,0
Branch_6,2025-10-23,4.720503129930802,0,3,10,0,0,75.69521726676089,4.725503635615944,1
Branch_6,2025-10-24,4.280070559199154,0,4,10,0,0,75.4113644248954,3.9834209408912304,0
Branch_6,2025-10-25,9.664348061125537,0,5,10,1,0,55.309358539985176,4.963003079990893,0
Branch_6,2025-10-26,8.811493864406856,0,6,10,1,0,51.795787654402616,4.372501589254087,0
Branch_6,2025-10-27,-0.8991891348026622,0,0,10,0,1,42.984175225454095,4.191407035646121,0
Branch_6,2025-10-28,4.977110356196149,0,1,10,0,0,58.614020597941156,4.366405169733058,0
Branch_6,2025-10-29,8.65614383182449,0,2,10,0,0,50.433021430017796,3.216774407087687,0
Branch_6,2025-10-30,1.3045706547878737,0,3,10,0,0,74.27920243900773,4.852231009814485,0
Branch_6,2025-10-31,7.146792726089693,1,4,10,0,1,49.85514593935803,3.2363846354661767,0
Branch_6,2025-11-01,4.921597866000708,0,5,11,1,0,62.2647298026021,3.042222510833019,0
Branch_6,2025-11-02,12.377511351206863,0,6,11,1,0,55.64288601276826,3.8783781239763,0
Branch_6,2025-11-03,-2.597101736419889,0,0,11,0,0,46.371849166202395,3.469988062243987,0
Branch_6,2025-11-04,4.066417876824768,0,1,11,0,0,80.21529701052312,4.493446462999874,0
Branch_6,2025-11-05,7.830767421492744,0,2,11,0,0,53.169523338888006,3.9262107769177526,0
Branch_6,2025-11-06,-1.2054751937849808,0,3,11,0,0,74.12114834376983,4.775518642980439,0
Branch_6,2025-11-07,6.620117309219516,0,4,11,0,0,49.13206572122434,4.985630847949387,0
Branch_6,2025-11-08,1.7955945566727562,0,5,11,1,0,65.7997652567441,3.7908977719562857,0
Branch_6,2025-11-09,7.445423346758829,0,6,11,1,1,71.17902741822674,3.2465836802888495,0
Branch_6,2025-11-10,1.5694670685430694,0,0,11,0,0,58.50241507461732,4.062218455399622,0
Branch_6,2025-11-11,3.8004136218126714,0,1,11,0,0,85.2646004444828,3.8272361426023176,0
Branch_6,2025-11-12,13.474186924360588,0,2,11,0,0,81.74295942858551,3.841555117672023,0
Branch_6,2025-11-13,5.574290587197882,0,3,11,0,0,38.625810150040145,4.557377129081478,0
Branch_6,2025-11-14,11.071561171336933,0,4,11,0,1,46.76490795929156,4.64842310600497,0
Branch_6,2025-11-15,4.585533879798657,0,5,11,1,0,72.2380706738647,4.895807257672837,0
Branch_6,2025-11-16,1.9959249499229017,0,6,11,1,0,48.4395726824006,4.710521965996834,0
Branch_6,2025-11-17,12.58674276791928,0,0,11,0,0,61.1188101966352,3.940014545925041,0
Branch_6,2025-11-18,9.868870434229166,1,1,11,0,0,44.793934698664806,3.4991788593108546,0
Branch_6,2025-11-19,12.578228786356233,0,2,11,0,1,61.70503535938088,4.645294823778605,0
Branch_6,2025-11-20,3.5569747917630847,0,3,11,0,0,64.2135461259196,4.388479313738866,0
Branch_6,2025-11-21,10.259680492781937,0,4,11,0,0,43.07983096060319,4.441805025884929,0
Branch_6,2025-11-22,8.320800750458233,0,5,11,1,0,71.54034380915235,4.407208042959292,0
Branch_6,2025-11-23,19.962464762542837,0,6,11,1,0,82.62827119743427,4.239218820182394,0
Branch_6,2025-11-24,4.041734250590752,0,0,11,0,1,45.65145952269513,3.2476493878801946,0
Branch_6,2025-11-25,5.163653688184928,0,1,11,0,1,48.86493775523845,3.491386497834514,0
Branch_6,2025-11-26,6.942496109987197,0,2,11,0,0,45.17208279865356,3.2813948266072983,0
Branch_6,2025-11-27,21.221585082823047,0,3,11,0,0,48.71013910446089,3.9459096496906167,0
Branch_6,2025-11-28,9.193673700742838,0,4,11,0,0,43.24533627171872,4.960120991567829,0
Branch_6,2025-11-29,8.608591703718668,1,5,11,1,0,59.88944425162915,4.2071130948286735,0
Branch_6,2025-11-30,0.08680868917998197,1,6,11,1,0,55.83152424357135,4.507706033419774,0
Branch_6,2025-12-01,14.62437792088442,0,0,12,0,0,62.63270656686637,4.699828178868603,0
Branch_6,2025-12-02,10.890129047342818,0,1,12,0,0,59.151839706622546,3.062106284004231,0
Branch_6,2025-12-03,14.500729295686378,0,2,12,0,0,84.94985409710551,4.174893099071187,0
Branch_6,2025-12-04,8.311003517617536,1,3,12,0,0,61.44913098618684,4.625169848828222,0
Branch_6,2025-12-05,8.053691812956679,0,4,12,0,0,52.18113159146963,3.2388133574324414,0
Branch_6,2025-12-06,14.658144408926733,0,5,12,1,1,66.28639784857633,4.123523533025508,0
Branch_6,2025-12-07,8.544744494343899,0,6,12,1,0,61.796666209987556,3.1664498763951556,0
Branch_6,2025-12-08,18.80750805742943,0,0,12,0,0,77.4370914839258,3.1574123804054874,0
Branch_6,2025-12-09,7.508262536160618,0,1,12,0,0,66.36486067527676,4.145500374271853,0
Branch_6,2025-12-10,11.56847223905331,0,2,12,0,0,56.57572349275012,3.139682148254604,0
Branch_6,2025-12-11,20.551396405857687,0,3,12,0,0,45.08301825800951,3.913698383872272,0
Branch_6,2025-12-12,12.608748310565439,0,4,12,0,0,78.05743272708372,3.7313962199573574,0
Branch_6,2025-12-13,23.712604478818953,0,5,12,1,0,70.60066573393688,3.418825302421606,0
Branch_6,2025-12-14,10.730661980982845,0,6,12,1,0,36.11918837,4.442641237743054,0
Branch_6,2025-12-15,6.996565003724186,0,0,12,0,1,51.38959066741282,3.410607784545788,0
Branch_6,2025-12-16,13.331698821008578,0,1,12,0,0,67.92539561220995,4.398691873148676,0
Branch_6,2025-12-17,13.688686407658802,0,2,12,0,0,63.7908563231229,4.675290743504182,0
Branch_6,2025-12-18,18.26732147947275,0,3,12,0,0,43.76619887833979,3.5980534255902663,0
Branch_6,2025-12-19,9.15548753995139,0,4,12,0,0,77.41288373947242,3.3085241987778193,0
Branch_6,2025-12-20,21.181636058263454,1,5,12,1,0,54.35999256399655,3.1556918964963527,0
Branch_6,2025-12-21,15.900906352203892,0,6,12,1,0,67.84303654724721,4.714275523103306,0
Branch_6,2025-12-22,19.254224797970135,0,0,12,0,0,62.47026684998366,3.308393208690278,0
Branch_6,2025-12-23,24.480959621241603,0,1,12,0,0,75.09302507666128,4.614272085828437,0
Branch_6,2025-12-24,5.093352968549825,0,2,12,0,0,74.52462238616715,3.1753357805192444,0
Branch_6,2025-12-25,15.794453422217504,0,3,12,0,1,82.7846066284104,4.922749502372501,0
Branch_6,2025-12-26,24.182856853328456,0,4,12,0,0,73.78879062110094,4.815036760944799,0
Branch_6,2025-12-27,21.81808556742387,1,5,12,1,0,59.37790233242756,4.824745562689094,0
Branch_6,2025-12-28,20.471789340725003,0,6,12,1,0,64.74290300981957,3.377277827636974,0
Branch_6,2025-12-29,22.677996070522777,0,0,12,0,0,66.90158760754638,3.7773523681581618,0
Branch_6,2025-12-30,18.545482978401523,0,1,12,0,0,51.4377190745733,4.270343515706858,0
Branch_6,2025-12-31,14.947556955673932,0,2,12,0,0,68.80768496415314,4.6930554208622315,0
Branch_6,2026-01-01,17.85080256521953,0,3,1,0,0,60.23387474747645,3.994931178008125,0
Branch_6,2026-01-02,25.12445017628523,0,4,1,0,0,37.63821592444991,4.364010427624706,0
Branch_6,2026-01-03,19.45287795413313,0,5,1,1,0,47.106701947466675,4.337797003817529,0
Branch_6,2026-01-04,21.79349665484911,0,6,1,1,0,52.62884152887389,4.935518363745805,0
Branch_6,2026-01-05,19.907437353345866,0,0,1,0,1,75.34833041735807,3.712602539374547,0
Branch_6,2026-01-06,22.53991817618502,1,1,1,0,0,61.259088335854806,3.1628705617950343,0
Branch_6,2026-01-07,18.504489111009097,0,2,1,0,0,70.39739441680676,3.494422614826351,0
Branch_6,2026-01-08,22.828582121637414,0,3,1,0,1,58.5474046080294,4.6292588218470785,1
Branch_6,2026-01-09,20.471639620539456,0,4,1,0,0,69.02394822630569,3.0323877860488206,0
Branch_6,2026-01-10,22.89137856607665,0,5,1,1,0,77.5943333965302,3.6556855555253938,0
Branch_6,2026-01-11,21.4066605522983,0,6,1,1,0,48.87252311942342,4.088667994315836,0
Branch_6,2026-01-12,27.34127966356597,0,0,1,0,0,57.05436371879186,3.8476454157218383,0
Branch_6,2026-01-13,30.561288864463844,0,1,1,0,0,53.77500653248904,3.9397568299505066,0
Branch_6,2026-01-14,20.889218405105193,0,2,1,0,0,51.27712365681712,4.851774177831339,0
Branch_6,2026-01-15,26.38543333593327,0,3,1,0,0,64.84211672288446,3.6011319435611675,0
Branch_6,2026-01-16,23.891778965711982,0,4,1,0,0,56.39054116443699,4.6311460285125605,0
Branch_6,2026-01-17,26.737567144329034,0,5,1,1,0,70.28586495505824,3.2455842767256575,0
Branch_6,2026-01-18,28.462723213254385,0,6,1,1,0,62.8743335874667,3.91730093123323,0
Branch_6,2026-01-19,32.94112221044253,0,0,1,0,0,67.30417848458085,3.8237049514251975,0
Branch_6,2026-01-20,25.763253094532317,0,1,1,0,1,62.132646961011474,3.4323160025257193,0
Branch_6,2026-01-21,18.710029779024737,0,2,1,0,0,67.866570627315,3.5287440404110306,0
Branch_6,2026-01-22,26.402425831072076,0,3,1,0,0,38.59946913634219,3.0668987921916724,0
Branch_6,2026-01-23,16.99465832144694,0,4,1,0,1,53.865125363661576,3.4783993228446706,0
Branch_6,2026-01-24,19.335835737541537,0,5,1,1,1,71.23428659530595,4.6903623829148975,0
Branch_6,2026-01-25,25.14636270309879,0,6,1,1,0,59.63969765100498,4.197619441196202,0
Branch_6,2026-01-26,29.399524006081332,0,0,1,0,0,49.27285557543299,3.9827436159366503,0
Branch_6,2026-01-27,27.10443702038407,0,1,1,0,0,53.83236079446791,4.681165491393523,0
Branch_6,2026-01-28,32.1417517525646,0,2,1,0,0,72.6469169908984,4.146131864943119,0
Branch_6,2026-01-29,32.33403400805712,0,3,1,0,1,42.515499995800084,4.532984571559712,0
Branch_6,2026-01-30,35.65696173010508,0,4,1,0,0,54.44992932930263,3.622399022257185,0
Branch_6,2026-01-31,22.217339075424796,1,5,1,1,1,60.413185286558345,3.8120372734103096,0
Branch_6,2026-02-01,29.076468162459758,0,6,2,1,0,71.97548613374707,3.1380537036435276,0
Branch_6,2026-02-02,26.43831110195992,0,0,2,0,0,47.19832511987303,4.06090371051528,0
Branch_6,2026-02-03,32.95536012739159,0,1,2,0,0,61.571491360072145,4.814690505071231,0
Branch_6,2026-02-04,33.67966672430518,0,2,2,0,0,74.41452418658683,3.9511641624354468,0
Branch_6,2026-02-05,30.174932777779002,1,3,2,0,0,53.64004740493256,4.0619556649914745,0
Branch_6,2026-02-06,29.58800132863764,0,4,2,0,0,62.8289696410181,3.375561759503654,0
Branch_6,2026-02-07,37.76281370560556,0,5,2,1,0,58.936270609522786,3.3369478048750474,0
Branch_6,2026-02-08,25.308531958575717,0,6,2,1,0,60.37898620489046,4.054981530274452,0
Branch_6,2026-02-09,30.451935457193773,0,0,2,0,0,77.0731226426094,3.2206261382043984,0
Branch_6,2026-02-10,22.400265165544198,0,1,2,0,0,53.15621235911357,3.2682145925989814,0
Branch_6,2026-02-11,28.241630667885936,0,2,2,0,0,64.7889969167949,3.5573914162425395,0
Branch_6,2026-02-12,25.56804131241415,0,3,2,0,0,77.63253114386534,4.731473744440571,0
Branch_6,2026-02-13,22.310145670568975,0,4,2,0,0,75.08647242538225,3.3079898142474784,0
Branch_6,2026-02-14,27.981982656725165,0,5,2,1,0,55.03489505236473,3.3997021633759053,0
Branch_6,2026-02-15,22.77703761356231,0,6,2,1,0,62.834553570503985,4.135373211680404,0
Branch_6,2026-02-16,35.57470674846775,0,0,2,0,0,48.2607038781314,4.0615444215563725,0
Branch_6,2026-02-17,31.77750803592159,0,1,2,0,0,64.08769305575993,3.5026533714520642,0
Branch_6,2026-02-18,28.572906892971904,0,2,2,0,0,70.56901247681354,3.58299514666143,0
Branch_6,2026-02-19,23.74105673822484,0,3,2,0,0,60.972130487053825,3.9634983017957612,0
Branch_6,2026-02-20,35.057673115196884,0,4,2,0,1,60.31101963416072,4.814495685705823,0
Branch_6,2026-02-21,42.430403321241066,0,5,2,1,0,64.38390626495432,4.366096585041692,1
Branch_6,2026-02-22,41.06535430691555,0,6,2,1,0,51.77218223688994,3.7025900014795097,0
Branch_6,2026-02-23,21.450041473210078,0,0,2,0,0,58.33714008169516,4.044721021973185,0
Branch_6,2026-02-24,30.22268157545994,0,1,2,0,1,76.0035597610946,4.98096526768488,0
Branch_6,2026-02-25,24.031136582585503,0,2,2,0,0,64.91763141642855,4.0193914956273735,0
Branch_6,2026-02-26,38.63758968557823,0,3,2,0,0,66.07033701844264,4.1174916681066325,0
Branch_6,2026-02-27,35.58372910065566,0,4,2,0,0,65.32697017343446,3.901581886177503,0
Branch_6,2026-02-28,38.18300631388172,0,5,2,1,0,56.15899848770238,3.2519101630148244,0
Branch_6,2026-03-01,32.826946574649185,0,6,3,1,0,77.61082617672592,3.257990007959971,0
Branch_6,2026-03-02,42.196740923378464,0,0,3,0,0,56.21069250441806,4.197677809805672,0
Branch_6,2026-03-03,21.16621520324937,1,1,3,0,1,78.14556877356632,4.804313539546552,0
Branch_6,2026-03-04,30.12491105765371,0,2,3,0,0,60.12440866349089,3.489647757720812,0
Branch_6,2026-03-05,34.71324126924486,0,3,3,0,0,74.42041963498096,4.433102341576104,0
Branch_6,2026-03-06,28.32624431402517,0,4,3,0,0,38.27771654116409,4.588769478376964,0
Branch_6,2026-03-07,36.70821428278819,0,5,3,1,0,49.903932933857334,4.246811040484668,0
Branch_6,2026-03-08,34.19692157136251,1,6,3,1,1,62.99718691228592,3.0149662404514794,0
Branch_6,2026-03-09,29.675536826031536,0,0,3,0,0,59.3293339438,4.243125624140543,0
Branch_6,2026-03-10,27.109028705332925,0,1,3,0,0,57.05896649823954,3.944790345177977,0
Branch_6,2026-03-11,31.84030335557654,0,2,3,0,0,60.44041803833472,3.650370452316034,0
Branch_6,2026-03-12,42.200806536291154,0,3,3,0,1,62.9677868728217,3.519842780715443,0
Branch_6,2026-03-13,30.99826253927795,0,4,3,0,0,67.57890739349826,4.933884729039129,0
Branch_6,2026-03-14,33.86492820134492,0,5,3,1,0,67.0271759957052,4.68328675438982,0
Branch_6,2026-03-15,45.370332308672815,0,6,3,1,0,61.77390550227089,4.346018332272951,0
Branch_6,2026-03-16,40.28577034169767,0,0,3,0,0,59.623939974773634,3.9080280638739913,0
Branch_6,2026-03-17,42.75110326773974,0,1,3,0,0,59.18289225774148,4.86794263159983,0
Branch_6,2026-03-18,34.57112639185759,0,2,3,0,0,55.57421402003398,4.237457601196631,0
Branch_6,2026-03-19,32.21038646576612,0,3,3,0,0,54.98387046729098,3.333005261491796,0
Branch_6,2026-03-20,25.084293144559762,0,4,3,0,0,72.44407128993757,3.9585098450324976,0
Branch_6,2026-03-21,36.9062535426827,0,5,3,1,0,64.35905500091967,3.818731813246211,0
Branch_6,2026-03-22,33.62265645330907,0,6,3,1,0,84.57398972068282,3.1816406969131705,0
Branch_6,2026-03-23,44.71220455790262,0,0,3,0,0,71.66752772039622,3.615789955503139,0
Branch_6,2026-03-24,36.21923081154371,0,1,3,0,0,47.15940122532081,4.754728232532804,0
Branch_6,2026-03-25,35.72914518791744,0,2,3,0,0,52.72239689329153,3.4712288754925185,0
Branch_6,2026-03-26,43.55359283133925,0,3,3,0,0,46.79379767959256,4.797252298819846,1
Branch_6,2026-03-27,38.63333425041395,0,4,3,0,0,57.411263164821186,4.6332671907279455,0
Branch_6,2026-03-28,37.30867485406989,0,5,3,1,1,49.32551069815797,3.801077276098714,0
Branch_6,2026-03-29,27.648823432899036,0,6,3,1,0,68.06094264122207,4.874663781157868,0
Branch_6,2026-03-30,38.16031193265963,0,0,3,0,0,46.44322180184717,4.82279100992808,0
Branch_6,2026-03-31,36.10144948522503,0,1,3,0,0,46.56144031099342,3.823150994297796,0
Branch_6,2026-04-01,34.83945979741492,0,2,4,0,0,39.53042170747429,4.006243793166232,0
Branch_6,2026-04-02,32.91690884851961,0,3,4,0,0,52.32413301783793,4.293777180656676,0
Branch_6,2026-04-03,33.01848228900368,0,4,4,0,1,50.16888519289759,4.788253727046987,0
Branch_6,2026-04-04,24.836696492475493,1,5,4,1,0,77.17391088866208,4.720419145105605,0
Branch_6,2026-04-05,26.903688157594726,0,6,4,1,1,70.24820885283403,3.0486668845185845,0
Branch_6,2026-04-06,37.85825616199735,0,0,4,0,0,58.04659519946587,4.346119526907994,0
Branch_6,2026-04-07,29.52092459362475,0,1,4,0,0,71.05525211706623,4.243542641857349,0
Branch_6,2026-04-08,33.42292162446081,0,2,4,0,0,62.06072385139383,4.406038140695268,0
Branch_6,2026-04-09,32.05841366857561,1,3,4,0,0,84.56579760371366,4.5028554209579505,0
Branch_6,2026-04-10,33.13819011286883,1,4,4,0,0,62.32846928754198,4.194578217930292,0
Branch_6,2026-04-11,43.6474467096366,0,5,4,1,0,75.14126230745686,3.815673698626157,0
Branch_6,2026-04-12,33.68774911706707,0,6,4,1,1,58.33973851440909,4.990335420959968,0
Branch_6,2026-04-13,37.373759368513475,0,0,4,0,0,52.889296712614865,4.749861673859286,0
Branch_6,2026-04-14,28.98050673576099,0,1,4,0,0,51.33284317182803,3.712601603094808,1
Branch_6,2026-04-15,32.072511803917564,0,2,4,0,0,51.47650484633934,3.9922096874095088,0
Branch_6,2026-04-16,36.920934763198076,0,3,4,0,0,65.99167269095368,4.379334066469218,0
Branch_6,2026-04-17,37.4359723669883,0,4,4,0,0,63.71234074341208,4.95781291974397,0
Branch_6,2026-04-18,38.51270367337947,0,5,4,1,0,62.77190577869304,4.686858798951361,0
Branch_6,2026-04-19,38.272116242239754,0,6,4,1,0,67.0710515450685,3.4165321369522226,0
Branch_6,2026-04-20,38.21857141273319,1,0,4,0,0,44.062534254454285,4.172640202789293,0
Branch_6,2026-04-21,31.455683383986212,0,1,4,0,1,50.473056178211046,3.728802050221131,0
Branch_6,2026-04-22,33.83130238406368,0,2,4,0,0,72.11032165922026,4.607581645698418,0
Branch_6,2026-04-23,36.08099867301156,0,3,4,0,1,55.46773447856193,3.014378803056883,0
Branch_6,2026-04-24,30.059240208286766,0,4,4,0,1,66.04083391728564,3.7127701078711377,0
Branch_6,2026-04-25,26.4420040446788,0,5,4,1,0,49.68908265086705,4.193775515645121,0
Branch_6,2026-04-26,33.8527797297363,0,6,4,1,0,68.08276866057325,3.4219216533167174,0
Branch_6,2026-04-27,27.79508415192906,0,0,4,0,0,56.58022615682615,3.7052133953828617,0
Branch_6,2026-04-28,33.097867395125064,0,1,4,0,1,64.46974173444275,3.422324094595358,0
Branch_6,2026-04-29,34.57149422304248,0,2,4,0,0,46.83622345896643,3.3175230533180367,0
Branch_6,2026-04-30,27.377194197433212,0,3,4,0,0,54.82178958597007,4.295974452584789,0
Branch_6,2026-05-01,33.963010339979675,0,4,5,0,1,70.79464554930881,3.712470641505797,0
Branch_6,2026-05-02,28.632707771725205,0,5,5,1,0,59.94305743327978,4.346725608259418,0
Branch_6,2026-05-03,30.54216851397747,0,6,5,1,0,53.96692413982692,3.744107743253433,0
Branch_6,2026-05-04,37.02859609966843,0,0,5,0,0,71.84544218122561,3.0469122760186256,0
Branch_6,2026-05-05,33.15085677804844,0,1,5,0,0,63.90900048070771,3.7547239770623095,0
Branch_6,2026-05-06,34.04725611349988,0,2,5,0,0,69.43268047166676,3.8882202222754567,0
Branch_6,2026-05-07,34.23414190146132,0,3,5,0,0,60.05801227577226,3.2108273284309385,0
Branch_6,2026-05-08,38.07450015659152,0,4,5,0,0,70.89933994133929,4.084008309471509,0
Branch_6,2026-05-09,30.954031679092115,1,5,5,1,0,47.50301105502814,3.5640395161363814,0
Branch_6,2026-05-10,28.44073364318923,0,6,5,1,0,46.017336195628836,3.5760004647881063,0
Branch_6,2026-05-11,27.82627266283875,0,0,5,0,0,67.50937485409408,3.2234772388281874,0
Branch_6,2026-05-12,26.206708523455184,0,1,5,0,0,68.8877926469656,3.873397640326356,0
Branch_6,2026-05-13,23.982760912910187,0,2,5,0,0,49.59040874579129,4.899843705273621,0
Branch_6,2026-05-14,25.63824971657192,0,3,5,0,1,62.76709947061222,4.836680143272494,0
Branch_6,2026-05-15,30.570696949970927,0,4,5,0,1,74.63487594977092,4.871444123491388,0
Branch_6,2026-05-16,29.750694626813154,1,5,5,1,0,58.126274551578405,4.999702355436259,0
Branch_6,2026-05-17,32.51783617563714,0,6,5,1,0,50.704676258863344,4.917984122211044,0
Branch_6,2026-05-18,29.028973039395954,0,0,5,0,0,63.32847144999022,4.60411777943485,0
Branch_6,2026-05-19,24.876731091812793,1,1,5,0,0,58.92603312299413,3.1412336302636277,0
Branch_6,2026-05-20,32.54450310219053,0,2,5,0,0,48.42625977652084,4.127582208280989,0
Branch_6,2026-05-21,32.245107037825385,0,3,5,0,0,54.935110004548946,4.71195358937616,0
Branch_6,2026-05-22,22.87314250481515,0,4,5,0,0,51.773991396429565,4.891825072203275,0
Branch_6,2026-05-23,32.76345482305929,1,5,5,1,1,53.28229736283531,3.4604640339083397,0
Branch_6,2026-05-24,34.789297243808164,0,6,5,1,0,57.043889862201304,3.7462265478865375,0
Branch_6,2026-05-25,33.58440915240504,0,0,5,0,1,54.998888365028144,4.435297150647819,0
Branch_6,2026-05-26,31.095834855727276,1,1,5,0,0,56.14190130811196,3.1250726973602885,1
Branch_6,2026-05-27,26.451950000582976,0,2,5,0,1,63.282041854552304,3.1092644812729757,0
Branch_6,2026-05-28,18.539509536620066,0,3,5,0,1,63.180068879588546,4.498048627327746,0
Branch_6,2026-05-29,32.500208158945334,0,4,5,0,1,51.4241975360741,3.3964130450286047,0
Branch_6,2026-05-30,32.03941302728056,0,5,5,1,0,65.32193110291671,4.971320338218337,0
Branch_6,2026-05-31,44.70064873035905,1,6,5,1,1,66.62727415714359,3.0104444273682667,0
Branch_6,2026-06-01,28.582286389177238,0,0,6,0,0,54.595426239726315,4.076992056684081,1
Branch_6,2026-06-02,29.5294750154175,0,1,6,0,0,59.10262942904806,3.430544998614307,0
Branch_6,2026-06-03,26.16124386021772,0,2,6,0,1,44.4230443752811,4.3978086956887665,0
Branch_6,2026-06-04,24.946710775710407,0,3,6,0,0,56.66900319053328,4.350151830540081,0
Branch_6,2026-06-05,21.521159568692767,0,4,6,0,0,62.797448757154335,3.009828411754657,0
Branch_6,2026-06-06,29.895677478678003,0,5,6,1,0,61.934898089180166,4.58537097612136,0
Branch_6,2026-06-07,20.80890564744333,0,6,6,1,0,47.18460061874361,3.3181343113937976,0
Branch_6,2026-06-08,17.303446356699624,0,0,6,0,0,57.06374672594692,4.884991445971901,1
Branch_6,2026-06-09,25.66857490439532,0,1,6,0,0,74.34687663812205,4.556936000192123,0
Branch_7,2025-10-03,-0.2814052235456712,0,4,10,0,1,63.12637039465241,3.1676198172589656,0
Branch_7,2025-10-04,11.874722691298228,0,5,10,1,0,58.50724323196584,4.587525348740725,0
Branch_7,2025-10-05,2.0251938030177112,0,6,10,1,0,66.3680255820699,3.879817616522355,0
Branch_7,2025-10-06,3.497487127638707,0,0,10,0,0,77.50541416001464,4.060235574383318,0
Branch_7,2025-10-07,5.205969764883037,0,1,10,0,0,76.48671729854965,4.710589514116858,0
Branch_7,2025-10-08,8.173835578870044,0,2,10,0,0,67.2676888838354,3.7498581862206004,0
Branch_7,2025-10-09,9.505827311748595,0,3,10,0,1,59.97999677825934,3.0419007019381503,0
Branch_7,2025-10-10,3.6519935868251197,0,4,10,0,0,68.08494698061025,4.18122330744825,0
Branch_7,2025-10-11,2.2542243186865445,0,5,10,1,0,80.92006195402008,3.6980372169185696,0
Branch_7,2025-10-12,4.539000478426905,1,6,10,1,0,64.00866796343828,3.357452585210738,0
Branch_7,2025-10-13,5.019896112607796,0,0,10,0,0,54.457411031263625,4.145563493858231,0
Branch_7,2025-10-14,10.124205361739238,0,1,10,0,0,79.76356079993818,3.0566682084107484,0
Branch_7,2025-10-15,-0.15069509637713807,0,2,10,0,1,68.02978830008807,3.0957798788925515,0
Branch_7,2025-10-16,7.496942632815494,0,3,10,0,0,60.75946287975257,4.858392307505933,0
Branch_7,2025-10-17,7.292358657165643,0,4,10,0,0,48.42984242683428,4.5381941157523915,0
Branch_7,2025-10-18,5.997114302212373,1,5,10,1,0,63.478981539824176,4.434592826822583,0
Branch_7,2025-10-19,7.69124831887573,0,6,10,1,0,65.21620898857466,3.017012554376107,0
Branch_7,2025-10-20,5.518121378373882,1,0,10,0,0,76.53359921671097,3.5720966706198767,0
Branch_7,2025-10-21,13.009648890962502,0,1,10,0,0,71.26408930631307,4.610935359997518,0
Branch_7,2025-10-22,5.444370153356461,0,2,10,0,0,63.48407187883567,3.703728382132893,0
Branch_7,2025-10-23,3.985982750283022,1,3,10,0,0,56.07951484259948,3.130940995191524,0
Branch_7,2025-10-24,11.128821243559415,0,4,10,0,0,62.03052815007864,3.446856822653652,0
Branch_7,2025-10-25,6.928302235840226,1,5,10,1,0,53.86743695286985,4.465411467228991,0
Branch_7,2025-10-26,11.347109542453111,0,6,10,1,0,39.05390211004767,4.731347202708669,0
Branch_7,2025-10-27,2.9568400131680925,0,0,10,0,0,58.508643449760555,3.267644678100478,0
Branch_7,2025-10-28,12.386066236801575,0,1,10,0,1,49.6134632630881,3.365794465839501,0
Branch_7,2025-10-29,6.810432073536441,1,2,10,0,0,58.262054508201956,4.4936525557561655,1
Branch_7,2025-10-30,-5.327969002118458,0,3,10,0,0,73.01724209787056,3.1654475413370466,0
Branch_7,2025-10-31,7.151992963558841,1,4,10,0,0,41.38782708797853,3.4340302901419353,0
Branch_7,2025-11-01,2.913884191759853,0,5,11,1,0,69.78498141017921,4.871528832463541,0
Branch_7,2025-11-02,9.672704353975929,0,6,11,1,0,64.84148911536819,3.7212000373223444,0
Branch_7,2025-11-03,4.666966979678374,1,0,11,0,0,43.06394911654118,3.944055939956114,0
Branch_7,2025-11-04,6.522607816258405,0,1,11,0,0,61.90663309271726,3.648516762837387,0
Branch_7,2025-11-05,9.906279344725156,0,2,11,0,1,57.79272360390594,4.961104010502748,0
Branch_7,2025-11-06,7.498643877597569,0,3,11,0,0,73.42943094764324,3.483924372643054,0
Branch_7,2025-11-07,7.010052914783863,0,4,11,0,0,41.38199678923003,3.0904833635224835,0
Branch_7,2025-11-08,10.666633076469665,0,5,11,1,1,44.398091104849904,4.806320915599311,0
Branch_7,2025-11-09,22.17733459565089,0,6,11,1,0,43.96406263348391,4.683322470895238,0
Branch_7,2025-11-10,6.9378680158177914,0,0,11,0,1,54.31356163972995,3.4105304167382977,0
Branch_7,2025-11-11,7.368566052243215,0,1,11,0,0,70.6836983097109,4.542176491440638,0
Branch_7,2025-11-12,9.938243235626079,0,2,11,0,0,54.75353701533587,4.961099289590888,0
Branch_7,2025-11-13,2.765874243590517,0,3,11,0,0,60.6026700223921,4.823089165634536,0
Branch_7,2025-11-14,4.223200023062149,0,4,11,0,0,61.20759322642514,4.12458571484432,0
Branch_7,2025-11-15,3.3777058665975135,0,5,11,1,0,71.70190308088173,3.1643055191839773,0
Branch_7,2025-11-16,9.62119505372394,0,6,11,1,0,55.57438845271086,4.389378555763647,0
Branch_7,2025-11-17,4.061912053113141,0,0,11,0,0,61.32626164862009,3.7648208817934323,0
Branch_7,2025-11-18,4.931657049702523,0,1,11,0,0,61.10079658401516,4.141326312149415,0
Branch_7,2025-11-19,7.266981659645085,0,2,11,0,0,47.113515882486915,3.2305187833010343,0
Branch_7,2025-11-20,1.2617963438709499,0,3,11,0,0,58.08151364556818,3.133064147881061,0
Branch_7,2025-11-21,10.891578595253561,0,4,11,0,0,71.41568893053179,3.127863109340108,0
Branch_7,2025-11-22,17.04090886337599,0,5,11,1,0,50.031270709592214,4.708947576135807,0
Branch_7,2025-11-23,10.262192084908376,0,6,11,1,0,50.469619596462366,3.626303436101327,0
Branch_7,2025-11-24,10.541178926020184,0,0,11,0,0,58.81871817952498,4.467848725430276,0
Branch_7,2025-11-25,13.322325034388347,0,1,11,0,0,63.74476153348596,4.074299674176513,0
Branch_7,2025-11-26,18.821178648928235,0,2,11,0,0,55.22411072086033,3.0721807437030564,0
Branch_7,2025-11-27,7.508854472505389,0,3,11,0,0,58.84314902626284,3.8428394357747644,0
Branch_7,2025-11-28,19.987017086510765,0,4,11,0,0,59.522074603296524,3.9836341547443848,0
Branch_7,2025-11-29,16.12089198646723,0,5,11,1,1,55.397130361172685,3.6190015252478487,0
Branch_7,2025-11-30,21.314817118451955,0,6,11,1,0,54.52878883908815,4.062934393473999,0
Branch_7,2025-12-01,12.289019499629758,1,0,12,0,0,62.44244876656011,3.2221547657796425,0
Branch_7,2025-12-02,15.607901239572474,0,1,12,0,0,62.8664297931891,3.2045583734030636,0
Branch_7,2025-12-03,12.396921796522864,0,2,12,0,0,65.30331959010722,4.882758961905154,0
Branch_7,2025-12-04,15.39376597144928,0,3,12,0,1,63.76970360991426,4.018226035867798,0
Branch_7,2025-12-05,9.251635723691884,0,4,12,0,0,74.12996156830985,4.135873047781133,0
Branch_7,2025-12-06,15.811834348312276,0,5,12,1,0,67.19779580212803,3.9947468056740147,0
Branch_7,2025-12-07,18.60736868176906,0,6,12,1,0,38.53415321644925,4.278748432408991,0
Branch_7,2025-12-08,17.99911784554022,0,0,12,0,0,61.79745859339538,4.708741281825647,0
Branch_7,2025-12-09,15.000391431282337,0,1,12,0,0,61.2296962082009,4.34698685258462,0
Branch_7,2025-12-10,19.393989554325962,1,2,12,0,0,70.78130686316699,4.285694869167893,0
Branch_7,2025-12-11,13.867359744546993,0,3,12,0,0,63.944405500916375,4.611535059901164,0
Branch_7,2025-12-12,16.30962807178254,0,4,12,0,0,52.63936058155093,3.731309528266615,0
Branch_7,2025-12-13,19.139153861868156,0,5,12,1,0,63.99749079177583,4.313641865157388,0
Branch_7,2025-12-14,12.058156083686598,0,6,12,1,1,50.312746909812574,3.7090213010435904,0
Branch_7,2025-12-15,13.465579934079987,0,0,12,0,1,66.1529850744268,4.699160592425429,0
Branch_7,2025-12-16,29.988346849001637,0,1,12,0,1,49.16176780852094,3.841897436547636,0
Branch_7,2025-12-17,21.288744488493126,0,2,12,0,0,70.13252851083597,3.184337113982231,0
Branch_7,2025-12-18,18.53818531110104,1,3,12,0,0,69.75732217290386,3.079521381593395,0
Branch_7,2025-12-19,8.958364675643924,0,4,12,0,0,53.80119612629292,3.398571020827924,0
Branch_7,2025-12-20,21.270873268170067,0,5,12,1,1,68.7588291928482,3.8249699871694007,0
Branch_7,2025-12-21,18.793781284906064,0,6,12,1,1,66.91074457002988,3.0442005707258724,1
Branch_7,2025-12-22,24.94015981806767,0,0,12,0,0,64.0426898524556,4.166797918946481,0
Branch_7,2025-12-23,17.03272093617464,0,1,12,0,0,54.25814004388978,4.391445110294768,0
Branch_7,2025-12-24,14.336156973843387,0,2,12,0,0,47.07288448459193,3.293716614714444,0
Branch_7,2025-12-25,16.613053574497155,1,3,12,0,0,60.014859684839465,4.049431811226753,0
Branch_7,2025-12-26,13.329279681431526,0,4,12,0,1,45.63530366529134,3.5018026911913873,0
Branch_7,2025-12-27,18.502725662284764,0,5,12,1,0,69.3928474313617,4.470488319161951,0
Branch_7,2025-12-28,22.176694281055006,0,6,12,1,0,60.2271502141863,4.877422462890305,0
Branch_7,2025-12-29,16.521803453351083,0,0,12,0,0,62.60326971849325,3.468445532484842,0
Branch_7,2025-12-30,16.93820986515376,0,1,12,0,1,69.0187506973078,3.677005679756755,0
Branch_7,2025-12-31,9.265842773770855,0,2,12,0,0,68.55287033551303,4.631481065809496,0
Branch_7,2026-01-01,20.566268367287737,0,3,1,0,1,63.51535455187983,4.566723224144375,1
Branch_7,2026-01-02,28.48471496292685,0,4,1,0,0,66.17019326312719,4.780990327912278,0
Branch_7,2026-01-03,22.136004050034757,1,5,1,1,0,59.0490266444671,3.89299575432351,0
Branch_7,2026-01-04,23.843495801407794,0,6,1,1,0,57.86389847670582,3.047398701003396,0
Branch_7,2026-01-05,15.414487249216833,0,0,1,0,0,73.64885298962393,4.949390602574017,0
Branch_7,2026-01-06,10.815281798595958,0,1,1,0,0,87.14601246435068,4.843822963936873,0
Branch_7,2026-01-07,18.387093605585846,1,2,1,0,0,56.84402262610865,3.33212721077473,0
Branch_7,2026-01-08,23.43300966369728,0,3,1,0,0,50.14045347522624,3.350704642710678,0
Branch_7,2026-01-09,15.043458366408782,0,4,1,0,1,79.53130797422712,4.2657006145702105,0
Branch_7,2026-01-10,29.944935712763858,1,5,1,1,0,81.79963309407371,4.053664817421913,0
Branch_7,2026-01-11,24.054215987660015,0,6,1,1,0,68.21257064616117,3.5504216503640453,0
Branch_7,2026-01-12,25.16823370578715,0,0,1,0,0,56.68598231799141,3.075611794488305,0
Branch_7,2026-01-13,30.665901790350112,0,1,1,0,0,61.79723396032031,3.329701206212424,0
Branch_7,2026-01-14,30.67126063426332,0,2,1,0,1,78.3177958062305,3.230977455478656,0
Branch_7,2026-01-15,31.756863395957684,0,3,1,0,0,60.58219376987091,4.377487428646851,0
Branch_7,2026-01-16,20.40937253558056,0,4,1,0,0,60.61042736284915,4.312152823031906,0
Branch_7,2026-01-17,24.649570331955406,0,5,1,1,0,54.149446678081276,3.706988251632307,0
Branch_7,2026-01-18,29.75095154992698,0,6,1,1,0,52.25254041584306,3.8237164432264072,0
Branch_7,2026-01-19,27.147187953847006,0,0,1,0,0,76.87597058197069,3.5465043584827693,0
Branch_7,2026-01-20,20.347772686727414,0,1,1,0,1,69.60001192306336,4.952788805789112,0
Branch_7,2026-01-21,22.9123658586205,0,2,1,0,0,75.39567165738409,3.127380534382911,0
Branch_7,2026-01-22,27.550650438230583,1,3,1,0,0,51.0097035249797,3.702589774159761,0
Branch_7,2026-01-23,21.249828415625075,0,4,1,0,0,75.38528149561762,3.137407776151975,1
Branch_7,2026-01-24,30.41137063988822,0,5,1,1,0,64.23693495541538,4.415217648445675,0
Branch_7,2026-01-25,24.699696444658244,0,6,1,1,1,75.34942421222901,3.5197938852111426,0
Branch_7,2026-01-26,26.520970032996118,0,0,1,0,0,53.2190069440951,4.481261425467983,0
Branch_7,2026-01-27,27.228745309870295,0,1,1,0,0,72.64322315126714,4.357138418527626,0
Branch_7,2026-01-28,28.287576110696477,0,2,1,0,0,48.96280059376144,3.1960890334063965,0
Branch_7,2026-01-29,31.869186254846696,0,3,1,0,0,61.66863122692136,4.898070463517013,0
Branch_7,2026-01-30,20.457013143134656,0,4,1,0,0,66.57244367579884,4.0316639836442425,0
Branch_7,2026-01-31,25.30214023730462,0,5,1,1,0,63.65241266275028,3.973863816394267,0
Branch_7,2026-02-01,38.981727179795506,0,6,2,1,1,67.73120707506467,3.284465542623565,0
Branch_7,2026-02-02,22.377392114927275,0,0,2,0,0,68.7962692857409,4.614126050356887,0
Branch_7,2026-02-03,37.83639727190481,0,1,2,0,1,62.49208626459363,3.266121676860682,0
Branch_7,2026-02-04,31.714667173914943,0,2,2,0,1,61.84042107257395,3.8116050902810628,0
Branch_7,2026-02-05,32.79595973400154,0,3,2,0,0,66.20315400494364,3.0177209201550137,0
Branch_7,2026-02-06,34.1889790597148,0,4,2,0,0,55.94300718392479,3.86577439991615,0
Branch_7,2026-02-07,17.26271107015333,0,5,2,1,0,43.618445021671334,3.733672119062957,0
Branch_7,2026-02-08,27.968736126391462,0,6,2,1,0,41.11209200291163,3.736813168107515,0
Branch_7,2026-02-09,29.979075665235218,0,0,2,0,0,47.48784259026505,3.305738031794326,0
Branch_7,2026-02-10,26.34579582144882,1,1,2,0,0,63.409941704494436,4.40546506649526,0
Branch_7,2026-02-11,23.65841265406221,0,2,2,0,0,53.84282010655195,4.220994201988621,0
Branch_7,2026-02-12,22.187943216670593,0,3,2,0,0,66.13559455153832,3.648704236242483,0
Branch_7,2026-02-13,23.63641922268402,0,4,2,0,0,49.088362212863,4.079398879291865,0
Branch_7,2026-02-14,33.10991813029722,0,5,2,1,0,51.927316835331595,4.3638115660006545,0
Branch_7,2026-02-15,37.094204589078245,1,6,2,1,1,49.372526945223804,3.3703953757364804,0
Branch_7,2026-02-16,33.21877261114308,0,0,2,0,1,58.66323890633662,4.739097476304565,0
Branch_7,2026-02-17,37.24888920223162,1,1,2,0,0,61.8985374908416,3.494457142966281,0
Branch_7,2026-02-18,20.786302488550753,1,2,2,0,0,44.39541508026586,3.085169363955104,0
Branch_7,2026-02-19,33.01119004870271,0,3,2,0,0,49.82874137315266,4.649766071445493,0
Branch_7,2026-02-20,28.717115871454805,0,4,2,0,0,69.47618685283923,3.7451000056348906,0
Branch_7,2026-02-21,32.74518601889933,0,5,2,1,0,43.891232678781,3.1985072462182265,0
Branch_7,2026-02-22,28.081819431431626,0,6,2,1,0,59.225134666884486,4.650267981880188,0
Branch_7,2026-02-23,29.189365478555963,0,0,2,0,1,59.413634917464414,3.859521089093234,0
Branch_7,2026-02-24,29.374989348963688,0,1,2,0,0,44.46761703242837,4.146140037163503,0
Branch_7,2026-02-25,31.762609254606858,0,2,2,0,0,70.77567445933009,3.5286249079837004,0
Branch_7,2026-02-26,36.60339627260762,0,3,2,0,0,48.991608149694706,3.5660474965683227,0
Branch_7,2026-02-27,24.806559878023897,0,4,2,0,0,58.128326608103556,4.527745388348158,0
Branch_7,2026-02-28,29.181622283149327,0,5,2,1,0,57.64357038738,3.00614539507382,0
Branch_7,2026-03-01,31.98489862238439,0,6,3,1,0,62.629476696528194,4.320958708263742,0
Branch_7,2026-03-02,27.96658415143291,0,0,3,0,1,78.15117165425782,3.4417847676740996,0
Branch_7,2026-03-03,36.31831308014154,0,1,3,0,0,61.09556921902832,3.3235306125482262,0
Branch_7,2026-03-04,31.158037878097357,0,2,3,0,0,58.57043105979483,3.2577677887002547,0
Branch_7,2026-03-05,28.867191995006564,0,3,3,0,0,36.5955608876416,4.321897010991872,0
Branch_7,2026-03-06,35.78368207339136,0,4,3,0,0,45.327146879908724,3.45843928342772,0
Branch_7,2026-03-07,33.310506099379,0,5,3,1,0,40.842004361412926,4.593356667612606,0
Branch_7,2026-03-08,28.383484451645863,0,6,3,1,0,48.19961698734844,3.8643873684803243,0
Branch_7,2026-03-09,25.92963331985453,0,0,3,0,1,57.37069173184054,4.93235338159172,0
Branch_7,2026-03-10,40.477362697297,0,1,3,0,0,63.74115142541226,3.7984026364817556,0
Branch_7,2026-03-11,42.92042159609016,0,2,3,0,0,54.307763459097536,3.9455252080448284,0
Branch_7,2026-03-12,36.87585092471855,0,3,3,0,1,47.67274808798761,4.453727198105799,0
Branch_7,2026-03-13,37.63294359939019,0,4,3,0,0,59.16637691624131,3.7793864253791005,0
Branch_7,2026-03-14,39.41853576731253,0,5,3,1,0,68.99122513946163,4.916986757666177,0
Branch_7,2026-03-15,29.025431725841216,1,6,3,1,1,63.0103609145815,4.619607785450723,0
Branch_7,2026-03-16,34.295647608129386,0,0,3,0,0,48.293125746899854,3.7216728611097616,0
Branch_7,2026-03-17,37.62295537736229,0,1,3,0,1,40.913985139339836,3.164100276805317,0
Branch_7,2026-03-18,38.70355195238369,0,2,3,0,0,63.427150533851496,3.417967250164318,0
Branch_7,2026-03-19,35.29702423507026,0,3,3,0,0,57.89414520318425,3.211186303414979,0
Branch_7,2026-03-20,39.454190105320194,0,4,3,0,1,75.8456506680928,3.3082101037459237,0
Branch_7,2026-03-21,23.13490007280869,0,5,3,1,0,56.1116300945382,3.3100911378635427,0
Branch_7,2026-03-22,34.288911656923666,0,6,3,1,0,58.550001018097326,3.938470889584307,0
Branch_7,2026-03-23,38.432860177954566,0,0,3,0,0,52.25084555530214,4.729334039601145,0
Branch_7,2026-03-24,34.515245734171245,0,1,3,0,0,57.284221595998666,3.6350920795925696,1
Branch_7,2026-03-25,31.127381637319157,0,2,3,0,1,66.22742922162807,3.2838562566399228,0
Branch_7,2026-03-26,38.94055210050912,0,3,3,0,0,54.564213353656314,3.4986112729072305,0
Branch_7,2026-03-27,34.09016187020129,0,4,3,0,0,44.63156369548796,4.749572118878024,0
Branch_7,2026-03-28,34.753723416707324,0,5,3,1,0,68.95304567378298,3.474184044551189,0
Branch_7,2026-03-29,32.12272594245457,0,6,3,1,0,34.27734754784425,4.464328993966323,1
Branch_7,2026-03-30,38.139183767079174,0,0,3,0,0,59.73421785272728,4.6770537103155565,0
Branch_7,2026-03-31,37.52957415893458,0,1,3,0,0,70.54250818943117,3.2390232546790494,0
Branch_7,2026-04-01,31.49061688577168,0,2,4,0,0,39.64474799891899,3.3060323245578624,0
Branch_7,2026-04-02,36.832532565905744,0,3,4,0,0,58.17584688473627,4.297511676382949,0
Branch_7,2026-04-03,31.092265518149883,0,4,4,0,0,67.32386826293282,3.242195877689266,0
Branch_7,2026-04-04,30.60001969073533,0,5,4,1,0,75.1935043366366,3.007314918297953,0
Branch_7,2026-04-05,29.209540860646424,1,6,4,1,0,69.70594188129003,4.509520353549657,0
Branch_7,2026-04-06,40.970979673676474,0,0,4,0,0,60.18391951771934,4.083819288229735,0
Branch_7,2026-04-07,30.071034975203098,0,1,4,0,0,65.98615180217989,4.706503049151728,0
Branch_7,2026-04-08,29.269303868973765,0,2,4,0,1,56.43335075914569,4.349628142224693,0
Branch_7,2026-04-09,25.39098567923712,0,3,4,0,1,49.10425552871239,4.96021610251777,0
Branch_7,2026-04-10,29.673564438644785,0,4,4,0,0,62.343347054562855,4.744677782769574,0
Branch_7,2026-04-11,36.279480142812474,0,5,4,1,0,47.65989935009727,3.583546180117847,0
Branch_7,2026-04-12,33.213521733153144,0,6,4,1,0,58.105204183247416,4.63731417692107,0
Branch_7,2026-04-13,27.324813365749538,1,0,4,0,1,55.33459831039452,4.88442434754548,0
Branch_7,2026-04-14,34.971672453815664,0,1,4,0,0,69.3599301686392,3.8631767770051146,0
Branch_7,2026-04-15,32.48903259060515,0,2,4,0,1,53.85309405431509,3.388800519536745,0
Branch_7,2026-04-16,38.26229817260577,0,3,4,0,0,53.46523288731522,3.638874785368774,0
Branch_7,2026-04-17,34.184838788843734,1,4,4,0,1,50.573635937246834,4.061951782464914,0
Branch_7,2026-04-18,35.96718341962087,0,5,4,1,0,59.806216919764566,3.2815281983408893,0
Branch_7,2026-04-19,38.735392810367735,0,6,4,1,0,69.14614716688136,4.116900188796083,0
Branch_7,2026-04-20,43.25294285132652,0,0,4,0,1,58.736415740631436,4.282438060662063,0
Branch_7,2026-04-21,33.202426646550634,0,1,4,0,0,41.56178851267524,3.7960737692174837,0
Branch_7,2026-04-22,36.20553375610279,0,2,4,0,0,64.01973224035898,4.314187713593844,0
Branch_7,2026-04-23,36.929397131435195,0,3,4,0,0,74.9129812034248,4.072003645523694,0
Branch_7,2026-04-24,31.115655418677125,0,4,4,0,1,63.58916686056969,3.623628290449705,0
Branch_7,2026-04-25,24.576104401081594,0,5,4,1,0,58.236564123627815,4.085899835786231,0
Branch_7,2026-04-26,29.39192315269709,0,6,4,1,0,39.91512009780555,3.5378114040690365,0
Branch_7,2026-04-27,26.447670637808987,0,0,4,0,0,69.04971741532081,3.5799126397656753,0
Branch_7,2026-04-28,38.43674351399043,0,1,4,0,0,66.9922587878431,3.2835410471454693,0
Branch_7,2026-04-29,35.365286892453874,0,2,4,0,1,70.83154754337667,4.734236038234585,0
Branch_7,2026-04-30,38.58188198406604,0,3,4,0,1,54.010381773945994,3.0125479233500734,0
Branch_7,2026-05-01,22.615968450467776,0,4,5,0,0,59.80102554185979,3.770502891352078,0
Branch_7,2026-05-02,27.785738633829993,0,5,5,1,0,67.60827380251786,4.911259188156426,0
Branch_7,2026-05-03,35.422938249911645,0,6,5,1,0,54.43530657379154,4.624918565255937,0
Branch_7,2026-05-04,44.11410900201014,0,0,5,0,0,67.29312631701126,3.221783868372368,0
Branch_7,2026-05-05,34.598564261299394,0,1,5,0,0,85.76007288704388,3.4488054554485,0
Branch_7,2026-05-06,29.87449611300166,0,2,5,0,1,61.15201607966439,4.229219530134742,0
Branch_7,2026-05-07,38.06852626156747,0,3,5,0,0,69.61884224814193,4.1720483798256875,0
Branch_7,2026-05-08,22.700037646018192,0,4,5,0,0,71.25137649693114,3.189400952599394,0
Branch_7,2026-05-09,35.87949028605441,0,5,5,1,0,66.96130096915812,3.406350802806359,0
Branch_7,2026-05-10,41.70268042042843,0,6,5,1,0,66.37078075339933,4.962827230525264,0
Branch_7,2026-05-11,29.189021151597835,1,0,5,0,0,78.45492904784156,4.215689883718636,0
Branch_7,2026-05-12,44.86654645500102,0,1,5,0,1,63.96453199036437,3.7832938963286606,0
Branch_7,2026-05-13,28.86595695369595,0,2,5,0,1,37.16003836309882,3.1988733288424154,0
Branch_7,2026-05-14,32.33425287744575,0,3,5,0,0,58.76208770560333,4.67319119011199,0
Branch_7,2026-05-15,39.59809382360694,0,4,5,0,0,80.28835753209968,4.575552921643702,1
Branch_7,2026-05-16,27.12116788525924,0,5,5,1,0,57.549961764690416,4.861753746198929,0
Branch_7,2026-05-17,31.747179023920133,0,6,5,1,1,56.46316036986902,4.756430200199615,0
Branch_7,2026-05-18,31.614732762882795,0,0,5,0,0,56.13643591072703,3.045483935822862,0
Branch_7,2026-05-19,23.540711949213325,0,1,5,0,1,66.66473224650544,3.842426173647338,0
Branch_7,2026-05-20,26.611010402709475,0,2,5,0,0,60.831566862691865,4.35637967178789,0
Branch_7,2026-05-21,32.79296120585993,0,3,5,0,0,47.34881681453589,3.4472284244594897,0
Branch_7,2026-05-22,39.113098218773,0,4,5,0,1,65.81042890615497,3.8605513753572787,1
Branch_7,2026-05-23,33.760518795655415,0,5,5,1,1,79.36024324783908,3.470691551114415,0
Branch_7,2026-05-24,30.59296640307245,1,6,5,1,0,50.405927701375596,4.457648616396786,0
Branch_7,2026-05-25,40.45801118951126,0,0,5,0,0,74.74013860407265,3.0914089923637498,0
Branch_7,2026-05-26,32.89924587978477,0,1,5,0,1,58.45945860973755,3.1258453321697424,0
Branch_7,2026-05-27,25.78547020185471,1,2,5,0,0,64.20764369951739,4.957608448633099,0
Branch_7,2026-05-28,28.367629756267288,0,3,5,0,0,72.17537150254832,3.2268394046093114,0
Branch_7,2026-05-29,24.914336985091474,0,4,5,0,0,41.164159334111154,3.5209209809230964,0
Branch_7,2026-05-30,35.83780778458167,1,5,5,1,0,52.113172248805085,3.8732496585240224,0
Branch_7,2026-05-31,28.76115389545857,0,6,5,1,1,66.2441664913404,4.871746014982579,0
Branch_7,2026-06-01,25.920959756388815,1,0,6,0,1,56.06323959703228,3.7469622565700664,0
Branch_7,2026-06-02,36.54259530485019,0,1,6,0,0,59.3524710026899,3.4989617554054284,0
Branch_7,2026-06-03,28.30653653425427,0,2,6,0,1,57.13245857758465,4.793890338021166,0
Branch_7,2026-06-04,34.49889462236138,0,3,6,0,1,38.43658339354473,4.031017701708487,0
Branch_7,2026-06-05,23.119737414858356,0,4,6,0,1,63.70175495755969,3.2925488891345394,0
Branch_7,2026-06-06,26.671673437881143,0,5,6,1,0,59.409308390354475,4.263844276378617,0
Branch_7,2026-06-07,26.066249311551246,0,6,6,1,0,59.56558876261683,4.836726115776028,0
Branch_7,2026-06-08,22.875537681654553,0,0,6,0,0,61.14670854660901,3.3845097042723067,0
Branch_7,2026-06-09,25.38071093986878,0,1,6,0,0,62.22850675033386,3.2578148459387326,0
Branch_8,2025-10-03,0.6043542635247032,0,4,10,0,0,63.94598081138546,4.494207705440925,0
Branch_8,2025-10-04,12.95852538360129,0,5,10,1,1,66.68558249245818,4.021272894951228,0
Branch_8,2025-10-05,1.727340313517006,0,6,10,1,0,63.547581739381464,4.7413527853277975,0
Branch_8,2025-10-06,6.948132751474912,0,0,10,0,1,78.44145041114986,3.8853432358449096,0
Branch_8,2025-10-07,13.088292630284977,0,1,10,0,0,75.07617318273874,4.714764897151488,0
Branch_8,2025-10-08,5.956561473250941,0,2,10,0,1,49.12815351385207,3.92613137971129,0
Branch_8,2025-10-09,4.584888996296767,0,3,10,0,1,64.43680229896644,3.285449881577841,0
Branch_8,2025-10-10,9.111069362346491,1,4,10,0,0,45.473633639077754,3.9519113524142004,0
Branch_8,2025-10-11,7.207251015444319,0,5,10,1,0,50.21259522694142,4.436720618572725,0
Branch_8,2025-10-12,0.6626292055381722,0,6,10,1,0,52.85358880128248,4.176073017939466,0
Branch_8,2025-10-13,11.722455046619938,0,0,10,0,1,59.72180773748006,3.410073697648741,0
Branch_8,2025-10-14,0.04040266809901194,0,1,10,0,0,45.78649011352696,3.6920743211870977,0
Branch_8,2025-10-15,-2.569156248862834,0,2,10,0,1,62.02921751586477,3.3405563121325033,0
Branch_8,2025-10-16,12.273733748724434,0,3,10,0,0,64.29112325985257,4.480128075925873,0
Branch_8,2025-10-17,13.905432344359888,0,4,10,0,0,58.513527531770855,3.6916259727137226,0
Branch_8,2025-10-18,4.799670800217886,0,5,10,1,0,52.8305991041802,3.053230022617967,0
Branch_8,2025-10-19,9.969216834040003,0,6,10,1,1,66.04647644368939,3.708910932942216,0
Branch_8,2025-10-20,-1.3953776019450954,0,0,10,0,0,64.23664096305376,3.099467662753744,0
Branch_8,2025-10-21,2.6576004231613153,0,1,10,0,1,55.333640070003064,4.680740438219837,0
Branch_8,2025-10-22,-0.990928704957236,0,2,10,0,1,76.63966065669732,3.132197883638396,0
Branch_8,2025-10-23,4.243906218921141,0,3,10,0,0,77.67699295886115,3.0727924038112437,0
Branch_8,2025-10-24,3.159264310722115,0,4,10,0,0,47.248182467416655,4.388450455422511,0
Branch_8,2025-10-25,8.762509368983213,0,5,10,1,0,59.751681178601785,3.1543059702567273,0
Branch_8,2025-10-26,5.389513498953821,0,6,10,1,0,42.68203669770085,3.5210686324977756,0
Branch_8,2025-10-27,11.200292819213047,0,0,10,0,0,67.54445952352593,4.788399107854326,0
Branch_8,2025-10-28,12.37754156922312,0,1,10,0,0,70.36723312937433,4.087681005696006,0
Branch_8,2025-10-29,8.270844126494888,0,2,10,0,0,66.703536836069,4.93456086184546,0
Branch_8,2025-10-30,4.9447355051378015,0,3,10,0,1,58.29166638939561,4.09716670516669,0
Branch_8,2025-10-31,12.903374187860937,0,4,10,0,0,51.91387655204377,4.179303616136683,0
Branch_8,2025-11-01,3.116212358980139,0,5,11,1,0,49.30298694565939,4.164754190184973,1
Branch_8,2025-11-02,7.877752346690663,0,6,11,1,0,76.28006457547573,3.5701780722890044,0
Branch_8,2025-11-03,3.1495899039585185,0,0,11,0,0,64.41708384815058,3.1203995368879625,0
Branch_8,2025-11-04,13.347750102558944,0,1,11,0,0,60.72576043732858,4.28249487667734,0
Branch_8,2025-11-05,17.31098297827935,0,2,11,0,0,52.79364540202038,3.9999423309831457,0
Branch_8,2025-11-06,0.6529204997376867,1,3,11,0,0,62.63409115396127,4.348238863005978,0
Branch_8,2025-11-07,-0.8815261872247859,0,4,11,0,0,71.38563032454552,3.2888821632359337,0
Branch_8,2025-11-08,11.280075212500723,0,5,11,1,0,62.028129087536435,4.822231997632853,0
Branch_8,2025-11-09,1.704430360603265,0,6,11,1,0,52.377932306574415,3.741143289877664,0
Branch_8,2025-11-10,10.72380610215552,0,0,11,0,0,58.22974685573709,3.6914790787653233,0
Branch_8,2025-11-11,9.513592552590728,0,1,11,0,0,67.88635270847898,4.83794850168121,0
Branch_8,2025-11-12,1.4935484735764808,0,2,11,0,1,78.3293370455707,4.559566715393795,0
Branch_8,2025-11-13,13.886277070405686,1,3,11,0,0,56.358123493987414,4.532856725634861,0
Branch_8,2025-11-14,15.168181621622598,0,4,11,0,0,41.08882615838942,4.193799581053705,0
Branch_8,2025-11-15,12.410959145241577,0,5,11,1,0,56.18957303468048,3.9813950360659547,0
Branch_8,2025-11-16,9.965275623783313,0,6,11,1,0,66.3721276194007,3.3691597054930917,0
Branch_8,2025-11-17,14.511657924042536,0,0,11,0,0,62.406741759710016,4.010823935064302,0
Branch_8,2025-11-18,4.7902112610612075,0,1,11,0,0,46.4213281354585,3.4156439795663847,0
Branch_8,2025-11-19,9.918337488406456,0,2,11,0,0,63.479191951258066,3.21442062652757,0
Branch_8,2025-11-20,8.340970784334022,0,3,11,0,0,65.89604966847406,3.8176419398042474,0
Branch_8,2025-11-21,12.124130859566312,0,4,11,0,0,55.17765702632853,4.316989781807751,0
Branch_8,2025-11-22,13.677972062450323,0,5,11,1,0,45.11045520294659,3.126347305867099,0
Branch_8,2025-11-23,10.72720516861304,0,6,11,1,1,54.98511412472008,4.056267698507332,0
Branch_8,2025-11-24,4.686625279599647,0,0,11,0,1,74.52103368945188,4.117370749351485,0
Branch_8,2025-11-25,18.565622952929964,0,1,11,0,1,61.141333146298585,4.119765522732196,0
Branch_8,2025-11-26,8.71392430986939,1,2,11,0,1,61.529869595416365,4.456129765463869,0
Branch_8,2025-11-27,12.204715306108227,0,3,11,0,1,64.72759793537313,3.0554381792503853,0
Branch_8,2025-11-28,15.80513147994452,1,4,11,0,0,83.1442801536651,4.892129411643846,0
Branch_8,2025-11-29,9.247689625872763,0,5,11,1,1,69.20076130347593,3.5677348176347907,0
Branch_8,2025-11-30,12.5558032807078,1,6,11,1,0,63.798416875723824,4.980020861687966,0
Branch_8,2025-12-01,10.830431302103987,0,0,12,0,1,59.363679667118944,4.240114099588915,0
Branch_8,2025-12-02,15.375564014090607,0,1,12,0,0,52.0203615666978,4.316890189811922,0
Branch_8,2025-12-03,6.791918166426165,0,2,12,0,1,61.417583342187946,4.532905801075058,0
Branch_8,2025-12-04,21.771313276201873,0,3,12,0,0,63.78209066257112,3.0407734006359908,0
Branch_8,2025-12-05,9.511831653697955,0,4,12,0,1,58.31050937763767,3.4567882086850164,0
Branch_8,2025-12-06,8.483810803792842,0,5,12,1,1,58.385787568484986,4.940018055045059,0
Branch_8,2025-12-07,32.27650937069296,0,6,12,1,1,67.78308997524444,3.101242890671485,0
Branch_8,2025-12-08,15.412216185905573,0,0,12,0,0,49.12263304336038,4.554909655467215,0
Branch_8,2025-12-09,9.06292637082436,0,1,12,0,1,70.82923513628701,4.789861727890292,0
Branch_8,2025-12-10,19.423677821115646,0,2,12,0,0,60.88817553531424,3.629059926860946,0
Branch_8,2025-12-11,15.9474431620942,0,3,12,0,0,54.230711881765366,4.400395878331658,0
Branch_8,2025-12-12,13.978582968927576,0,4,12,0,0,58.5014106017507,4.831039354077537,0
Branch_8,2025-12-13,13.695182745107596,0,5,12,1,0,44.65393316092968,3.8898742869316965,0
Branch_8,2025-12-14,17.255685259831232,0,6,12,1,0,66.54217932565771,3.988370244639092,0
Branch_8,2025-12-15,15.813905205562088,0,0,12,0,0,61.519596984142545,3.4649792149387393,0
Branch_8,2025-12-16,14.716213809077079,0,1,12,0,0,74.73843236205026,4.057330075804071,1
Branch_8,2025-12-17,12.549598649376989,0,2,12,0,0,70.86019605372917,4.951992653892532,0
Branch_8,2025-12-18,22.76370750714924,0,3,12,0,0,51.83694157334486,3.7331243033816124,0
Branch_8,2025-12-19,25.796572221809505,0,4,12,0,0,54.08489587319162,4.141525679146171,0
Branch_8,2025-12-20,13.999524339861347,0,5,12,1,0,68.85152140419724,4.5098308318214215,0
Branch_8,2025-12-21,18.677086155428974,0,6,12,1,0,86.0388745656287,4.354542689149328,0
Branch_8,2025-12-22,21.423431713758617,0,0,12,0,0,67.42109389121906,3.8692144992994386,0
Branch_8,2025-12-23,16.8198847906857,0,1,12,0,0,43.69305512231987,3.829985846534912,0
Branch_8,2025-12-24,22.945950584083807,0,2,12,0,0,70.47729997424725,4.964226767758545,0
Branch_8,2025-12-25,12.843161626695077,0,3,12,0,0,74.90942029788529,3.4417606935679084,0
Branch_8,2025-12-26,18.511334595504817,0,4,12,0,0,70.48099886509196,3.9828656704332257,0
Branch_8,2025-12-27,17.55837254945356,0,5,12,1,0,57.850480658106655,3.144553208456238,0
Branch_8,2025-12-28,22.0119917047682,0,6,12,1,1,59.142334323670404,4.446155462399953,0
Branch_8,2025-12-29,25.792534734647603,0,0,12,0,0,73.98155985014715,4.66547295738532,0
Branch_8,2025-12-30,19.917263923018353,0,1,12,0,0,59.049123190629246,4.311399777769455,0
Branch_8,2025-12-31,12.57942154185378,0,2,12,0,0,73.09731425513453,4.232482823859857,0
Branch_8,2026-01-01,20.11643022426331,0,3,1,0,0,65.0099887438295,4.772414046005605,0
Branch_8,2026-01-02,23.336490978799887,0,4,1,0,0,61.19866693863423,3.4429919090297743,0
Branch_8,2026-01-03,15.563828103218105,0,5,1,1,0,62.464612383531474,4.360797739928564,0
Branch_8,2026-01-04,20.709884526801805,0,6,1,1,0,53.20048043462646,4.15031624822645,0
Branch_8,2026-01-05,24.153432957200167,1,0,1,0,0,40.335610648428066,4.274062137936137,0
Branch_8,2026-01-06,29.354090450503108,0,1,1,0,0,58.847342549173526,4.784370414616239,0
Branch_8,2026-01-07,17.40556896546222,0,2,1,0,0,71.08746275453956,3.002538043392698,0
Branch_8,2026-01-08,20.094195623649433,0,3,1,0,0,62.52576316049705,3.6764475499474605,0
Branch_8,2026-01-09,22.403746538939213,0,4,1,0,0,62.35012038354675,3.2853723214248927,0
Branch_8,2026-01-10,24.92064830258829,0,5,1,1,0,74.55121399514542,4.080399670023623,0
Branch_8,2026-01-11,25.004223629705173,0,6,1,1,0,73.44877548009373,4.339369040066682,0
Branch_8,2026-01-12,25.239255794513454,1,0,1,0,0,38.65571684637021,4.421867263633254,1
Branch_8,2026-01-13,21.59217140997034,0,1,1,0,0,67.34186247744252,3.3958256423833744,0
Branch_8,2026-01-14,27.041447533236564,1,2,1,0,1,69.45694403295096,4.9629949521754995,0
Branch_8,2026-01-15,17.40873283017015,0,3,1,0,0,50.91468145974854,3.3794518798651327,0
Branch_8,2026-01-16,23.639950302178264,0,4,1,0,1,47.797743474128914,4.17545595167778,0
Branch_8,2026-01-17,23.929363908308673,0,5,1,1,0,54.73775678851796,4.307038730988871,0
Branch_8,2026-01-18,23.4896296004205,0,6,1,1,1,66.26525012003859,4.644503740243655,0
Branch_8,2026-01-19,16.746612862711416,0,0,1,0,1,57.47466516033264,3.615513915578318,0
Branch_8,2026-01-20,32.94293544995477,0,1,1,0,0,47.151338658079055,4.488640966486249,0
Branch_8,2026-01-21,29.285752940807598,0,2,1,0,0,46.3987218931996,3.0620090540339464,0
Branch_8,2026-01-22,22.269877903163696,0,3,1,0,1,59.605283323994826,3.9972535093591812,0
Branch_8,2026-01-23,31.464649437419336,1,4,1,0,0,78.0533039228469,4.419972542930203,0
Branch_8,2026-01-24,15.85486377866328,0,5,1,1,1,67.6415048775252,4.294936053295515,0
Branch_8,2026-01-25,31.236897291794335,0,6,1,1,0,59.96162591476894,3.3131217057531943,0
Branch_8,2026-01-26,19.05149654003203,0,0,1,0,1,64.20290840272169,4.646827991052906,0
Branch_8,2026-01-27,31.91445958749503,0,1,1,0,0,58.34941458216191,3.37627666060115,0
Branch_8,2026-01-28,33.001226385235015,0,2,1,0,1,45.526170514060325,4.1792857294435874,0
Branch_8,2026-01-29,26.151163431041986,1,3,1,0,1,57.911966384036546,3.0932224622924256,0
Branch_8,2026-01-30,31.88508291267585,0,4,1,0,0,64.84446977707988,3.4185211235574844,0
Branch_8,2026-01-31,34.649527716336905,0,5,1,1,0,54.00315336526318,4.466575294080954,0
Branch_8,2026-02-01,35.99321940360725,0,6,2,1,1,60.75965573060854,4.3486902731325925,0
Branch_8,2026-02-02,33.81034578455058,1,0,2,0,0,78.00287259767696,3.8953872901804694,0
Branch_8,2026-02-03,28.748599331121987,0,1,2,0,1,73.67437671763591,4.4995924729478345,0
Branch_8,2026-02-04,29.532450898032167,0,2,2,0,0,38.59057902094693,3.713900021728257,0
Branch_8,2026-02-05,18.72835020040692,1,3,2,0,1,43.261177068380526,4.270417342978474,0
Branch_8,2026-02-06,35.69033395538019,0,4,2,0,1,53.01156764944036,3.069746692839468,0
Branch_8,2026-02-07,35.705613721917004,0,5,2,1,0,51.084053066126934,4.006725305896707,0
Branch_8,2026-02-08,34.89613443952245,0,6,2,1,0,47.680377869603575,3.7780015830265654,0
Branch_8,2026-02-09,38.007027730739736,0,0,2,0,0,74.3495691390358,3.238492172415421,0
Branch_8,2026-02-10,28.44725891859714,1,1,2,0,0,57.13869328625507,3.776531435397664,0
Branch_8,2026-02-11,19.016929722926,0,2,2,0,0,35.687099947567646,3.959849490862888,0
Branch_8,2026-02-12,29.4754726589782,0,3,2,0,1,66.05804395329075,3.774448701584455,0
Branch_8,2026-02-13,26.821041746192346,0,4,2,0,0,44.86387107382789,4.049555840272465,0
Branch_8,2026-02-14,32.26036437197442,0,5,2,1,0,74.60847290639107,4.103838663860353,0
Branch_8,2026-02-15,34.8036829243578,0,6,2,1,0,57.49566062392033,3.1827156050770116,0
Branch_8,2026-02-16,25.646215495904027,0,0,2,0,0,53.632735483947044,4.5025968553359235,0
Branch_8,2026-02-17,22.073365400686114,0,1,2,0,0,55.52127010107652,4.829533408093873,0
Branch_8,2026-02-18,33.02374763686522,0,2,2,0,0,46.881546189558065,3.64147525237109,0
Branch_8,2026-02-19,31.62152342537615,0,3,2,0,0,62.79248673557234,4.374369282672144,0
Branch_8,2026-02-20,37.564838859746345,0,4,2,0,0,54.86644099640594,3.7186563661800953,0
Branch_8,2026-02-21,29.04450601617772,0,5,2,1,0,67.0642542058948,4.539520453600766,0
Branch_8,2026-02-22,28.664759629112126,0,6,2,1,0,75.6928194453346,4.916173174919518,0
Branch_8,2026-02-23,35.072188348877035,0,0,2,0,0,65.7746672509569,4.188310168751357,0
Branch_8,2026-02-24,31.02001864438439,0,1,2,0,0,65.0646324407042,3.006165746640746,0
Branch_8,2026-02-25,31.670952604522125,0,2,2,0,0,49.188251849068116,3.4168021397285564,0
Branch_8,2026-02-26,34.80623789087822,0,3,2,0,0,44.708644593176864,3.968826718576282,0
Branch_8,2026-02-27,29.56768256320277,0,4,2,0,1,60.26596468544076,4.050494933232156,0
Branch_8,2026-02-28,31.13366463548625,0,5,2,1,1,74.42766008776555,3.420078029647758,0
Branch_8,2026-03-01,27.483272065427492,0,6,3,1,0,41.21871974685148,3.6113314929721865,0
Branch_8,2026-03-02,35.91095735665136,0,0,3,0,0,70.22845172178259,4.003518803422841,0
Branch_8,2026-03-03,27.828835693824075,0,1,3,0,0,56.19120173831154,4.913597579091165,0
Branch_8,2026-03-04,30.413483551986815,0,2,3,0,0,65.59832516352485,4.207052775442461,0
Branch_8,2026-03-05,28.322606528656102,0,3,3,0,0,68.75149777965717,4.303056042212714,0
Branch_8,2026-03-06,36.233781166091674,0,4,3,0,1,62.876853431706685,3.6094185151906624,0
Branch_8,2026-03-07,35.759581341464035,0,5,3,1,0,54.934779400233815,4.275320433511513,0
Branch_8,2026-03-08,32.61225449108596,0,6,3,1,0,63.57132122735439,4.7445456785118765,0
Branch_8,2026-03-09,31.445133974263815,0,0,3,0,0,67.59363425616037,4.7569616564195,0
Branch_8,2026-03-10,36.74959365568935,0,1,3,0,0,48.936921461731266,4.468628697227219,0
Branch_8,2026-03-11,31.11228263261608,0,2,3,0,0,54.36723490748759,4.494532230580583,0
Branch_8,2026-03-12,37.63287910435558,0,3,3,0,0,52.07573727982997,4.035010397739777,0
Branch_8,2026-03-13,31.59835139089956,0,4,3,0,0,60.09758621038691,3.9338466515456365,0
Branch_8,2026-03-14,30.619868591631104,0,5,3,1,0,63.39201416513903,3.369148131528701,0
Branch_8,2026-03-15,38.68974501112204,0,6,3,1,0,61.326984190780834,3.417520188384698,0
Branch_8,2026-03-16,36.08519471290661,1,0,3,0,0,70.20244639063482,3.1535555722734,0
Branch_8,2026-03-17,32.96313585532948,0,1,3,0,0,65.79778646542552,4.818240276569477,0
Branch_8,2026-03-18,31.331701503513017,0,2,3,0,0,54.328080049753176,4.889459675538331,1
Branch_8,2026-03-19,35.28674710395666,1,3,3,0,0,49.911254526694094,3.353160139314466,0
Branch_8,2026-03-20,25.002965557673168,1,4,3,0,0,58.00923617738819,4.222238363921395,0
Branch_8,2026-03-21,37.576442366291616,0,5,3,1,0,59.01383774152249,4.775276743876553,0
Branch_8,2026-03-22,24.28441366135389,0,6,3,1,0,77.3413028471685,4.802599069489093,0
Branch_8,2026-03-23,37.25793407590061,0,0,3,0,0,48.43707382209896,4.37858490178076,0
Branch_8,2026-03-24,36.13664203882633,0,1,3,0,0,65.92847426925414,4.785797646462752,0
Branch_8,2026-03-25,41.897312514907945,0,2,3,0,0,62.32484411143109,3.9572465079460715,0
Branch_8,2026-03-26,30.634947888296637,0,3,3,0,0,66.23560786100614,3.8171502905171417,0
Branch_8,2026-03-27,37.841820166067244,0,4,3,0,0,68.58969943222907,4.701884935682792,0
Branch_8,2026-03-28,37.48149086240127,0,5,3,1,0,70.18956111858503,3.6570557457658763,1
Branch_8,2026-03-29,33.82168452324047,0,6,3,1,0,54.83514171437902,4.569695611380065,0
Branch_8,2026-03-30,28.87711788661673,0,0,3,0,0,66.3860365757339,3.7563638648422826,0
Branch_8,2026-03-31,29.720383958436102,0,1,3,0,0,73.0396851210381,4.393301288035042,0
Branch_8,2026-04-01,26.45471507005378,0,2,4,0,0,62.591545928221,3.6143124223463334,0
Branch_8,2026-04-02,29.203751934958607,0,3,4,0,0,61.04305729658569,4.817506613011787,0
Branch_8,2026-04-03,35.11981830471445,0,4,4,0,1,61.73813375062489,3.8605211158268995,0
Branch_8,2026-04-04,29.26605490761017,1,5,4,1,0,82.08944362784293,3.562894049932657,0
Branch_8,2026-04-05,30.324387992527186,0,6,4,1,1,55.591229422346004,4.283912040689559,0
Branch_8,2026-04-06,30.898026053998716,0,0,4,0,0,52.284097286834914,4.052549851822793,0
Branch_8,2026-04-07,41.938655514761564,0,1,4,0,0,61.098198742568385,4.887967898195159,1
Branch_8,2026-04-08,33.525785501418376,0,2,4,0,0,59.5466423800794,3.4987844433607513,0
Branch_8,2026-04-09,36.596306876751065,1,3,4,0,0,75.11911415951165,3.211742389984144,0
Branch_8,2026-04-10,37.43849203099845,0,4,4,0,1,70.71246468570261,3.534661579336534,0
Branch_8,2026-04-11,34.828907629715694,0,5,4,1,0,66.56401669657524,3.324657667523171,0
Branch_8,2026-04-12,41.529983861436996,0,6,4,1,0,55.429960332070706,3.7521890414489327,0
Branch_8,2026-04-13,46.96859557926841,0,0,4,0,0,65.39558161903047,4.3988554458402795,0
Branch_8,2026-04-14,20.613451812470252,0,1,4,0,1,71.92466289423737,3.6215938820920166,0
Branch_8,2026-04-15,39.044054172469295,0,2,4,0,0,58.0438865684759,4.981640867422017,0
Branch_8,2026-04-16,34.77301259568575,0,3,4,0,1,56.62562816904702,3.167067434478427,1
Branch_8,2026-04-17,37.1273882973157,0,4,4,0,1,73.82351973198755,3.0965858237661044,0
Branch_8,2026-04-18,30.957389829594145,0,5,4,1,0,60.32158630306091,3.377946260235536,0
Branch_8,2026-04-19,42.4704429173772,0,6,4,1,0,80.52163383684024,3.551762983527672,0
Branch_8,2026-04-20,32.510316866661285,0,0,4,0,0,55.340674155481814,3.1399531890418193,0
Branch_8,2026-04-21,36.26226811458677,0,1,4,0,0,66.96139351974996,4.162965335876368,0
Branch_8,2026-04-22,30.483717480972327,0,2,4,0,0,83.11543076803837,4.687740470456472,0
Branch_8,2026-04-23,32.26742816456342,0,3,4,0,0,70.35614725645623,4.566428016652819,0
Branch_8,2026-04-24,36.25446936693507,0,4,4,0,0,60.90526866905106,3.762609520935601,0
Branch_8,2026-04-25,33.57764718888747,0,5,4,1,0,48.89571438768017,3.790645671968454,0
Branch_8,2026-04-26,34.221678280330046,0,6,4,1,1,64.92133308105454,4.423644903433219,0
Branch_8,2026-04-27,27.012359131237798,0,0,4,0,0,55.44717002355519,4.466006896836402,0
Branch_8,2026-04-28,38.075810994254,0,1,4,0,1,56.966137036923186,4.8332326344780965,0
Branch_8,2026-04-29,31.29173599757817,0,2,4,0,0,71.58769934859374,3.349987460364348,0
Branch_8,2026-04-30,29.960517930438282,0,3,4,0,0,39.30630302249412,4.592692857488175,0
Branch_8,2026-05-01,38.97316376111524,0,4,5,0,0,60.505555288873346,4.000368614583508,0
Branch_8,2026-05-02,37.186708483485816,0,5,5,1,0,79.5712528756586,3.301841386512999,0
Branch_8,2026-05-03,35.56807743893893,0,6,5,1,1,56.66424173075901,3.283405930647667,0
Branch_8,2026-05-04,35.39577028414754,0,0,5,0,0,63.81062326292254,4.285119196559061,0
Branch_8,2026-05-05,30.70443421836436,0,1,5,0,0,56.99343264758947,4.359930791181643,0
Branch_8,2026-05-06,31.00937011497772,0,2,5,0,1,49.07685710613086,4.143254119719808,0
Branch_8,2026-05-07,35.89516551436899,0,3,5,0,0,46.48364477950713,3.3036974605383227,0
Branch_8,2026-05-08,40.74238972578132,0,4,5,0,0,55.480165389013806,4.834563284486327,0
Branch_8,2026-05-09,34.093817501712145,0,5,5,1,0,50.29687499114247,3.8377362665479744,0
Branch_8,2026-05-10,31.149052487642937,0,6,5,1,0,49.48674875550723,3.047226757702478,0
Branch_8,2026-05-11,25.146584743121757,0,0,5,0,0,75.55553237424476,3.6426336510128032,0
Branch_8,2026-05-12,32.52268703025487,0,1,5,0,0,70.99391706410476,3.504933144375574,0
Branch_8,2026-05-13,37.221712502644415,0,2,5,0,0,46.74091019964947,4.943007998681665,0
Branch_8,2026-05-14,35.933743087413426,0,3,5,0,0,59.92173099371059,3.2275060350943026,0
Branch_8,2026-05-15,31.131653078892942,0,4,5,0,0,72.78710104118565,3.94147051460775,0
Branch_8,2026-05-16,30.34733113079109,0,5,5,1,0,46.41172382394109,4.428396533708176,0
Branch_8,2026-05-17,36.3970024870674,1,6,5,1,0,65.99791794965799,4.079215393868843,0
Branch_8,2026-05-18,23.358105787881605,0,0,5,0,1,80.89202493994476,3.8995663389419217,0
Branch_8,2026-05-19,24.144209165747903,0,1,5,0,0,72.10663029896459,3.5217871737978825,0
Branch_8,2026-05-20,24.286820539819992,0,2,5,0,0,56.255126979571,4.126331397966724,0
Branch_8,2026-05-21,24.697837434637812,0,3,5,0,0,70.32300616341972,3.5332973925723077,0
Branch_8,2026-05-22,27.14474758453542,0,4,5,0,0,63.211910822282654,3.898147397394248,0
Branch_8,2026-05-23,32.76021989988966,0,5,5,1,0,60.30622564375106,3.0594358898079013,0
Branch_8,2026-05-24,30.15639292131311,1,6,5,1,0,54.037005059969914,4.114184723149744,0
Branch_8,2026-05-25,31.572355227738235,0,0,5,0,1,44.64539142654035,3.652893820844798,0
Branch_8,2026-05-26,28.211820476023746,0,1,5,0,0,52.36188283828232,3.3882566930586977,0
Branch_8,2026-05-27,27.223475566908892,0,2,5,0,0,67.1650268433153,3.6528466385257774,0
Branch_8,2026-05-28,25.349176678976736,0,3,5,0,1,48.13639610077081,3.7990346077541624,0
Branch_8,2026-05-29,30.6210970583083,0,4,5,0,0,53.001514143293136,3.662613176342286,0
Branch_8,2026-05-30,25.993987226759476,0,5,5,1,0,59.33928227522341,3.826531562798741,0
Branch_8,2026-05-31,27.43980725937816,1,6,5,1,0,70.822628924081,4.439545303180293,0
Branch_8,2026-06-01,16.656198210292622,0,0,6,0,0,45.52972115084395,4.220219808466334,0
Branch_8,2026-06-02,23.691086390373414,0,1,6,0,1,69.49831297568363,3.6535754194974617,0
Branch_8,2026-06-03,28.409109543568427,1,2,6,0,0,75.37448229960604,3.527826993618554,1
Branch_8,2026-06-04,34.992318203305494,0,3,6,0,1,63.75877505111484,4.815855251733097,0
Branch_8,2026-06-05,28.882864929637613,0,4,6,0,0,65.79781738119047,4.381801473697633,0
Branch_8,2026-06-06,31.779836195639806,0,5,6,1,0,60.173793356334215,4.323558126343253,0
Branch_8,2026-06-07,26.107137985555298,0,6,6,1,0,55.59677903897567,4.324171271638862,0
Branch_8,2026-06-08,22.238081828152986,0,0,6,0,0,49.493450590622125,3.5611776156371526,0
Branch_8,2026-06-09,28.8090296555297,0,1,6,0,0,54.12695175872307,4.956336667389201,0
Branch_9,2025-10-03,3.0092503113646236,0,4,10,0,0,47.38996387684509,4.130008238594748,0
Branch_9,2025-10-04,3.862063387886116,0,5,10,1,0,58.653227327826315,3.409666784478013,0
Branch_9,2025-10-05,1.0346929436793904,1,6,10,1,0,70.53934863906176,4.791829813760364,0
Branch_9,2025-10-06,5.613425449675527,0,0,10,0,0,70.80779058271588,3.2299450390890456,0
Branch_9,2025-10-07,-1.326377713376547,0,1,10,0,0,58.53928713167884,4.288328598790358,0
Branch_9,2025-10-08,2.178399730090314,0,2,10,0,1,70.38400772240787,4.718238689603677,0
Branch_9,2025-10-09,10.065095730434589,1,3,10,0,0,67.33940105292686,4.659415704029579,0
Branch_9,2025-10-10,-0.7973490594699797,0,4,10,0,0,55.41053995707328,3.555111486794333,0
Branch_9,2025-10-11,0.01253073723611653,0,5,10,1,0,59.11568004002843,3.6312296312965753,0
Branch_9,2025-10-12,9.08705099637437,1,6,10,1,0,39.989340346570664,4.681786059543345,0
Branch_9,2025-10-13,1.4418354196904164,0,0,10,0,0,49.59576058957713,4.946684611348403,0
Branch_9,2025-10-14,0.820966561060823,0,1,10,0,0,61.995407365176696,3.8960794084972825,0
Branch_9,2025-10-15,9.239715858478203,1,2,10,0,0,66.16554466191761,4.833678750707764,0
Branch_9,2025-10-16,4.43880861913823,0,3,10,0,0,40.33058931133365,3.486585894715148,0
Branch_9,2025-10-17,-3.193936805085926,0,4,10,0,0,53.130243871333086,3.7336232779385945,0
Branch_9,2025-10-18,-0.5098951451342808,0,5,10,1,0,67.24365946584251,3.0380729888767743,0
Branch_9,2025-10-19,3.3181697254613405,0,6,10,1,0,57.08706270022085,3.2208445584241914,0
Branch_9,2025-10-20,6.1469992649454,1,0,10,0,1,59.94320418285185,3.05958749949903,0
Branch_9,2025-10-21,4.419172966035565,0,1,10,0,1,57.083905735277874,4.769788131142324,0
Branch_9,2025-10-22,8.224225082936421,0,2,10,0,0,55.181800070390565,3.9007917943819463,0
Branch_9,2025-10-23,1.1386750277589979,0,3,10,0,0,66.78890481823603,3.415533080441607,0
Branch_9,2025-10-24,10.718215718896404,1,4,10,0,1,53.98346804271414,3.954139173026183,0
Branch_9,2025-10-25,3.079485172937397,0,5,10,1,0,62.67056954328122,3.472803242053554,0
Branch_9,2025-10-26,5.061887750260787,0,6,10,1,0,61.52559455737692,3.408126068113626,0
Branch_9,2025-10-27,13.246450594135915,0,0,10,0,0,76.36030561047639,4.1611109904413945,0
Branch_9,2025-10-28,2.095834095179133,0,1,10,0,0,84.04335268905666,3.2119575620700975,1
Branch_9,2025-10-29,5.232190335899924,0,2,10,0,0,76.76594419740098,3.4747863848238714,0
Branch_9,2025-10-30,7.073172938958758,0,3,10,0,0,62.30956430300335,3.5656834031850364,0
Branch_9,2025-10-31,10.649363731534155,1,4,10,0,0,68.6599637352953,4.948645601139321,0
Branch_9,2025-11-01,10.472220457702264,0,5,11,1,0,65.50128742311762,3.5767186041736667,0
Branch_9,2025-11-02,-1.8061960054183022,0,6,11,1,1,65.63501623352664,4.916915433936696,0
Branch_9,2025-11-03,4.838393185071698,0,0,11,0,1,67.22924335199991,4.982829852914298,0
Branch_9,2025-11-04,5.387006086953727,1,1,11,0,0,74.64918195733009,4.808497333497694,1
Branch_9,2025-11-05,16.27929961398638,0,2,11,0,0,66.5807279950521,3.455489816234433,0
Branch_9,2025-11-06,3.141820851244254,0,3,11,0,0,62.26440642675778,4.2694197223037325,0
Branch_9,2025-11-07,5.323002587725684,0,4,11,0,0,52.76739510396085,4.992645299072477,0
Branch_9,2025-11-08,3.885808792666259,0,5,11,1,0,43.6573273244613,3.624015114723397,0
Branch_9,2025-11-09,9.405729351415467,0,6,11,1,0,76.60138637032003,4.997670396960652,0
Branch_9,2025-11-10,1.919027532028701,0,0,11,0,0,52.2761961103962,3.7429746132974873,0
Branch_9,2025-11-11,10.13560267023666,0,1,11,0,0,50.01166894992112,3.4953392908969536,0
Branch_9,2025-11-12,5.52314901724874,0,2,11,0,0,50.69952243083652,4.488241560057643,0
Branch_9,2025-11-13,15.812506246094753,0,3,11,0,0,59.94553643100173,3.7094895805431385,0
Branch_9,2025-11-14,11.971342318341497,0,4,11,0,0,59.19220419820841,4.109704261063832,0
Branch_9,2025-11-15,11.373093209983061,0,5,11,1,0,64.88892005063401,4.115089438500055,0
Branch_9,2025-11-16,12.070926169588116,0,6,11,1,0,51.43802239930232,3.961886042718513,0
Branch_9,2025-11-17,5.980761563422735,0,0,11,0,0,61.4661012955638,3.9861026182856447,0
Branch_9,2025-11-18,12.254516545292768,0,1,11,0,0,61.81665437901236,4.216543772477705,0
Branch_9,2025-11-19,4.406737645847064,1,2,11,0,1,42.14632798157862,4.658699758123111,0
Branch_9,2025-11-20,14.06912205701379,0,3,11,0,0,65.36099417519634,4.9557477406329085,1
Branch_9,2025-11-21,-0.11282092471407701,0,4,11,0,0,74.52041494839645,4.438510853589545,0
Branch_9,2025-11-22,9.087972127921113,0,5,11,1,0,56.314085977994935,3.8054870954809163,0
Branch_9,2025-11-23,9.50794639658178,0,6,11,1,1,59.21911056192683,4.188799360815461,0
Branch_9,2025-11-24,18.335014760654694,0,0,11,0,0,60.39301680033633,3.559196723638288,0
Branch_9,2025-11-25,17.364277484958325,0,1,11,0,0,62.8206113689627,4.773412018354758,0
Branch_9,2025-11-26,8.385057197433422,0,2,11,0,1,63.37214826632782,4.841187360329149,0
Branch_9,2025-11-27,14.595731993357203,0,3,11,0,0,48.33846045774402,3.9269009306451013,1
Branch_9,2025-11-28,6.0573534499641495,0,4,11,0,0,73.85608038195977,4.493948421341615,0
Branch_9,2025-11-29,17.671226771199493,0,5,11,1,0,49.604407665781864,4.17475088907475,0
Branch_9,2025-11-30,2.7559328165746493,0,6,11,1,0,33.16374504924931,3.6966871279290823,0
Branch_9,2025-12-01,7.082831212897562,0,0,12,0,0,60.9757144070495,4.798370276428599,0
Branch_9,2025-12-02,12.531127042673894,0,1,12,0,0,74.11605524763915,3.4210521363848776,0
Branch_9,2025-12-03,10.89992446381265,0,2,12,0,0,66.90074564390827,4.485162502333407,0
Branch_9,2025-12-04,7.0003842085805,0,3,12,0,0,56.52319051084457,3.5194574155029397,0
Branch_9,2025-12-05,16.081892487281404,0,4,12,0,1,55.883233117741476,4.452790467643219,0
Branch_9,2025-12-06,15.16691611253176,0,5,12,1,0,73.08904242948915,4.517804551377601,0
Branch_9,2025-12-07,10.960708974354862,0,6,12,1,0,85.65110685666305,4.895977451911391,0
Branch_9,2025-12-08,15.020059991557455,0,0,12,0,1,76.75751835922264,4.025615645784361,0
Branch_9,2025-12-09,19.410079313173107,1,1,12,0,0,44.66902350634708,3.3473567469074825,0
Branch_9,2025-12-10,20.999624331985842,0,2,12,0,0,55.03276788405894,4.9244460528215095,0
Branch_9,2025-12-11,22.185023870256128,0,3,12,0,1,56.42917311064768,3.6178549098307204,0
Branch_9,2025-12-12,5.894922661715947,0,4,12,0,0,52.40624807022402,3.5573503849605492,0
Branch_9,2025-12-13,14.558688739798928,0,5,12,1,0,69.90277612262321,3.1550191431549015,0
Branch_9,2025-12-14,18.499057080319073,0,6,12,1,0,71.33112618195322,3.0767290483255985,0
Branch_9,2025-12-15,6.886363487166538,1,0,12,0,1,64.75471742796337,4.130868157011653,0
Branch_9,2025-12-16,11.361492069958462,1,1,12,0,0,45.87482897653557,4.786090601661078,0
Branch_9,2025-12-17,19.784173906862357,0,2,12,0,0,57.02887289043276,4.531916739795182,0
Branch_9,2025-12-18,12.499266548749148,1,3,12,0,0,71.693983200385,4.197942421777215,0
Branch_9,2025-12-19,6.957318717404066,0,4,12,0,0,65.8336137706471,4.543550820443439,0
Branch_9,2025-12-20,19.504712503000654,0,5,12,1,0,63.84200741025113,3.028208332719517,0
Branch_9,2025-12-21,11.11048872841599,0,6,12,1,0,71.04997593220591,4.237628700743685,0
Branch_9,2025-12-22,16.527744413318064,0,0,12,0,0,64.89170151252625,3.1967971641856874,0
Branch_9,2025-12-23,16.977769739980605,0,1,12,0,0,77.76224038837894,4.965791549640214,0
Branch_9,2025-12-24,15.63858540327569,1,2,12,0,1,79.70931562823382,3.5392261621103485,0
Branch_9,2025-12-25,18.420754857296703,0,3,12,0,0,58.85536408377247,4.472379149343917,0
Branch_9,2025-12-26,20.387430908241015,0,4,12,0,0,65.26119834838309,4.469623762726843,0
Branch_9,2025-12-27,14.595837447974404,0,5,12,1,1,56.333339738378264,3.7748520506154577,0
Branch_9,2025-12-28,17.24021878974813,0,6,12,1,0,68.66511138467307,4.694492100318499,0
Branch_9,2025-12-29,13.503357237264012,0,0,12,0,1,53.99963447143443,3.109567187230441,0
Branch_9,2025-12-30,24.426244760613514,0,1,12,0,0,67.81240870372763,4.668324813111155,0
Branch_9,2025-12-31,18.81105436856442,0,2,12,0,1,57.93222990368822,3.3329608679960963,0
Branch_9,2026-01-01,20.334027156752192,0,3,1,0,1,38.072962362106836,4.7441930071951335,0
Branch_9,2026-01-02,22.04313212524357,0,4,1,0,0,69.35640977197681,4.5065652224047055,0
Branch_9,2026-01-03,23.994808848439256,0,5,1,1,0,69.62893083813795,4.4603791728206525,0
Branch_9,2026-01-04,23.632251129828134,0,6,1,1,0,68.05654910412287,4.5064704757203895,0
Branch_9,2026-01-05,20.190215835040384,0,0,1,0,0,63.56412732524761,4.855633911873198,0
Branch_9,2026-01-06,23.76050163121549,0,1,1,0,0,59.239065538684585,3.749870070776584,0
Branch_9,2026-01-07,15.02903202984592,0,2,1,0,0,60.62766497071623,4.879522978393597,0
Branch_9,2026-01-08,23.139946345581105,0,3,1,0,0,66.87752330988765,3.826545407769906,0
Branch_9,2026-01-09,21.91086568466919,0,4,1,0,0,62.521610249933474,4.371598326578042,0
Branch_9,2026-01-10,24.6543139478801,0,5,1,1,0,69.45838801608403,4.0195954178293425,0
Branch_9,2026-01-11,18.708932095770955,0,6,1,1,0,51.45013956019806,4.761295644235125,0
Branch_9,2026-01-12,22.133052658572872,0,0,1,0,0,64.75574862044627,3.692753843781294,0
Branch_9,2026-01-13,22.28710435627624,0,1,1,0,0,46.72964968500816,3.120164233393689,0
Branch_9,2026-01-14,17.638560263682496,0,2,1,0,0,60.598676481921345,4.849180590107321,0
Branch_9,2026-01-15,26.50418915620234,0,3,1,0,0,70.23685379137784,3.092148088102789,0
Branch_9,2026-01-16,19.402138407263635,0,4,1,0,0,58.90685382865946,4.249911824152519,0
Branch_9,2026-01-17,31.31204520397189,0,5,1,1,1,59.90609112472492,3.285667818654831,0
Branch_9,2026-01-18,23.504137501248987,0,6,1,1,1,51.72313762386644,3.7682247657754413,0
Branch_9,2026-01-19,32.46192157538421,0,0,1,0,0,62.37368793531487,4.066763811471547,0
Branch_9,2026-01-20,26.019040770065477,0,1,1,0,0,54.35820989165199,4.691153721191258,0
Branch_9,2026-01-21,33.866724090220416,1,2,1,0,0,52.190982402687084,3.248142321699767,0
Branch_9,2026-01-22,13.760209338481202,1,3,1,0,0,66.46385864215564,3.1497942042407474,0
Branch_9,2026-01-23,25.983413912089894,0,4,1,0,0,58.25522532745237,3.2347892053710803,0
Branch_9,2026-01-24,38.78003987019287,0,5,1,1,0,55.79358798158252,4.740312295673807,0
Branch_9,2026-01-25,31.40102357571116,0,6,1,1,1,43.175257194457004,4.500294951475347,0
Branch_9,2026-01-26,32.91651471333145,1,0,1,0,0,65.6275694120618,3.1435718160332877,1
Branch_9,2026-01-27,34.010077782381366,0,1,1,0,0,53.6403226264055,3.216501120349803,0
Branch_9,2026-01-28,31.450568620304217,1,2,1,0,1,55.61100773940118,4.919629205054543,0
Branch_9,2026-01-29,22.63086762181748,0,3,1,0,0,65.62048041602489,4.200786355214965,0
Branch_9,2026-01-30,21.971721891827777,0,4,1,0,0,56.17372468215492,4.859786781974354,0
Branch_9,2026-01-31,27.62880624915096,0,5,1,1,0,49.41918675092291,3.5896950679335404,0
Branch_9,2026-02-01,26.014566156550444,0,6,2,1,0,61.551872082786254,3.77974870963025,0
Branch_9,2026-02-02,33.55551642690531,0,0,2,0,0,58.88801033196597,3.7891063876902566,0
Branch_9,2026-02-03,34.339140908696024,0,1,2,0,0,70.57740767385681,3.223591045223253,0
Branch_9,2026-02-04,33.77493850624393,0,2,2,0,0,55.04637232349287,3.515798979889194,0
Branch_9,2026-02-05,32.308993238855265,0,3,2,0,0,72.39798740532405,3.4115456573623764,0
Branch_9,2026-02-06,27.70437610962135,0,4,2,0,0,47.21428707085117,3.2478267162930257,0
Branch_9,2026-02-07,28.96628157614553,0,5,2,1,0,61.519652763255024,3.1728373534440255,0
Branch_9,2026-02-08,34.91980658227328,0,6,2,1,0,63.322664845693495,3.660026341936054,0
Branch_9,2026-02-09,24.85761003258529,0,0,2,0,0,50.726465249617775,4.995272536471511,0
Branch_9,2026-02-10,35.08807805304838,0,1,2,0,0,58.68268212934413,4.33698404822578,0
Branch_9,2026-02-11,33.61349843667398,0,2,2,0,1,72.45747917901302,4.079598766978822,0
Branch_9,2026-02-12,35.7358088980788,0,3,2,0,0,58.61306227767455,4.157537573002507,0
Branch_9,2026-02-13,33.7550857765068,0,4,2,0,1,62.208677854788064,3.8611853317815528,0
Branch_9,2026-02-14,28.05026469131392,0,5,2,1,0,58.5733522135996,4.895874990052041,0
Branch_9,2026-02-15,31.712897954126596,0,6,2,1,0,44.59931813154848,4.874272144951529,0
Branch_9,2026-02-16,29.072961580142216,0,0,2,0,1,65.43023394514346,4.6243302230223255,0
Branch_9,2026-02-17,30.053851174908797,1,1,2,0,0,56.324881923452494,4.457914525913037,0
Branch_9,2026-02-18,34.38859495699625,1,2,2,0,0,68.76251930443203,3.7474772933628007,0
Branch_9,2026-02-19,37.00856184946398,1,3,2,0,0,51.77236760332723,4.267626995165518,0
Branch_9,2026-02-20,42.75122013409299,0,4,2,0,0,58.84068077019684,3.1234619304447535,0
Branch_9,2026-02-21,33.479496066001595,0,5,2,1,0,62.16832975674748,4.38113869924879,0
Branch_9,2026-02-22,29.12830445443222,0,6,2,1,0,48.972154440994856,4.48141684120005,0
Branch_9,2026-02-23,33.46550692950369,0,0,2,0,0,39.459540684264624,3.9298145864193907,0
Branch_9,2026-02-24,34.37035892725421,0,1,2,0,0,53.62716201535884,4.620539884679766,0
Branch_9,2026-02-25,38.163073468667534,1,2,2,0,0,58.49330045137012,3.5649025731577284,0
Branch_9,2026-02-26,31.595089850698496,0,3,2,0,0,54.115439859772835,4.757518752157569,0
Branch_9,2026-02-27,42.80313893579308,0,4,2,0,0,65.23275627392701,4.2752417252935935,0
Branch_9,2026-02-28,35.764465093006386,0,5,2,1,0,71.84274191860517,4.178618324136968,0
Branch_9,2026-03-01,40.410207557035605,0,6,3,1,0,66.59703526453316,4.571525465864212,0
Branch_9,2026-03-02,29.267003626949727,0,0,3,0,1,68.77316342766339,3.1241978085986446,0
Branch_9,2026-03-03,31.661506053827168,0,1,3,0,0,46.76114784519592,4.804015746890515,0
Branch_9,2026-03-04,27.930059440778955,1,2,3,0,0,49.936359882387755,4.190079484236384,0
Branch_9,2026-03-05,34.841655859016946,0,3,3,0,1,61.160893018887954,4.424406792105225,1
Branch_9,2026-03-06,31.942110605661593,0,4,3,0,1,73.17820278119538,3.673982859948055,0
Branch_9,2026-03-07,34.4444586435673,0,5,3,1,1,65.72504913817663,3.2788757182105783,0
Branch_9,2026-03-08,40.61006428258162,0,6,3,1,0,44.880724884748275,3.2924978708696147,0
Branch_9,2026-03-09,33.7598824342493,0,0,3,0,1,58.4920064409716,3.1901158425365095,0
Branch_9,2026-03-10,45.0563201326236,0,1,3,0,1,45.03761655856203,3.171387801267864,0
Branch_9,2026-03-11,29.51882586378779,0,2,3,0,0,62.98612481215068,4.840801329236941,0
Branch_9,2026-03-12,19.995517684920483,0,3,3,0,0,66.32751056324541,4.690025259193814,0
Branch_9,2026-03-13,37.4743126851786,0,4,3,0,0,56.118922383354466,3.2746701771646967,0
Branch_9,2026-03-14,37.49131930272256,0,5,3,1,0,61.856574869515015,4.357027510924196,0
Branch_9,2026-03-15,29.34098930304672,1,6,3,1,0,72.15391721112044,3.386101172325908,0
Branch_9,2026-03-16,31.054441672864844,0,0,3,0,1,52.968446341121506,3.6425842292278445,0
Branch_9,2026-03-17,32.04688940352825,0,1,3,0,0,73.08815032449732,4.562365717243719,0
Branch_9,2026-03-18,35.56606428525912,0,2,3,0,0,49.79573127047427,4.004657721914775,0
Branch_9,2026-03-19,47.41758975448912,0,3,3,0,0,62.36675835021709,3.2107025391444886,0
Branch_9,2026-03-20,36.95997258033917,1,4,3,0,0,84.12006882036593,3.780161081957007,0
Branch_9,2026-03-21,28.828622477107064,0,5,3,1,1,57.84989231368871,4.3091207248873165,0
Branch_9,2026-03-22,32.9569026762717,0,6,3,1,0,58.13999202592949,4.731399715683442,0
Branch_9,2026-03-23,35.863339538764585,0,0,3,0,0,54.74178080588838,4.1752103208710185,0
Branch_9,2026-03-24,38.14835624609929,0,1,3,0,0,57.60723616840114,4.598859358046208,0
Branch_9,2026-03-25,34.123638755223055,0,2,3,0,0,46.86028635322188,3.1822248930612056,0
Branch_9,2026-03-26,33.55477471670098,1,3,3,0,1,70.58172330386616,3.2894573273957084,0
Branch_9,2026-03-27,35.66128191074934,0,4,3,0,1,69.8973706070361,4.6075051073023925,0
Branch_9,2026-03-28,32.07646259725654,0,5,3,1,0,53.993656244179014,3.2993862025167284,0
Branch_9,2026-03-29,36.65501026943405,0,6,3,1,0,53.55969428983646,4.167283386906528,0
Branch_9,2026-03-30,38.21057420031533,0,0,3,0,1,51.92791308112037,3.5336678318939594,0
Branch_9,2026-03-31,20.64554440442459,0,1,3,0,0,62.58967483269904,4.5908046008390615,0
Branch_9,2026-04-01,33.128535671372866,0,2,4,0,0,46.497908295788704,4.4975051810665505,0
Branch_9,2026-04-02,34.53707389745816,0,3,4,0,1,51.403052397126075,3.224838692591584,0
Branch_9,2026-04-03,28.000963321083805,0,4,4,0,0,58.33797489076049,4.092461280483534,0
Branch_9,2026-04-04,33.375716351918825,0,5,4,1,0,60.17793316545377,4.63777244751331,0
Branch_9,2026-04-05,36.41322723276037,0,6,4,1,0,70.02951193863007,3.208864564370135,0
Branch_9,2026-04-06,37.53764448326706,0,0,4,0,0,66.990446640572,3.6088629530027454,0
Branch_9,2026-04-07,33.16938592326536,0,1,4,0,1,77.93040683846662,4.343364670863549,0
Branch_9,2026-04-08,35.06303518356021,0,2,4,0,0,53.941274777329895,3.3255928234446372,0
Branch_9,2026-04-09,42.56638671309839,0,3,4,0,0,63.993645350019904,4.056904853747094,0
Branch_9,2026-04-10,29.251618066038134,0,4,4,0,0,57.97425374490386,3.1782964130689995,0
Branch_9,2026-04-11,29.60402825190583,1,5,4,1,0,40.56811256927314,3.659643611405237,0
Branch_9,2026-04-12,37.83571167781858,1,6,4,1,0,43.03274418515313,3.6264730063283164,0
Branch_9,2026-04-13,31.40082624889855,0,0,4,0,0,49.55077068180208,4.696446512658293,0
Branch_9,2026-04-14,31.76459849979039,0,1,4,0,1,42.29793295103664,3.210328306269814,0
Branch_9,2026-04-15,28.94420687707308,0,2,4,0,0,62.47991991112076,4.308769984742684,0
Branch_9,2026-04-16,34.590401528270874,0,3,4,0,0,45.968753634074474,4.952245131884188,0
Branch_9,2026-04-17,24.866616917156783,0,4,4,0,0,51.89573247469435,4.413926179954754,0
Branch_9,2026-04-18,32.85661147059259,0,5,4,1,0,51.44892928294025,4.465911659665576,0
Branch_9,2026-04-19,29.32201266849649,0,6,4,1,0,62.1448660020688,4.566468516672573,0
Branch_9,2026-04-20,31.083059397235317,0,0,4,0,0,50.48731048455313,4.860986930484978,0
Branch_9,2026-04-21,33.921429073121175,0,1,4,0,0,57.711769060419016,4.814774226478937,0
Branch_9,2026-04-22,33.27425977114072,0,2,4,0,0,45.63456526894471,4.753852851627965,0
Branch_9,2026-04-23,27.744614643703134,0,3,4,0,0,55.615541385061526,4.582548247982475,0
Branch_9,2026-04-24,28.52731326824211,0,4,4,0,0,64.54137984813585,3.524650451075149,0
Branch_9,2026-04-25,38.78353151381116,0,5,4,1,0,59.58400049017831,3.0134457868288234,0
Branch_9,2026-04-26,31.4899737995487,0,6,4,1,0,61.837670468880255,3.6823882742658873,0
Branch_9,2026-04-27,30.921532540398644,0,0,4,0,0,63.9835822404712,4.108456084407028,0
Branch_9,2026-04-28,33.277589221658765,0,1,4,0,0,64.23087467699844,4.154486805314704,0
Branch_9,2026-04-29,35.68414133837943,0,2,4,0,0,61.18497657888097,3.2909986671953453,0
Branch_9,2026-04-30,40.37405772791018,0,3,4,0,0,52.99275215220458,4.648813720107283,0
Branch_9,2026-05-01,39.26327241540743,0,4,5,0,0,71.90690234077216,3.7470426345333654,0
Branch_9,2026-05-02,37.09773920193309,0,5,5,1,0,49.62188788337987,4.762360633144472,1
Branch_9,2026-05-03,34.616176095642096,0,6,5,1,1,47.45992394102884,3.344001774062409,0
Branch_9,2026-05-04,42.149747934675496,0,0,5,0,0,73.39144533544912,3.2963773485737318,0
Branch_9,2026-05-05,34.80070988560038,0,1,5,0,0,52.59806046181194,4.2266426324265245,0
Branch_9,2026-05-06,26.901003001917708,0,2,5,0,0,67.00894768123048,4.702276411540559,0
Branch_9,2026-05-07,29.054330139655722,0,3,5,0,0,69.42536818787235,3.27761214687338,0
Branch_9,2026-05-08,27.65184272033537,0,4,5,0,0,51.54936320379883,3.4467402171101296,0
Branch_9,2026-05-09,34.42127291648454,0,5,5,1,0,41.860808454528225,3.667690512586951,0
Branch_9,2026-05-10,25.850504981730225,1,6,5,1,1,60.71710664363727,4.130749931932331,0
Branch_9,2026-05-11,37.751000102002095,0,0,5,0,0,54.146595277773265,3.828393960690452,0
Branch_9,2026-05-12,34.904909732188,0,1,5,0,0,41.144677134483004,4.205995897938125,0
Branch_9,2026-05-13,29.325878040253887,0,2,5,0,0,65.97752997666,3.1785377974877758,0
Branch_9,2026-05-14,33.226755107949515,0,3,5,0,0,57.128241685855315,3.034023390973852,0
Branch_9,2026-05-15,32.27217300016624,0,4,5,0,1,64.26417886399062,3.9391838771732823,0
Branch_9,2026-05-16,40.027589567448274,1,5,5,1,1,57.97640275716239,3.9470919322409106,0
Branch_9,2026-05-17,27.96372606564972,0,6,5,1,0,50.8712579185145,3.5830249198725097,0
Branch_9,2026-05-18,33.421141810121775,0,0,5,0,1,59.070678237017155,4.70902529184272,1
Branch_9,2026-05-19,26.888627331035586,0,1,5,0,0,62.962929005753146,3.8080064377008194,0
Branch_9,2026-05-20,31.921893508363155,0,2,5,0,0,62.46600856388824,3.6663157570600102,0
Branch_9,2026-05-21,24.024614423681452,0,3,5,0,0,62.03614431364755,4.742404784235015,0
Branch_9,2026-05-22,30.886287259170718,0,4,5,0,0,55.557638706186985,3.4183694196984353,0
Branch_9,2026-05-23,25.755920869425033,0,5,5,1,0,57.497719898562394,3.2040574666719106,0
Branch_9,2026-05-24,31.544141761157196,0,6,5,1,0,72.27739056042466,3.0564865076774517,0
Branch_9,2026-05-25,37.26815288377248,1,0,5,0,0,71.89287443886037,4.8044164969903935,0
Branch_9,2026-05-26,33.34507624634969,0,1,5,0,0,57.423143001083126,4.571450629478584,0
Branch_9,2026-05-27,31.726117610119264,0,2,5,0,0,66.64305805704126,3.5490453147460714,0
Branch_9,2026-05-28,26.65301957758119,0,3,5,0,0,62.81084629532849,4.17892055363916,0
Branch_9,2026-05-29,21.474599646885565,0,4,5,0,0,75.22814139627533,3.881711086989621,0
Branch_9,2026-05-30,22.031194900409393,0,5,5,1,1,60.591304247842984,4.487659024635284,0
Branch_9,2026-05-31,23.34871926548293,0,6,5,1,0,68.86294209340052,3.130248204157625,0
Branch_9,2026-06-01,33.44083378558579,0,0,6,0,0,82.52734497187372,4.109117283121282,0
Branch_9,2026-06-02,27.13251536553126,0,1,6,0,0,71.94986503143615,4.152032403828415,1
Branch_9,2026-06-03,27.024231403180966,0,2,6,0,0,65.71882621694014,3.792911245023826,0
Branch_9,2026-06-04,20.76051149720308,0,3,6,0,0,75.11057831146763,3.7441681615853404,0
Branch_9,2026-06-05,25.92065602893308,0,4,6,0,0,41.15835349064834,4.388248031124441,0
Branch_9,2026-06-06,27.555638780954002,0,5,6,1,0,59.59847673429858,4.054093785116366,0
Branch_9,2026-06-07,35.646633349489015,0,6,6,1,0,55.86479115348824,4.398999299817116,0
Branch_9,2026-06-08,25.68633184348113,0,0,6,0,0,56.79225170956856,3.1323188554293617,0
Branch_9,2026-06-09,25.5268427771964,0,1,6,0,0,68.02315648554224,4.334643268211632,0
